ISO-10303-21;
HEADER;
/* Generated by software containing ST-Developer
 * from STEP Tools, Inc. (www.steptools.com) 
 */

FILE_DESCRIPTION(
/* description */ (''),
/* implementation_level */ '2;1');

FILE_NAME(
/* name */ 'V6_Adjust.step',
/* time_stamp */ '2026-04-16T22:26:33-04:00',
/* author */ (''),
/* organization */ (''),
/* preprocessor_version */ 'ST-DEVELOPER v20.1',
/* originating_system */ 'Autodesk Translation Framework v14.24.0.0',
/* authorisation */ '');

FILE_SCHEMA (('AUTOMOTIVE_DESIGN { 1 0 10303 214 3 1 1 }'));
ENDSEC;

DATA;
#10=MECHANICAL_DESIGN_GEOMETRIC_PRESENTATION_REPRESENTATION('',(#17),#3294);
#11=ITEM_DEFINED_TRANSFORMATION($,$,#788,#876);
#12=(
REPRESENTATION_RELATIONSHIP($,$,#3305,#3304)
REPRESENTATION_RELATIONSHIP_WITH_TRANSFORMATION(#11)
SHAPE_REPRESENTATION_RELATIONSHIP()
);
#13=CONTEXT_DEPENDENT_SHAPE_REPRESENTATION(#12,#3303);
#14=NEXT_ASSEMBLY_USAGE_OCCURRENCE('Adjust:1','Adjust:1','Adjust:1',#3307,
#3308,'Adjust:1');
#15=SHAPE_REPRESENTATION_RELATIONSHIP('SRR','None',#3305,#16);
#16=ADVANCED_BREP_SHAPE_REPRESENTATION('',(#18),#3293);
#17=STYLED_ITEM('',(#3320),#18);
#18=MANIFOLD_SOLID_BREP('Body1',#774);
#19=B_SPLINE_SURFACE_WITH_KNOTS('',3,3,((#2002,#2003,#2004,#2005,#2006,
#2007,#2008,#2009,#2010,#2011,#2012,#2013,#2014,#2015,#2016,#2017,#2018,
#2019,#2020,#2021,#2022,#2023,#2024,#2025,#2026,#2027,#2028,#2029,#2030,
#2031,#2032,#2033,#2034,#2035,#2036,#2037,#2038,#2039,#2040,#2041,#2042,
#2043,#2044,#2045,#2046,#2047,#2048,#2049,#2050,#2051,#2052,#2053,#2054,
#2055,#2056,#2057,#2058,#2059,#2060,#2061,#2062,#2063,#2064,#2065,#2066,
#2067,#2068,#2069,#2070,#2071,#2072,#2073,#2074,#2075,#2076,#2077,#2078,
#2079,#2080,#2081,#2082,#2083,#2084,#2085,#2086,#2087,#2088,#2089,#2090,
#2091,#2092),(#2093,#2094,#2095,#2096,#2097,#2098,#2099,#2100,#2101,#2102,
#2103,#2104,#2105,#2106,#2107,#2108,#2109,#2110,#2111,#2112,#2113,#2114,
#2115,#2116,#2117,#2118,#2119,#2120,#2121,#2122,#2123,#2124,#2125,#2126,
#2127,#2128,#2129,#2130,#2131,#2132,#2133,#2134,#2135,#2136,#2137,#2138,
#2139,#2140,#2141,#2142,#2143,#2144,#2145,#2146,#2147,#2148,#2149,#2150,
#2151,#2152,#2153,#2154,#2155,#2156,#2157,#2158,#2159,#2160,#2161,#2162,
#2163,#2164,#2165,#2166,#2167,#2168,#2169,#2170,#2171,#2172,#2173,#2174,
#2175,#2176,#2177,#2178,#2179,#2180,#2181,#2182,#2183),(#2184,#2185,#2186,
#2187,#2188,#2189,#2190,#2191,#2192,#2193,#2194,#2195,#2196,#2197,#2198,
#2199,#2200,#2201,#2202,#2203,#2204,#2205,#2206,#2207,#2208,#2209,#2210,
#2211,#2212,#2213,#2214,#2215,#2216,#2217,#2218,#2219,#2220,#2221,#2222,
#2223,#2224,#2225,#2226,#2227,#2228,#2229,#2230,#2231,#2232,#2233,#2234,
#2235,#2236,#2237,#2238,#2239,#2240,#2241,#2242,#2243,#2244,#2245,#2246,
#2247,#2248,#2249,#2250,#2251,#2252,#2253,#2254,#2255,#2256,#2257,#2258,
#2259,#2260,#2261,#2262,#2263,#2264,#2265,#2266,#2267,#2268,#2269,#2270,
#2271,#2272,#2273,#2274),(#2275,#2276,#2277,#2278,#2279,#2280,#2281,#2282,
#2283,#2284,#2285,#2286,#2287,#2288,#2289,#2290,#2291,#2292,#2293,#2294,
#2295,#2296,#2297,#2298,#2299,#2300,#2301,#2302,#2303,#2304,#2305,#2306,
#2307,#2308,#2309,#2310,#2311,#2312,#2313,#2314,#2315,#2316,#2317,#2318,
#2319,#2320,#2321,#2322,#2323,#2324,#2325,#2326,#2327,#2328,#2329,#2330,
#2331,#2332,#2333,#2334,#2335,#2336,#2337,#2338,#2339,#2340,#2341,#2342,
#2343,#2344,#2345,#2346,#2347,#2348,#2349,#2350,#2351,#2352,#2353,#2354,
#2355,#2356,#2357,#2358,#2359,#2360,#2361,#2362,#2363,#2364,#2365)),
 .UNSPECIFIED.,.F.,.F.,.F.,(4,4),(4,1,1,1,1,1,1,1,1,1,1,1,1,1,1,1,1,1,1,
1,1,1,1,1,1,1,1,1,1,1,1,1,1,1,1,1,1,1,1,1,1,1,1,1,1,1,1,1,1,1,1,1,1,1,1,
1,1,1,1,1,1,1,1,1,1,1,1,1,1,1,1,1,1,1,1,1,1,1,1,1,1,1,1,1,1,1,1,1,4),(0.,
0.0989001011121828),(8.30505915324894,8.8045962091787,9.30413326510847,
9.80367032103823,10.303207376968,10.8027444328978,11.3022814888275,11.8018185447573,
12.3013556006871,12.8008926566168,13.3004297125466,13.7999667684763,14.2995038244061,
14.7990408803359,15.2985779362656,15.7981149921954,16.2976520481252,16.7971891040549,
17.2967261599847,17.7962632159145,18.2958002718442,18.795337327774,19.2948743837038,
19.7944114396335,20.2939484955633,20.793485551493,21.2930226074228,21.7925596633526,
22.2920967192823,22.7916337752121,23.2911708311419,23.7907078870716,24.2902449430014,
24.7897819989312,25.2893190548609,25.7888561107907,26.2883931667205,26.7879302226502,
27.28746727858,27.7870043345098,28.2865413904395,28.7860784463693,29.2856155022991,
29.7851525582288,30.2846896141586,30.7842266700883,31.2837637260181,31.7833007819479,
32.2828378378776,32.7823748938074,33.2819119497372,33.7814490056669,34.2809860615967,
34.7805231175265,35.2800601734562,35.779597229386,36.2791342853158,36.7786713412455,
37.2782083971753,37.777745453105,38.2772825090348,38.7768195649646,39.2763566208943,
39.7758936768241,40.2754307327539,40.7749677886836,41.2745048446134,41.7740419005432,
42.2735789564729,42.7731160124027,43.2726530683325,43.7721901242622,44.271727180192,
44.7712642361218,45.2708012920515,45.7703383479813,46.269875403911,46.7694124598408,
47.2689495157706,47.7684865717003,48.2680236276301,48.7675606835599,49.2670977394896,
49.7666347954194,50.2661718513492,50.7657089072789,51.2652459632087,51.7647830191385,
52.2643200750682),.UNSPECIFIED.);
#20=B_SPLINE_SURFACE_WITH_KNOTS('',3,3,((#2658,#2659,#2660,#2661,#2662,
#2663,#2664,#2665,#2666,#2667,#2668,#2669,#2670,#2671,#2672,#2673,#2674,
#2675,#2676,#2677,#2678,#2679,#2680,#2681,#2682,#2683,#2684,#2685,#2686,
#2687,#2688,#2689,#2690,#2691,#2692,#2693,#2694,#2695,#2696,#2697,#2698,
#2699,#2700,#2701,#2702,#2703,#2704,#2705,#2706,#2707,#2708,#2709,#2710,
#2711,#2712,#2713,#2714,#2715,#2716,#2717,#2718,#2719,#2720,#2721,#2722,
#2723,#2724,#2725,#2726,#2727,#2728,#2729,#2730,#2731,#2732,#2733,#2734,
#2735,#2736,#2737,#2738,#2739,#2740,#2741,#2742,#2743,#2744,#2745,#2746,
#2747,#2748),(#2749,#2750,#2751,#2752,#2753,#2754,#2755,#2756,#2757,#2758,
#2759,#2760,#2761,#2762,#2763,#2764,#2765,#2766,#2767,#2768,#2769,#2770,
#2771,#2772,#2773,#2774,#2775,#2776,#2777,#2778,#2779,#2780,#2781,#2782,
#2783,#2784,#2785,#2786,#2787,#2788,#2789,#2790,#2791,#2792,#2793,#2794,
#2795,#2796,#2797,#2798,#2799,#2800,#2801,#2802,#2803,#2804,#2805,#2806,
#2807,#2808,#2809,#2810,#2811,#2812,#2813,#2814,#2815,#2816,#2817,#2818,
#2819,#2820,#2821,#2822,#2823,#2824,#2825,#2826,#2827,#2828,#2829,#2830,
#2831,#2832,#2833,#2834,#2835,#2836,#2837,#2838,#2839),(#2840,#2841,#2842,
#2843,#2844,#2845,#2846,#2847,#2848,#2849,#2850,#2851,#2852,#2853,#2854,
#2855,#2856,#2857,#2858,#2859,#2860,#2861,#2862,#2863,#2864,#2865,#2866,
#2867,#2868,#2869,#2870,#2871,#2872,#2873,#2874,#2875,#2876,#2877,#2878,
#2879,#2880,#2881,#2882,#2883,#2884,#2885,#2886,#2887,#2888,#2889,#2890,
#2891,#2892,#2893,#2894,#2895,#2896,#2897,#2898,#2899,#2900,#2901,#2902,
#2903,#2904,#2905,#2906,#2907,#2908,#2909,#2910,#2911,#2912,#2913,#2914,
#2915,#2916,#2917,#2918,#2919,#2920,#2921,#2922,#2923,#2924,#2925,#2926,
#2927,#2928,#2929,#2930),(#2931,#2932,#2933,#2934,#2935,#2936,#2937,#2938,
#2939,#2940,#2941,#2942,#2943,#2944,#2945,#2946,#2947,#2948,#2949,#2950,
#2951,#2952,#2953,#2954,#2955,#2956,#2957,#2958,#2959,#2960,#2961,#2962,
#2963,#2964,#2965,#2966,#2967,#2968,#2969,#2970,#2971,#2972,#2973,#2974,
#2975,#2976,#2977,#2978,#2979,#2980,#2981,#2982,#2983,#2984,#2985,#2986,
#2987,#2988,#2989,#2990,#2991,#2992,#2993,#2994,#2995,#2996,#2997,#2998,
#2999,#3000,#3001,#3002,#3003,#3004,#3005,#3006,#3007,#3008,#3009,#3010,
#3011,#3012,#3013,#3014,#3015,#3016,#3017,#3018,#3019,#3020,#3021)),
 .UNSPECIFIED.,.F.,.F.,.F.,(4,4),(4,1,1,1,1,1,1,1,1,1,1,1,1,1,1,1,1,1,1,
1,1,1,1,1,1,1,1,1,1,1,1,1,1,1,1,1,1,1,1,1,1,1,1,1,1,1,1,1,1,1,1,1,1,1,1,
1,1,1,1,1,1,1,1,1,1,1,1,1,1,1,1,1,1,1,1,1,1,1,1,1,1,1,1,1,1,1,1,1,4),(0.,
0.0989001011121828),(11.6147305479244,12.1142676038541,12.6138046597839,
13.1133417157137,13.6128787716434,14.1124158275732,14.6119528835029,15.1114899394327,
15.6110269953625,16.1105640512922,16.610101107222,17.1096381631518,17.6091752190815,
18.1087122750113,18.6082493309411,19.1077863868708,19.6073234428006,20.1068604987304,
20.6063975546601,21.1059346105899,21.6054716665197,22.1050087224494,22.6045457783792,
23.104082834309,23.6036198902387,24.1031569461685,24.6026940020983,25.102231058028,
25.6017681139578,26.1013051698875,26.6008422258173,27.1003792817471,27.5999163376768,
28.0994533936066,28.5989904495364,29.0985275054661,29.5980645613959,30.0976016173257,
30.5971386732554,31.0966757291852,31.596212785115,32.0957498410447,32.5952868969745,
33.0948239529043,33.594361008834,34.0938980647638,34.5934351206936,35.0929721766233,
35.5925092325531,36.0920462884828,36.5915833444126,37.0911204003424,37.5906574562721,
38.0901945122019,38.5897315681317,39.0892686240614,39.5888056799912,40.088342735921,
40.5878797918507,41.0874168477805,41.5869539037103,42.08649095964,42.5860280155698,
43.0855650714996,43.5851021274293,44.0846391833591,44.5841762392889,45.0837132952186,
45.5832503511484,46.0827874070782,46.5823244630079,47.0818615189377,47.5813985748674,
48.0809356307972,48.580472686727,49.0800097426567,49.5795467985865,50.0790838545163,
50.578620910446,51.0781579663758,51.5776950223056,52.0772320782353,52.5767691341651,
53.0763061900949,53.5758432460246,54.0753803019544,54.5749173578842,55.0744544138139,
55.5739914697437),.UNSPECIFIED.);
#21=FACE_BOUND('',#84,.T.);
#22=FACE_BOUND('',#108,.T.);
#23=FACE_BOUND('',#113,.T.);
#24=PLANE('',#806);
#25=PLANE('',#868);
#26=PLANE('',#875);
#27=FACE_OUTER_BOUND('',#69,.T.);
#28=FACE_OUTER_BOUND('',#70,.T.);
#29=FACE_OUTER_BOUND('',#71,.T.);
#30=FACE_OUTER_BOUND('',#72,.T.);
#31=FACE_OUTER_BOUND('',#73,.T.);
#32=FACE_OUTER_BOUND('',#74,.T.);
#33=FACE_OUTER_BOUND('',#75,.T.);
#34=FACE_OUTER_BOUND('',#76,.T.);
#35=FACE_OUTER_BOUND('',#77,.T.);
#36=FACE_OUTER_BOUND('',#78,.T.);
#37=FACE_OUTER_BOUND('',#79,.T.);
#38=FACE_OUTER_BOUND('',#80,.T.);
#39=FACE_OUTER_BOUND('',#81,.T.);
#40=FACE_OUTER_BOUND('',#82,.T.);
#41=FACE_OUTER_BOUND('',#83,.T.);
#42=FACE_OUTER_BOUND('',#85,.T.);
#43=FACE_OUTER_BOUND('',#86,.T.);
#44=FACE_OUTER_BOUND('',#87,.T.);
#45=FACE_OUTER_BOUND('',#88,.T.);
#46=FACE_OUTER_BOUND('',#89,.T.);
#47=FACE_OUTER_BOUND('',#90,.T.);
#48=FACE_OUTER_BOUND('',#91,.T.);
#49=FACE_OUTER_BOUND('',#92,.T.);
#50=FACE_OUTER_BOUND('',#93,.T.);
#51=FACE_OUTER_BOUND('',#94,.T.);
#52=FACE_OUTER_BOUND('',#95,.T.);
#53=FACE_OUTER_BOUND('',#96,.T.);
#54=FACE_OUTER_BOUND('',#97,.T.);
#55=FACE_OUTER_BOUND('',#98,.T.);
#56=FACE_OUTER_BOUND('',#99,.T.);
#57=FACE_OUTER_BOUND('',#100,.T.);
#58=FACE_OUTER_BOUND('',#101,.T.);
#59=FACE_OUTER_BOUND('',#102,.T.);
#60=FACE_OUTER_BOUND('',#103,.T.);
#61=FACE_OUTER_BOUND('',#104,.T.);
#62=FACE_OUTER_BOUND('',#105,.T.);
#63=FACE_OUTER_BOUND('',#106,.T.);
#64=FACE_OUTER_BOUND('',#107,.T.);
#65=FACE_OUTER_BOUND('',#109,.T.);
#66=FACE_OUTER_BOUND('',#110,.T.);
#67=FACE_OUTER_BOUND('',#111,.T.);
#68=FACE_OUTER_BOUND('',#112,.T.);
#69=EDGE_LOOP('',(#461,#462,#463,#464));
#70=EDGE_LOOP('',(#465,#466,#467,#468));
#71=EDGE_LOOP('',(#469,#470,#471,#472));
#72=EDGE_LOOP('',(#473,#474,#475,#476));
#73=EDGE_LOOP('',(#477,#478,#479,#480));
#74=EDGE_LOOP('',(#481,#482,#483,#484));
#75=EDGE_LOOP('',(#485,#486,#487,#488));
#76=EDGE_LOOP('',(#489,#490,#491));
#77=EDGE_LOOP('',(#492,#493,#494,#495,#496));
#78=EDGE_LOOP('',(#497,#498,#499,#500));
#79=EDGE_LOOP('',(#501,#502,#503,#504));
#80=EDGE_LOOP('',(#505,#506,#507,#508));
#81=EDGE_LOOP('',(#509,#510,#511,#512));
#82=EDGE_LOOP('',(#513,#514,#515,#516));
#83=EDGE_LOOP('',(#517,#518,#519,#520,#521,#522,#523,#524,#525,#526,#527,
#528,#529,#530,#531,#532,#533,#534,#535,#536));
#84=EDGE_LOOP('',(#537));
#85=EDGE_LOOP('',(#538,#539,#540,#541));
#86=EDGE_LOOP('',(#542,#543,#544,#545));
#87=EDGE_LOOP('',(#546,#547,#548,#549));
#88=EDGE_LOOP('',(#550,#551,#552,#553));
#89=EDGE_LOOP('',(#554,#555,#556,#557));
#90=EDGE_LOOP('',(#558,#559,#560,#561));
#91=EDGE_LOOP('',(#562,#563,#564,#565));
#92=EDGE_LOOP('',(#566,#567,#568,#569));
#93=EDGE_LOOP('',(#570,#571,#572,#573));
#94=EDGE_LOOP('',(#574,#575,#576,#577));
#95=EDGE_LOOP('',(#578,#579,#580,#581));
#96=EDGE_LOOP('',(#582,#583,#584,#585));
#97=EDGE_LOOP('',(#586,#587,#588,#589));
#98=EDGE_LOOP('',(#590,#591,#592,#593));
#99=EDGE_LOOP('',(#594,#595,#596,#597));
#100=EDGE_LOOP('',(#598,#599,#600,#601));
#101=EDGE_LOOP('',(#602,#603,#604,#605));
#102=EDGE_LOOP('',(#606,#607,#608,#609));
#103=EDGE_LOOP('',(#610,#611,#612,#613));
#104=EDGE_LOOP('',(#614,#615,#616,#617,#618,#619,#620,#621,#622,#623,#624,
#625,#626,#627,#628,#629,#630));
#105=EDGE_LOOP('',(#631,#632,#633,#634));
#106=EDGE_LOOP('',(#635,#636,#637,#638,#639,#640,#641,#642,#643,#644,#645,
#646,#647,#648,#649,#650,#651,#652));
#107=EDGE_LOOP('',(#653,#654,#655,#656,#657));
#108=EDGE_LOOP('',(#658));
#109=EDGE_LOOP('',(#659,#660,#661,#662));
#110=EDGE_LOOP('',(#663,#664,#665,#666));
#111=EDGE_LOOP('',(#667,#668,#669,#670));
#112=EDGE_LOOP('',(#671,#672,#673,#674));
#113=EDGE_LOOP('',(#675,#676,#677,#678,#679,#680,#681,#682,#683,#684,#685,
#686,#687,#688,#689,#690,#691,#692,#693,#694));
#114=CIRCLE('',#790,9.925);
#115=CIRCLE('',#798,9.0685);
#116=CIRCLE('',#800,9.0685);
#117=CIRCLE('',#807,0.5);
#118=CIRCLE('',#808,5.375);
#119=CIRCLE('',#809,0.5);
#120=CIRCLE('',#810,5.375);
#121=CIRCLE('',#811,0.5);
#122=CIRCLE('',#812,5.375);
#123=CIRCLE('',#813,0.5);
#124=CIRCLE('',#814,5.375);
#125=CIRCLE('',#815,0.5);
#126=CIRCLE('',#816,5.375);
#127=CIRCLE('',#817,0.5);
#128=CIRCLE('',#818,5.375);
#129=CIRCLE('',#819,0.5);
#130=CIRCLE('',#820,5.375);
#131=CIRCLE('',#821,0.5);
#132=CIRCLE('',#822,5.375);
#133=CIRCLE('',#823,0.5);
#134=CIRCLE('',#824,5.375);
#135=CIRCLE('',#825,0.5);
#136=CIRCLE('',#826,5.375);
#137=CIRCLE('',#827,3.);
#138=CIRCLE('',#829,0.5);
#139=CIRCLE('',#831,0.5);
#140=CIRCLE('',#833,0.5);
#141=CIRCLE('',#835,0.5);
#142=CIRCLE('',#837,0.5);
#143=CIRCLE('',#839,0.5);
#144=CIRCLE('',#841,0.5);
#145=CIRCLE('',#843,0.5);
#146=CIRCLE('',#845,0.5);
#147=CIRCLE('',#847,0.5);
#148=CIRCLE('',#849,5.375);
#149=CIRCLE('',#851,5.375);
#150=CIRCLE('',#853,5.375);
#151=CIRCLE('',#855,5.375);
#152=CIRCLE('',#857,5.375);
#153=CIRCLE('',#859,5.375);
#154=CIRCLE('',#861,5.375);
#155=CIRCLE('',#863,5.375);
#156=CIRCLE('',#865,5.375);
#157=CIRCLE('',#867,9.0685);
#158=CIRCLE('',#869,9.925);
#159=CIRCLE('',#870,3.);
#160=CIRCLE('',#872,5.375);
#161=B_SPLINE_CURVE_WITH_KNOTS('',3,(#1099,#1100,#1101,#1102,#1103,#1104,
#1105,#1106,#1107,#1108,#1109,#1110,#1111,#1112,#1113,#1114),
 .UNSPECIFIED.,.F.,.F.,(4,3,3,3,3,4),(-4.09323272002457,-3.99629644743812,
-3.49675939150835,-2.99722233557859,-2.49768527964883,-2.07135887395546),
 .UNSPECIFIED.);
#162=B_SPLINE_CURVE_WITH_KNOTS('',3,(#1117,#1118,#1119,#1120,#1121,#1122,
#1123,#1124,#1125,#1126),.UNSPECIFIED.,.F.,.F.,(4,3,3,4),(0.,0.499537055929763,
0.999074111859526,1.11971880752043),.UNSPECIFIED.);
#163=B_SPLINE_CURVE_WITH_KNOTS('',3,(#1131,#1132,#1133,#1134,#1135,#1136,
#1137,#1138,#1139,#1140,#1141,#1142,#1143,#1144,#1145,#1146,#1147,#1148,
#1149,#1150,#1151,#1152,#1153,#1154,#1155,#1156,#1157,#1158,#1159,#1160,
#1161,#1162,#1163,#1164,#1165,#1166,#1167,#1168,#1169,#1170),
 .UNSPECIFIED.,.F.,.F.,(4,3,3,3,3,3,3,3,3,3,3,3,3,4),(-10.3764180272042,
-9.9907411185953,-9.49120406266554,-8.99166700673577,-8.492129950806,-7.99259289487624,
-7.49305583894648,-6.99351878301671,-6.49398172708695,-5.99444467115718,
-5.49490761522741,-4.99537055929765,-4.49583350336789,-4.09323272002457),
 .UNSPECIFIED.);
#164=B_SPLINE_CURVE_WITH_KNOTS('',3,(#1171,#1172,#1173,#1174,#1175,#1176,
#1177,#1178,#1179,#1180,#1181,#1182,#1183,#1184,#1185,#1186,#1187,#1188,
#1189,#1190,#1191,#1192,#1193,#1194,#1195,#1196,#1197,#1198,#1199,#1200,
#1201,#1202,#1203,#1204,#1205,#1206,#1207,#1208,#1209,#1210),
 .UNSPECIFIED.,.F.,.F.,(4,3,3,3,3,3,3,3,3,3,3,3,3,4),(1.11971880752043,
1.49861116778929,1.99814822371905,2.49768527964882,2.99722233557859,3.49675939150835,
3.99629644743812,4.49583350336788,4.99537055929764,5.49490761522741,5.99444467115717,
6.49398172708694,6.9935187830167,7.40290411470003),.UNSPECIFIED.);
#165=B_SPLINE_CURVE_WITH_KNOTS('',3,(#1215,#1216,#1217,#1218,#1219,#1220,
#1221,#1222,#1223,#1224,#1225,#1226,#1227,#1228,#1229,#1230,#1231,#1232,
#1233,#1234,#1235,#1236,#1237,#1238,#1239,#1240,#1241,#1242,#1243,#1244,
#1245,#1246,#1247,#1248,#1249,#1250,#1251,#1252,#1253,#1254,#1255,#1256,
#1257),.UNSPECIFIED.,.F.,.F.,(4,3,3,3,3,3,3,3,3,3,3,3,3,3,4),(-16.6596033343838,
-16.4847228456823,-15.9851857897525,-15.4856487338227,-14.986111677893,
-14.4865746219632,-13.9870375660334,-13.4875005101037,-12.9879634541739,
-12.4884263982441,-11.9888893423144,-11.4893522863846,-10.9898152304548,
-10.4902781745251,-10.3764180272042),.UNSPECIFIED.);
#166=B_SPLINE_CURVE_WITH_KNOTS('',3,(#1258,#1259,#1260,#1261,#1262,#1263,
#1264,#1265,#1266,#1267,#1268,#1269,#1270,#1271,#1272,#1273,#1274,#1275,
#1276,#1277,#1278,#1279,#1280,#1281,#1282,#1283,#1284,#1285,#1286,#1287,
#1288,#1289,#1290,#1291,#1292,#1293,#1294,#1295,#1296,#1297,#1298,#1299,
#1300),.UNSPECIFIED.,.F.,.F.,(4,3,3,3,3,3,3,3,3,3,3,3,3,3,4),(7.40290411470003,
7.49305583894647,7.99259289487623,8.492129950806,8.99166700673577,9.49120406266553,
9.99074111859529,10.4902781745251,10.9898152304548,11.4893522863846,11.9888893423144,
12.4884263982441,12.9879634541739,13.4875005101036,13.6860894218796),
 .UNSPECIFIED.);
#167=B_SPLINE_CURVE_WITH_KNOTS('',3,(#1305,#1306,#1307,#1308,#1309,#1310,
#1311,#1312,#1313,#1314,#1315,#1316,#1317,#1318,#1319,#1320,#1321,#1322,
#1323,#1324,#1325,#1326,#1327,#1328,#1329,#1330,#1331,#1332,#1333,#1334,
#1335,#1336,#1337,#1338,#1339,#1340,#1341,#1342,#1343,#1344),
 .UNSPECIFIED.,.F.,.F.,(4,3,3,3,3,3,3,3,3,3,3,3,3,4),(-22.9427886415634,
-22.4791675168394,-21.9796304609097,-21.4800934049799,-20.9805563490501,
-20.4810192931204,-19.9814822371906,-19.4819451812608,-18.9824081253311,
-18.4828710694013,-17.9833340134715,-17.4837969575418,-16.984259901612,
-16.6596033343838),.UNSPECIFIED.);
#168=B_SPLINE_CURVE_WITH_KNOTS('',3,(#1345,#1346,#1347,#1348,#1349,#1350,
#1351,#1352,#1353,#1354,#1355,#1356,#1357,#1358,#1359,#1360,#1361,#1362,
#1363,#1364,#1365,#1366,#1367,#1368,#1369,#1370,#1371,#1372,#1373,#1374,
#1375,#1376,#1377,#1378,#1379,#1380,#1381,#1382,#1383,#1384),
 .UNSPECIFIED.,.F.,.F.,(4,3,3,3,3,3,3,3,3,3,3,3,3,4),(13.6860894218796,
13.9870375660334,14.4865746219632,14.9861116778929,15.4856487338227,15.9851857897525,
16.4847228456822,16.984259901612,17.4837969575418,17.9833340134715,18.4828710694013,
18.9824081253311,19.4819451812608,19.9692747290592),.UNSPECIFIED.);
#169=B_SPLINE_CURVE_WITH_KNOTS('',3,(#1389,#1390,#1391,#1392,#1393,#1394,
#1395,#1396,#1397,#1398,#1399,#1400,#1401,#1402,#1403,#1404,#1405,#1406,
#1407,#1408,#1409,#1410,#1411,#1412,#1413,#1414,#1415,#1416,#1417,#1418,
#1419,#1420,#1421,#1422,#1423,#1424,#1425,#1426,#1427,#1428,#1429,#1430,
#1431),.UNSPECIFIED.,.F.,.F.,(4,3,3,3,3,3,3,3,3,3,3,3,3,3,4),(-29.2259739487429,
-28.9731492439264,-28.4736121879966,-27.9740751320668,-27.4745380761371,
-26.9750010202073,-26.4754639642775,-25.9759269083478,-25.476389852418,
-24.9768527964883,-24.4773157405585,-23.9777786846287,-23.478241628699,
-22.9787045727692,-22.9427886415634),.UNSPECIFIED.);
#170=B_SPLINE_CURVE_WITH_KNOTS('',3,(#1432,#1433,#1434,#1435,#1436,#1437,
#1438,#1439,#1440,#1441,#1442,#1443,#1444,#1445,#1446,#1447,#1448,#1449,
#1450,#1451,#1452,#1453,#1454,#1455,#1456,#1457,#1458,#1459,#1460,#1461,
#1462,#1463,#1464,#1465,#1466,#1467,#1468,#1469,#1470,#1471,#1472,#1473,
#1474),.UNSPECIFIED.,.F.,.F.,(4,3,3,3,3,3,3,3,3,3,3,3,3,3,4),(19.9692747290592,
19.9814822371906,20.4810192931204,20.9805563490501,21.4800934049799,21.9796304609097,
22.4791675168394,22.9787045727692,23.4782416286989,23.9777786846287,24.4773157405585,
24.9768527964882,25.476389852418,25.9759269083478,26.2524600362388),
 .UNSPECIFIED.);
#171=B_SPLINE_CURVE_WITH_KNOTS('',3,(#1479,#1480,#1481,#1482,#1483,#1484,
#1485,#1486,#1487,#1488,#1489,#1490,#1491,#1492,#1493,#1494,#1495,#1496,
#1497,#1498,#1499,#1500,#1501,#1502,#1503,#1504,#1505,#1506,#1507,#1508,
#1509,#1510,#1511,#1512,#1513,#1514,#1515,#1516,#1517,#1518,#1519,#1520,
#1521),.UNSPECIFIED.,.F.,.F.,(4,3,3,3,3,3,3,3,3,3,3,3,3,3,4),(-35.5091592559225,
-35.4671309710133,-34.9675939150836,-34.4680568591538,-33.968519803224,
-33.4689827472943,-32.9694456913645,-32.4699086354347,-31.970371579505,
-31.4708345235752,-30.9712974676454,-30.4717604117157,-29.9722233557859,
-29.4726862998561,-29.2259739487429),.UNSPECIFIED.);
#172=B_SPLINE_CURVE_WITH_KNOTS('',3,(#1522,#1523,#1524,#1525,#1526,#1527,
#1528,#1529,#1530,#1531,#1532,#1533,#1534,#1535,#1536,#1537,#1538,#1539,
#1540,#1541,#1542,#1543,#1544,#1545,#1546,#1547,#1548,#1549,#1550,#1551,
#1552,#1553,#1554,#1555,#1556,#1557,#1558,#1559,#1560,#1561,#1562,#1563,
#1564),.UNSPECIFIED.,.F.,.F.,(4,3,3,3,3,3,3,3,3,3,3,3,3,3,4),(26.2524600362388,
26.4754639642775,26.9750010202073,27.4745380761371,27.9740751320668,28.4736121879966,
28.9731492439264,29.4726862998561,29.9722233557859,30.4717604117156,30.9712974676454,
31.4708345235752,31.9703715795049,32.4699086354347,32.5356453434184),
 .UNSPECIFIED.);
#173=B_SPLINE_CURVE_WITH_KNOTS('',3,(#1569,#1570,#1571,#1572,#1573,#1574,
#1575,#1576,#1577,#1578,#1579,#1580,#1581,#1582,#1583,#1584,#1585,#1586,
#1587,#1588,#1589,#1590,#1591,#1592,#1593,#1594,#1595,#1596,#1597,#1598,
#1599,#1600,#1601,#1602,#1603,#1604,#1605,#1606,#1607,#1608),
 .UNSPECIFIED.,.F.,.F.,(4,3,3,3,3,3,3,3,3,3,3,3,3,4),(-41.7923445631021,
-41.4615756421705,-40.9620385862407,-40.462501530311,-39.9629644743812,
-39.4634274184514,-38.9638903625217,-38.4643533065919,-37.9648162506622,
-37.4652791947324,-36.9657421388026,-36.4662050828729,-35.9666680269431,
-35.5091592559225),.UNSPECIFIED.);
#174=B_SPLINE_CURVE_WITH_KNOTS('',3,(#1609,#1610,#1611,#1612,#1613,#1614,
#1615,#1616,#1617,#1618,#1619,#1620,#1621,#1622,#1623,#1624,#1625,#1626,
#1627,#1628,#1629,#1630,#1631,#1632,#1633,#1634,#1635,#1636,#1637,#1638,
#1639,#1640,#1641,#1642,#1643,#1644,#1645,#1646,#1647,#1648),
 .UNSPECIFIED.,.F.,.F.,(4,3,3,3,3,3,3,3,3,3,3,3,3,4),(32.5356453434184,
32.9694456913645,33.4689827472942,33.968519803224,34.4680568591538,34.9675939150835,
35.4671309710133,35.9666680269431,36.4662050828728,36.9657421388026,37.4652791947323,
37.9648162506621,38.4643533065919,38.818830650598),.UNSPECIFIED.);
#175=B_SPLINE_CURVE_WITH_KNOTS('',3,(#1654,#1655,#1656,#1657),
 .UNSPECIFIED.,.F.,.F.,(4,4),(53.4070751110265,53.5026325957882),
 .UNSPECIFIED.);
#176=B_SPLINE_CURVE_WITH_KNOTS('',3,(#1663,#1664,#1665,#1666,#1667,#1668,
#1669,#1670,#1671,#1672,#1673,#1674,#1675,#1676,#1677,#1678),
 .UNSPECIFIED.,.F.,.F.,(4,1,1,1,1,1,1,1,1,1,1,1,1,4),(47.1238898038469,
47.5813985748674,48.0809356307972,48.580472686727,49.0800097426567,49.5795467985865,
50.0790838545163,50.578620910446,51.0781579663758,51.5776950223056,52.0772320782353,
52.5767691341651,53.0763061900949,53.4070751110265),.UNSPECIFIED.);
#177=B_SPLINE_CURVE_WITH_KNOTS('',3,(#1681,#1682,#1683,#1684,#1685,#1686,
#1687,#1688,#1689,#1690,#1691,#1692,#1693,#1694),.UNSPECIFIED.,.F.,.F.,
(4,1,1,1,1,1,1,1,1,1,1,4),(47.1238898038469,47.2689495157706,47.7684865717003,
48.2680236276301,48.7675606835599,49.2670977394896,49.7666347954194,50.2661718513492,
50.7657089072789,51.2652459632087,51.7647830191385,52.2643200750682),
 .UNSPECIFIED.);
#178=B_SPLINE_CURVE_WITH_KNOTS('',3,(#1699,#1700,#1701,#1702,#1703,#1704,
#1705,#1706,#1707,#1708,#1709,#1710,#1711,#1712,#1713,#1714,#1715),
 .UNSPECIFIED.,.F.,.F.,(4,1,1,1,1,1,1,1,1,1,1,1,1,1,4),(40.8407044966673,
41.0874168477805,41.5869539037103,42.08649095964,42.5860280155698,43.0855650714996,
43.5851021274293,44.0846391833591,44.5841762392889,45.0837132952186,45.5832503511484,
46.0827874070782,46.5823244630079,47.0818615189377,47.1238898038469),
 .UNSPECIFIED.);
#179=B_SPLINE_CURVE_WITH_KNOTS('',3,(#1716,#1717,#1718,#1719,#1720,#1721,
#1722,#1723,#1724,#1725,#1726,#1727,#1728,#1729,#1730,#1731),
 .UNSPECIFIED.,.F.,.F.,(4,1,1,1,1,1,1,1,1,1,1,1,1,4),(40.8407044966673,
41.2745048446134,41.7740419005432,42.2735789564729,42.7731160124027,43.2726530683325,
43.7721901242622,44.271727180192,44.7712642361218,45.2708012920515,45.7703383479813,
46.269875403911,46.7694124598408,47.1238898038469),.UNSPECIFIED.);
#180=B_SPLINE_CURVE_WITH_KNOTS('',3,(#1736,#1737,#1738,#1739,#1740,#1741,
#1742,#1743,#1744,#1745,#1746,#1747,#1748,#1749,#1750,#1751,#1752),
 .UNSPECIFIED.,.F.,.F.,(4,1,1,1,1,1,1,1,1,1,1,1,1,1,4),(34.5575191894877,
34.5934351206936,35.0929721766233,35.5925092325531,36.0920462884828,36.5915833444126,
37.0911204003424,37.5906574562721,38.0901945122019,38.5897315681317,39.0892686240614,
39.5888056799912,40.088342735921,40.5878797918507,40.8407044966673),
 .UNSPECIFIED.);
#181=B_SPLINE_CURVE_WITH_KNOTS('',3,(#1753,#1754,#1755,#1756,#1757,#1758,
#1759,#1760,#1761,#1762,#1763,#1764,#1765,#1766,#1767,#1768,#1769),
 .UNSPECIFIED.,.F.,.F.,(4,1,1,1,1,1,1,1,1,1,1,1,1,1,4),(34.5575191894877,
34.7805231175265,35.2800601734562,35.779597229386,36.2791342853158,36.7786713412455,
37.2782083971753,37.777745453105,38.2772825090348,38.7768195649646,39.2763566208943,
39.7758936768241,40.2754307327539,40.7749677886836,40.8407044966673),
 .UNSPECIFIED.);
#182=B_SPLINE_CURVE_WITH_KNOTS('',3,(#1774,#1775,#1776,#1777,#1778,#1779,
#1780,#1781,#1782,#1783,#1784,#1785,#1786,#1787,#1788,#1789),
 .UNSPECIFIED.,.F.,.F.,(4,1,1,1,1,1,1,1,1,1,1,1,1,4),(28.2743338823081,
28.5989904495364,29.0985275054661,29.5980645613959,30.0976016173257,30.5971386732554,
31.0966757291852,31.596212785115,32.0957498410447,32.5952868969745,33.0948239529043,
33.594361008834,34.0938980647638,34.5575191894877),.UNSPECIFIED.);
#183=B_SPLINE_CURVE_WITH_KNOTS('',3,(#1790,#1791,#1792,#1793,#1794,#1795,
#1796,#1797,#1798,#1799,#1800,#1801,#1802,#1803,#1804,#1805,#1806),
 .UNSPECIFIED.,.F.,.F.,(4,1,1,1,1,1,1,1,1,1,1,1,1,1,4),(28.2743338823081,
28.2865413904395,28.7860784463693,29.2856155022991,29.7851525582288,30.2846896141586,
30.7842266700883,31.2837637260181,31.7833007819479,32.2828378378776,32.7823748938074,
33.2819119497372,33.7814490056669,34.2809860615967,34.5575191894877),
 .UNSPECIFIED.);
#184=B_SPLINE_CURVE_WITH_KNOTS('',3,(#1811,#1812,#1813,#1814,#1815,#1816,
#1817,#1818,#1819,#1820,#1821,#1822,#1823,#1824,#1825,#1826,#1827),
 .UNSPECIFIED.,.F.,.F.,(4,1,1,1,1,1,1,1,1,1,1,1,1,1,4),(21.9911485751286,
22.1050087224494,22.6045457783792,23.104082834309,23.6036198902387,24.1031569461685,
24.6026940020983,25.102231058028,25.6017681139578,26.1013051698875,26.6008422258173,
27.1003792817471,27.5999163376768,28.0994533936066,28.2743338823081),
 .UNSPECIFIED.);
#185=B_SPLINE_CURVE_WITH_KNOTS('',3,(#1828,#1829,#1830,#1831,#1832,#1833,
#1834,#1835,#1836,#1837,#1838,#1839,#1840,#1841,#1842,#1843),
 .UNSPECIFIED.,.F.,.F.,(4,1,1,1,1,1,1,1,1,1,1,1,1,4),(21.9911485751286,
22.2920967192823,22.7916337752121,23.2911708311419,23.7907078870716,24.2902449430014,
24.7897819989312,25.2893190548609,25.7888561107907,26.2883931667205,26.7879302226502,
27.28746727858,27.7870043345098,28.2743338823081),.UNSPECIFIED.);
#186=B_SPLINE_CURVE_WITH_KNOTS('',3,(#1848,#1849,#1850,#1851,#1852,#1853,
#1854,#1855,#1856,#1857,#1858,#1859,#1860,#1861,#1862,#1863),
 .UNSPECIFIED.,.F.,.F.,(4,1,1,1,1,1,1,1,1,1,1,1,1,4),(15.707963267949,16.1105640512922,
16.610101107222,17.1096381631518,17.6091752190815,18.1087122750113,18.6082493309411,
19.1077863868708,19.6073234428006,20.1068604987304,20.6063975546601,21.1059346105899,
21.6054716665197,21.9911485751286),.UNSPECIFIED.);
#187=B_SPLINE_CURVE_WITH_KNOTS('',3,(#1864,#1865,#1866,#1867,#1868,#1869,
#1870,#1871,#1872,#1873,#1874,#1875,#1876,#1877,#1878,#1879,#1880),
 .UNSPECIFIED.,.F.,.F.,(4,1,1,1,1,1,1,1,1,1,1,1,1,1,4),(15.707963267949,
15.7981149921954,16.2976520481252,16.7971891040549,17.2967261599847,17.7962632159145,
18.2958002718442,18.795337327774,19.2948743837038,19.7944114396335,20.2939484955633,
20.793485551493,21.2930226074228,21.7925596633526,21.9911485751286),
 .UNSPECIFIED.);
#188=B_SPLINE_CURVE_WITH_KNOTS('',3,(#2367,#2368,#2369,#2370,#2371,#2372,
#2373,#2374,#2375,#2376,#2377,#2378,#2379,#2380,#2381,#2382,#2383,#2384,
#2385,#2386,#2387,#2388,#2389,#2390,#2391,#2392,#2393,#2394,#2395,#2396,
#2397,#2398,#2399,#2400,#2401,#2402,#2403,#2404,#2405,#2406,#2407,#2408,
#2409,#2410,#2411,#2412,#2413,#2414,#2415,#2416,#2417,#2418,#2419,#2420,
#2421,#2422,#2423,#2424,#2425,#2426,#2427,#2428,#2429,#2430,#2431,#2432,
#2433,#2434,#2435,#2436,#2437,#2438,#2439,#2440,#2441,#2442,#2443,#2444,
#2445,#2446,#2447,#2448,#2449,#2450,#2451,#2452,#2453,#2454,#2455,#2456,
#2457,#2458,#2459,#2460,#2461,#2462,#2463,#2464,#2465,#2466,#2467,#2468,
#2469,#2470,#2471,#2472,#2473,#2474,#2475,#2476,#2477,#2478,#2479,#2480,
#2481,#2482,#2483,#2484),.UNSPECIFIED.,.F.,.F.,(4,3,3,3,3,3,3,3,3,3,3,3,
3,3,3,3,3,3,3,3,3,3,3,3,3,3,3,3,3,3,3,3,3,3,3,3,3,3,3,4),(0.,0.0727319664482354,
0.146450118122459,0.220547588413389,0.294457890944063,0.361867153462728,
0.381360930489886,0.389665674769028,0.462754736911297,0.535631133939423,
0.564094941018722,0.637288796904617,0.710238887956635,0.752128414914147,
0.761486341812129,0.770275373571478,0.842489948825196,0.914722063529468,
0.986179944324001,1.04535510361673,1.10421058025539,1.13362426486144,1.14203558074019,
1.2129114263387,1.28427988118629,1.35537648322791,1.42581874070024,1.47100882871313,
1.49632505770466,1.50654201839246,1.51619891672603,1.58650351198014,1.65710801623009,
1.72745814447671,1.73902894962486,1.74882008256654,1.81876434649647,1.88839681895776,
1.95701967149285,1.97619998767996),.UNSPECIFIED.);
#189=B_SPLINE_CURVE_WITH_KNOTS('',3,(#2485,#2486,#2487,#2488,#2489,#2490,
#2491,#2492,#2493,#2494,#2495,#2496,#2497,#2498,#2499,#2500,#2501,#2502,
#2503,#2504,#2505,#2506),.UNSPECIFIED.,.F.,.F.,(4,3,3,3,3,3,3,4),(38.818830650598,
38.9638903625216,39.4634274184514,39.9629644743812,40.4625015303109,40.9620385862407,
41.4615756421705,41.8879020478638),.UNSPECIFIED.);
#190=B_SPLINE_CURVE_WITH_KNOTS('',3,(#2508,#2509,#2510,#2511,#2512,#2513,
#2514,#2515,#2516,#2517,#2518,#2519,#2520,#2521,#2522,#2523,#2524,#2525,
#2526,#2527,#2528,#2529,#2530,#2531,#2532,#2533,#2534,#2535,#2536,#2537,
#2538,#2539,#2540,#2541,#2542,#2543,#2544,#2545,#2546,#2547,#2548,#2549,
#2550,#2551,#2552,#2553,#2554,#2555,#2556,#2557,#2558,#2559,#2560,#2561,
#2562,#2563,#2564,#2565,#2566,#2567,#2568,#2569,#2570,#2571,#2572,#2573,
#2574,#2575,#2576,#2577,#2578,#2579,#2580,#2581,#2582,#2583,#2584,#2585,
#2586,#2587,#2588,#2589,#2590,#2591,#2592,#2593,#2594,#2595,#2596,#2597,
#2598,#2599,#2600,#2601,#2602,#2603,#2604,#2605,#2606,#2607,#2608,#2609,
#2610,#2611,#2612,#2613,#2614,#2615,#2616,#2617,#2618,#2619,#2620,#2621,
#2622,#2623,#2624,#2625,#2626,#2627,#2628),.UNSPECIFIED.,.F.,.F.,(4,3,3,
3,3,3,3,3,3,3,3,3,3,3,3,3,3,3,3,3,3,3,3,3,3,3,3,3,3,3,3,3,3,3,3,3,3,3,3,
3,4),(0.,0.0666715410422713,0.135659757506678,0.205409793151185,0.275462883688723,
0.338653939210126,0.355871382598052,0.363700783919759,0.434265076398804,
0.505234867703613,0.528227105774333,0.59887377617828,0.669775810929636,
0.711045731032808,0.71912271630523,0.727761338933585,0.799128422122729,
0.870938037447695,0.942616657911143,0.999935171755012,1.06012637173694,
1.07664439190518,1.08655983998459,1.09460167516203,1.16595743081718,1.23822824001155,
1.31100415914669,1.38352065171541,1.43249271166294,1.45849340843811,1.47078372857023,
1.48146477161047,1.55385998790337,1.6269986907765,1.70040893529217,1.71674681465303,
1.72673342547036,1.80064799219186,1.87468926754552,1.94818714617646,1.97246740939434),
 .UNSPECIFIED.);
#191=B_SPLINE_CURVE_WITH_KNOTS('',3,(#2629,#2630,#2631,#2632,#2633,#2634,
#2635,#2636,#2637,#2638,#2639,#2640,#2641,#2642),.UNSPECIFIED.,.F.,.F.,
(4,1,1,1,1,1,1,1,1,1,1,4),(10.3764180272044,10.8027444328978,11.3022814888275,
11.8018185447573,12.3013556006871,12.8008926566168,13.3004297125466,13.7999667684763,
14.2995038244061,14.7990408803359,15.2985779362656,15.707963267949),
 .UNSPECIFIED.);
#192=B_SPLINE_CURVE_WITH_KNOTS('',3,(#2646,#2647,#2648,#2649,#2650,#2651,
#2652,#2653,#2654,#2655,#2656,#2657),.UNSPECIFIED.,.F.,.F.,(4,1,1,1,1,1,
1,1,1,4),(11.6147305479244,12.1142676038541,12.6138046597839,13.1133417157137,
13.6128787716434,14.1124158275732,14.6119528835029,15.1114899394327,15.6110269953625,
15.707963267949),.UNSPECIFIED.);
#193=B_SPLINE_CURVE_WITH_KNOTS('',3,(#3023,#3024,#3025,#3026,#3027,#3028,
#3029,#3030,#3031,#3032,#3033,#3034,#3035,#3036,#3037,#3038,#3039,#3040,
#3041,#3042,#3043,#3044,#3045,#3046,#3047,#3048,#3049,#3050,#3051,#3052,
#3053,#3054,#3055,#3056,#3057,#3058,#3059,#3060,#3061,#3062,#3063,#3064,
#3065,#3066,#3067,#3068,#3069,#3070,#3071,#3072,#3073,#3074,#3075,#3076,
#3077,#3078,#3079,#3080,#3081,#3082,#3083,#3084,#3085,#3086,#3087,#3088,
#3089,#3090,#3091,#3092,#3093,#3094,#3095,#3096,#3097,#3098,#3099,#3100,
#3101,#3102,#3103,#3104,#3105,#3106,#3107,#3108,#3109,#3110,#3111,#3112,
#3113,#3114,#3115,#3116,#3117,#3118,#3119,#3120,#3121,#3122,#3123,#3124,
#3125,#3126,#3127,#3128,#3129,#3130,#3131,#3132,#3133,#3134,#3135,#3136,
#3137,#3138,#3139,#3140,#3141,#3142,#3143),.UNSPECIFIED.,.F.,.F.,(4,3,3,
3,3,3,3,3,3,3,3,3,3,3,3,3,3,3,3,3,3,3,3,3,3,3,3,3,3,3,3,3,3,3,3,3,3,3,3,
3,4),(0.,0.0666715410423374,0.135659759908857,0.205409796522428,0.275462886871439,
0.33865394159718,0.355871384645681,0.363700787290095,0.434265080679594,
0.505234871552966,0.528227105774403,0.598873775769659,0.66977580988833,
0.711045730121673,0.71912271977737,0.727761339422979,0.79912842207141,0.870938037006262,
0.942616654841359,0.99993517175508,1.06012637173701,1.07664439242847,1.08655984251231,
1.09460167628436,1.16595742664301,1.2382282316296,1.31100415380137,1.38352065615583,
1.43249271388319,1.45849341039485,1.47078372856374,1.48146477161056,1.55386000635242,
1.62699872055696,1.70040896561204,1.71674681665208,1.72673342561134,1.80064799907603,
1.87468927097862,1.94818713031271,1.97246740939445),.UNSPECIFIED.);
#194=B_SPLINE_CURVE_WITH_KNOTS('',3,(#3144,#3145,#3146,#3147,#3148,#3149,
#3150,#3151,#3152,#3153,#3154,#3155,#3156,#3157,#3158,#3159,#3160,#3161,
#3162,#3163,#3164,#3165,#3166,#3167,#3168,#3169,#3170,#3171,#3172,#3173,
#3174,#3175,#3176,#3177,#3178,#3179,#3180,#3181,#3182,#3183,#3184,#3185,
#3186,#3187,#3188,#3189,#3190,#3191,#3192,#3193,#3194,#3195,#3196,#3197,
#3198,#3199,#3200,#3201,#3202,#3203,#3204,#3205,#3206,#3207,#3208,#3209,
#3210,#3211,#3212,#3213,#3214,#3215,#3216,#3217,#3218,#3219,#3220,#3221,
#3222,#3223,#3224,#3225,#3226,#3227,#3228,#3229,#3230,#3231,#3232,#3233,
#3234,#3235,#3236,#3237,#3238,#3239,#3240,#3241,#3242,#3243,#3244,#3245,
#3246,#3247,#3248,#3249,#3250,#3251,#3252,#3253,#3254,#3255,#3256,#3257,
#3258,#3259,#3260,#3261),.UNSPECIFIED.,.F.,.F.,(4,3,3,3,3,3,3,3,3,3,3,3,
3,3,3,3,3,3,3,3,3,3,3,3,3,3,3,3,3,3,3,3,3,3,3,3,3,3,3,4),(0.,0.0727319664482082,
0.14645011888453,0.220547589068979,0.29445789128248,0.361867153716532,0.381360930698443,
0.38966567452793,0.462754736515156,0.535631133326986,0.564094941018687,
0.6372887958163,0.710238883182864,0.752128410737093,0.761486230736608,0.770275355470293,
0.842489929888892,0.914722041967621,0.986179915632201,1.04535510361669,
1.10421058025535,1.13362426573902,1.14203558115562,1.21291142160573,1.28427987694254,
1.35537649155601,1.42581876879212,1.47100884275905,1.4963250721404,1.50654202231957,
1.51619891672597,1.58650352336394,1.65710802728774,1.727458142468,1.73902894237809,
1.74882008120481,1.81876433925252,1.88839679545434,1.95701961978596,1.97619998767992),
 .UNSPECIFIED.);
#195=B_SPLINE_CURVE_WITH_KNOTS('',3,(#3262,#3263,#3264,#3265,#3266,#3267,
#3268,#3269,#3270,#3271,#3272,#3273,#3274,#3275,#3276,#3277),
 .UNSPECIFIED.,.F.,.F.,(4,3,3,3,3,4),(-43.9592609218193,-43.4597238658896,
-42.9601868099598,-42.46064975403,-41.9611126981003,-41.7923445631021),
 .UNSPECIFIED.);
#196=LINE('',#1097,#231);
#197=LINE('',#1130,#232);
#198=LINE('',#1214,#233);
#199=LINE('',#1304,#234);
#200=LINE('',#1388,#235);
#201=LINE('',#1478,#236);
#202=LINE('',#1568,#237);
#203=LINE('',#1652,#238);
#204=LINE('',#1662,#239);
#205=LINE('',#1698,#240);
#206=LINE('',#1735,#241);
#207=LINE('',#1773,#242);
#208=LINE('',#1810,#243);
#209=LINE('',#1847,#244);
#210=LINE('',#1928,#245);
#211=LINE('',#1929,#246);
#212=LINE('',#1934,#247);
#213=LINE('',#1935,#248);
#214=LINE('',#1940,#249);
#215=LINE('',#1941,#250);
#216=LINE('',#1946,#251);
#217=LINE('',#1947,#252);
#218=LINE('',#1952,#253);
#219=LINE('',#1953,#254);
#220=LINE('',#1958,#255);
#221=LINE('',#1959,#256);
#222=LINE('',#1964,#257);
#223=LINE('',#1965,#258);
#224=LINE('',#1970,#259);
#225=LINE('',#1971,#260);
#226=LINE('',#1976,#261);
#227=LINE('',#1977,#262);
#228=LINE('',#1982,#263);
#229=LINE('',#1983,#264);
#230=LINE('',#3285,#265);
#231=VECTOR('',#883,8.375);
#232=VECTOR('',#888,8.375);
#233=VECTOR('',#891,8.375);
#234=VECTOR('',#894,8.375);
#235=VECTOR('',#897,8.375);
#236=VECTOR('',#900,8.375);
#237=VECTOR('',#903,8.375);
#238=VECTOR('',#906,9.0685);
#239=VECTOR('',#911,9.0685);
#240=VECTOR('',#916,9.0685);
#241=VECTOR('',#919,9.0685);
#242=VECTOR('',#922,9.0685);
#243=VECTOR('',#925,9.0685);
#244=VECTOR('',#928,9.0685);
#245=VECTOR('',#977,10.);
#246=VECTOR('',#978,10.);
#247=VECTOR('',#983,10.);
#248=VECTOR('',#984,10.);
#249=VECTOR('',#989,10.);
#250=VECTOR('',#990,10.);
#251=VECTOR('',#995,10.);
#252=VECTOR('',#996,10.);
#253=VECTOR('',#1001,10.);
#254=VECTOR('',#1002,10.);
#255=VECTOR('',#1007,10.);
#256=VECTOR('',#1008,10.);
#257=VECTOR('',#1013,10.);
#258=VECTOR('',#1014,10.);
#259=VECTOR('',#1019,10.);
#260=VECTOR('',#1020,10.);
#261=VECTOR('',#1025,10.);
#262=VECTOR('',#1026,10.);
#263=VECTOR('',#1031,10.);
#264=VECTOR('',#1032,10.);
#265=VECTOR('',#1085,3.);
#266=VERTEX_POINT('',#1095);
#267=VERTEX_POINT('',#1096);
#268=VERTEX_POINT('',#1098);
#269=VERTEX_POINT('',#1115);
#270=VERTEX_POINT('',#1128);
#271=VERTEX_POINT('',#1129);
#272=VERTEX_POINT('',#1212);
#273=VERTEX_POINT('',#1213);
#274=VERTEX_POINT('',#1302);
#275=VERTEX_POINT('',#1303);
#276=VERTEX_POINT('',#1386);
#277=VERTEX_POINT('',#1387);
#278=VERTEX_POINT('',#1476);
#279=VERTEX_POINT('',#1477);
#280=VERTEX_POINT('',#1566);
#281=VERTEX_POINT('',#1567);
#282=VERTEX_POINT('',#1650);
#283=VERTEX_POINT('',#1651);
#284=VERTEX_POINT('',#1653);
#285=VERTEX_POINT('',#1660);
#286=VERTEX_POINT('',#1661);
#287=VERTEX_POINT('',#1679);
#288=VERTEX_POINT('',#1696);
#289=VERTEX_POINT('',#1697);
#290=VERTEX_POINT('',#1733);
#291=VERTEX_POINT('',#1734);
#292=VERTEX_POINT('',#1771);
#293=VERTEX_POINT('',#1772);
#294=VERTEX_POINT('',#1808);
#295=VERTEX_POINT('',#1809);
#296=VERTEX_POINT('',#1845);
#297=VERTEX_POINT('',#1846);
#298=VERTEX_POINT('',#1882);
#299=VERTEX_POINT('',#1883);
#300=VERTEX_POINT('',#1885);
#301=VERTEX_POINT('',#1887);
#302=VERTEX_POINT('',#1889);
#303=VERTEX_POINT('',#1891);
#304=VERTEX_POINT('',#1893);
#305=VERTEX_POINT('',#1895);
#306=VERTEX_POINT('',#1897);
#307=VERTEX_POINT('',#1899);
#308=VERTEX_POINT('',#1901);
#309=VERTEX_POINT('',#1903);
#310=VERTEX_POINT('',#1905);
#311=VERTEX_POINT('',#1907);
#312=VERTEX_POINT('',#1909);
#313=VERTEX_POINT('',#1911);
#314=VERTEX_POINT('',#1913);
#315=VERTEX_POINT('',#1915);
#316=VERTEX_POINT('',#1917);
#317=VERTEX_POINT('',#1919);
#318=VERTEX_POINT('',#1922);
#319=VERTEX_POINT('',#1925);
#320=VERTEX_POINT('',#1926);
#321=VERTEX_POINT('',#1931);
#322=VERTEX_POINT('',#1932);
#323=VERTEX_POINT('',#1937);
#324=VERTEX_POINT('',#1938);
#325=VERTEX_POINT('',#1943);
#326=VERTEX_POINT('',#1944);
#327=VERTEX_POINT('',#1949);
#328=VERTEX_POINT('',#1950);
#329=VERTEX_POINT('',#1955);
#330=VERTEX_POINT('',#1956);
#331=VERTEX_POINT('',#1961);
#332=VERTEX_POINT('',#1962);
#333=VERTEX_POINT('',#1967);
#334=VERTEX_POINT('',#1968);
#335=VERTEX_POINT('',#1973);
#336=VERTEX_POINT('',#1974);
#337=VERTEX_POINT('',#1979);
#338=VERTEX_POINT('',#1980);
#339=VERTEX_POINT('',#2366);
#340=VERTEX_POINT('',#2507);
#341=VERTEX_POINT('',#2644);
#342=VERTEX_POINT('',#3022);
#343=VERTEX_POINT('',#3280);
#344=EDGE_CURVE('',#266,#267,#196,.T.);
#345=EDGE_CURVE('',#266,#268,#161,.T.);
#346=EDGE_CURVE('',#268,#269,#114,.F.);
#347=EDGE_CURVE('',#269,#267,#162,.T.);
#348=EDGE_CURVE('',#270,#271,#197,.T.);
#349=EDGE_CURVE('',#270,#266,#163,.T.);
#350=EDGE_CURVE('',#267,#271,#164,.T.);
#351=EDGE_CURVE('',#272,#273,#198,.T.);
#352=EDGE_CURVE('',#272,#270,#165,.T.);
#353=EDGE_CURVE('',#271,#273,#166,.T.);
#354=EDGE_CURVE('',#274,#275,#199,.T.);
#355=EDGE_CURVE('',#274,#272,#167,.T.);
#356=EDGE_CURVE('',#273,#275,#168,.T.);
#357=EDGE_CURVE('',#276,#277,#200,.T.);
#358=EDGE_CURVE('',#276,#274,#169,.T.);
#359=EDGE_CURVE('',#275,#277,#170,.T.);
#360=EDGE_CURVE('',#278,#279,#201,.T.);
#361=EDGE_CURVE('',#278,#276,#171,.T.);
#362=EDGE_CURVE('',#277,#279,#172,.T.);
#363=EDGE_CURVE('',#280,#281,#202,.T.);
#364=EDGE_CURVE('',#280,#278,#173,.T.);
#365=EDGE_CURVE('',#279,#281,#174,.T.);
#366=EDGE_CURVE('',#282,#283,#203,.T.);
#367=EDGE_CURVE('',#282,#284,#175,.T.);
#368=EDGE_CURVE('',#283,#284,#115,.T.);
#369=EDGE_CURVE('',#285,#286,#204,.T.);
#370=EDGE_CURVE('',#285,#282,#176,.T.);
#371=EDGE_CURVE('',#287,#283,#116,.T.);
#372=EDGE_CURVE('',#286,#287,#177,.T.);
#373=EDGE_CURVE('',#288,#289,#205,.T.);
#374=EDGE_CURVE('',#288,#285,#178,.T.);
#375=EDGE_CURVE('',#289,#286,#179,.T.);
#376=EDGE_CURVE('',#290,#291,#206,.T.);
#377=EDGE_CURVE('',#290,#288,#180,.T.);
#378=EDGE_CURVE('',#291,#289,#181,.T.);
#379=EDGE_CURVE('',#292,#293,#207,.T.);
#380=EDGE_CURVE('',#292,#290,#182,.T.);
#381=EDGE_CURVE('',#293,#291,#183,.T.);
#382=EDGE_CURVE('',#294,#295,#208,.T.);
#383=EDGE_CURVE('',#294,#292,#184,.T.);
#384=EDGE_CURVE('',#295,#293,#185,.T.);
#385=EDGE_CURVE('',#296,#297,#209,.T.);
#386=EDGE_CURVE('',#296,#294,#186,.T.);
#387=EDGE_CURVE('',#297,#295,#187,.T.);
#388=EDGE_CURVE('',#298,#299,#117,.T.);
#389=EDGE_CURVE('',#299,#300,#118,.T.);
#390=EDGE_CURVE('',#300,#301,#119,.T.);
#391=EDGE_CURVE('',#301,#302,#120,.T.);
#392=EDGE_CURVE('',#302,#303,#121,.T.);
#393=EDGE_CURVE('',#303,#304,#122,.T.);
#394=EDGE_CURVE('',#304,#305,#123,.T.);
#395=EDGE_CURVE('',#305,#306,#124,.T.);
#396=EDGE_CURVE('',#306,#307,#125,.T.);
#397=EDGE_CURVE('',#307,#308,#126,.T.);
#398=EDGE_CURVE('',#308,#309,#127,.T.);
#399=EDGE_CURVE('',#309,#310,#128,.T.);
#400=EDGE_CURVE('',#310,#311,#129,.T.);
#401=EDGE_CURVE('',#311,#312,#130,.T.);
#402=EDGE_CURVE('',#312,#313,#131,.T.);
#403=EDGE_CURVE('',#313,#314,#132,.T.);
#404=EDGE_CURVE('',#314,#315,#133,.T.);
#405=EDGE_CURVE('',#315,#316,#134,.T.);
#406=EDGE_CURVE('',#316,#317,#135,.T.);
#407=EDGE_CURVE('',#317,#298,#136,.T.);
#408=EDGE_CURVE('',#318,#318,#137,.T.);
#409=EDGE_CURVE('',#319,#320,#138,.T.);
#410=EDGE_CURVE('',#299,#320,#210,.T.);
#411=EDGE_CURVE('',#319,#298,#211,.T.);
#412=EDGE_CURVE('',#321,#322,#139,.T.);
#413=EDGE_CURVE('',#313,#322,#212,.T.);
#414=EDGE_CURVE('',#321,#312,#213,.T.);
#415=EDGE_CURVE('',#323,#324,#140,.T.);
#416=EDGE_CURVE('',#307,#324,#214,.T.);
#417=EDGE_CURVE('',#323,#306,#215,.T.);
#418=EDGE_CURVE('',#325,#326,#141,.T.);
#419=EDGE_CURVE('',#305,#326,#216,.T.);
#420=EDGE_CURVE('',#325,#304,#217,.T.);
#421=EDGE_CURVE('',#327,#328,#142,.T.);
#422=EDGE_CURVE('',#317,#328,#218,.T.);
#423=EDGE_CURVE('',#327,#316,#219,.T.);
#424=EDGE_CURVE('',#329,#330,#143,.T.);
#425=EDGE_CURVE('',#301,#330,#220,.T.);
#426=EDGE_CURVE('',#329,#300,#221,.T.);
#427=EDGE_CURVE('',#331,#332,#144,.T.);
#428=EDGE_CURVE('',#311,#332,#222,.T.);
#429=EDGE_CURVE('',#331,#310,#223,.T.);
#430=EDGE_CURVE('',#333,#334,#145,.T.);
#431=EDGE_CURVE('',#309,#334,#224,.T.);
#432=EDGE_CURVE('',#333,#308,#225,.T.);
#433=EDGE_CURVE('',#335,#336,#146,.T.);
#434=EDGE_CURVE('',#303,#336,#226,.T.);
#435=EDGE_CURVE('',#335,#302,#227,.T.);
#436=EDGE_CURVE('',#337,#338,#147,.T.);
#437=EDGE_CURVE('',#315,#338,#228,.T.);
#438=EDGE_CURVE('',#337,#314,#229,.T.);
#439=EDGE_CURVE('',#335,#330,#148,.T.);
#440=EDGE_CURVE('',#331,#334,#149,.T.);
#441=EDGE_CURVE('',#337,#322,#150,.T.);
#442=EDGE_CURVE('',#329,#320,#151,.T.);
#443=EDGE_CURVE('',#327,#338,#152,.T.);
#444=EDGE_CURVE('',#325,#336,#153,.T.);
#445=EDGE_CURVE('',#333,#324,#154,.T.);
#446=EDGE_CURVE('',#323,#326,#155,.T.);
#447=EDGE_CURVE('',#321,#332,#156,.T.);
#448=EDGE_CURVE('',#339,#287,#188,.T.);
#449=EDGE_CURVE('',#281,#339,#189,.T.);
#450=EDGE_CURVE('',#340,#269,#190,.T.);
#451=EDGE_CURVE('',#340,#297,#191,.T.);
#452=EDGE_CURVE('',#341,#340,#157,.T.);
#453=EDGE_CURVE('',#341,#296,#192,.T.);
#454=EDGE_CURVE('',#284,#342,#193,.T.);
#455=EDGE_CURVE('',#268,#341,#194,.T.);
#456=EDGE_CURVE('',#342,#280,#195,.T.);
#457=EDGE_CURVE('',#342,#339,#158,.F.);
#458=EDGE_CURVE('',#343,#343,#159,.T.);
#459=EDGE_CURVE('',#319,#328,#160,.T.);
#460=EDGE_CURVE('',#343,#318,#230,.T.);
#461=ORIENTED_EDGE('',*,*,#344,.F.);
#462=ORIENTED_EDGE('',*,*,#345,.T.);
#463=ORIENTED_EDGE('',*,*,#346,.T.);
#464=ORIENTED_EDGE('',*,*,#347,.T.);
#465=ORIENTED_EDGE('',*,*,#348,.F.);
#466=ORIENTED_EDGE('',*,*,#349,.T.);
#467=ORIENTED_EDGE('',*,*,#344,.T.);
#468=ORIENTED_EDGE('',*,*,#350,.T.);
#469=ORIENTED_EDGE('',*,*,#351,.F.);
#470=ORIENTED_EDGE('',*,*,#352,.T.);
#471=ORIENTED_EDGE('',*,*,#348,.T.);
#472=ORIENTED_EDGE('',*,*,#353,.T.);
#473=ORIENTED_EDGE('',*,*,#354,.F.);
#474=ORIENTED_EDGE('',*,*,#355,.T.);
#475=ORIENTED_EDGE('',*,*,#351,.T.);
#476=ORIENTED_EDGE('',*,*,#356,.T.);
#477=ORIENTED_EDGE('',*,*,#357,.F.);
#478=ORIENTED_EDGE('',*,*,#358,.T.);
#479=ORIENTED_EDGE('',*,*,#354,.T.);
#480=ORIENTED_EDGE('',*,*,#359,.T.);
#481=ORIENTED_EDGE('',*,*,#360,.F.);
#482=ORIENTED_EDGE('',*,*,#361,.T.);
#483=ORIENTED_EDGE('',*,*,#357,.T.);
#484=ORIENTED_EDGE('',*,*,#362,.T.);
#485=ORIENTED_EDGE('',*,*,#363,.F.);
#486=ORIENTED_EDGE('',*,*,#364,.T.);
#487=ORIENTED_EDGE('',*,*,#360,.T.);
#488=ORIENTED_EDGE('',*,*,#365,.T.);
#489=ORIENTED_EDGE('',*,*,#366,.F.);
#490=ORIENTED_EDGE('',*,*,#367,.T.);
#491=ORIENTED_EDGE('',*,*,#368,.F.);
#492=ORIENTED_EDGE('',*,*,#369,.F.);
#493=ORIENTED_EDGE('',*,*,#370,.T.);
#494=ORIENTED_EDGE('',*,*,#366,.T.);
#495=ORIENTED_EDGE('',*,*,#371,.F.);
#496=ORIENTED_EDGE('',*,*,#372,.F.);
#497=ORIENTED_EDGE('',*,*,#373,.F.);
#498=ORIENTED_EDGE('',*,*,#374,.T.);
#499=ORIENTED_EDGE('',*,*,#369,.T.);
#500=ORIENTED_EDGE('',*,*,#375,.F.);
#501=ORIENTED_EDGE('',*,*,#376,.F.);
#502=ORIENTED_EDGE('',*,*,#377,.T.);
#503=ORIENTED_EDGE('',*,*,#373,.T.);
#504=ORIENTED_EDGE('',*,*,#378,.F.);
#505=ORIENTED_EDGE('',*,*,#379,.F.);
#506=ORIENTED_EDGE('',*,*,#380,.T.);
#507=ORIENTED_EDGE('',*,*,#376,.T.);
#508=ORIENTED_EDGE('',*,*,#381,.F.);
#509=ORIENTED_EDGE('',*,*,#382,.F.);
#510=ORIENTED_EDGE('',*,*,#383,.T.);
#511=ORIENTED_EDGE('',*,*,#379,.T.);
#512=ORIENTED_EDGE('',*,*,#384,.F.);
#513=ORIENTED_EDGE('',*,*,#385,.F.);
#514=ORIENTED_EDGE('',*,*,#386,.T.);
#515=ORIENTED_EDGE('',*,*,#382,.T.);
#516=ORIENTED_EDGE('',*,*,#387,.F.);
#517=ORIENTED_EDGE('',*,*,#388,.T.);
#518=ORIENTED_EDGE('',*,*,#389,.T.);
#519=ORIENTED_EDGE('',*,*,#390,.T.);
#520=ORIENTED_EDGE('',*,*,#391,.T.);
#521=ORIENTED_EDGE('',*,*,#392,.T.);
#522=ORIENTED_EDGE('',*,*,#393,.T.);
#523=ORIENTED_EDGE('',*,*,#394,.T.);
#524=ORIENTED_EDGE('',*,*,#395,.T.);
#525=ORIENTED_EDGE('',*,*,#396,.T.);
#526=ORIENTED_EDGE('',*,*,#397,.T.);
#527=ORIENTED_EDGE('',*,*,#398,.T.);
#528=ORIENTED_EDGE('',*,*,#399,.T.);
#529=ORIENTED_EDGE('',*,*,#400,.T.);
#530=ORIENTED_EDGE('',*,*,#401,.T.);
#531=ORIENTED_EDGE('',*,*,#402,.T.);
#532=ORIENTED_EDGE('',*,*,#403,.T.);
#533=ORIENTED_EDGE('',*,*,#404,.T.);
#534=ORIENTED_EDGE('',*,*,#405,.T.);
#535=ORIENTED_EDGE('',*,*,#406,.T.);
#536=ORIENTED_EDGE('',*,*,#407,.T.);
#537=ORIENTED_EDGE('',*,*,#408,.T.);
#538=ORIENTED_EDGE('',*,*,#409,.T.);
#539=ORIENTED_EDGE('',*,*,#410,.F.);
#540=ORIENTED_EDGE('',*,*,#388,.F.);
#541=ORIENTED_EDGE('',*,*,#411,.F.);
#542=ORIENTED_EDGE('',*,*,#412,.T.);
#543=ORIENTED_EDGE('',*,*,#413,.F.);
#544=ORIENTED_EDGE('',*,*,#402,.F.);
#545=ORIENTED_EDGE('',*,*,#414,.F.);
#546=ORIENTED_EDGE('',*,*,#415,.T.);
#547=ORIENTED_EDGE('',*,*,#416,.F.);
#548=ORIENTED_EDGE('',*,*,#396,.F.);
#549=ORIENTED_EDGE('',*,*,#417,.F.);
#550=ORIENTED_EDGE('',*,*,#418,.T.);
#551=ORIENTED_EDGE('',*,*,#419,.F.);
#552=ORIENTED_EDGE('',*,*,#394,.F.);
#553=ORIENTED_EDGE('',*,*,#420,.F.);
#554=ORIENTED_EDGE('',*,*,#421,.T.);
#555=ORIENTED_EDGE('',*,*,#422,.F.);
#556=ORIENTED_EDGE('',*,*,#406,.F.);
#557=ORIENTED_EDGE('',*,*,#423,.F.);
#558=ORIENTED_EDGE('',*,*,#424,.T.);
#559=ORIENTED_EDGE('',*,*,#425,.F.);
#560=ORIENTED_EDGE('',*,*,#390,.F.);
#561=ORIENTED_EDGE('',*,*,#426,.F.);
#562=ORIENTED_EDGE('',*,*,#427,.T.);
#563=ORIENTED_EDGE('',*,*,#428,.F.);
#564=ORIENTED_EDGE('',*,*,#400,.F.);
#565=ORIENTED_EDGE('',*,*,#429,.F.);
#566=ORIENTED_EDGE('',*,*,#430,.T.);
#567=ORIENTED_EDGE('',*,*,#431,.F.);
#568=ORIENTED_EDGE('',*,*,#398,.F.);
#569=ORIENTED_EDGE('',*,*,#432,.F.);
#570=ORIENTED_EDGE('',*,*,#433,.T.);
#571=ORIENTED_EDGE('',*,*,#434,.F.);
#572=ORIENTED_EDGE('',*,*,#392,.F.);
#573=ORIENTED_EDGE('',*,*,#435,.F.);
#574=ORIENTED_EDGE('',*,*,#436,.T.);
#575=ORIENTED_EDGE('',*,*,#437,.F.);
#576=ORIENTED_EDGE('',*,*,#404,.F.);
#577=ORIENTED_EDGE('',*,*,#438,.F.);
#578=ORIENTED_EDGE('',*,*,#425,.T.);
#579=ORIENTED_EDGE('',*,*,#439,.F.);
#580=ORIENTED_EDGE('',*,*,#435,.T.);
#581=ORIENTED_EDGE('',*,*,#391,.F.);
#582=ORIENTED_EDGE('',*,*,#429,.T.);
#583=ORIENTED_EDGE('',*,*,#399,.F.);
#584=ORIENTED_EDGE('',*,*,#431,.T.);
#585=ORIENTED_EDGE('',*,*,#440,.F.);
#586=ORIENTED_EDGE('',*,*,#413,.T.);
#587=ORIENTED_EDGE('',*,*,#441,.F.);
#588=ORIENTED_EDGE('',*,*,#438,.T.);
#589=ORIENTED_EDGE('',*,*,#403,.F.);
#590=ORIENTED_EDGE('',*,*,#410,.T.);
#591=ORIENTED_EDGE('',*,*,#442,.F.);
#592=ORIENTED_EDGE('',*,*,#426,.T.);
#593=ORIENTED_EDGE('',*,*,#389,.F.);
#594=ORIENTED_EDGE('',*,*,#423,.T.);
#595=ORIENTED_EDGE('',*,*,#405,.F.);
#596=ORIENTED_EDGE('',*,*,#437,.T.);
#597=ORIENTED_EDGE('',*,*,#443,.F.);
#598=ORIENTED_EDGE('',*,*,#420,.T.);
#599=ORIENTED_EDGE('',*,*,#393,.F.);
#600=ORIENTED_EDGE('',*,*,#434,.T.);
#601=ORIENTED_EDGE('',*,*,#444,.F.);
#602=ORIENTED_EDGE('',*,*,#416,.T.);
#603=ORIENTED_EDGE('',*,*,#445,.F.);
#604=ORIENTED_EDGE('',*,*,#432,.T.);
#605=ORIENTED_EDGE('',*,*,#397,.F.);
#606=ORIENTED_EDGE('',*,*,#417,.T.);
#607=ORIENTED_EDGE('',*,*,#395,.F.);
#608=ORIENTED_EDGE('',*,*,#419,.T.);
#609=ORIENTED_EDGE('',*,*,#446,.F.);
#610=ORIENTED_EDGE('',*,*,#414,.T.);
#611=ORIENTED_EDGE('',*,*,#401,.F.);
#612=ORIENTED_EDGE('',*,*,#428,.T.);
#613=ORIENTED_EDGE('',*,*,#447,.F.);
#614=ORIENTED_EDGE('',*,*,#448,.F.);
#615=ORIENTED_EDGE('',*,*,#449,.F.);
#616=ORIENTED_EDGE('',*,*,#365,.F.);
#617=ORIENTED_EDGE('',*,*,#362,.F.);
#618=ORIENTED_EDGE('',*,*,#359,.F.);
#619=ORIENTED_EDGE('',*,*,#356,.F.);
#620=ORIENTED_EDGE('',*,*,#353,.F.);
#621=ORIENTED_EDGE('',*,*,#350,.F.);
#622=ORIENTED_EDGE('',*,*,#347,.F.);
#623=ORIENTED_EDGE('',*,*,#450,.F.);
#624=ORIENTED_EDGE('',*,*,#451,.T.);
#625=ORIENTED_EDGE('',*,*,#387,.T.);
#626=ORIENTED_EDGE('',*,*,#384,.T.);
#627=ORIENTED_EDGE('',*,*,#381,.T.);
#628=ORIENTED_EDGE('',*,*,#378,.T.);
#629=ORIENTED_EDGE('',*,*,#375,.T.);
#630=ORIENTED_EDGE('',*,*,#372,.T.);
#631=ORIENTED_EDGE('',*,*,#385,.T.);
#632=ORIENTED_EDGE('',*,*,#451,.F.);
#633=ORIENTED_EDGE('',*,*,#452,.F.);
#634=ORIENTED_EDGE('',*,*,#453,.T.);
#635=ORIENTED_EDGE('',*,*,#454,.F.);
#636=ORIENTED_EDGE('',*,*,#367,.F.);
#637=ORIENTED_EDGE('',*,*,#370,.F.);
#638=ORIENTED_EDGE('',*,*,#374,.F.);
#639=ORIENTED_EDGE('',*,*,#377,.F.);
#640=ORIENTED_EDGE('',*,*,#380,.F.);
#641=ORIENTED_EDGE('',*,*,#383,.F.);
#642=ORIENTED_EDGE('',*,*,#386,.F.);
#643=ORIENTED_EDGE('',*,*,#453,.F.);
#644=ORIENTED_EDGE('',*,*,#455,.F.);
#645=ORIENTED_EDGE('',*,*,#345,.F.);
#646=ORIENTED_EDGE('',*,*,#349,.F.);
#647=ORIENTED_EDGE('',*,*,#352,.F.);
#648=ORIENTED_EDGE('',*,*,#355,.F.);
#649=ORIENTED_EDGE('',*,*,#358,.F.);
#650=ORIENTED_EDGE('',*,*,#361,.F.);
#651=ORIENTED_EDGE('',*,*,#364,.F.);
#652=ORIENTED_EDGE('',*,*,#456,.F.);
#653=ORIENTED_EDGE('',*,*,#448,.T.);
#654=ORIENTED_EDGE('',*,*,#371,.T.);
#655=ORIENTED_EDGE('',*,*,#368,.T.);
#656=ORIENTED_EDGE('',*,*,#454,.T.);
#657=ORIENTED_EDGE('',*,*,#457,.T.);
#658=ORIENTED_EDGE('',*,*,#458,.T.);
#659=ORIENTED_EDGE('',*,*,#411,.T.);
#660=ORIENTED_EDGE('',*,*,#407,.F.);
#661=ORIENTED_EDGE('',*,*,#422,.T.);
#662=ORIENTED_EDGE('',*,*,#459,.F.);
#663=ORIENTED_EDGE('',*,*,#458,.F.);
#664=ORIENTED_EDGE('',*,*,#460,.T.);
#665=ORIENTED_EDGE('',*,*,#408,.F.);
#666=ORIENTED_EDGE('',*,*,#460,.F.);
#667=ORIENTED_EDGE('',*,*,#363,.T.);
#668=ORIENTED_EDGE('',*,*,#449,.T.);
#669=ORIENTED_EDGE('',*,*,#457,.F.);
#670=ORIENTED_EDGE('',*,*,#456,.T.);
#671=ORIENTED_EDGE('',*,*,#450,.T.);
#672=ORIENTED_EDGE('',*,*,#346,.F.);
#673=ORIENTED_EDGE('',*,*,#455,.T.);
#674=ORIENTED_EDGE('',*,*,#452,.T.);
#675=ORIENTED_EDGE('',*,*,#443,.T.);
#676=ORIENTED_EDGE('',*,*,#436,.F.);
#677=ORIENTED_EDGE('',*,*,#441,.T.);
#678=ORIENTED_EDGE('',*,*,#412,.F.);
#679=ORIENTED_EDGE('',*,*,#447,.T.);
#680=ORIENTED_EDGE('',*,*,#427,.F.);
#681=ORIENTED_EDGE('',*,*,#440,.T.);
#682=ORIENTED_EDGE('',*,*,#430,.F.);
#683=ORIENTED_EDGE('',*,*,#445,.T.);
#684=ORIENTED_EDGE('',*,*,#415,.F.);
#685=ORIENTED_EDGE('',*,*,#446,.T.);
#686=ORIENTED_EDGE('',*,*,#418,.F.);
#687=ORIENTED_EDGE('',*,*,#444,.T.);
#688=ORIENTED_EDGE('',*,*,#433,.F.);
#689=ORIENTED_EDGE('',*,*,#439,.T.);
#690=ORIENTED_EDGE('',*,*,#424,.F.);
#691=ORIENTED_EDGE('',*,*,#442,.T.);
#692=ORIENTED_EDGE('',*,*,#409,.F.);
#693=ORIENTED_EDGE('',*,*,#459,.T.);
#694=ORIENTED_EDGE('',*,*,#421,.F.);
#695=CYLINDRICAL_SURFACE('',#789,9.925);
#696=CYLINDRICAL_SURFACE('',#791,9.925);
#697=CYLINDRICAL_SURFACE('',#792,9.925);
#698=CYLINDRICAL_SURFACE('',#793,9.925);
#699=CYLINDRICAL_SURFACE('',#794,9.925);
#700=CYLINDRICAL_SURFACE('',#795,9.925);
#701=CYLINDRICAL_SURFACE('',#796,9.925);
#702=CYLINDRICAL_SURFACE('',#797,9.0685);
#703=CYLINDRICAL_SURFACE('',#799,9.0685);
#704=CYLINDRICAL_SURFACE('',#801,9.0685);
#705=CYLINDRICAL_SURFACE('',#802,9.0685);
#706=CYLINDRICAL_SURFACE('',#803,9.0685);
#707=CYLINDRICAL_SURFACE('',#804,9.0685);
#708=CYLINDRICAL_SURFACE('',#805,9.0685);
#709=CYLINDRICAL_SURFACE('',#828,0.5);
#710=CYLINDRICAL_SURFACE('',#830,0.5);
#711=CYLINDRICAL_SURFACE('',#832,0.5);
#712=CYLINDRICAL_SURFACE('',#834,0.5);
#713=CYLINDRICAL_SURFACE('',#836,0.5);
#714=CYLINDRICAL_SURFACE('',#838,0.5);
#715=CYLINDRICAL_SURFACE('',#840,0.5);
#716=CYLINDRICAL_SURFACE('',#842,0.5);
#717=CYLINDRICAL_SURFACE('',#844,0.5);
#718=CYLINDRICAL_SURFACE('',#846,0.5);
#719=CYLINDRICAL_SURFACE('',#848,5.375);
#720=CYLINDRICAL_SURFACE('',#850,5.375);
#721=CYLINDRICAL_SURFACE('',#852,5.375);
#722=CYLINDRICAL_SURFACE('',#854,5.375);
#723=CYLINDRICAL_SURFACE('',#856,5.375);
#724=CYLINDRICAL_SURFACE('',#858,5.375);
#725=CYLINDRICAL_SURFACE('',#860,5.375);
#726=CYLINDRICAL_SURFACE('',#862,5.375);
#727=CYLINDRICAL_SURFACE('',#864,5.375);
#728=CYLINDRICAL_SURFACE('',#866,9.0685);
#729=CYLINDRICAL_SURFACE('',#871,5.375);
#730=CYLINDRICAL_SURFACE('',#873,3.);
#731=CYLINDRICAL_SURFACE('',#874,9.925);
#732=ADVANCED_FACE('',(#27),#695,.T.);
#733=ADVANCED_FACE('',(#28),#696,.T.);
#734=ADVANCED_FACE('',(#29),#697,.T.);
#735=ADVANCED_FACE('',(#30),#698,.T.);
#736=ADVANCED_FACE('',(#31),#699,.T.);
#737=ADVANCED_FACE('',(#32),#700,.T.);
#738=ADVANCED_FACE('',(#33),#701,.T.);
#739=ADVANCED_FACE('',(#34),#702,.T.);
#740=ADVANCED_FACE('',(#35),#703,.T.);
#741=ADVANCED_FACE('',(#36),#704,.T.);
#742=ADVANCED_FACE('',(#37),#705,.T.);
#743=ADVANCED_FACE('',(#38),#706,.T.);
#744=ADVANCED_FACE('',(#39),#707,.T.);
#745=ADVANCED_FACE('',(#40),#708,.T.);
#746=ADVANCED_FACE('',(#41,#21),#24,.T.);
#747=ADVANCED_FACE('',(#42),#709,.F.);
#748=ADVANCED_FACE('',(#43),#710,.F.);
#749=ADVANCED_FACE('',(#44),#711,.F.);
#750=ADVANCED_FACE('',(#45),#712,.F.);
#751=ADVANCED_FACE('',(#46),#713,.F.);
#752=ADVANCED_FACE('',(#47),#714,.F.);
#753=ADVANCED_FACE('',(#48),#715,.F.);
#754=ADVANCED_FACE('',(#49),#716,.F.);
#755=ADVANCED_FACE('',(#50),#717,.F.);
#756=ADVANCED_FACE('',(#51),#718,.F.);
#757=ADVANCED_FACE('',(#52),#719,.T.);
#758=ADVANCED_FACE('',(#53),#720,.T.);
#759=ADVANCED_FACE('',(#54),#721,.T.);
#760=ADVANCED_FACE('',(#55),#722,.T.);
#761=ADVANCED_FACE('',(#56),#723,.T.);
#762=ADVANCED_FACE('',(#57),#724,.T.);
#763=ADVANCED_FACE('',(#58),#725,.T.);
#764=ADVANCED_FACE('',(#59),#726,.T.);
#765=ADVANCED_FACE('',(#60),#727,.T.);
#766=ADVANCED_FACE('',(#61),#19,.F.);
#767=ADVANCED_FACE('',(#62),#728,.T.);
#768=ADVANCED_FACE('',(#63),#20,.F.);
#769=ADVANCED_FACE('',(#64,#22),#25,.T.);
#770=ADVANCED_FACE('',(#65),#729,.T.);
#771=ADVANCED_FACE('',(#66),#730,.F.);
#772=ADVANCED_FACE('',(#67),#731,.T.);
#773=ADVANCED_FACE('',(#68,#23),#26,.F.);
#774=CLOSED_SHELL('',(#732,#733,#734,#735,#736,#737,#738,#739,#740,#741,
#742,#743,#744,#745,#746,#747,#748,#749,#750,#751,#752,#753,#754,#755,#756,
#757,#758,#759,#760,#761,#762,#763,#764,#765,#766,#767,#768,#769,#770,#771,
#772,#773));
#775=DERIVED_UNIT_ELEMENT(#777,1.);
#776=DERIVED_UNIT_ELEMENT(#3296,-3.);
#777=(
MASS_UNIT()
NAMED_UNIT(*)
SI_UNIT(.KILO.,.GRAM.)
);
#778=DERIVED_UNIT((#775,#776));
#779=MEASURE_REPRESENTATION_ITEM('density measure',
POSITIVE_RATIO_MEASURE(7850.),#778);
#780=PROPERTY_DEFINITION_REPRESENTATION(#785,#782);
#781=PROPERTY_DEFINITION_REPRESENTATION(#786,#783);
#782=REPRESENTATION('material name',(#784),#3293);
#783=REPRESENTATION('density',(#779),#3293);
#784=DESCRIPTIVE_REPRESENTATION_ITEM('Steel','Steel');
#785=PROPERTY_DEFINITION('material property','material name',#3308);
#786=PROPERTY_DEFINITION('material property','density of part',#3308);
#787=AXIS2_PLACEMENT_3D('',#1092,#877,#878);
#788=AXIS2_PLACEMENT_3D('',#1093,#879,#880);
#789=AXIS2_PLACEMENT_3D('',#1094,#881,#882);
#790=AXIS2_PLACEMENT_3D('',#1116,#884,#885);
#791=AXIS2_PLACEMENT_3D('',#1127,#886,#887);
#792=AXIS2_PLACEMENT_3D('',#1211,#889,#890);
#793=AXIS2_PLACEMENT_3D('',#1301,#892,#893);
#794=AXIS2_PLACEMENT_3D('',#1385,#895,#896);
#795=AXIS2_PLACEMENT_3D('',#1475,#898,#899);
#796=AXIS2_PLACEMENT_3D('',#1565,#901,#902);
#797=AXIS2_PLACEMENT_3D('',#1649,#904,#905);
#798=AXIS2_PLACEMENT_3D('',#1658,#907,#908);
#799=AXIS2_PLACEMENT_3D('',#1659,#909,#910);
#800=AXIS2_PLACEMENT_3D('',#1680,#912,#913);
#801=AXIS2_PLACEMENT_3D('',#1695,#914,#915);
#802=AXIS2_PLACEMENT_3D('',#1732,#917,#918);
#803=AXIS2_PLACEMENT_3D('',#1770,#920,#921);
#804=AXIS2_PLACEMENT_3D('',#1807,#923,#924);
#805=AXIS2_PLACEMENT_3D('',#1844,#926,#927);
#806=AXIS2_PLACEMENT_3D('',#1881,#929,#930);
#807=AXIS2_PLACEMENT_3D('',#1884,#931,#932);
#808=AXIS2_PLACEMENT_3D('',#1886,#933,#934);
#809=AXIS2_PLACEMENT_3D('',#1888,#935,#936);
#810=AXIS2_PLACEMENT_3D('',#1890,#937,#938);
#811=AXIS2_PLACEMENT_3D('',#1892,#939,#940);
#812=AXIS2_PLACEMENT_3D('',#1894,#941,#942);
#813=AXIS2_PLACEMENT_3D('',#1896,#943,#944);
#814=AXIS2_PLACEMENT_3D('',#1898,#945,#946);
#815=AXIS2_PLACEMENT_3D('',#1900,#947,#948);
#816=AXIS2_PLACEMENT_3D('',#1902,#949,#950);
#817=AXIS2_PLACEMENT_3D('',#1904,#951,#952);
#818=AXIS2_PLACEMENT_3D('',#1906,#953,#954);
#819=AXIS2_PLACEMENT_3D('',#1908,#955,#956);
#820=AXIS2_PLACEMENT_3D('',#1910,#957,#958);
#821=AXIS2_PLACEMENT_3D('',#1912,#959,#960);
#822=AXIS2_PLACEMENT_3D('',#1914,#961,#962);
#823=AXIS2_PLACEMENT_3D('',#1916,#963,#964);
#824=AXIS2_PLACEMENT_3D('',#1918,#965,#966);
#825=AXIS2_PLACEMENT_3D('',#1920,#967,#968);
#826=AXIS2_PLACEMENT_3D('',#1921,#969,#970);
#827=AXIS2_PLACEMENT_3D('',#1923,#971,#972);
#828=AXIS2_PLACEMENT_3D('',#1924,#973,#974);
#829=AXIS2_PLACEMENT_3D('',#1927,#975,#976);
#830=AXIS2_PLACEMENT_3D('',#1930,#979,#980);
#831=AXIS2_PLACEMENT_3D('',#1933,#981,#982);
#832=AXIS2_PLACEMENT_3D('',#1936,#985,#986);
#833=AXIS2_PLACEMENT_3D('',#1939,#987,#988);
#834=AXIS2_PLACEMENT_3D('',#1942,#991,#992);
#835=AXIS2_PLACEMENT_3D('',#1945,#993,#994);
#836=AXIS2_PLACEMENT_3D('',#1948,#997,#998);
#837=AXIS2_PLACEMENT_3D('',#1951,#999,#1000);
#838=AXIS2_PLACEMENT_3D('',#1954,#1003,#1004);
#839=AXIS2_PLACEMENT_3D('',#1957,#1005,#1006);
#840=AXIS2_PLACEMENT_3D('',#1960,#1009,#1010);
#841=AXIS2_PLACEMENT_3D('',#1963,#1011,#1012);
#842=AXIS2_PLACEMENT_3D('',#1966,#1015,#1016);
#843=AXIS2_PLACEMENT_3D('',#1969,#1017,#1018);
#844=AXIS2_PLACEMENT_3D('',#1972,#1021,#1022);
#845=AXIS2_PLACEMENT_3D('',#1975,#1023,#1024);
#846=AXIS2_PLACEMENT_3D('',#1978,#1027,#1028);
#847=AXIS2_PLACEMENT_3D('',#1981,#1029,#1030);
#848=AXIS2_PLACEMENT_3D('',#1984,#1033,#1034);
#849=AXIS2_PLACEMENT_3D('',#1985,#1035,#1036);
#850=AXIS2_PLACEMENT_3D('',#1986,#1037,#1038);
#851=AXIS2_PLACEMENT_3D('',#1987,#1039,#1040);
#852=AXIS2_PLACEMENT_3D('',#1988,#1041,#1042);
#853=AXIS2_PLACEMENT_3D('',#1989,#1043,#1044);
#854=AXIS2_PLACEMENT_3D('',#1990,#1045,#1046);
#855=AXIS2_PLACEMENT_3D('',#1991,#1047,#1048);
#856=AXIS2_PLACEMENT_3D('',#1992,#1049,#1050);
#857=AXIS2_PLACEMENT_3D('',#1993,#1051,#1052);
#858=AXIS2_PLACEMENT_3D('',#1994,#1053,#1054);
#859=AXIS2_PLACEMENT_3D('',#1995,#1055,#1056);
#860=AXIS2_PLACEMENT_3D('',#1996,#1057,#1058);
#861=AXIS2_PLACEMENT_3D('',#1997,#1059,#1060);
#862=AXIS2_PLACEMENT_3D('',#1998,#1061,#1062);
#863=AXIS2_PLACEMENT_3D('',#1999,#1063,#1064);
#864=AXIS2_PLACEMENT_3D('',#2000,#1065,#1066);
#865=AXIS2_PLACEMENT_3D('',#2001,#1067,#1068);
#866=AXIS2_PLACEMENT_3D('',#2643,#1069,#1070);
#867=AXIS2_PLACEMENT_3D('',#2645,#1071,#1072);
#868=AXIS2_PLACEMENT_3D('',#3278,#1073,#1074);
#869=AXIS2_PLACEMENT_3D('',#3279,#1075,#1076);
#870=AXIS2_PLACEMENT_3D('',#3281,#1077,#1078);
#871=AXIS2_PLACEMENT_3D('',#3282,#1079,#1080);
#872=AXIS2_PLACEMENT_3D('',#3283,#1081,#1082);
#873=AXIS2_PLACEMENT_3D('',#3284,#1083,#1084);
#874=AXIS2_PLACEMENT_3D('',#3286,#1086,#1087);
#875=AXIS2_PLACEMENT_3D('',#3287,#1088,#1089);
#876=AXIS2_PLACEMENT_3D('',#3288,#1090,#1091);
#877=DIRECTION('axis',(0.,0.,1.));
#878=DIRECTION('refdir',(1.,0.,0.));
#879=DIRECTION('axis',(0.,0.,1.));
#880=DIRECTION('refdir',(1.,0.,0.));
#881=DIRECTION('center_axis',(0.,0.,-1.));
#882=DIRECTION('ref_axis',(1.,0.,0.));
#883=DIRECTION('',(0.,0.,1.));
#884=DIRECTION('center_axis',(0.,0.,1.));
#885=DIRECTION('ref_axis',(1.,0.,0.));
#886=DIRECTION('center_axis',(0.,0.,-1.));
#887=DIRECTION('ref_axis',(1.,0.,0.));
#888=DIRECTION('',(0.,0.,1.));
#889=DIRECTION('center_axis',(0.,0.,-1.));
#890=DIRECTION('ref_axis',(1.,0.,0.));
#891=DIRECTION('',(0.,0.,1.));
#892=DIRECTION('center_axis',(0.,0.,-1.));
#893=DIRECTION('ref_axis',(1.,0.,0.));
#894=DIRECTION('',(0.,0.,1.));
#895=DIRECTION('center_axis',(0.,0.,-1.));
#896=DIRECTION('ref_axis',(1.,0.,0.));
#897=DIRECTION('',(0.,0.,1.));
#898=DIRECTION('center_axis',(0.,0.,-1.));
#899=DIRECTION('ref_axis',(1.,0.,0.));
#900=DIRECTION('',(0.,0.,1.));
#901=DIRECTION('center_axis',(0.,0.,-1.));
#902=DIRECTION('ref_axis',(1.,0.,0.));
#903=DIRECTION('',(0.,0.,1.));
#904=DIRECTION('center_axis',(0.,0.,-1.));
#905=DIRECTION('ref_axis',(1.,-1.97093609976052E-14,0.));
#906=DIRECTION('',(0.,0.,-1.));
#907=DIRECTION('center_axis',(0.,0.,-1.));
#908=DIRECTION('ref_axis',(1.,-1.97093609976052E-14,0.));
#909=DIRECTION('center_axis',(0.,0.,-1.));
#910=DIRECTION('ref_axis',(1.,-1.97093609976052E-14,0.));
#911=DIRECTION('',(0.,0.,-1.));
#912=DIRECTION('center_axis',(0.,0.,-1.));
#913=DIRECTION('ref_axis',(1.,-1.97093609976052E-14,0.));
#914=DIRECTION('center_axis',(0.,0.,-1.));
#915=DIRECTION('ref_axis',(1.,-1.97093609976052E-14,0.));
#916=DIRECTION('',(0.,0.,-1.));
#917=DIRECTION('center_axis',(0.,0.,-1.));
#918=DIRECTION('ref_axis',(1.,-1.97093609976052E-14,0.));
#919=DIRECTION('',(0.,0.,-1.));
#920=DIRECTION('center_axis',(0.,0.,-1.));
#921=DIRECTION('ref_axis',(1.,-1.97093609976052E-14,0.));
#922=DIRECTION('',(0.,0.,-1.));
#923=DIRECTION('center_axis',(0.,0.,-1.));
#924=DIRECTION('ref_axis',(1.,-1.97093609976052E-14,0.));
#925=DIRECTION('',(0.,0.,-1.));
#926=DIRECTION('center_axis',(0.,0.,-1.));
#927=DIRECTION('ref_axis',(1.,-1.97093609976052E-14,0.));
#928=DIRECTION('',(0.,0.,-1.));
#929=DIRECTION('center_axis',(0.,0.,1.));
#930=DIRECTION('ref_axis',(1.,0.,0.));
#931=DIRECTION('center_axis',(0.,0.,-1.));
#932=DIRECTION('ref_axis',(-1.,-5.04076484659456E-9,0.));
#933=DIRECTION('center_axis',(0.,0.,1.));
#934=DIRECTION('ref_axis',(-1.,0.,0.));
#935=DIRECTION('center_axis',(0.,0.,-1.));
#936=DIRECTION('ref_axis',(-1.,-5.04076484659456E-9,0.));
#937=DIRECTION('center_axis',(0.,0.,1.));
#938=DIRECTION('ref_axis',(-1.,0.,0.));
#939=DIRECTION('center_axis',(0.,0.,-1.));
#940=DIRECTION('ref_axis',(-1.,-5.04076484659456E-9,0.));
#941=DIRECTION('center_axis',(0.,0.,1.));
#942=DIRECTION('ref_axis',(-1.,0.,0.));
#943=DIRECTION('center_axis',(0.,0.,-1.));
#944=DIRECTION('ref_axis',(-1.,-5.04076484659456E-9,0.));
#945=DIRECTION('center_axis',(0.,0.,1.));
#946=DIRECTION('ref_axis',(-1.,0.,0.));
#947=DIRECTION('center_axis',(0.,0.,-1.));
#948=DIRECTION('ref_axis',(-1.,-5.04076484659456E-9,0.));
#949=DIRECTION('center_axis',(0.,0.,1.));
#950=DIRECTION('ref_axis',(-1.,0.,0.));
#951=DIRECTION('center_axis',(0.,0.,-1.));
#952=DIRECTION('ref_axis',(-1.,-5.04076484659456E-9,0.));
#953=DIRECTION('center_axis',(0.,0.,1.));
#954=DIRECTION('ref_axis',(-1.,0.,0.));
#955=DIRECTION('center_axis',(0.,0.,-1.));
#956=DIRECTION('ref_axis',(-1.,-5.04076484659456E-9,0.));
#957=DIRECTION('center_axis',(0.,0.,1.));
#958=DIRECTION('ref_axis',(-1.,0.,0.));
#959=DIRECTION('center_axis',(0.,0.,-1.));
#960=DIRECTION('ref_axis',(-1.,-5.04076484659456E-9,0.));
#961=DIRECTION('center_axis',(0.,0.,1.));
#962=DIRECTION('ref_axis',(-1.,0.,0.));
#963=DIRECTION('center_axis',(0.,0.,-1.));
#964=DIRECTION('ref_axis',(-1.,-5.04076484659456E-9,0.));
#965=DIRECTION('center_axis',(0.,0.,1.));
#966=DIRECTION('ref_axis',(-1.,0.,0.));
#967=DIRECTION('center_axis',(0.,0.,-1.));
#968=DIRECTION('ref_axis',(-1.,-5.04076484659456E-9,0.));
#969=DIRECTION('center_axis',(0.,0.,1.));
#970=DIRECTION('ref_axis',(-1.,0.,0.));
#971=DIRECTION('center_axis',(0.,0.,-1.));
#972=DIRECTION('ref_axis',(-1.,0.,0.));
#973=DIRECTION('center_axis',(0.,0.,-1.));
#974=DIRECTION('ref_axis',(-1.,-5.04076484659456E-9,0.));
#975=DIRECTION('center_axis',(0.,0.,-1.));
#976=DIRECTION('ref_axis',(-1.,-5.04076484659456E-9,0.));
#977=DIRECTION('',(0.,0.,-1.));
#978=DIRECTION('',(0.,0.,1.));
#979=DIRECTION('center_axis',(0.,0.,-1.));
#980=DIRECTION('ref_axis',(-1.,-5.04076484659456E-9,0.));
#981=DIRECTION('center_axis',(0.,0.,-1.));
#982=DIRECTION('ref_axis',(-1.,-5.04076484659456E-9,0.));
#983=DIRECTION('',(0.,0.,-1.));
#984=DIRECTION('',(0.,0.,1.));
#985=DIRECTION('center_axis',(0.,0.,-1.));
#986=DIRECTION('ref_axis',(1.,5.04076408088082E-9,0.));
#987=DIRECTION('center_axis',(0.,0.,-1.));
#988=DIRECTION('ref_axis',(-1.,-5.04076484659456E-9,0.));
#989=DIRECTION('',(0.,0.,-1.));
#990=DIRECTION('',(0.,0.,1.));
#991=DIRECTION('center_axis',(0.,0.,-1.));
#992=DIRECTION('ref_axis',(0.809016997337835,-0.587785248214408,0.));
#993=DIRECTION('center_axis',(0.,0.,-1.));
#994=DIRECTION('ref_axis',(-1.,-5.04076484659456E-9,0.));
#995=DIRECTION('',(0.,0.,-1.));
#996=DIRECTION('',(0.,0.,1.));
#997=DIRECTION('center_axis',(0.,0.,-1.));
#998=DIRECTION('ref_axis',(-1.,-5.04076484659456E-9,0.));
#999=DIRECTION('center_axis',(0.,0.,-1.));
#1000=DIRECTION('ref_axis',(-1.,-5.04076484659456E-9,0.));
#1001=DIRECTION('',(0.,0.,-1.));
#1002=DIRECTION('',(0.,0.,1.));
#1003=DIRECTION('center_axis',(0.,0.,-1.));
#1004=DIRECTION('ref_axis',(-1.,-5.04076484659456E-9,0.));
#1005=DIRECTION('center_axis',(0.,0.,-1.));
#1006=DIRECTION('ref_axis',(-1.,-5.04076484659456E-9,0.));
#1007=DIRECTION('',(0.,0.,-1.));
#1008=DIRECTION('',(0.,0.,1.));
#1009=DIRECTION('center_axis',(0.,0.,-1.));
#1010=DIRECTION('ref_axis',(0.309016989580895,0.951056517852836,0.));
#1011=DIRECTION('center_axis',(0.,0.,-1.));
#1012=DIRECTION('ref_axis',(-1.,-5.04076484659456E-9,0.));
#1013=DIRECTION('',(0.,0.,-1.));
#1014=DIRECTION('',(0.,0.,1.));
#1015=DIRECTION('center_axis',(0.,0.,-1.));
#1016=DIRECTION('ref_axis',(0.809016991412061,0.587785256370537,0.));
#1017=DIRECTION('center_axis',(0.,0.,-1.));
#1018=DIRECTION('ref_axis',(-1.,-5.04076484659456E-9,0.));
#1019=DIRECTION('',(0.,0.,-1.));
#1020=DIRECTION('',(0.,0.,1.));
#1021=DIRECTION('center_axis',(0.,0.,-1.));
#1022=DIRECTION('ref_axis',(0.309016999168999,-0.951056514737472,0.));
#1023=DIRECTION('center_axis',(0.,0.,-1.));
#1024=DIRECTION('ref_axis',(-1.,-5.04076484659456E-9,0.));
#1025=DIRECTION('',(0.,0.,-1.));
#1026=DIRECTION('',(0.,0.,1.));
#1027=DIRECTION('center_axis',(0.,0.,-1.));
#1028=DIRECTION('ref_axis',(-1.,-5.04076484659456E-9,0.));
#1029=DIRECTION('center_axis',(0.,0.,-1.));
#1030=DIRECTION('ref_axis',(-1.,-5.04076484659456E-9,0.));
#1031=DIRECTION('',(0.,0.,-1.));
#1032=DIRECTION('',(0.,0.,1.));
#1033=DIRECTION('center_axis',(0.,0.,1.));
#1034=DIRECTION('ref_axis',(-1.,0.,0.));
#1035=DIRECTION('center_axis',(0.,0.,-1.));
#1036=DIRECTION('ref_axis',(-1.,0.,0.));
#1037=DIRECTION('center_axis',(0.,0.,1.));
#1038=DIRECTION('ref_axis',(-1.,0.,0.));
#1039=DIRECTION('center_axis',(0.,0.,-1.));
#1040=DIRECTION('ref_axis',(-1.,0.,0.));
#1041=DIRECTION('center_axis',(0.,0.,1.));
#1042=DIRECTION('ref_axis',(-1.,0.,0.));
#1043=DIRECTION('center_axis',(0.,0.,-1.));
#1044=DIRECTION('ref_axis',(-1.,0.,0.));
#1045=DIRECTION('center_axis',(0.,0.,1.));
#1046=DIRECTION('ref_axis',(-1.,0.,0.));
#1047=DIRECTION('center_axis',(0.,0.,-1.));
#1048=DIRECTION('ref_axis',(-1.,0.,0.));
#1049=DIRECTION('center_axis',(0.,0.,1.));
#1050=DIRECTION('ref_axis',(-1.,0.,0.));
#1051=DIRECTION('center_axis',(0.,0.,-1.));
#1052=DIRECTION('ref_axis',(-1.,0.,0.));
#1053=DIRECTION('center_axis',(0.,0.,1.));
#1054=DIRECTION('ref_axis',(-1.,0.,0.));
#1055=DIRECTION('center_axis',(0.,0.,-1.));
#1056=DIRECTION('ref_axis',(-1.,0.,0.));
#1057=DIRECTION('center_axis',(0.,0.,1.));
#1058=DIRECTION('ref_axis',(-1.,0.,0.));
#1059=DIRECTION('center_axis',(0.,0.,-1.));
#1060=DIRECTION('ref_axis',(-1.,0.,0.));
#1061=DIRECTION('center_axis',(0.,0.,1.));
#1062=DIRECTION('ref_axis',(-1.,0.,0.));
#1063=DIRECTION('center_axis',(0.,0.,-1.));
#1064=DIRECTION('ref_axis',(-1.,0.,0.));
#1065=DIRECTION('center_axis',(0.,0.,1.));
#1066=DIRECTION('ref_axis',(-1.,0.,0.));
#1067=DIRECTION('center_axis',(0.,0.,-1.));
#1068=DIRECTION('ref_axis',(-1.,0.,0.));
#1069=DIRECTION('center_axis',(0.,0.,-1.));
#1070=DIRECTION('ref_axis',(0.888916703927159,-0.45806887416553,0.));
#1071=DIRECTION('center_axis',(0.,0.,1.));
#1072=DIRECTION('ref_axis',(1.,-1.97093609976052E-14,0.));
#1073=DIRECTION('center_axis',(0.,0.,-1.));
#1074=DIRECTION('ref_axis',(1.,0.,0.));
#1075=DIRECTION('center_axis',(0.,0.,1.));
#1076=DIRECTION('ref_axis',(1.,0.,0.));
#1077=DIRECTION('center_axis',(0.,0.,1.));
#1078=DIRECTION('ref_axis',(1.,0.,0.));
#1079=DIRECTION('center_axis',(0.,0.,1.));
#1080=DIRECTION('ref_axis',(-1.,0.,0.));
#1081=DIRECTION('center_axis',(0.,0.,-1.));
#1082=DIRECTION('ref_axis',(-1.,0.,0.));
#1083=DIRECTION('center_axis',(0.,0.,-1.));
#1084=DIRECTION('ref_axis',(1.,0.,0.));
#1085=DIRECTION('',(0.,0.,1.));
#1086=DIRECTION('center_axis',(0.,0.,-1.));
#1087=DIRECTION('ref_axis',(1.,0.,0.));
#1088=DIRECTION('center_axis',(0.,0.,-1.));
#1089=DIRECTION('ref_axis',(1.,0.,0.));
#1090=DIRECTION('',(0.,0.,1.));
#1091=DIRECTION('',(0.64278760968654,0.766044443118978,0.));
#1092=CARTESIAN_POINT('',(0.,0.,0.));
#1093=CARTESIAN_POINT('',(0.,0.,0.));
#1094=CARTESIAN_POINT('Origin',(0.,0.,112.76));
#1095=CARTESIAN_POINT('',(-9.92520112865551,-0.000249561431555911,112.277313174635));
#1096=CARTESIAN_POINT('',(-9.92497436479782,-0.000191220917864163,112.492686825365));
#1097=CARTESIAN_POINT('',(-9.925,1.21546194815375E-15,112.76));
#1098=CARTESIAN_POINT('',(4.32666014044873,-8.93228061746003,112.76));
#1099=CARTESIAN_POINT('Ctrl Pts',(-9.92520112865551,-0.000249561431555911,
112.277313174635));
#1100=CARTESIAN_POINT('Ctrl Pts',(-9.92553180266382,-0.320922933609541,
112.285027118108));
#1101=CARTESIAN_POINT('Ctrl Pts',(-9.91029794203806,-0.641564972041807,
112.292741061582));
#1102=CARTESIAN_POINT('Ctrl Pts',(-9.879267766998,-0.960670889777092,112.300455005055));
#1103=CARTESIAN_POINT('Ctrl Pts',(-9.71936145049847,-2.60510414909278,112.34020690091));
#1104=CARTESIAN_POINT('Ctrl Pts',(-9.13996808508073,-4.20874417518591,112.379958796764));
#1105=CARTESIAN_POINT('Ctrl Pts',(-8.21188572090721,-5.57563860819138,112.419710692619));
#1106=CARTESIAN_POINT('Ctrl Pts',(-7.28380335673371,-6.94253304119683,112.459462588473));
#1107=CARTESIAN_POINT('Ctrl Pts',(-6.00703199380443,-8.07268188111463,112.499214484327));
#1108=CARTESIAN_POINT('Ctrl Pts',(-4.53759009878418,-8.82797467514483,112.538966380182));
#1109=CARTESIAN_POINT('Ctrl Pts',(-3.06814820376392,-9.58326746917504,112.578718276036));
#1110=CARTESIAN_POINT('Ctrl Pts',(-1.40603577665269,-9.96370421731766,112.618470171891));
#1111=CARTESIAN_POINT('Ctrl Pts',(0.245649914951209,-9.92282082174504,112.658222067745));
#1112=CARTESIAN_POINT('Ctrl Pts',(1.65526951349338,-9.88792917380799,112.692148045163));
#1113=CARTESIAN_POINT('Ctrl Pts',(3.05729464323105,-9.54616269569031,112.726074022582));
#1114=CARTESIAN_POINT('Ctrl Pts',(4.32704971924145,-8.93259921412648,112.76));
#1115=CARTESIAN_POINT('',(-4.32666014045116,-8.93228061745886,112.76));
#1116=CARTESIAN_POINT('Origin',(0.,0.,112.76));
#1117=CARTESIAN_POINT('Ctrl Pts',(-4.32666014045116,-8.93228061745886,112.76));
#1118=CARTESIAN_POINT('Ctrl Pts',(-5.81399519457912,-8.21183826126898,112.720248104146));
#1119=CARTESIAN_POINT('Ctrl Pts',(-7.11709041632246,-7.11294619347928,112.680496208291));
#1120=CARTESIAN_POINT('Ctrl Pts',(-8.07730689863963,-5.76867861329535,112.640744312437));
#1121=CARTESIAN_POINT('Ctrl Pts',(-9.03752338095679,-4.42441103311143,112.600992416582));
#1122=CARTESIAN_POINT('Ctrl Pts',(-9.65486112384778,-2.83476794053328,112.561240520728));
#1123=CARTESIAN_POINT('Ctrl Pts',(-9.85373150695095,-1.19454225616101,112.521488624874));
#1124=CARTESIAN_POINT('Ctrl Pts',(-9.90176129084915,-0.798406421677267,
112.511888025037));
#1125=CARTESIAN_POINT('Ctrl Pts',(-9.92538248806444,-0.399320178881925,
112.502287425201));
#1126=CARTESIAN_POINT('Ctrl Pts',(-9.92497436479782,-0.000191220917864163,
112.492686825365));
#1127=CARTESIAN_POINT('Origin',(0.,0.,112.76));
#1128=CARTESIAN_POINT('',(-9.92502301935379,0.000258988619053491,110.777313174635));
#1129=CARTESIAN_POINT('',(-9.9252719565106,0.00024143472790918,110.992686825365));
#1130=CARTESIAN_POINT('',(-9.925,1.21546194815375E-15,112.76));
#1131=CARTESIAN_POINT('Ctrl Pts',(-9.92502301935379,0.000258988619053491,
110.777313174635));
#1132=CARTESIAN_POINT('Ctrl Pts',(-9.92370468261243,-1.27565881359599,110.808004367856));
#1133=CARTESIAN_POINT('Ctrl Pts',(-9.67661691102234,-2.55207238749317,110.838695561076));
#1134=CARTESIAN_POINT('Ctrl Pts',(-9.19675187270044,-3.73397599316703,110.869386754297));
#1135=CARTESIAN_POINT('Ctrl Pts',(-8.57522031834428,-5.26480305175519,110.909138650151));
#1136=CARTESIAN_POINT('Ctrl Pts',(-7.56318186620991,-6.6370802870802,110.948890546006));
#1137=CARTESIAN_POINT('Ctrl Pts',(-6.28430314676969,-7.68312148041012,110.98864244186));
#1138=CARTESIAN_POINT('Ctrl Pts',(-5.00542442732946,-8.72916267374005,111.028394337715));
#1139=CARTESIAN_POINT('Ctrl Pts',(-3.45970544058337,-9.4489678250749,111.068146233569));
#1140=CARTESIAN_POINT('Ctrl Pts',(-1.83602622265052,-9.75457992132877,111.107898129423));
#1141=CARTESIAN_POINT('Ctrl Pts',(-0.212347004717669,-10.0601920175826,
111.147650025278));
#1142=CARTESIAN_POINT('Ctrl Pts',(1.48929244440194,-9.95161105875552,111.187401921132));
#1143=CARTESIAN_POINT('Ctrl Pts',(3.06095929762526,-9.44210516191553,111.227153816987));
#1144=CARTESIAN_POINT('Ctrl Pts',(4.63262615084857,-8.93259926507555,111.266905712841));
#1145=CARTESIAN_POINT('Ctrl Pts',(6.07432040817559,-8.0221684302227,111.306657608695));
#1146=CARTESIAN_POINT('Ctrl Pts',(7.20987339489755,-6.82206327888216,111.34640950455));
#1147=CARTESIAN_POINT('Ctrl Pts',(8.34542638161951,-5.62195812754163,111.386161400404));
#1148=CARTESIAN_POINT('Ctrl Pts',(9.17483809773642,-4.13217865971341,111.425913296259));
#1149=CARTESIAN_POINT('Ctrl Pts',(9.59675809682677,-2.5347693633589,111.465665192113));
#1150=CARTESIAN_POINT('Ctrl Pts',(10.0186780959171,-0.937360067004382,111.505417087967));
#1151=CARTESIAN_POINT('Ctrl Pts',(10.0331063779809,0.767679057876428,111.545168983822));
#1152=CARTESIAN_POINT('Ctrl Pts',(9.63827986354364,2.37199978833291,111.584920879676));
#1153=CARTESIAN_POINT('Ctrl Pts',(9.24345334910635,3.97632051878939,111.624672775531));
#1154=CARTESIAN_POINT('Ctrl Pts',(8.43937203816799,5.47992285482155,111.664424671385));
#1155=CARTESIAN_POINT('Ctrl Pts',(7.32429113175896,6.69907316601173,111.704176567239));
#1156=CARTESIAN_POINT('Ctrl Pts',(6.20921022534992,7.91822347720192,111.743928463094));
#1157=CARTESIAN_POINT('Ctrl Pts',(4.78312972347021,8.85292176355012,111.783680358948));
#1158=CARTESIAN_POINT('Ctrl Pts',(3.22031033601811,9.38895215413854,111.823432254803));
#1159=CARTESIAN_POINT('Ctrl Pts',(1.65749094856601,9.92498254472695,111.863184150657));
#1160=CARTESIAN_POINT('Ctrl Pts',(-0.0420673244584863,10.0623450395556,
111.902936046511));
#1161=CARTESIAN_POINT('Ctrl Pts',(-1.67068590032637,9.78425426966026,111.942687942366));
#1162=CARTESIAN_POINT('Ctrl Pts',(-3.29930447619425,9.50616349976495,111.98243983822));
#1163=CARTESIAN_POINT('Ctrl Pts',(-4.85698335490554,8.81261946514572,112.022191734075));
#1164=CARTESIAN_POINT('Ctrl Pts',(-6.15338119176841,7.78837076851753,112.061943629929));
#1165=CARTESIAN_POINT('Ctrl Pts',(-7.44977902863128,6.76412207188933,112.101695525783));
#1166=CARTESIAN_POINT('Ctrl Pts',(-8.48489582364574,5.40916871325218,112.141447421638));
#1167=CARTESIAN_POINT('Ctrl Pts',(-9.1322445873623,3.88907878766449,112.181199317492));
#1168=CARTESIAN_POINT('Ctrl Pts',(-9.65397388907252,2.66396568037996,112.213237269873));
#1169=CARTESIAN_POINT('Ctrl Pts',(-9.92382775611677,1.33158781369611,112.245275222254));
#1170=CARTESIAN_POINT('Ctrl Pts',(-9.92520112865551,-0.000249561431555911,
112.277313174635));
#1171=CARTESIAN_POINT('Ctrl Pts',(-9.92497436479782,-0.000191220917864163,
112.492686825365));
#1172=CARTESIAN_POINT('Ctrl Pts',(-9.92369262765284,1.25329872413294,112.462535529347));
#1173=CARTESIAN_POINT('Ctrl Pts',(-9.68540631938204,2.50720997490691,112.432384233329));
#1174=CARTESIAN_POINT('Ctrl Pts',(-9.22186352256116,3.67147434431123,112.40223293731));
#1175=CARTESIAN_POINT('Ctrl Pts',(-8.61072213175286,5.20645698424481,112.362481041456));
#1176=CARTESIAN_POINT('Ctrl Pts',(-7.60803632682092,6.58561398794555,112.322729145602));
#1177=CARTESIAN_POINT('Ctrl Pts',(-6.33628893337637,7.64031940579866,112.282977249747));
#1178=CARTESIAN_POINT('Ctrl Pts',(-5.06454153993183,8.69502482365177,112.243225353893));
#1179=CARTESIAN_POINT('Ctrl Pts',(-3.52373255797467,9.42527865565724,112.203473458038));
#1180=CARTESIAN_POINT('Ctrl Pts',(-1.90216176558043,9.74189389230187,112.163721562184));
#1181=CARTESIAN_POINT('Ctrl Pts',(-0.280590973186167,10.0585091289465,112.12396966633));
#1182=CARTESIAN_POINT('Ctrl Pts',(1.42174162964519,9.96148577023033,112.084217770475));
#1183=CARTESIAN_POINT('Ctrl Pts',(2.99682791004006,9.4626572685387,112.044465874621));
#1184=CARTESIAN_POINT('Ctrl Pts',(4.57191419043492,8.96382876684706,112.004713978766));
#1185=CARTESIAN_POINT('Ctrl Pts',(6.01975414839331,8.06319512217999,111.964962082912));
#1186=CARTESIAN_POINT('Ctrl Pts',(7.16342364706494,6.87082046326722,111.925210187058));
#1187=CARTESIAN_POINT('Ctrl Pts',(8.30709314573657,5.67844580435445,111.885458291203));
#1188=CARTESIAN_POINT('Ctrl Pts',(9.14659218512146,4.19433013119597,111.845706395349));
#1189=CARTESIAN_POINT('Ctrl Pts',(9.57933983009359,2.59982073161829,111.805954499494));
#1190=CARTESIAN_POINT('Ctrl Pts',(10.0120874750657,1.00531133204061,111.76620260364));
#1191=CARTESIAN_POINT('Ctrl Pts',(10.0380837256251,-0.699591793956267,111.726450707786));
#1192=CARTESIAN_POINT('Ctrl Pts',(9.65415093279787,-2.30655457987261,111.686698811931));
#1193=CARTESIAN_POINT('Ctrl Pts',(9.27021813997065,-3.91351736578895,111.646946916077));
#1194=CARTESIAN_POINT('Ctrl Pts',(8.47635630375686,-5.42253981162475,111.607195020222));
#1195=CARTESIAN_POINT('Ctrl Pts',(7.36957232335709,-6.64922719756688,111.567443124368));
#1196=CARTESIAN_POINT('Ctrl Pts',(6.26278834295732,-7.875914583509,111.527691228514));
#1197=CARTESIAN_POINT('Ctrl Pts',(4.84308221837156,-8.82026690955746,111.487939332659));
#1198=CARTESIAN_POINT('Ctrl Pts',(3.28393553714509,-9.36688793686319,111.448187436805));
#1199=CARTESIAN_POINT('Ctrl Pts',(1.72478885591861,-9.91350896416892,111.40843554095));
#1200=CARTESIAN_POINT('Ctrl Pts',(0.0262016180514155,-10.0623986927319,
111.368683645096));
#1201=CARTESIAN_POINT('Ctrl Pts',(-1.60426620422559,-9.7953637194835,111.328931749242));
#1202=CARTESIAN_POINT('Ctrl Pts',(-3.23473402650261,-9.52832874623507,111.289179853387));
#1203=CARTESIAN_POINT('Ctrl Pts',(-4.79708243318943,-8.84536907117521,111.249427957533));
#1204=CARTESIAN_POINT('Ctrl Pts',(-6.1003993998728,-7.82993922509493,111.209676061679));
#1205=CARTESIAN_POINT('Ctrl Pts',(-7.40371636655615,-6.81450937901466,111.169924165824));
#1206=CARTESIAN_POINT('Ctrl Pts',(-8.44800189323604,-5.46660936191397,111.13017226997));
#1207=CARTESIAN_POINT('Ctrl Pts',(-9.10564887381445,-3.95094666506735,111.090420374115));
#1208=CARTESIAN_POINT('Ctrl Pts',(-9.64460994602865,-2.70881643968556,111.057842524532));
#1209=CARTESIAN_POINT('Ctrl Pts',(-9.92389354019128,-1.35401201245074,111.025264674949));
#1210=CARTESIAN_POINT('Ctrl Pts',(-9.9252719565106,0.00024143472790918,
110.992686825365));
#1211=CARTESIAN_POINT('Origin',(0.,0.,112.76));
#1212=CARTESIAN_POINT('',(-9.92445077593253,-0.000203371147352582,109.277313174635));
#1213=CARTESIAN_POINT('',(-9.92429626671666,-0.000149462500962997,109.492686825365));
#1214=CARTESIAN_POINT('',(-9.925,1.21546194815375E-15,112.76));
#1215=CARTESIAN_POINT('Ctrl Pts',(-9.92445077593253,-0.000203371147352582,
109.277313174635));
#1216=CARTESIAN_POINT('Ctrl Pts',(-9.92487826478772,-0.578848514173772,
109.291229721748));
#1217=CARTESIAN_POINT('Ctrl Pts',(-9.87510776816423,-1.15742094426322,109.305146268862));
#1218=CARTESIAN_POINT('Ctrl Pts',(-9.77447042978276,-1.72700594747605,109.319062815976));
#1219=CARTESIAN_POINT('Ctrl Pts',(-9.48700508642196,-3.35399600062205,109.35881471183));
#1220=CARTESIAN_POINT('Ctrl Pts',(-8.78450211038686,-4.90765497509695,109.398566607684));
#1221=CARTESIAN_POINT('Ctrl Pts',(-7.75280426376169,-6.19813260370524,109.438318503539));
#1222=CARTESIAN_POINT('Ctrl Pts',(-6.72110641713651,-7.48861023231356,109.478070399393));
#1223=CARTESIAN_POINT('Ctrl Pts',(-5.36021369992125,-8.51590651505526,109.517822295248));
#1224=CARTESIAN_POINT('Ctrl Pts',(-3.8364211937473,-9.15449038174607,109.557574191102));
#1225=CARTESIAN_POINT('Ctrl Pts',(-2.31262868757337,-9.79307424843688,109.597326086956));
#1226=CARTESIAN_POINT('Ctrl Pts',(-0.625936392440757,-10.0429456990768,
109.637077982811));
#1227=CARTESIAN_POINT('Ctrl Pts',(1.01754934001971,-9.8735715455929,109.676829878665));
#1228=CARTESIAN_POINT('Ctrl Pts',(2.66103507248018,-9.704197392109,109.71658177452));
#1229=CARTESIAN_POINT('Ctrl Pts',(4.26131424226851,-9.11557763450128,109.756333670374));
#1230=CARTESIAN_POINT('Ctrl Pts',(5.62283980015264,-8.17963900836295,109.796085566228));
#1231=CARTESIAN_POINT('Ctrl Pts',(6.98436535803677,-7.24370038222461,109.835837462083));
#1232=CARTESIAN_POINT('Ctrl Pts',(8.1071373040167,-5.96044288755566,109.875589357937));
#1233=CARTESIAN_POINT('Ctrl Pts',(8.85395786339014,-4.48667492455493,109.915341253791));
#1234=CARTESIAN_POINT('Ctrl Pts',(9.60077842276358,-3.01290696155421,109.955093149646));
#1235=CARTESIAN_POINT('Ctrl Pts',(9.97164759553053,-1.3486285302217,109.9948450455));
#1236=CARTESIAN_POINT('Ctrl Pts',(9.92124680618608,0.302792893007788,110.034596941355));
#1237=CARTESIAN_POINT('Ctrl Pts',(9.87084601684163,1.95421431623728,110.074348837209));
#1238=CARTESIAN_POINT('Ctrl Pts',(9.39917526538577,3.59277873136374,110.114100733064));
#1239=CARTESIAN_POINT('Ctrl Pts',(8.56387063519446,5.01826080121028,110.153852628918));
#1240=CARTESIAN_POINT('Ctrl Pts',(7.72856600500314,6.44374287105684,110.193604524772));
#1241=CARTESIAN_POINT('Ctrl Pts',(6.52962749607636,7.65614259562347,110.233356420627));
#1242=CARTESIAN_POINT('Ctrl Pts',(5.11356010083103,8.50731008136726,110.273108316481));
#1243=CARTESIAN_POINT('Ctrl Pts',(3.69749270558572,9.35847756711105,110.312860212336));
#1244=CARTESIAN_POINT('Ctrl Pts',(2.06429642402186,9.84841281403201,110.35261210819));
#1245=CARTESIAN_POINT('Ctrl Pts',(0.413540631095464,9.91724789806462,110.392364004044));
#1246=CARTESIAN_POINT('Ctrl Pts',(-1.23721516183093,9.98608298209723,110.432115899899));
#1247=CARTESIAN_POINT('Ctrl Pts',(-2.90553046611986,9.63381790324148,110.471867795753));
#1248=CARTESIAN_POINT('Ctrl Pts',(-4.38754451727715,8.90349789882599,110.511619691607));
#1249=CARTESIAN_POINT('Ctrl Pts',(-5.86955856843444,8.17317789441051,110.551371587462));
#1250=CARTESIAN_POINT('Ctrl Pts',(-7.16527136646009,7.06480296443528,110.591123483316));
#1251=CARTESIAN_POINT('Ctrl Pts',(-8.11635252809404,5.71381163189161,110.630875379171));
#1252=CARTESIAN_POINT('Ctrl Pts',(-9.06743368972797,4.36282029934795,110.670627275025));
#1253=CARTESIAN_POINT('Ctrl Pts',(-9.67388321497021,2.76921256423586,110.710379170879));
#1254=CARTESIAN_POINT('Ctrl Pts',(-9.86159564930237,1.12772025575417,110.750131066734));
#1255=CARTESIAN_POINT('Ctrl Pts',(-9.90438119478556,0.753572724852827,110.759191769368));
#1256=CARTESIAN_POINT('Ctrl Pts',(-9.92541222081294,0.376937461420467,110.768252472001));
#1257=CARTESIAN_POINT('Ctrl Pts',(-9.92502301935379,0.000258988619053491,
110.777313174635));
#1258=CARTESIAN_POINT('Ctrl Pts',(-9.9252719565106,0.00024143472790918,
110.992686825365));
#1259=CARTESIAN_POINT('Ctrl Pts',(-9.92557550086918,0.298464829366491,110.985512779094));
#1260=CARTESIAN_POINT('Ctrl Pts',(-9.91240245082477,0.596661505054391,110.978338732823));
#1261=CARTESIAN_POINT('Ctrl Pts',(-9.88555815515012,0.893622344850553,110.971164686552));
#1262=CARTESIAN_POINT('Ctrl Pts',(-9.73681202143044,2.53910328132928,110.931412790698));
#1263=CARTESIAN_POINT('Ctrl Pts',(-9.16831131951415,4.14663977769416,110.891660894843));
#1264=CARTESIAN_POINT('Ctrl Pts',(-8.24952431944874,5.51979795772517,110.851908998989));
#1265=CARTESIAN_POINT('Ctrl Pts',(-7.33073731938332,6.8929561377562,110.812157103134));
#1266=CARTESIAN_POINT('Ctrl Pts',(-6.06166402116878,8.03173600145336,110.77240520728));
#1267=CARTESIAN_POINT('Ctrl Pts',(-4.59737958157443,8.79698368379459,110.732653311426));
#1268=CARTESIAN_POINT('Ctrl Pts',(-3.13309514198009,9.5622313661358,110.692901415571));
#1269=CARTESIAN_POINT('Ctrl Pts',(-1.47359956100594,9.95394686712108,110.653149519717));
#1270=CARTESIAN_POINT('Ctrl Pts',(0.178324129426127,9.92426427884848,110.613397623863));
#1271=CARTESIAN_POINT('Ctrl Pts',(1.8302478198582,9.89458169057588,110.573645728008));
#1272=CARTESIAN_POINT('Ctrl Pts',(3.47459961974818,9.44350101304541,110.533893832154));
#1273=CARTESIAN_POINT('Ctrl Pts',(4.91044699842148,8.62614231499854,110.494141936299));
#1274=CARTESIAN_POINT('Ctrl Pts',(6.34629437709477,7.80878361695167,110.454390040445));
#1275=CARTESIAN_POINT('Ctrl Pts',(7.57363733455137,6.6251468983884,110.414638144591));
#1276=CARTESIAN_POINT('Ctrl Pts',(8.44249998047248,5.21986733978724,110.374886248736));
#1277=CARTESIAN_POINT('Ctrl Pts',(9.3113626263936,3.81458778118608,110.335134352882));
#1278=CARTESIAN_POINT('Ctrl Pts',(9.82174496077923,2.18766538254703,110.295382457027));
#1279=CARTESIAN_POINT('Ctrl Pts',(9.91128051558923,0.537902878376433,110.255630561173));
#1280=CARTESIAN_POINT('Ctrl Pts',(10.0008160703992,-1.11185962579416,110.215878665319));
#1281=CARTESIAN_POINT('Ctrl Pts',(9.66950484563362,-2.78446223549629,110.176126769464));
#1282=CARTESIAN_POINT('Ctrl Pts',(8.95783161027058,-4.27552029661431,110.13637487361));
#1283=CARTESIAN_POINT('Ctrl Pts',(8.24615837490754,-5.76657835773233,110.096622977755));
#1284=CARTESIAN_POINT('Ctrl Pts',(7.15412312894707,-7.07609187026624,110.056871081901));
#1285=CARTESIAN_POINT('Ctrl Pts',(5.81516775802046,-8.0440440644774,110.017119186047));
#1286=CARTESIAN_POINT('Ctrl Pts',(4.47621238709385,-9.01199625868856,109.977367290192));
#1287=CARTESIAN_POINT('Ctrl Pts',(2.8903368912011,-9.63838713457697,109.937615394338));
#1288=CARTESIAN_POINT('Ctrl Pts',(1.25132825423283,-9.84667449269441,109.897863498483));
#1289=CARTESIAN_POINT('Ctrl Pts',(-0.387680382735439,-10.0549618508118,
109.858111602629));
#1290=CARTESIAN_POINT('Ctrl Pts',(-2.07982216077923,-9.8451456911583,109.818359706775));
#1291=CARTESIAN_POINT('Ctrl Pts',(-3.61832482552317,-9.24286462207651,109.77860781092));
#1292=CARTESIAN_POINT('Ctrl Pts',(-5.15682749026711,-8.64058355299472,109.738855915066));
#1293=CARTESIAN_POINT('Ctrl Pts',(-6.54169104171121,-7.64583757448469,109.699104019211));
#1294=CARTESIAN_POINT('Ctrl Pts',(-7.60369126811025,-6.38018025327341,109.659352123357));
#1295=CARTESIAN_POINT('Ctrl Pts',(-8.66569149450928,-5.11452293206213,109.619600227503));
#1296=CARTESIAN_POINT('Ctrl Pts',(-9.40482839586325,-3.57795426814959,109.579848331648));
#1297=CARTESIAN_POINT('Ctrl Pts',(-9.73078270615634,-1.95823616823113,109.540096435794));
#1298=CARTESIAN_POINT('Ctrl Pts',(-9.86036450794944,-1.3143238677753,109.524293232318));
#1299=CARTESIAN_POINT('Ctrl Pts',(-9.92464579768823,-0.657270401971057,
109.508490028841));
#1300=CARTESIAN_POINT('Ctrl Pts',(-9.92429626671666,-0.000149462500962997,
109.492686825365));
#1301=CARTESIAN_POINT('Origin',(0.,0.,112.76));
#1302=CARTESIAN_POINT('',(-9.92574611442669,0.000121202871914972,107.777313174635));
#1303=CARTESIAN_POINT('',(-9.92585097065548,4.29341588293612E-5,107.992686825365));
#1304=CARTESIAN_POINT('',(-9.925,1.21546194815375E-15,112.76));
#1305=CARTESIAN_POINT('Ctrl Pts',(-9.92574611442669,0.000121202871914972,
107.777313174635));
#1306=CARTESIAN_POINT('Ctrl Pts',(-9.92480813825504,-1.53333325766181,107.814206971496));
#1307=CARTESIAN_POINT('Ctrl Pts',(-9.56380347649413,-3.06721400361135,107.851100768356));
#1308=CARTESIAN_POINT('Ctrl Pts',(-8.87808226946228,-4.43874722663669,107.887994565217));
#1309=CARTESIAN_POINT('Ctrl Pts',(-8.13923941981156,-5.91653076971383,107.927746461072));
#1310=CARTESIAN_POINT('Ctrl Pts',(-7.02342082766149,-7.20583892128847,107.967498356926));
#1311=CARTESIAN_POINT('Ctrl Pts',(-5.66697459857554,-8.1491239176009,108.00725025278));
#1312=CARTESIAN_POINT('Ctrl Pts',(-4.31052836948962,-9.09240891391329,108.047002148635));
#1313=CARTESIAN_POINT('Ctrl Pts',(-2.71345450346785,-9.68967075496349,108.086754044489));
#1314=CARTESIAN_POINT('Ctrl Pts',(-1.07090837577368,-9.86792668071733,108.126505940344));
#1315=CARTESIAN_POINT('Ctrl Pts',(0.57163775192053,-10.0461826064712,108.166257836198));
#1316=CARTESIAN_POINT('Ctrl Pts',(2.25965614128714,-9.80543261692865,108.206009732052));
#1317=CARTESIAN_POINT('Ctrl Pts',(3.78687839783475,-9.17509529788807,108.245761627907));
#1318=CARTESIAN_POINT('Ctrl Pts',(5.31410065438233,-8.5447579788475,108.285513523761));
#1319=CARTESIAN_POINT('Ctrl Pts',(6.68052677811091,-7.52483333030891,108.325265419616));
#1320=CARTESIAN_POINT('Ctrl Pts',(7.71918552954344,-6.2399516413032,108.36501731547));
#1321=CARTESIAN_POINT('Ctrl Pts',(8.75784428097597,-4.95506995229748,108.404769211324));
#1322=CARTESIAN_POINT('Ctrl Pts',(9.46873566011244,-3.40523122282466,108.444521107179));
#1323=CARTESIAN_POINT('Ctrl Pts',(9.76499187904488,-1.7798189030075,108.484273003033));
#1324=CARTESIAN_POINT('Ctrl Pts',(10.0612480979773,-0.154406583190334,108.524024898888));
#1325=CARTESIAN_POINT('Ctrl Pts',(9.94286915670574,1.54657932697117,108.563776794742));
#1326=CARTESIAN_POINT('Ctrl Pts',(9.4243204392043,3.11528585919675,108.603528690596));
#1327=CARTESIAN_POINT('Ctrl Pts',(8.90577172170287,4.68399239142233,108.643280586451));
#1328=CARTESIAN_POINT('Ctrl Pts',(7.9870532279716,6.12041954571199,108.683032482305));
#1329=CARTESIAN_POINT('Ctrl Pts',(6.7804283017544,7.2490422657123,108.72278437816));
#1330=CARTESIAN_POINT('Ctrl Pts',(5.5738033755372,8.37766498571261,108.762536274014));
#1331=CARTESIAN_POINT('Ctrl Pts',(4.07927201683411,9.19848327142356,108.802288169868));
#1332=CARTESIAN_POINT('Ctrl Pts',(2.47945935924471,9.61119675228684,108.842040065723));
#1333=CARTESIAN_POINT('Ctrl Pts',(0.879646701655312,10.0239102331501,108.881791961577));
#1334=CARTESIAN_POINT('Ctrl Pts',(-0.825447254820401,10.0285189091657,108.921543857432));
#1335=CARTESIAN_POINT('Ctrl Pts',(-2.42746755677975,9.62445962047205,108.961295753286));
#1336=CARTESIAN_POINT('Ctrl Pts',(-4.02948785873909,9.22040033177839,109.00104764914));
#1337=CARTESIAN_POINT('Ctrl Pts',(-5.52843450618214,8.40767307837546,109.040799544995));
#1338=CARTESIAN_POINT('Ctrl Pts',(-6.74114283671889,7.28558954239593,109.080551440849));
#1339=CARTESIAN_POINT('Ctrl Pts',(-7.95385116725563,6.1635060064164,109.120303336704));
#1340=CARTESIAN_POINT('Ctrl Pts',(-8.88032118088609,4.73206618786029,109.160055232558));
#1341=CARTESIAN_POINT('Ctrl Pts',(-9.40734233235808,3.16618571267367,109.199807128412));
#1342=CARTESIAN_POINT('Ctrl Pts',(-9.74986122232333,2.14849668694642,109.225642477153));
#1343=CARTESIAN_POINT('Ctrl Pts',(-9.92365716501981,1.07402135897043,109.251477825894));
#1344=CARTESIAN_POINT('Ctrl Pts',(-9.92445077593253,-0.000203371147352582,
109.277313174635));
#1345=CARTESIAN_POINT('Ctrl Pts',(-9.92429626671666,-0.000149462500962997,
109.492686825365));
#1346=CARTESIAN_POINT('Ctrl Pts',(-9.92376657602911,0.995673141337056,109.468738132987));
#1347=CARTESIAN_POINT('Ctrl Pts',(-9.77480984832589,1.99165070090965,109.444789440609));
#1348=CARTESIAN_POINT('Ctrl Pts',(-9.4797567746446,2.94228354489916,109.420840748231));
#1349=CARTESIAN_POINT('Ctrl Pts',(-8.99000481360754,4.52021762218656,109.381088852376));
#1350=CARTESIAN_POINT('Ctrl Pts',(-8.0977291723012,5.97321824083699,109.341336956522));
#1351=CARTESIAN_POINT('Ctrl Pts',(-6.91196199465016,7.12373514032572,109.301585060667));
#1352=CARTESIAN_POINT('Ctrl Pts',(-5.7261948169991,8.27425203981446,109.261833164813));
#1353=CARTESIAN_POINT('Ctrl Pts',(-4.24693610300335,9.12228522014151,109.222081268959));
#1354=CARTESIAN_POINT('Ctrl Pts',(-2.65494473650859,9.5642087707812,109.182329373104));
#1355=CARTESIAN_POINT('Ctrl Pts',(-1.06295337001384,10.0061323214209,109.14257747725));
#1356=CARTESIAN_POINT('Ctrl Pts',(0.641770648979888,10.0419462423732,109.102825581395));
#1357=CARTESIAN_POINT('Ctrl Pts',(2.25091757179689,9.66727423061833,109.063073685541));
#1358=CARTESIAN_POINT('Ctrl Pts',(3.8600644946139,9.29260221886345,109.023321789687));
#1359=CARTESIAN_POINT('Ctrl Pts',(5.37363432125418,8.50744427440137,108.983569893832));
#1360=CARTESIAN_POINT('Ctrl Pts',(6.60667550139205,7.40774323153199,108.943817997978));
#1361=CARTESIAN_POINT('Ctrl Pts',(7.83971668152991,6.30804218866261,108.904066102123));
#1362=CARTESIAN_POINT('Ctrl Pts',(8.79222921516537,4.89379804738591,108.864314206269));
#1363=CARTESIAN_POINT('Ctrl Pts',(9.34782027608062,3.33782519780437,108.824562310415));
#1364=CARTESIAN_POINT('Ctrl Pts',(9.90341133699587,1.78185234822282,108.78481041456));
#1365=CARTESIAN_POINT('Ctrl Pts',(10.0620809251909,0.0841507903364133,108.745058518706));
#1366=CARTESIAN_POINT('Ctrl Pts',(9.80444031752288,-1.54782784092205,108.705306622851));
#1367=CARTESIAN_POINT('Ctrl Pts',(9.54679970985483,-3.17980647218052,108.665554726997));
#1368=CARTESIAN_POINT('Ctrl Pts',(8.87284890632368,-4.74606217681102,108.625802831143));
#1369=CARTESIAN_POINT('Ctrl Pts',(7.86494171959298,-6.05520542280835,108.586050935288));
#1370=CARTESIAN_POINT('Ctrl Pts',(6.85703453286227,-7.36434866880567,108.546299039434));
#1371=CARTESIAN_POINT('Ctrl Pts',(5.51517096293198,-8.41637945616982,108.506547143579));
#1372=CARTESIAN_POINT('Ctrl Pts',(4.00332081365002,-9.08274426745563,108.466795247725));
#1373=CARTESIAN_POINT('Ctrl Pts',(2.49147066436806,-9.74910907874144,108.427043351871));
#1374=CARTESIAN_POINT('Ctrl Pts',(0.809633935734404,-10.0298079139489,108.387291456016));
#1375=CARTESIAN_POINT('Ctrl Pts',(-0.83667634940876,-9.89054061471575,108.347539560162));
#1376=CARTESIAN_POINT('Ctrl Pts',(-2.48298663455191,-9.75127331548256,108.307787664307));
#1377=CARTESIAN_POINT('Ctrl Pts',(-4.09377047620454,-9.19203988180869,108.268035768453));
#1378=CARTESIAN_POINT('Ctrl Pts',(-5.4721972006114,-8.28117617024432,108.228283872599));
#1379=CARTESIAN_POINT('Ctrl Pts',(-6.85062392501825,-7.37031245867996,108.188531976744));
#1380=CARTESIAN_POINT('Ctrl Pts',(-7.99669353217931,-6.10781846922509,108.14878008089));
#1381=CARTESIAN_POINT('Ctrl Pts',(-8.77036137605655,-4.64796539341432,108.109028185035));
#1382=CARTESIAN_POINT('Ctrl Pts',(-9.52512260152971,-3.223787685591,108.070247731812));
#1383=CARTESIAN_POINT('Ctrl Pts',(-9.92546090851587,-1.61177901059021,108.031467278589));
#1384=CARTESIAN_POINT('Ctrl Pts',(-9.92585097065548,4.29341588293612E-5,
107.992686825365));
#1385=CARTESIAN_POINT('Origin',(0.,0.,112.76));
#1386=CARTESIAN_POINT('',(-9.92415474348238,9.48691235264087E-6,106.277313174635));
#1387=CARTESIAN_POINT('',(-9.9241936666497,8.17367717208813E-5,106.492686825365));
#1388=CARTESIAN_POINT('',(-9.925,1.21546194815375E-15,112.76));
#1389=CARTESIAN_POINT('Ctrl Pts',(-9.92415474348238,9.48691235264087E-6,
106.277313174635));
#1390=CARTESIAN_POINT('Ctrl Pts',(-9.92412698930268,-0.836609169483798,
106.297432325388));
#1391=CARTESIAN_POINT('Ctrl Pts',(-9.81948794608746,-1.67323464332657,106.317551476142));
#1392=CARTESIAN_POINT('Ctrl Pts',(-9.61032016793126,-2.48285480750889,106.337670626896));
#1393=CARTESIAN_POINT('Ctrl Pts',(-9.1970415044741,-4.08252155499119,106.37742252275));
#1394=CARTESIAN_POINT('Ctrl Pts',(-8.37569525716213,-5.5767628281232,106.417174418605));
#1395=CARTESIAN_POINT('Ctrl Pts',(-7.24664631113059,-6.78298894048135,106.456926314459));
#1396=CARTESIAN_POINT('Ctrl Pts',(-6.11759736509905,-7.9892150528395,106.496678210313));
#1397=CARTESIAN_POINT('Ctrl Pts',(-4.68084572034793,-8.90742600442379,106.536430106168));
#1398=CARTESIAN_POINT('Ctrl Pts',(-3.1119560845323,-9.42542047089984,106.576182002022));
#1399=CARTESIAN_POINT('Ctrl Pts',(-1.54306644871667,-9.94341493737588,106.615933897877));
#1400=CARTESIAN_POINT('Ctrl Pts',(0.157961178163476,-10.0611929187437,106.655685793731));
#1401=CARTESIAN_POINT('Ctrl Pts',(1.783268730229,-9.76436246567603,106.695437689585));
#1402=CARTESIAN_POINT('Ctrl Pts',(3.40857628229451,-9.46753201260836,106.73518958544));
#1403=CARTESIAN_POINT('Ctrl Pts',(4.95816375954541,-8.75609312510525,106.774941481294));
#1404=CARTESIAN_POINT('Ctrl Pts',(6.24267841377115,-7.71698049417977,106.814693377149));
#1405=CARTESIAN_POINT('Ctrl Pts',(7.5271930679969,-6.67786786325428,106.854445273003));
#1406=CARTESIAN_POINT('Ctrl Pts',(8.5466348991975,-5.31108148890641,106.894197168857));
#1407=CARTESIAN_POINT('Ctrl Pts',(9.17643261648904,-3.78363663164839,106.933949064712));
#1408=CARTESIAN_POINT('Ctrl Pts',(9.80623033378057,-2.25619177439039,106.973700960566));
#1409=CARTESIAN_POINT('Ctrl Pts',(10.0463839371631,-0.568088434222224,107.013452856421));
#1410=CARTESIAN_POINT('Ctrl Pts',(9.86754771659384,1.07439461375181,107.053204752275));
#1411=CARTESIAN_POINT('Ctrl Pts',(9.68871149602463,2.71687766172584,107.092956648129));
#1412=CARTESIAN_POINT('Ctrl Pts',(9.09088545150373,4.31374041750574,107.132708543984));
#1413=CARTESIAN_POINT('Ctrl Pts',(8.14712128623843,5.66985330256754,107.172460439838));
#1414=CARTESIAN_POINT('Ctrl Pts',(7.20335712097312,7.02596618762933,107.212212335693));
#1415=CARTESIAN_POINT('Ctrl Pts',(5.91365483496342,8.14132920197302,107.251964231547));
#1416=CARTESIAN_POINT('Ctrl Pts',(4.43561035345686,8.87964990963166,107.291716127401));
#1417=CARTESIAN_POINT('Ctrl Pts',(2.9575658719503,9.61797061729031,107.331468023256));
#1418=CARTESIAN_POINT('Ctrl Pts',(1.2911791949469,9.9792490182639,107.37121991911));
#1419=CARTESIAN_POINT('Ctrl Pts',(-0.359924582807605,9.91933848701646,107.410971814964));
#1420=CARTESIAN_POINT('Ctrl Pts',(-2.01102836056211,9.85942795576902,107.450723710819));
#1421=CARTESIAN_POINT('Ctrl Pts',(-3.64684923906771,9.37832849230054,107.490475606673));
#1422=CARTESIAN_POINT('Ctrl Pts',(-5.06749712920549,8.53482832696765,107.530227502528));
#1423=CARTESIAN_POINT('Ctrl Pts',(-6.48814501934327,7.69132816163476,107.569979398382));
#1424=CARTESIAN_POINT('Ctrl Pts',(-7.69361992111324,6.48542729443746,107.609731294236));
#1425=CARTESIAN_POINT('Ctrl Pts',(-8.53661812375363,5.06448148723206,107.649483190091));
#1426=CARTESIAN_POINT('Ctrl Pts',(-9.37961632639403,3.64353568002666,107.689235085945));
#1427=CARTESIAN_POINT('Ctrl Pts',(-9.86013782990486,2.00754493281317,107.7289869818));
#1428=CARTESIAN_POINT('Ctrl Pts',(-9.9194650280846,0.356420091916608,107.768738877654));
#1429=CARTESIAN_POINT('Ctrl Pts',(-9.92373056062751,0.237706804295734,107.771596976648));
#1430=CARTESIAN_POINT('Ctrl Pts',(-9.9258187778276,0.118915282724498,107.774455075641));
#1431=CARTESIAN_POINT('Ctrl Pts',(-9.92574611442669,0.000121202871914972,
107.777313174635));
#1432=CARTESIAN_POINT('Ctrl Pts',(-9.92585097065548,4.29341588293612E-5,
107.992686825365));
#1433=CARTESIAN_POINT('Ctrl Pts',(-9.9258607416344,0.0404187529160757,107.991715382734));
#1434=CARTESIAN_POINT('Ctrl Pts',(-9.92561954807981,0.0807944545014857,
107.990743940103));
#1435=CARTESIAN_POINT('Ctrl Pts',(-9.92512667439899,0.12116708354708,107.989772497472));
#1436=CARTESIAN_POINT('Ctrl Pts',(-9.90495804827076,1.77323432253099,107.950020601618));
#1437=CARTESIAN_POINT('Ctrl Pts',(-9.46335471542085,3.42015663833214,107.910268705763));
#1438=CARTESIAN_POINT('Ctrl Pts',(-8.65427865342181,4.86068739520752,107.870516809909));
#1439=CARTESIAN_POINT('Ctrl Pts',(-7.84520259142276,6.30121815208291,107.830764914055));
#1440=CARTESIAN_POINT('Ctrl Pts',(-6.66865380027456,7.53535735003253,107.7910130182));
#1441=CARTESIAN_POINT('Ctrl Pts',(-5.26840134773127,8.41229862785583,107.751261122346));
#1442=CARTESIAN_POINT('Ctrl Pts',(-3.86814889518798,9.28923990567913,107.711509226491));
#1443=CARTESIAN_POINT('Ctrl Pts',(-2.24419278124962,9.80898326337611,107.671757330637));
#1444=CARTESIAN_POINT('Ctrl Pts',(-0.594973273188499,9.90801835733024,107.632005434783));
#1445=CARTESIAN_POINT('Ctrl Pts',(1.0542462348726,10.0070534512844,107.592253538928));
#1446=CARTESIAN_POINT('Ctrl Pts',(2.72872913705647,9.68538028149564,107.552501643074));
#1447=CARTESIAN_POINT('Ctrl Pts',(4.22386101564549,8.98230588910843,107.51274974722));
#1448=CARTESIAN_POINT('Ctrl Pts',(5.71899289423453,8.27923149672121,107.472997851365));
#1449=CARTESIAN_POINT('Ctrl Pts',(7.03477374922875,7.1947558817355,107.433245955511));
#1450=CARTESIAN_POINT('Ctrl Pts',(8.01042096938895,5.86139717628617,107.393494059656));
#1451=CARTESIAN_POINT('Ctrl Pts',(8.98606818954915,4.52803847083684,107.353742163802));
#1452=CARTESIAN_POINT('Ctrl Pts',(9.62158177487532,2.94579667492389,107.313990267948));
#1453=CARTESIAN_POINT('Ctrl Pts',(9.83930477106622,1.30801475032785,107.274238372093));
#1454=CARTESIAN_POINT('Ctrl Pts',(10.0570277672571,-0.329767174268192,107.234486476239));
#1455=CARTESIAN_POINT('Ctrl Pts',(9.85696017431275,-2.02308922754729,107.194734580384));
#1456=CARTESIAN_POINT('Ctrl Pts',(9.26354936878205,-3.56503493070395,107.15498268453));
#1457=CARTESIAN_POINT('Ctrl Pts',(8.67013856325136,-5.10698063386059,107.115230788676));
#1458=CARTESIAN_POINT('Ctrl Pts',(7.68338454513434,-6.49754998689477,107.075478892821));
#1459=CARTESIAN_POINT('Ctrl Pts',(6.42386429887446,-7.56682155430189,107.035726996967));
#1460=CARTESIAN_POINT('Ctrl Pts',(5.16434405261461,-8.63609312170901,106.995975101112));
#1461=CARTESIAN_POINT('Ctrl Pts',(3.63205757821189,-9.38406690348907,106.956223205258));
#1462=CARTESIAN_POINT('Ctrl Pts',(2.01424351771365,-9.71934380585182,106.916471309404));
#1463=CARTESIAN_POINT('Ctrl Pts',(0.39642945721537,-10.0546207082146,106.876719413549));
#1464=CARTESIAN_POINT('Ctrl Pts',(-1.30691218937844,-9.97720073116,106.836967517695));
#1465=CARTESIAN_POINT('Ctrl Pts',(-2.8876405931962,-9.49654425407091,106.79721562184));
#1466=CARTESIAN_POINT('Ctrl Pts',(-4.46836899701392,-9.01588777698183,106.757463725986));
#1467=CARTESIAN_POINT('Ctrl Pts',(-5.92648415805559,-8.13199479985824,106.717711830132));
#1468=CARTESIAN_POINT('Ctrl Pts',(-7.08381084129638,-6.95287314207109,106.677959934277));
#1469=CARTESIAN_POINT('Ctrl Pts',(-8.24113752453716,-5.77375148428394,106.638208038423));
#1470=CARTESIAN_POINT('Ctrl Pts',(-9.09767572997705,-4.29940114583322,106.598456142568));
#1471=CARTESIAN_POINT('Ctrl Pts',(-9.54876027057214,-2.70998122874398,106.558704246714));
#1472=CARTESIAN_POINT('Ctrl Pts',(-9.79847111278755,-1.83011204589258,106.536698439598));
#1473=CARTESIAN_POINT('Ctrl Pts',(-9.92393088356368,-0.914979848606779,
106.514692632482));
#1474=CARTESIAN_POINT('Ctrl Pts',(-9.9241936666497,8.17367717208813E-5,
106.492686825365));
#1475=CARTESIAN_POINT('Origin',(0.,0.,112.76));
#1476=CARTESIAN_POINT('',(-9.92570590324462,-0.000139482726367809,104.777313174635));
#1477=CARTESIAN_POINT('',(-9.92551241712477,-0.000199959814679964,104.992686825365));
#1478=CARTESIAN_POINT('',(-9.925,1.21546194815375E-15,112.76));
#1479=CARTESIAN_POINT('Ctrl Pts',(-9.92570590324462,-0.000139482726367809,
104.777313174635));
#1480=CARTESIAN_POINT('Ctrl Pts',(-9.92580135808644,-0.139152170604811,
104.780657679281));
#1481=CARTESIAN_POINT('Ctrl Pts',(-9.92294164660668,-0.278160927818735,
104.784002183928));
#1482=CARTESIAN_POINT('Ctrl Pts',(-9.91710117589896,-0.417044335022191,
104.787346688574));
#1483=CARTESIAN_POINT('Ctrl Pts',(-9.84768288893142,-2.06777570561831,104.827098584429));
#1484=CARTESIAN_POINT('Ctrl Pts',(-9.35717067145632,-3.70079879300183,104.866850480283));
#1485=CARTESIAN_POINT('Ctrl Pts',(-8.50550294745891,-5.11656538535554,104.906602376137));
#1486=CARTESIAN_POINT('Ctrl Pts',(-7.65383522346152,-6.53233197770923,104.946354271992));
#1487=CARTESIAN_POINT('Ctrl Pts',(-6.44101199294184,-7.73084207503311,104.986106167846));
#1488=CARTESIAN_POINT('Ctrl Pts',(-5.01523490159177,-8.5656430351197,105.025858063701));
#1489=CARTESIAN_POINT('Ctrl Pts',(-3.58945781024172,-9.40044399520627,105.065609959555));
#1490=CARTESIAN_POINT('Ctrl Pts',(-1.95072685806127,-9.87153581805555,105.105361855409));
#1491=CARTESIAN_POINT('Ctrl Pts',(-0.299287731560656,-9.92135316271444,
105.145113751264));
#1492=CARTESIAN_POINT('Ctrl Pts',(1.35215139494001,-9.97117050737334,105.184865647118));
#1493=CARTESIAN_POINT('Ctrl Pts',(3.01629869576085,-9.59971337384182,105.224617542973));
#1494=CARTESIAN_POINT('Ctrl Pts',(4.48980271767423,-8.85237218388059,105.264369438827));
#1495=CARTESIAN_POINT('Ctrl Pts',(5.96330673958759,-8.10503099391936,105.304121334681));
#1496=CARTESIAN_POINT('Ctrl Pts',(7.24616748259351,-6.98180574752842,105.343873230536));
#1497=CARTESIAN_POINT('Ctrl Pts',(8.18162502796762,-5.61994961069689,105.38362512639));
#1498=CARTESIAN_POINT('Ctrl Pts',(9.11708257334175,-4.25809347386535,105.423377022245));
#1499=CARTESIAN_POINT('Ctrl Pts',(9.70513692108406,-2.65760644659319,105.463128918099));
#1500=CARTESIAN_POINT('Ctrl Pts',(9.87393042610807,-1.01406097738984,105.502880813953));
#1501=CARTESIAN_POINT('Ctrl Pts',(10.0427239311321,0.629484491813489,105.542632709808));
#1502=CARTESIAN_POINT('Ctrl Pts',(9.7922565934378,2.31608840294799,105.582384605662));
#1503=CARTESIAN_POINT('Ctrl Pts',(9.15313441590471,3.83965520452225,105.622136501517));
#1504=CARTESIAN_POINT('Ctrl Pts',(8.51401223837162,5.36322200609649,105.661888397371));
#1505=CARTESIAN_POINT('Ctrl Pts',(7.48623522099972,6.72375169811048,105.701640293225));
#1506=CARTESIAN_POINT('Ctrl Pts',(6.19539317760386,7.75499355900724,105.74139218908));
#1507=CARTESIAN_POINT('Ctrl Pts',(4.90455113420799,8.786235419904,105.781144084934));
#1508=CARTESIAN_POINT('Ctrl Pts',(3.35064406478813,9.48818944968354,105.820895980789));
#1509=CARTESIAN_POINT('Ctrl Pts',(1.72355255265571,9.77507996507157,105.860647876643));
#1510=CARTESIAN_POINT('Ctrl Pts',(0.0964610405232763,10.0619704804596,105.900399772497));
#1511=CARTESIAN_POINT('Ctrl Pts',(-1.60381491432174,9.93379748145612,105.940151668352));
#1512=CARTESIAN_POINT('Ctrl Pts',(-3.16950909700857,9.40622314264835,105.979903564206));
#1513=CARTESIAN_POINT('Ctrl Pts',(-4.7352032796954,8.87864880384057,106.019655460061));
#1514=CARTESIAN_POINT('Ctrl Pts',(-6.16631569022405,7.9516731252285,106.059407355915));
#1515=CARTESIAN_POINT('Ctrl Pts',(-7.28797071046177,6.73856844209284,106.099159251769));
#1516=CARTESIAN_POINT('Ctrl Pts',(-8.40962573069951,5.52546375895715,106.138911147624));
#1517=CARTESIAN_POINT('Ctrl Pts',(-9.22182336064631,4.02623007129785,106.178663043478));
#1518=CARTESIAN_POINT('Ctrl Pts',(-9.62531663581854,2.42406711655191,106.218414939333));
#1519=CARTESIAN_POINT('Ctrl Pts',(-9.82459469416166,1.63278770146185,106.238047684433));
#1520=CARTESIAN_POINT('Ctrl Pts',(-9.92418182667004,0.816401840082474,106.257680429534));
#1521=CARTESIAN_POINT('Ctrl Pts',(-9.92415474348238,9.48691235264087E-6,
106.277313174635));
#1522=CARTESIAN_POINT('Ctrl Pts',(-9.9241936666497,8.17367717208813E-5,
106.492686825365));
#1523=CARTESIAN_POINT('Ctrl Pts',(-9.92440558216539,0.738012593349755,106.474940736627));
#1524=CARTESIAN_POINT('Ctrl Pts',(-9.84319872089963,1.47589752921336,106.457194647889));
#1525=CARTESIAN_POINT('Ctrl Pts',(-9.68007700626898,2.19520616747132,106.439448559151));
#1526=CARTESIAN_POINT('Ctrl Pts',(-9.31467832562046,3.80648415086964,106.399696663296));
#1527=CARTESIAN_POINT('Ctrl Pts',(-8.53825008857315,5.32455062193853,106.359944767442));
#1528=CARTESIAN_POINT('Ctrl Pts',(-7.44566839772307,6.563904560256,106.320192871588));
#1529=CARTESIAN_POINT('Ctrl Pts',(-6.353086706873,7.80325849857347,106.280440975733));
#1530=CARTESIAN_POINT('Ctrl Pts',(-4.94435156222017,8.76389990413951,106.240689079879));
#1531=CARTESIAN_POINT('Ctrl Pts',(-3.39160417880202,9.32844263847585,106.200937184024));
#1532=CARTESIAN_POINT('Ctrl Pts',(-1.83885679538384,9.89298537281221,106.16118528817));
#1533=CARTESIAN_POINT('Ctrl Pts',(-0.142097173200307,10.0614294359188,106.121433392316));
#1534=CARTESIAN_POINT('Ctrl Pts',(1.49133815319984,9.81319170697344,106.081681496461));
#1535=CARTESIAN_POINT('Ctrl Pts',(3.12477347959994,9.56495397802803,106.041929600607));
#1536=CARTESIAN_POINT('Ctrl Pts',(4.69488451021669,8.90003445703061,106.002177704752));
#1537=CARTESIAN_POINT('Ctrl Pts',(6.00981060923088,7.89968337379272,105.962425808898));
#1538=CARTESIAN_POINT('Ctrl Pts',(7.32473670824506,6.89933229055485,105.922673913044));
#1539=CARTESIAN_POINT('Ctrl Pts',(8.38447787565667,5.56354964507654,105.882922017189));
#1540=CARTESIAN_POINT('Ctrl Pts',(9.05953841962034,4.05556217908512,105.843170121335));
#1541=CARTESIAN_POINT('Ctrl Pts',(9.73459896358403,2.54757471309366,105.80341822548));
#1542=CARTESIAN_POINT('Ctrl Pts',(10.0249788840997,0.867382426589096,105.763666329626));
#1543=CARTESIAN_POINT('Ctrl Pts',(9.89519503692339,-0.779702601154122,105.723914433772));
#1544=CARTESIAN_POINT('Ctrl Pts',(9.76541118974704,-2.42678762889729,105.684162537917));
#1545=CARTESIAN_POINT('Ctrl Pts',(9.21546357487866,-4.04076539787911,105.644410642063));
#1546=CARTESIAN_POINT('Ctrl Pts',(8.31255336280683,-5.42441495052631,105.604658746208));
#1547=CARTESIAN_POINT('Ctrl Pts',(7.40964315073498,-6.80806450317352,105.564906850354));
#1548=CARTESIAN_POINT('Ctrl Pts',(6.15377034145966,-7.9613858394861,105.5251549545));
#1549=CARTESIAN_POINT('Ctrl Pts',(4.69839704753237,-8.74344818413988,105.485403058645));
#1550=CARTESIAN_POINT('Ctrl Pts',(3.24302375360509,-9.52551052879365,105.445651162791));
#1551=CARTESIAN_POINT('Ctrl Pts',(1.58814997502581,-9.93631388178863,105.405899266936));
#1552=CARTESIAN_POINT('Ctrl Pts',(-0.0640060188212077,-9.92565988710829,
105.366147371082));
#1553=CARTESIAN_POINT('Ctrl Pts',(-1.71616201266826,-9.91500589242796,105.326395475228));
#1554=CARTESIAN_POINT('Ctrl Pts',(-3.36560022178308,-9.48289455007231,105.286643579373));
#1555=CARTESIAN_POINT('Ctrl Pts',(-4.8107665793588,-8.68212795828046,105.246891683519));
#1556=CARTESIAN_POINT('Ctrl Pts',(-6.25593293693447,-7.88136136648862,105.207139787665));
#1557=CARTESIAN_POINT('Ctrl Pts',(-7.49682744297103,-6.71193952526061,105.16738789181));
#1558=CARTESIAN_POINT('Ctrl Pts',(-8.38181826746309,-5.31676062054161,105.127635995956));
#1559=CARTESIAN_POINT('Ctrl Pts',(-9.26680909195516,-3.92158171582258,105.087884100101));
#1560=CARTESIAN_POINT('Ctrl Pts',(-9.79589623490271,-2.30064574761258,105.048132204247));
#1561=CARTESIAN_POINT('Ctrl Pts',(-9.90442758334651,-0.65202393469841,105.008380308393));
#1562=CARTESIAN_POINT('Ctrl Pts',(-9.91870979419559,-0.435073121131023,
105.003149147383));
#1563=CARTESIAN_POINT('Ctrl Pts',(-9.92570910911757,-0.217642863151576,
104.997917986374));
#1564=CARTESIAN_POINT('Ctrl Pts',(-9.92551241712477,-0.000199959814679964,
104.992686825365));
#1565=CARTESIAN_POINT('Origin',(0.,0.,112.76));
#1566=CARTESIAN_POINT('',(-9.92451224170334,0.000212984653196191,103.277313174635));
#1567=CARTESIAN_POINT('',(-9.92470703607137,0.000247627446176928,103.492686825365));
#1568=CARTESIAN_POINT('',(-9.925,1.21546194815375E-15,112.76));
#1569=CARTESIAN_POINT('Ctrl Pts',(-9.92451224170334,0.000212984653196191,
103.277313174635));
#1570=CARTESIAN_POINT('Ctrl Pts',(-9.92364893488092,-1.0942208094852,103.303634929029));
#1571=CARTESIAN_POINT('Ctrl Pts',(-9.7431111232707,-2.18893023779026,103.329956683422));
#1572=CARTESIAN_POINT('Ctrl Pts',(-9.38780851876339,-3.22362655346519,103.356278437816));
#1573=CARTESIAN_POINT('Ctrl Pts',(-8.85121996467591,-4.78625568397086,103.39603033367));
#1574=CARTESIAN_POINT('Ctrl Pts',(-7.91602895150319,-6.21200727824522,103.435782229525));
#1575=CARTESIAN_POINT('Ctrl Pts',(-6.6964876485694,-7.32665776068052,103.475534125379));
#1576=CARTESIAN_POINT('Ctrl Pts',(-5.47694634563564,-8.4413082431158,103.515286021234));
#1577=CARTESIAN_POINT('Ctrl Pts',(-3.97305475294083,-9.24485761371203,103.555037917088));
#1578=CARTESIAN_POINT('Ctrl Pts',(-2.36859325381829,-9.63911712660244,103.594789812942));
#1579=CARTESIAN_POINT('Ctrl Pts',(-0.764131754695713,-10.0333766394929,
103.634541708797));
#1580=CARTESIAN_POINT('Ctrl Pts',(0.940899650854593,-10.0183462946775,103.674293604651));
#1581=CARTESIAN_POINT('Ctrl Pts',(2.53815912710333,-9.59586204652885,103.714045500506));
#1582=CARTESIAN_POINT('Ctrl Pts',(4.13541860335207,-9.17337779838023,103.75379739636));
#1583=CARTESIAN_POINT('Ctrl Pts',(5.62490615029923,-8.34343964689839,103.793549292214));
#1584=CARTESIAN_POINT('Ctrl Pts',(6.82461035353038,-7.20746269796494,103.833301188069));
#1585=CARTESIAN_POINT('Ctrl Pts',(8.02431455676151,-6.07148574903151,103.873053083923));
#1586=CARTESIAN_POINT('Ctrl Pts',(8.93423541627662,-4.62947000264647,103.912804979778));
#1587=CARTESIAN_POINT('Ctrl Pts',(9.44318586704332,-3.05762325991623,103.952556875632));
#1588=CARTESIAN_POINT('Ctrl Pts',(9.95213631781003,-1.485776517186,103.992308771486));
#1589=CARTESIAN_POINT('Ctrl Pts',(10.0601163598283,0.215901221889439,104.032060667341));
#1590=CARTESIAN_POINT('Ctrl Pts',(9.75393071378075,1.8394723758945,104.071812563195));
#1591=CARTESIAN_POINT('Ctrl Pts',(9.44774506773317,3.46304352989955,104.11156445905));
#1592=CARTESIAN_POINT('Ctrl Pts',(8.72739373361972,5.00850809883423,104.151316354904));
#1593=CARTESIAN_POINT('Ctrl Pts',(7.68090074798513,6.28701717132769,104.191068250758));
#1594=CARTESIAN_POINT('Ctrl Pts',(6.63440776235054,7.56552624382115,104.230820146613));
#1595=CARTESIAN_POINT('Ctrl Pts',(5.2617731251948,8.57707981987339,104.270572042467));
#1596=CARTESIAN_POINT('Ctrl Pts',(3.73072659344135,9.19807050154166,104.310323938321));
#1597=CARTESIAN_POINT('Ctrl Pts',(2.1996800616879,9.81906118320993,104.350075834176));
#1598=CARTESIAN_POINT('Ctrl Pts',(0.510221635336727,10.0494889704942,104.38982773003));
#1599=CARTESIAN_POINT('Ctrl Pts',(-1.13120426030437,9.86119661325701,104.429579625885));
#1600=CARTESIAN_POINT('Ctrl Pts',(-2.77263015594546,9.67290425601977,104.469331521739));
#1601=CARTESIAN_POINT('Ctrl Pts',(-4.36602352087647,9.06589175426099,104.509083417593));
#1602=CARTESIAN_POINT('Ctrl Pts',(-5.7166787516718,8.11433335182978,104.548835313448));
#1603=CARTESIAN_POINT('Ctrl Pts',(-7.06733398246712,7.16277494939859,104.588587209302));
#1604=CARTESIAN_POINT('Ctrl Pts',(-8.17525107912676,5.86667064629497,104.628339105157));
#1605=CARTESIAN_POINT('Ctrl Pts',(-8.9050474492266,4.38439866783883,104.668091001011));
#1606=CARTESIAN_POINT('Ctrl Pts',(-9.57344278930448,3.02683685509293,104.704498392219));
#1607=CARTESIAN_POINT('Ctrl Pts',(-9.92466680713439,1.51311579583174,104.740905783427));
#1608=CARTESIAN_POINT('Ctrl Pts',(-9.92570590324462,-0.000139482726367809,
104.777313174635));
#1609=CARTESIAN_POINT('Ctrl Pts',(-9.92551241712477,-0.000199959814679964,
104.992686825365));
#1610=CARTESIAN_POINT('Ctrl Pts',(-9.92421443525842,1.43471836845658,104.95816609052));
#1611=CARTESIAN_POINT('Ctrl Pts',(-9.6095478649353,2.87018737127016,104.923645355675));
#1612=CARTESIAN_POINT('Ctrl Pts',(-9.00648225495131,4.17206164335703,104.889124620829));
#1613=CARTESIAN_POINT('Ctrl Pts',(-8.3120300241723,5.67121775087989,104.849372724975));
#1614=CARTESIAN_POINT('Ctrl Pts',(-7.23515000867427,6.99322230830734,104.809620829121));
#1615=CARTESIAN_POINT('Ctrl Pts',(-5.90743219170123,7.97653219549175,104.769868933266));
#1616=CARTESIAN_POINT('Ctrl Pts',(-4.57971437472816,8.95984208267618,104.730117037412));
#1617=CARTESIAN_POINT('Ctrl Pts',(-3.00115875628008,9.60445729961756,104.690365141557));
#1618=CARTESIAN_POINT('Ctrl Pts',(-1.36465786387885,9.83160871270867,104.650613245703));
#1619=CARTESIAN_POINT('Ctrl Pts',(0.27184302852238,10.0587601257998,104.610861349849));
#1620=CARTESIAN_POINT('Ctrl Pts',(1.96628919487676,9.86844773504062,104.571109453994));
#1621=CARTESIAN_POINT('Ctrl Pts',(3.51162679546328,9.28392687456656,104.53135755814));
#1622=CARTESIAN_POINT('Ctrl Pts',(5.0569643960498,8.69940601409249,104.491605662285));
#1623=CARTESIAN_POINT('Ctrl Pts',(6.45319343086846,7.72067668390352,104.451853766431));
#1624=CARTESIAN_POINT('Ctrl Pts',(7.52970087473941,6.46733528653898,104.412101870577));
#1625=CARTESIAN_POINT('Ctrl Pts',(8.60620831861037,5.21399388917442,104.372349974722));
#1626=CARTESIAN_POINT('Ctrl Pts',(9.36299417153362,3.68604042463429,104.332598078868));
#1627=CARTESIAN_POINT('Ctrl Pts',(9.7075825467763,2.07018406127323,104.292846183013));
#1628=CARTESIAN_POINT('Ctrl Pts',(10.052170922019,0.454327697912206,104.253094287159));
#1629=CARTESIAN_POINT('Ctrl Pts',(9.9845618195811,-1.24943156426974,104.213342391305));
#1630=CARTESIAN_POINT('Ctrl Pts',(9.51301676648331,-2.8329018676775,104.17359049545));
#1631=CARTESIAN_POINT('Ctrl Pts',(9.04147171338551,-4.41637217108527,104.133838599596));
#1632=CARTESIAN_POINT('Ctrl Pts',(8.1659907096278,-5.87955351571886,104.094086703741));
#1633=CARTESIAN_POINT('Ctrl Pts',(6.99355368282121,-7.04365159697505,104.054334807887));
#1634=CARTESIAN_POINT('Ctrl Pts',(5.82111665601463,-8.20774967823123,104.014582912033));
#1635=CARTESIAN_POINT('Ctrl Pts',(4.35172360615919,-9.07276449611002,103.974831016178));
#1636=CARTESIAN_POINT('Ctrl Pts',(2.76492784665245,-9.5329950679842,103.935079120324));
#1637=CARTESIAN_POINT('Ctrl Pts',(1.17813208714566,-9.99322563985839,103.895327224469));
#1638=CARTESIAN_POINT('Ctrl Pts',(-0.526066382012429,-10.0486719657279,
103.855575328615));
#1639=CARTESIAN_POINT('Ctrl Pts',(-2.13942196947999,-9.69255873044652,103.815823432761));
#1640=CARTESIAN_POINT('Ctrl Pts',(-3.75277755694753,-9.3364454951651,103.776071536906));
#1641=CARTESIAN_POINT('Ctrl Pts',(-5.27529026272453,-8.56877269873271,103.736319641052));
#1642=CARTESIAN_POINT('Ctrl Pts',(-6.52091588716019,-7.48334660720561,103.696567745197));
#1643=CARTESIAN_POINT('Ctrl Pts',(-7.76654151159585,-6.39792051567852,103.656815849343));
#1644=CARTESIAN_POINT('Ctrl Pts',(-8.73528005469016,-4.99474112905672,103.617063953489));
#1645=CARTESIAN_POINT('Ctrl Pts',(-9.30875566899658,-3.44527069020731,103.577312057634));
#1646=CARTESIAN_POINT('Ctrl Pts',(-9.71570067977907,-2.34574832392965,103.549103646878));
#1647=CARTESIAN_POINT('Ctrl Pts',(-9.92361152591591,-1.17256127712011,103.520895236122));
#1648=CARTESIAN_POINT('Ctrl Pts',(-9.92470703607137,0.000247627446176928,
103.492686825365));
#1649=CARTESIAN_POINT('Origin',(0.,0.,115.532812669074));
#1650=CARTESIAN_POINT('',(-9.06805433389287,0.000194604668031395,102.782812669074));
#1651=CARTESIAN_POINT('',(-9.0685,1.79844911156589E-13,102.76));
#1652=CARTESIAN_POINT('',(-9.0685,1.79844911156589E-13,115.532812669074));
#1653=CARTESIAN_POINT('',(-9.02712820292165,0.865244854371671,102.76));
#1654=CARTESIAN_POINT('Ctrl Pts',(-9.06805433389287,0.000194604668031298,
102.782812669074));
#1655=CARTESIAN_POINT('Ctrl Pts',(-9.06828221594844,0.289085895949716,102.775208446049));
#1656=CARTESIAN_POINT('Ctrl Pts',(-9.05480849357143,0.577956167942524,102.767604223025));
#1657=CARTESIAN_POINT('Ctrl Pts',(-9.02752500319759,0.865477227489154,102.76));
#1658=CARTESIAN_POINT('Origin',(0.,0.,102.76));
#1659=CARTESIAN_POINT('Origin',(0.,0.,115.532812669074));
#1660=CARTESIAN_POINT('',(-9.06914498575051,-0.000127445753220301,104.282812669074));
#1661=CARTESIAN_POINT('',(-9.06823231804666,0.000226257883708669,103.987187330926));
#1662=CARTESIAN_POINT('',(-9.0685,1.79844911156589E-13,115.532812669074));
#1663=CARTESIAN_POINT('Ctrl Pts',(-9.06914498575051,-0.000127445753220282,
104.282812669074));
#1664=CARTESIAN_POINT('Ctrl Pts',(-9.06819556075543,1.38253809516395,104.246405277866));
#1665=CARTESIAN_POINT('Ctrl Pts',(-8.39688657865178,4.2757757209961,104.170245990804));
#1666=CARTESIAN_POINT('Ctrl Pts',(-5.44513572080051,7.72890141071198,104.054334807887));
#1667=CARTESIAN_POINT('Ctrl Pts',(-1.07747192335661,9.39278842497881,103.935079120324));
#1668=CARTESIAN_POINT('Ctrl Pts',(3.55351661247178,8.76116090185909,103.815823432761));
#1669=CARTESIAN_POINT('Ctrl Pts',(7.31605682618868,5.98838298616244,103.696567745197));
#1670=CARTESIAN_POINT('Ctrl Pts',(9.29061785593413,1.75209720982465,103.577312057634));
#1671=CARTESIAN_POINT('Ctrl Pts',(8.99463286519064,-2.91238578568336,103.458056370071));
#1672=CARTESIAN_POINT('Ctrl Pts',(6.50044123359983,-6.86510713462826,103.338800682508));
#1673=CARTESIAN_POINT('Ctrl Pts',(2.41759453753225,-9.14005750038529,103.219544994945));
#1674=CARTESIAN_POINT('Ctrl Pts',(-2.25608122102675,-9.18125730349619,103.100289307381));
#1675=CARTESIAN_POINT('Ctrl Pts',(-6.37841096662468,-6.9786414443772,102.981033619818));
#1676=CARTESIAN_POINT('Ctrl Pts',(-8.65318330765246,-3.51062234865415,102.875208073716));
#1677=CARTESIAN_POINT('Ctrl Pts',(-9.06726552805722,-0.999792585472513,
102.809134423468));
#1678=CARTESIAN_POINT('Ctrl Pts',(-9.06805433389287,0.000194604668031298,
102.782812669074));
#1679=CARTESIAN_POINT('',(-3.764240077082,-8.25034477413458,102.76));
#1680=CARTESIAN_POINT('Origin',(0.,0.,102.76));
#1681=CARTESIAN_POINT('Ctrl Pts',(-9.06823231804666,0.000226257883708739,
103.987187330926));
#1682=CARTESIAN_POINT('Ctrl Pts',(-9.0686419366547,0.438747387590008,103.975643845828));
#1683=CARTESIAN_POINT('Ctrl Pts',(-8.9298426119688,2.38713128321162,103.924348464876));
#1684=CARTESIAN_POINT('Ctrl Pts',(-7.55729022815617,5.68091506091345,103.833301188069));
#1685=CARTESIAN_POINT('Ctrl Pts',(-3.91255203026284,8.60681999374844,103.714045500506));
#1686=CARTESIAN_POINT('Ctrl Pts',(0.688369966504032,9.4292912841705,103.594789812942));
#1687=CARTESIAN_POINT('Ctrl Pts',(5.12108005187423,7.94733298693,103.475534125379));
#1688=CARTESIAN_POINT('Ctrl Pts',(8.30220226770078,4.52310424337922,103.356278437816));
#1689=CARTESIAN_POINT('Ctrl Pts',(9.45442575477371,-0.0065051128691221,
103.237022750253));
#1690=CARTESIAN_POINT('Ctrl Pts',(8.29589076264587,-4.53457886804277,103.11776706269));
#1691=CARTESIAN_POINT('Ctrl Pts',(5.11029444263204,-7.95432233381,102.998511375126));
#1692=CARTESIAN_POINT('Ctrl Pts',(0.675007613654321,-9.43030704100136,102.879255687563));
#1693=CARTESIAN_POINT('Ctrl Pts',(-2.3904557641231,-8.87713724277403,102.799751895854));
#1694=CARTESIAN_POINT('Ctrl Pts',(-3.764240077082,-8.25034477413458,102.76));
#1695=CARTESIAN_POINT('Origin',(0.,0.,115.532812669074));
#1696=CARTESIAN_POINT('',(-9.06772768677783,8.66821837629142E-6,105.782812669074));
#1697=CARTESIAN_POINT('',(-9.0689681969467,-0.000182703836702144,105.487187330926));
#1698=CARTESIAN_POINT('',(-9.0685,1.79844911156589E-13,115.532812669074));
#1699=CARTESIAN_POINT('Ctrl Pts',(-9.06772768677783,8.66821837613996E-6,
105.782812669074));
#1700=CARTESIAN_POINT('Ctrl Pts',(-9.06775243276141,0.745948623354155,105.763179923973));
#1701=CARTESIAN_POINT('Ctrl Pts',(-8.79251894314073,3.00223137640441,105.703795283018));
#1702=CARTESIAN_POINT('Ctrl Pts',(-6.94179110646608,6.41848552087065,105.604658746209));
#1703=CARTESIAN_POINT('Ctrl Pts',(-3.01895698206937,8.95942625885359,105.485403058645));
#1704=CARTESIAN_POINT('Ctrl Pts',(1.64168357103249,9.31076233183989,105.366147371082));
#1705=CARTESIAN_POINT('Ctrl Pts',(5.90111115562711,7.38663030592882,105.246891683519));
#1706=CARTESIAN_POINT('Ctrl Pts',(8.71835928117986,3.65727105796041,105.127635995956));
#1707=CARTESIAN_POINT('Ctrl Pts',(9.40491738250397,-0.96589294247992,105.008380308393));
#1708=CARTESIAN_POINT('Ctrl Pts',(7.79299672179833,-5.35300123673202,104.889124620829));
#1709=CARTESIAN_POINT('Ctrl Pts',(4.27653647556683,-8.43188329624725,104.769868933266));
#1710=CARTESIAN_POINT('Ctrl Pts',(-0.285071523675546,-9.45008753264943,
104.650613245703));
#1711=CARTESIAN_POINT('Ctrl Pts',(-4.77701055839048,-8.15877382116064,104.53135755814));
#1712=CARTESIAN_POINT('Ctrl Pts',(-8.10149039697015,-4.87352783095962,104.412101870577));
#1713=CARTESIAN_POINT('Ctrl Pts',(-9.03556272725538,-1.76379554234576,104.329253574221));
#1714=CARTESIAN_POINT('Ctrl Pts',(-9.06923220310397,-0.127143723841556,
104.28615717372));
#1715=CARTESIAN_POINT('Ctrl Pts',(-9.06914498575051,-0.000127445753220282,
104.282812669074));
#1716=CARTESIAN_POINT('Ctrl Pts',(-9.0689681969467,-0.000182703836702144,
105.487187330926));
#1717=CARTESIAN_POINT('Ctrl Pts',(-9.06778222731899,1.31090614854896,105.452666596081));
#1718=CARTESIAN_POINT('Ctrl Pts',(-8.44919019307149,4.1328445884597,105.378393965381));
#1719=CARTESIAN_POINT('Ctrl Pts',(-5.62682835598172,7.59764582689331,105.264369438827));
#1720=CARTESIAN_POINT('Ctrl Pts',(-1.29983642875863,9.36460595631383,105.145113751264));
#1721=CARTESIAN_POINT('Ctrl Pts',(3.34482404265237,8.8429390800621,105.025858063701));
#1722=CARTESIAN_POINT('Ctrl Pts',(7.17203905592784,6.16013597754762,104.906602376137));
#1723=CARTESIAN_POINT('Ctrl Pts',(9.246471048039,1.97185003502406,104.787346688574));
#1724=CARTESIAN_POINT('Ctrl Pts',(9.0611471753565,-2.69833864077352,104.668091001011));
#1725=CARTESIAN_POINT('Ctrl Pts',(6.66135891865821,-6.70907718701322,104.548835313448));
#1726=CARTESIAN_POINT('Ctrl Pts',(2.63359341560098,-9.08017649460029,104.429579625885));
#1727=CARTESIAN_POINT('Ctrl Pts',(-2.03779917408967,-9.23216087933015,104.310323938321));
#1728=CARTESIAN_POINT('Ctrl Pts',(-6.2111714075422,-7.12788659587006,104.191068250758));
#1729=CARTESIAN_POINT('Ctrl Pts',(-8.60955465264447,-3.65392351807499,104.083356048293));
#1730=CARTESIAN_POINT('Ctrl Pts',(-9.0672313473822,-1.07137248781497,104.015395741682));
#1731=CARTESIAN_POINT('Ctrl Pts',(-9.06823231804666,0.000226257883708739,
103.987187330926));
#1732=CARTESIAN_POINT('Origin',(0.,0.,115.532812669074));
#1733=CARTESIAN_POINT('',(-9.06918172681899,0.000110743399524728,107.282812669074));
#1734=CARTESIAN_POINT('',(-9.06776325098366,7.46831148754068E-5,106.987187330926));
#1735=CARTESIAN_POINT('',(-9.0685,1.79844911156589E-13,115.532812669074));
#1736=CARTESIAN_POINT('Ctrl Pts',(-9.06918172681899,0.000110743399524549,
107.282812669074));
#1737=CARTESIAN_POINT('Ctrl Pts',(-9.06924811956973,0.108653223313321,107.27995457008));
#1738=CARTESIAN_POINT('Ctrl Pts',(-9.0408025374861,1.72682492382617,107.237344575232));
#1739=CARTESIAN_POINT('Ctrl Pts',(-8.13112759710994,4.82391792498011,107.15498268453));
#1740=CARTESIAN_POINT('Ctrl Pts',(-4.82679032354795,8.12942281591573,107.035726996967));
#1741=CARTESIAN_POINT('Ctrl Pts',(-0.342828115972724,9.44816855429272,106.916471309404));
#1742=CARTESIAN_POINT('Ctrl Pts',(4.22491825593822,8.45786532631415,106.79721562184));
#1743=CARTESIAN_POINT('Ctrl Pts',(7.76013191256664,5.4005344964172,106.677959934277));
#1744=CARTESIAN_POINT('Ctrl Pts',(9.39883785253776,1.02336072287864,106.558704246714));
#1745=CARTESIAN_POINT('Ctrl Pts',(8.74055081406699,-3.60391337494957,106.439448559151));
#1746=CARTESIAN_POINT('Ctrl Pts',(5.94615033661333,-7.35042286687103,106.320192871588));
#1747=CARTESIAN_POINT('Ctrl Pts',(1.69856322201893,-9.30055391512957,106.200937184024));
#1748=CARTESIAN_POINT('Ctrl Pts',(-2.96413774554659,-8.97771171139136,106.081681496461));
#1749=CARTESIAN_POINT('Ctrl Pts',(-6.90242962174572,-6.46079603951967,105.962425808898));
#1750=CARTESIAN_POINT('Ctrl Pts',(-8.78318684341069,-3.03921217698883,105.862802866436));
#1751=CARTESIAN_POINT('Ctrl Pts',(-9.06770232770696,-0.76441211621783,105.802931819828));
#1752=CARTESIAN_POINT('Ctrl Pts',(-9.06772768677783,8.66821837613996E-6,
105.782812669074));
#1753=CARTESIAN_POINT('Ctrl Pts',(-9.06776325098366,7.46831148757537E-5,
106.987187330926));
#1754=CARTESIAN_POINT('Ctrl Pts',(-9.06795687877751,0.674324151414894,106.969441242188));
#1755=CARTESIAN_POINT('Ctrl Pts',(-8.82754958479844,2.85878144891267,106.911943257595));
#1756=CARTESIAN_POINT('Ctrl Pts',(-7.09199813204654,6.25211819727336,106.814693377149));
#1757=CARTESIAN_POINT('Ctrl Pts',(-3.23050251714953,8.88534033925087,106.695437689585));
#1758=CARTESIAN_POINT('Ctrl Pts',(1.42049938726483,9.34706376079724,106.576182002022));
#1759=CARTESIAN_POINT('Ctrl Pts',(5.72434378458919,7.52444733475237,106.456926314459));
#1760=CARTESIAN_POINT('Ctrl Pts',(8.62920910751285,3.86292242174875,106.337670626896));
#1761=CARTESIAN_POINT('Ctrl Pts',(9.42517192137582,-0.742666621122713,106.218414939333));
#1762=CARTESIAN_POINT('Ctrl Pts',(7.91770594290713,-5.16675449961498,106.099159251769));
#1763=CARTESIAN_POINT('Ctrl Pts',(4.47522254615754,-8.32813320138342,105.979903564206));
#1764=CARTESIAN_POINT('Ctrl Pts',(-0.060965724183831,-9.45418968701613,
105.860647876643));
#1765=CARTESIAN_POINT('Ctrl Pts',(-4.58225450988384,-8.26972569462758,105.74139218908));
#1766=CARTESIAN_POINT('Ctrl Pts',(-7.98368075512097,-5.06421376500247,105.622136501517));
#1767=CARTESIAN_POINT('Ctrl Pts',(-9.01415441584165,-1.90720675165913,105.537401548799));
#1768=CARTESIAN_POINT('Ctrl Pts',(-9.06914791496551,-0.198860887102258,
105.492418491935));
#1769=CARTESIAN_POINT('Ctrl Pts',(-9.0689681969467,-0.000182703836702144,
105.487187330926));
#1770=CARTESIAN_POINT('Origin',(0.,0.,115.532812669074));
#1771=CARTESIAN_POINT('',(-9.06799817244777,-0.000185820781205216,108.782812669074));
#1772=CARTESIAN_POINT('',(-9.06927753424576,3.92290599299239E-5,108.487187330926));
#1773=CARTESIAN_POINT('',(-9.0685,1.79844911156589E-13,115.532812669074));
#1774=CARTESIAN_POINT('Ctrl Pts',(-9.06799817244777,-0.000185820781204854,
108.782812669074));
#1775=CARTESIAN_POINT('Ctrl Pts',(-9.06727304795794,0.981336291568859,108.756977320333));
#1776=CARTESIAN_POINT('Ctrl Pts',(-8.66413885728141,3.47367146939307,108.691390075738));
#1777=CARTESIAN_POINT('Ctrl Pts',(-6.42093763140044,6.93952304420795,108.586050935288));
#1778=CARTESIAN_POINT('Ctrl Pts',(-2.31216251633636,9.167296474178,108.466795247725));
#1779=CARTESIAN_POINT('Ctrl Pts',(2.3616847010842,9.15466359404277,108.347539560162));
#1780=CARTESIAN_POINT('Ctrl Pts',(6.45835703148197,6.90471176815766,108.228283872599));
#1781=CARTESIAN_POINT('Ctrl Pts',(8.9766639313516,2.96730935545969,108.109028185035));
#1782=CARTESIAN_POINT('Ctrl Pts',(9.30115343127746,-1.69527726206158,107.989772497472));
#1783=CARTESIAN_POINT('Ctrl Pts',(7.35252316275378,-5.94355308621,107.870516809909));
#1784=CARTESIAN_POINT('Ctrl Pts',(3.60700115679934,-8.7392770182822,107.751261122346));
#1785=CARTESIAN_POINT('Ctrl Pts',(-1.02004008168053,-9.39919881581364,107.632005434783));
#1786=CARTESIAN_POINT('Ctrl Pts',(-5.39779253125798,-7.76203941866588,107.51274974722));
#1787=CARTESIAN_POINT('Ctrl Pts',(-8.38306978938249,-4.31260567496585,107.39635215865));
#1788=CARTESIAN_POINT('Ctrl Pts',(-9.06832469539196,-1.40101084605628,107.319706465935));
#1789=CARTESIAN_POINT('Ctrl Pts',(-9.06918172681899,0.000110743399524549,
107.282812669074));
#1790=CARTESIAN_POINT('Ctrl Pts',(-9.06927753424576,3.92290599308173E-5,
108.487187330926));
#1791=CARTESIAN_POINT('Ctrl Pts',(-9.06928646201628,0.0369307265309511,
108.486215888295));
#1792=CARTESIAN_POINT('Ctrl Pts',(-9.06004806002573,1.58343541037961,108.44549254981));
#1793=CARTESIAN_POINT('Ctrl Pts',(-8.24319923555109,4.62980408015697,108.36501731547));
#1794=CARTESIAN_POINT('Ctrl Pts',(-5.01815156425817,8.01271329424444,108.245761627907));
#1795=CARTESIAN_POINT('Ctrl Pts',(-0.566711961462141,9.43738613231249,108.126505940344));
#1796=CARTESIAN_POINT('Ctrl Pts',(4.0232270405895,8.55564513274701,108.00725025278));
#1797=CARTESIAN_POINT('Ctrl Pts',(7.62992487943538,5.58298000997686,107.887994565217));
#1798=CARTESIAN_POINT('Ctrl Pts',(9.37193645077957,1.24588387106403,107.768738877654));
#1799=CARTESIAN_POINT('Ctrl Pts',(8.82352950872938,-3.39569528465234,107.649483190091));
#1800=CARTESIAN_POINT('Ctrl Pts',(6.11872986743138,-7.20739649714315,107.530227502528));
#1801=CARTESIAN_POINT('Ctrl Pts',(1.91856667555594,-9.25767364779481,107.410971814965));
#1802=CARTESIAN_POINT('Ctrl Pts',(-2.75047727068156,-9.0454571051491,107.291716127401));
#1803=CARTESIAN_POINT('Ctrl Pts',(-6.74732885896561,-6.62261071833443,107.172460439838));
#1804=CARTESIAN_POINT('Ctrl Pts',(-8.74581410587365,-3.18263876909201,107.070950841013));
#1805=CARTESIAN_POINT('Ctrl Pts',(-9.06752314534986,-0.836019622880605,
107.009193138042));
#1806=CARTESIAN_POINT('Ctrl Pts',(-9.06776325098366,7.46831148757537E-5,
106.987187330926));
#1807=CARTESIAN_POINT('Origin',(0.,0.,115.532812669074));
#1808=CARTESIAN_POINT('',(-9.06852103284734,0.000236638619071353,110.282812669074));
#1809=CARTESIAN_POINT('',(-9.06785699694912,-0.00013656430124187,109.987187330926));
#1810=CARTESIAN_POINT('',(-9.0685,1.79844911156589E-13,115.532812669074));
#1811=CARTESIAN_POINT('Ctrl Pts',(-9.06852103284734,0.000236638619071187,
110.282812669074));
#1812=CARTESIAN_POINT('Ctrl Pts',(-9.06887664729895,0.344408802911149,110.27375196644));
#1813=CARTESIAN_POINT('Ctrl Pts',(-8.96535398008514,2.1983500698051,110.224939367952));
#1814=CARTESIAN_POINT('Ctrl Pts',(-7.73082467462354,5.44240479904295,110.13637487361));
#1815=CARTESIAN_POINT('Ctrl Pts',(-4.1791355535468,8.48058053279012,110.017119186047));
#1816=CARTESIAN_POINT('Ctrl Pts',(0.39389739464791,9.44617726858963,109.897863498483));
#1817=CARTESIAN_POINT('Ctrl Pts',(4.87066529772959,8.10321169074495,109.77860781092));
#1818=CARTESIAN_POINT('Ctrl Pts',(8.15708561053635,4.77989272785356,109.659352123357));
#1819=CARTESIAN_POINT('Ctrl Pts',(9.44998622804088,0.288410189241644,109.540096435794));
#1820=CARTESIAN_POINT('Ctrl Pts',(8.43339365577776,-4.27355725293635,109.420840748231));
#1821=CARTESIAN_POINT('Ctrl Pts',(5.35575414178713,-7.79110503844931,109.301585060667));
#1822=CARTESIAN_POINT('Ctrl Pts',(0.969215607411682,-9.40457554883688,109.182329373104));
#1823=CARTESIAN_POINT('Ctrl Pts',(-3.6541906631405,-8.7196508384707,109.063073685541));
#1824=CARTESIAN_POINT('Ctrl Pts',(-7.38454500250567,-5.90372045860881,108.943817997978));
#1825=CARTESIAN_POINT('Ctrl Pts',(-8.89301508921242,-2.567580729826,108.850397659156));
#1826=CARTESIAN_POINT('Ctrl Pts',(-9.06838877019921,-0.5288954912632,108.796729216188));
#1827=CARTESIAN_POINT('Ctrl Pts',(-9.06799817244777,-0.000185820781204854,
108.782812669074));
#1828=CARTESIAN_POINT('Ctrl Pts',(-9.06785699694912,-0.000136564301241801,
109.987187330926));
#1829=CARTESIAN_POINT('Ctrl Pts',(-9.06737301710024,0.909749308031763,109.963238638548));
#1830=CARTESIAN_POINT('Ctrl Pts',(-8.70535790331362,3.33031087055456,109.899538050315));
#1831=CARTESIAN_POINT('Ctrl Pts',(-6.58364285600274,6.78535674833867,109.796085566228));
#1832=CARTESIAN_POINT('Ctrl Pts',(-2.52883449896374,9.10990754807549,109.676829878665));
#1833=CARTESIAN_POINT('Ctrl Pts',(2.14399867975,9.20807738449547,109.557574191102));
#1834=CARTESIAN_POINT('Ctrl Pts',(6.2928575128646,7.05587441642864,109.438318503539));
#1835=CARTESIAN_POINT('Ctrl Pts',(8.90379753642319,3.17927804509334,109.319062815976));
#1836=CARTESIAN_POINT('Ctrl Pts',(9.33872806354065,-1.47430580710602,109.199807128412));
#1837=CARTESIAN_POINT('Ctrl Pts',(7.4913559138714,-5.76758233832273,109.080551440849));
#1838=CARTESIAN_POINT('Ctrl Pts',(3.81316252830588,-8.65131267440681,108.961295753286));
#1839=CARTESIAN_POINT('Ctrl Pts',(-0.796934108554832,-9.42073858485895,
108.842040065723));
#1840=CARTESIAN_POINT('Ctrl Pts',(-5.21226708629603,-7.88781917127563,108.72278437816));
#1841=CARTESIAN_POINT('Ctrl Pts',(-8.32817772052156,-4.45537630497123,108.604500133227));
#1842=CARTESIAN_POINT('Ctrl Pts',(-9.06892113338803,-1.47268694786267,108.52596778415));
#1843=CARTESIAN_POINT('Ctrl Pts',(-9.06927753424576,3.92290599308173E-5,
108.487187330926));
#1844=CARTESIAN_POINT('Origin',(0.,0.,115.532812669074));
#1845=CARTESIAN_POINT('',(-9.06868377180982,-0.000228024971186312,111.782812669074));
#1846=CARTESIAN_POINT('',(-9.06874848741726,0.000220599579868752,111.487187330926));
#1847=CARTESIAN_POINT('',(-9.0685,1.79844911156589E-13,115.532812669074));
#1848=CARTESIAN_POINT('Ctrl Pts',(-9.06868377180982,-0.000228024971186264,
111.782812669074));
#1849=CARTESIAN_POINT('Ctrl Pts',(-9.06742891751582,1.21667547491237,111.750774716693));
#1850=CARTESIAN_POINT('Ctrl Pts',(-8.51492944015248,3.94458922710824,111.678984868458));
#1851=CARTESIAN_POINT('Ctrl Pts',(-5.86109465647899,7.41842171705084,111.567443124368));
#1852=CARTESIAN_POINT('Ctrl Pts',(-1.59132813408303,9.31950103532121,111.448187436805));
#1853=CARTESIAN_POINT('Ctrl Pts',(3.06734517541496,8.94297555894236,111.328931749242));
#1854=CARTESIAN_POINT('Ctrl Pts',(6.9763862931871,6.38086631670094,111.209676061679));
#1855=CARTESIAN_POINT('Ctrl Pts',(9.18046025839955,2.25932945494547,111.090420374115));
#1856=CARTESIAN_POINT('Ctrl Pts',(9.14091077450164,-2.41436746313461,110.971164686552));
#1857=CARTESIAN_POINT('Ctrl Pts',(6.86740342509927,-6.49801434595582,110.851908998989));
#1858=CARTESIAN_POINT('Ctrl Pts',(2.91556331248362,-8.99360387518396,110.732653311426));
#1859=CARTESIAN_POINT('Ctrl Pts',(-1.74881472610817,-9.29123604398707,110.613397623862));
#1860=CARTESIAN_POINT('Ctrl Pts',(-5.98579788922358,-7.31817216039613,110.494141936299));
#1861=CARTESIAN_POINT('Ctrl Pts',(-8.54913626576647,-3.84240412693238,110.38394695137));
#1862=CARTESIAN_POINT('Ctrl Pts',(-9.06731646491397,-1.16557299255351,110.313503862295));
#1863=CARTESIAN_POINT('Ctrl Pts',(-9.06852103284734,0.000236638619071187,
110.282812669074));
#1864=CARTESIAN_POINT('Ctrl Pts',(-9.06874848741726,0.000220599579868717,
111.487187330926));
#1865=CARTESIAN_POINT('Ctrl Pts',(-9.06902583673875,0.272708141572819,111.480013284655));
#1866=CARTESIAN_POINT('Ctrl Pts',(-8.99029586223327,2.05490866425967,111.43308734253));
#1867=CARTESIAN_POINT('Ctrl Pts',(-7.85767078948977,5.25760680516922,111.34640950455));
#1868=CARTESIAN_POINT('Ctrl Pts',(-4.37900342278191,8.37912575547783,111.227153816987));
#1869=CARTESIAN_POINT('Ctrl Pts',(0.169853708522101,9.45286037130202,111.107898129423));
#1870=CARTESIAN_POINT('Ctrl Pts',(4.67720009561601,8.21639937658611,110.98864244186));
#1871=CARTESIAN_POINT('Ctrl Pts',(8.0414800783954,4.97192292853845,110.869386754297));
#1872=CARTESIAN_POINT('Ctrl Pts',(9.44049333765265,0.512352418092623,110.750131066734));
#1873=CARTESIAN_POINT('Ctrl Pts',(8.53233338547521,-4.07243249860776,110.630875379171));
#1874=CARTESIAN_POINT('Ctrl Pts',(5.5389464954019,-7.66195087293936,110.511619691607));
#1875=CARTESIAN_POINT('Ctrl Pts',(1.19188999126988,-9.37895610961264,110.392364004044));
#1876=CARTESIAN_POINT('Ctrl Pts',(-3.44645390218808,-8.80382729032249,110.273108316481));
#1877=CARTESIAN_POINT('Ctrl Pts',(-7.24251489451174,-6.07712081995931,110.153852628918));
#1878=CARTESIAN_POINT('Ctrl Pts',(-8.86170096241614,-2.71104537652238,110.058545633733));
#1879=CARTESIAN_POINT('Ctrl Pts',(-9.06817636436632,-0.600549787433186,
110.002990534402));
#1880=CARTESIAN_POINT('Ctrl Pts',(-9.06785699694912,-0.000136564301241801,
109.987187330926));
#1881=CARTESIAN_POINT('Origin',(0.,0.,167.76));
#1882=CARTESIAN_POINT('',(4.6232265426795,2.74160561260437,167.76));
#1883=CARTESIAN_POINT('',(4.03607741772517,3.5497470442454,167.76));
#1884=CARTESIAN_POINT('Origin',(4.34846632883983,3.15934575299164,167.76));
#1885=CARTESIAN_POINT('',(2.12879349518193,4.9354699122648,167.76));
#1886=CARTESIAN_POINT('Origin',(0.,0.,167.76));
#1887=CARTESIAN_POINT('',(1.17876625957638,5.24415246777631,167.76));
#1888=CARTESIAN_POINT('Origin',(1.66096631899731,5.11192878345899,167.76));
#1889=CARTESIAN_POINT('',(-1.17876631244545,5.24415245589254,167.76));
#1890=CARTESIAN_POINT('Origin',(0.,0.,167.76));
#1891=CARTESIAN_POINT('',(-2.12879354493901,4.93546989080331,167.76));
#1892=CARTESIAN_POINT('Origin',(-1.66096637053337,5.11192876671391,167.76));
#1893=CARTESIAN_POINT('',(-4.03607745351205,3.54974700355556,167.76));
#1894=CARTESIAN_POINT('Origin',(0.,0.,167.76));
#1895=CARTESIAN_POINT('',(-4.62322657031908,2.74160556599517,167.76));
#1896=CARTESIAN_POINT('Origin',(-4.34846636069086,3.15934570915245,167.76));
#1897=CARTESIAN_POINT('',(-5.35174418856417,0.499458847323454,167.76));
#1898=CARTESIAN_POINT('Origin',(0.,0.,167.76));
#1899=CARTESIAN_POINT('',(-5.35174418352886,-0.499458901277222,167.76));
#1900=CARTESIAN_POINT('Origin',(-5.375,-2.70941110504457E-8,167.76));
#1901=CARTESIAN_POINT('',(-4.6232265426795,-2.74160561260437,167.76));
#1902=CARTESIAN_POINT('Origin',(0.,0.,167.76));
#1903=CARTESIAN_POINT('',(-4.03607741772517,-3.5497470442454,167.76));
#1904=CARTESIAN_POINT('Origin',(-4.34846632883982,-3.15934575299164,167.76));
#1905=CARTESIAN_POINT('',(-2.12879349518193,-4.9354699122648,167.76));
#1906=CARTESIAN_POINT('Origin',(0.,0.,167.76));
#1907=CARTESIAN_POINT('',(-1.17876625957637,-5.24415246777631,167.76));
#1908=CARTESIAN_POINT('Origin',(-1.66096631899731,-5.11192878345899,167.76));
#1909=CARTESIAN_POINT('',(1.17876631244545,-5.24415245589254,167.76));
#1910=CARTESIAN_POINT('Origin',(0.,0.,167.76));
#1911=CARTESIAN_POINT('',(2.12879354493901,-4.93546989080331,167.76));
#1912=CARTESIAN_POINT('Origin',(1.66096637053337,-5.11192876671391,167.76));
#1913=CARTESIAN_POINT('',(4.03607745351205,-3.54974700355556,167.76));
#1914=CARTESIAN_POINT('Origin',(0.,0.,167.76));
#1915=CARTESIAN_POINT('',(4.62322657031908,-2.74160556599518,167.76));
#1916=CARTESIAN_POINT('Origin',(4.34846636069086,-3.15934570915245,167.76));
#1917=CARTESIAN_POINT('',(5.35174418856417,-0.499458847323455,167.76));
#1918=CARTESIAN_POINT('Origin',(0.,0.,167.76));
#1919=CARTESIAN_POINT('',(5.35174418352886,0.499458901277221,167.76));
#1920=CARTESIAN_POINT('Origin',(5.375,2.70941103921981E-8,167.76));
#1921=CARTESIAN_POINT('Origin',(0.,0.,167.76));
#1922=CARTESIAN_POINT('',(-3.,3.67394039744206E-16,167.76));
#1923=CARTESIAN_POINT('Origin',(0.,0.,167.76));
#1924=CARTESIAN_POINT('Origin',(4.34846632883983,3.15934575299164,157.76));
#1925=CARTESIAN_POINT('',(4.6232265426795,2.74160561260437,112.76));
#1926=CARTESIAN_POINT('',(4.03607741772517,3.5497470442454,112.76));
#1927=CARTESIAN_POINT('Origin',(4.34846632883983,3.15934575299164,112.76));
#1928=CARTESIAN_POINT('',(4.03607741772517,3.5497470442454,157.76));
#1929=CARTESIAN_POINT('',(4.6232265426795,2.74160561260437,157.76));
#1930=CARTESIAN_POINT('Origin',(1.66096637053337,-5.11192876671391,157.76));
#1931=CARTESIAN_POINT('',(1.17876631244545,-5.24415245589254,112.76));
#1932=CARTESIAN_POINT('',(2.12879354493901,-4.93546989080331,112.76));
#1933=CARTESIAN_POINT('Origin',(1.66096637053337,-5.11192876671391,112.76));
#1934=CARTESIAN_POINT('',(2.12879354493901,-4.93546989080331,157.76));
#1935=CARTESIAN_POINT('',(1.17876631244545,-5.24415245589254,157.76));
#1936=CARTESIAN_POINT('Origin',(-5.375,-2.70941110504457E-8,157.76));
#1937=CARTESIAN_POINT('',(-5.35174418856417,0.499458847323454,112.76));
#1938=CARTESIAN_POINT('',(-5.35174418352886,-0.499458901277222,112.76));
#1939=CARTESIAN_POINT('Origin',(-5.375,-2.70941110504457E-8,112.76));
#1940=CARTESIAN_POINT('',(-5.35174418352886,-0.499458901277222,157.76));
#1941=CARTESIAN_POINT('',(-5.35174418856417,0.499458847323454,157.76));
#1942=CARTESIAN_POINT('Origin',(-4.34846636069086,3.15934570915245,157.76));
#1943=CARTESIAN_POINT('',(-4.03607745351205,3.54974700355556,112.76));
#1944=CARTESIAN_POINT('',(-4.62322657031908,2.74160556599517,112.76));
#1945=CARTESIAN_POINT('Origin',(-4.34846636069086,3.15934570915245,112.76));
#1946=CARTESIAN_POINT('',(-4.62322657031908,2.74160556599517,157.76));
#1947=CARTESIAN_POINT('',(-4.03607745351205,3.54974700355556,157.76));
#1948=CARTESIAN_POINT('Origin',(5.375,2.70941103921981E-8,157.76));
#1949=CARTESIAN_POINT('',(5.35174418856417,-0.499458847323454,112.76));
#1950=CARTESIAN_POINT('',(5.35174418352886,0.499458901277221,112.76));
#1951=CARTESIAN_POINT('Origin',(5.375,2.70941103921981E-8,112.76));
#1952=CARTESIAN_POINT('',(5.35174418352886,0.499458901277221,157.76));
#1953=CARTESIAN_POINT('',(5.35174418856417,-0.499458847323454,157.76));
#1954=CARTESIAN_POINT('Origin',(1.66096631899731,5.11192878345899,157.76));
#1955=CARTESIAN_POINT('',(2.12879349518193,4.9354699122648,112.76));
#1956=CARTESIAN_POINT('',(1.17876625957638,5.24415246777631,112.76));
#1957=CARTESIAN_POINT('Origin',(1.66096631899731,5.11192878345899,112.76));
#1958=CARTESIAN_POINT('',(1.17876625957638,5.24415246777631,157.76));
#1959=CARTESIAN_POINT('',(2.12879349518193,4.9354699122648,157.76));
#1960=CARTESIAN_POINT('Origin',(-1.66096631899731,-5.11192878345899,157.76));
#1961=CARTESIAN_POINT('',(-2.12879349518193,-4.9354699122648,112.76));
#1962=CARTESIAN_POINT('',(-1.17876625957637,-5.24415246777631,112.76));
#1963=CARTESIAN_POINT('Origin',(-1.66096631899731,-5.11192878345899,112.76));
#1964=CARTESIAN_POINT('',(-1.17876625957638,-5.24415246777631,157.76));
#1965=CARTESIAN_POINT('',(-2.12879349518193,-4.9354699122648,157.76));
#1966=CARTESIAN_POINT('Origin',(-4.34846632883982,-3.15934575299164,157.76));
#1967=CARTESIAN_POINT('',(-4.6232265426795,-2.74160561260437,112.76));
#1968=CARTESIAN_POINT('',(-4.03607741772517,-3.5497470442454,112.76));
#1969=CARTESIAN_POINT('Origin',(-4.34846632883982,-3.15934575299164,112.76));
#1970=CARTESIAN_POINT('',(-4.03607741772517,-3.5497470442454,157.76));
#1971=CARTESIAN_POINT('',(-4.6232265426795,-2.74160561260437,157.76));
#1972=CARTESIAN_POINT('Origin',(-1.66096637053337,5.11192876671391,157.76));
#1973=CARTESIAN_POINT('',(-1.17876631244545,5.24415245589254,112.76));
#1974=CARTESIAN_POINT('',(-2.12879354493901,4.93546989080331,112.76));
#1975=CARTESIAN_POINT('Origin',(-1.66096637053337,5.11192876671391,112.76));
#1976=CARTESIAN_POINT('',(-2.12879354493901,4.93546989080331,157.76));
#1977=CARTESIAN_POINT('',(-1.17876631244545,5.24415245589254,157.76));
#1978=CARTESIAN_POINT('Origin',(4.34846636069086,-3.15934570915245,157.76));
#1979=CARTESIAN_POINT('',(4.03607745351205,-3.54974700355556,112.76));
#1980=CARTESIAN_POINT('',(4.62322657031908,-2.74160556599517,112.76));
#1981=CARTESIAN_POINT('Origin',(4.34846636069086,-3.15934570915245,112.76));
#1982=CARTESIAN_POINT('',(4.62322657031908,-2.74160556599517,157.76));
#1983=CARTESIAN_POINT('',(4.03607745351205,-3.54974700355556,157.76));
#1984=CARTESIAN_POINT('Origin',(0.,0.,112.76));
#1985=CARTESIAN_POINT('Origin',(0.,0.,112.76));
#1986=CARTESIAN_POINT('Origin',(0.,0.,112.76));
#1987=CARTESIAN_POINT('Origin',(0.,0.,112.76));
#1988=CARTESIAN_POINT('Origin',(0.,0.,112.76));
#1989=CARTESIAN_POINT('Origin',(0.,0.,112.76));
#1990=CARTESIAN_POINT('Origin',(0.,0.,112.76));
#1991=CARTESIAN_POINT('Origin',(0.,0.,112.76));
#1992=CARTESIAN_POINT('Origin',(0.,0.,112.76));
#1993=CARTESIAN_POINT('Origin',(0.,0.,112.76));
#1994=CARTESIAN_POINT('Origin',(0.,0.,112.76));
#1995=CARTESIAN_POINT('Origin',(0.,0.,112.76));
#1996=CARTESIAN_POINT('Origin',(0.,0.,112.76));
#1997=CARTESIAN_POINT('Origin',(0.,0.,112.76));
#1998=CARTESIAN_POINT('Origin',(0.,0.,112.76));
#1999=CARTESIAN_POINT('Origin',(0.,0.,112.76));
#2000=CARTESIAN_POINT('Origin',(0.,0.,112.76));
#2001=CARTESIAN_POINT('Origin',(0.,0.,112.76));
#2002=CARTESIAN_POINT('Ctrl Pts',(-3.95328135855731,-8.1614495495643,113.254500505561));
#2003=CARTESIAN_POINT('Ctrl Pts',(-5.31226351859353,-7.50317937252572,113.214748609707));
#2004=CARTESIAN_POINT('Ctrl Pts',(-7.6935469479899,-5.4950579182686,113.135244817998));
#2005=CARTESIAN_POINT('Ctrl Pts',(-9.38573656655119,-1.13767402354468,113.015989130434));
#2006=CARTESIAN_POINT('Ctrl Pts',(-8.78379746839557,3.49701459683264,112.896733442871));
#2007=CARTESIAN_POINT('Ctrl Pts',(-6.03532707382872,7.27743332370223,112.777477755308));
#2008=CARTESIAN_POINT('Ctrl Pts',(-1.81180276565387,9.27913817273241,112.658222067745));
#2009=CARTESIAN_POINT('Ctrl Pts',(2.8544752823389,9.01318663766408,112.538966380182));
#2010=CARTESIAN_POINT('Ctrl Pts',(6.82316142604034,6.54445226789178,112.419710692619));
#2011=CARTESIAN_POINT('Ctrl Pts',(9.12431922110185,2.47633045971918,112.300455005055));
#2012=CARTESIAN_POINT('Ctrl Pts',(9.19557775959985,-2.1969936706897,112.181199317492));
#2013=CARTESIAN_POINT('Ctrl Pts',(7.0195164815027,-6.33338764048172,112.061943629929));
#2014=CARTESIAN_POINT('Ctrl Pts',(3.12794822231701,-8.92195965119318,111.942687942366));
#2015=CARTESIAN_POINT('Ctrl Pts',(-1.52806337463975,-9.33008252377965,111.823432254803));
#2016=CARTESIAN_POINT('Ctrl Pts',(-5.81062957898419,-7.45801608147828,111.704176567239));
#2017=CARTESIAN_POINT('Ctrl Pts',(-8.67312931662546,-3.76327614039688,111.584920879676));
#2018=CARTESIAN_POINT('Ctrl Pts',(-9.41599278908512,0.851175152589416,111.465665192113));
#2019=CARTESIAN_POINT('Ctrl Pts',(-7.85767078948977,5.25760680516922,111.34640950455));
#2020=CARTESIAN_POINT('Ctrl Pts',(-4.37900342278191,8.37912575547783,111.227153816987));
#2021=CARTESIAN_POINT('Ctrl Pts',(0.169853708522101,9.45286037130202,111.107898129423));
#2022=CARTESIAN_POINT('Ctrl Pts',(4.67720009561601,8.21639937658611,110.98864244186));
#2023=CARTESIAN_POINT('Ctrl Pts',(8.0414800783954,4.97192292853845,110.869386754297));
#2024=CARTESIAN_POINT('Ctrl Pts',(9.44049333765265,0.512352418092623,110.750131066734));
#2025=CARTESIAN_POINT('Ctrl Pts',(8.53233338547521,-4.07243249860776,110.630875379171));
#2026=CARTESIAN_POINT('Ctrl Pts',(5.5389464954019,-7.66195087293936,110.511619691607));
#2027=CARTESIAN_POINT('Ctrl Pts',(1.19188999126988,-9.37895610961264,110.392364004044));
#2028=CARTESIAN_POINT('Ctrl Pts',(-3.44645390218808,-8.80382729032249,110.273108316481));
#2029=CARTESIAN_POINT('Ctrl Pts',(-7.24251489451174,-6.07712081995931,110.153852628918));
#2030=CARTESIAN_POINT('Ctrl Pts',(-9.26856919877223,-1.86521968282353,110.034596941355));
#2031=CARTESIAN_POINT('Ctrl Pts',(-9.0294670332883,2.80252467471715,109.915341253792));
#2032=CARTESIAN_POINT('Ctrl Pts',(-6.58364285600274,6.78535674833867,109.796085566228));
#2033=CARTESIAN_POINT('Ctrl Pts',(-2.52883449896374,9.10990754807549,109.676829878665));
#2034=CARTESIAN_POINT('Ctrl Pts',(2.14399867975,9.20807738449547,109.557574191102));
#2035=CARTESIAN_POINT('Ctrl Pts',(6.2928575128646,7.05587441642864,109.438318503539));
#2036=CARTESIAN_POINT('Ctrl Pts',(8.90379753642319,3.17927804509334,109.319062815976));
#2037=CARTESIAN_POINT('Ctrl Pts',(9.33872806354065,-1.47430580710602,109.199807128412));
#2038=CARTESIAN_POINT('Ctrl Pts',(7.4913559138714,-5.76758233832273,109.080551440849));
#2039=CARTESIAN_POINT('Ctrl Pts',(3.81316252830588,-8.65131267440681,108.961295753286));
#2040=CARTESIAN_POINT('Ctrl Pts',(-0.796934108554832,-9.42073858485895,
108.842040065723));
#2041=CARTESIAN_POINT('Ctrl Pts',(-5.21226708629603,-7.88781917127563,108.72278437816));
#2042=CARTESIAN_POINT('Ctrl Pts',(-8.35376801300838,-4.42718640249835,108.603528690596));
#2043=CARTESIAN_POINT('Ctrl Pts',(-9.45368180198415,0.11541163053194,108.484273003033));
#2044=CARTESIAN_POINT('Ctrl Pts',(-8.24319923555109,4.62980408015697,108.36501731547));
#2045=CARTESIAN_POINT('Ctrl Pts',(-5.01815156425817,8.01271329424444,108.245761627907));
#2046=CARTESIAN_POINT('Ctrl Pts',(-0.566711961462141,9.43738613231249,108.126505940344));
#2047=CARTESIAN_POINT('Ctrl Pts',(4.0232270405895,8.55564513274701,108.00725025278));
#2048=CARTESIAN_POINT('Ctrl Pts',(7.62992487943538,5.58298000997686,107.887994565217));
#2049=CARTESIAN_POINT('Ctrl Pts',(9.37193645077957,1.24588387106403,107.768738877654));
#2050=CARTESIAN_POINT('Ctrl Pts',(8.82352950872938,-3.39569528465234,107.649483190091));
#2051=CARTESIAN_POINT('Ctrl Pts',(6.11872986743138,-7.20739649714315,107.530227502528));
#2052=CARTESIAN_POINT('Ctrl Pts',(1.91856667555594,-9.25767364779481,107.410971814965));
#2053=CARTESIAN_POINT('Ctrl Pts',(-2.75047727068156,-9.0454571051491,107.291716127401));
#2054=CARTESIAN_POINT('Ctrl Pts',(-6.74732885896561,-6.62261071833443,107.172460439838));
#2055=CARTESIAN_POINT('Ctrl Pts',(-9.09519285373588,-2.58125675030206,107.053204752275));
#2056=CARTESIAN_POINT('Ctrl Pts',(-9.22027202655444,2.09093357473785,106.933949064712));
#2057=CARTESIAN_POINT('Ctrl Pts',(-7.09199813204654,6.25211819727336,106.814693377149));
#2058=CARTESIAN_POINT('Ctrl Pts',(-3.23050251714953,8.88534033925087,106.695437689585));
#2059=CARTESIAN_POINT('Ctrl Pts',(1.42049938726483,9.34706376079724,106.576182002022));
#2060=CARTESIAN_POINT('Ctrl Pts',(5.72434378458919,7.52444733475237,106.456926314459));
#2061=CARTESIAN_POINT('Ctrl Pts',(8.62920910751285,3.86292242174875,106.337670626896));
#2062=CARTESIAN_POINT('Ctrl Pts',(9.42517192137582,-0.742666621122713,106.218414939333));
#2063=CARTESIAN_POINT('Ctrl Pts',(7.91770594290713,-5.16675449961498,106.099159251769));
#2064=CARTESIAN_POINT('Ctrl Pts',(4.47522254615754,-8.32813320138342,105.979903564206));
#2065=CARTESIAN_POINT('Ctrl Pts',(-0.060965724183831,-9.45418968701613,
105.860647876643));
#2066=CARTESIAN_POINT('Ctrl Pts',(-4.58225450988384,-8.26972569462758,105.74139218908));
#2067=CARTESIAN_POINT('Ctrl Pts',(-7.98368075512097,-5.06421376500247,105.622136501517));
#2068=CARTESIAN_POINT('Ctrl Pts',(-9.43396592060807,-0.621052708766949,
105.502880813953));
#2069=CARTESIAN_POINT('Ctrl Pts',(-8.57867311785902,3.97388814557412,105.38362512639));
#2070=CARTESIAN_POINT('Ctrl Pts',(-5.62682835598172,7.59764582689331,105.264369438827));
#2071=CARTESIAN_POINT('Ctrl Pts',(-1.29983642875863,9.36460595631383,105.145113751264));
#2072=CARTESIAN_POINT('Ctrl Pts',(3.34482404265237,8.8429390800621,105.025858063701));
#2073=CARTESIAN_POINT('Ctrl Pts',(7.17203905592784,6.16013597754762,104.906602376137));
#2074=CARTESIAN_POINT('Ctrl Pts',(9.246471048039,1.97185003502406,104.787346688574));
#2075=CARTESIAN_POINT('Ctrl Pts',(9.0611471753565,-2.69833864077352,104.668091001011));
#2076=CARTESIAN_POINT('Ctrl Pts',(6.66135891865821,-6.70907718701322,104.548835313448));
#2077=CARTESIAN_POINT('Ctrl Pts',(2.63359341560098,-9.08017649460029,104.429579625885));
#2078=CARTESIAN_POINT('Ctrl Pts',(-2.03779917408967,-9.23216087933015,104.310323938321));
#2079=CARTESIAN_POINT('Ctrl Pts',(-6.2111714075422,-7.12788659587006,104.191068250758));
#2080=CARTESIAN_POINT('Ctrl Pts',(-8.86658868050464,-3.28161991549328,104.071812563195));
#2081=CARTESIAN_POINT('Ctrl Pts',(-9.35508895414433,1.36664600344833,103.952556875632));
#2082=CARTESIAN_POINT('Ctrl Pts',(-7.55729022815617,5.68091506091345,103.833301188069));
#2083=CARTESIAN_POINT('Ctrl Pts',(-3.91255203026284,8.60681999374844,103.714045500506));
#2084=CARTESIAN_POINT('Ctrl Pts',(0.688369966504032,9.4292912841705,103.594789812942));
#2085=CARTESIAN_POINT('Ctrl Pts',(5.12108005187423,7.94733298693,103.475534125379));
#2086=CARTESIAN_POINT('Ctrl Pts',(8.30220226770078,4.52310424337922,103.356278437816));
#2087=CARTESIAN_POINT('Ctrl Pts',(9.45442575477371,-0.0065051128691221,
103.237022750253));
#2088=CARTESIAN_POINT('Ctrl Pts',(8.29589076264587,-4.53457886804277,103.11776706269));
#2089=CARTESIAN_POINT('Ctrl Pts',(5.11029444263204,-7.95432233381,102.998511375126));
#2090=CARTESIAN_POINT('Ctrl Pts',(0.675007613654321,-9.43030704100136,102.879255687563));
#2091=CARTESIAN_POINT('Ctrl Pts',(-2.3904557641231,-8.87713724277403,102.799751895854));
#2092=CARTESIAN_POINT('Ctrl Pts',(-3.764240077082,-8.25034477413458,102.76));
#2093=CARTESIAN_POINT('Ctrl Pts',(-4.07774095252192,-8.41839323886249,113.089667003707));
#2094=CARTESIAN_POINT('Ctrl Pts',(-5.47950741058873,-7.73939900210681,113.049915107853));
#2095=CARTESIAN_POINT('Ctrl Pts',(-7.93575984468187,-5.66805665407559,112.970411316144));
#2096=CARTESIAN_POINT('Ctrl Pts',(-9.68122399994704,-1.17349096501483,112.851155628581));
#2097=CARTESIAN_POINT('Ctrl Pts',(-9.06033429115866,3.60710972473644,112.731899941018));
#2098=CARTESIAN_POINT('Ctrl Pts',(-6.22533488984881,7.50654587968359,112.612644253455));
#2099=CARTESIAN_POINT('Ctrl Pts',(-1.86884303577509,9.57126961104251,112.493388565891));
#2100=CARTESIAN_POINT('Ctrl Pts',(2.94434159905144,9.29694522894743,112.374132878328));
#2101=CARTESIAN_POINT('Ctrl Pts',(7.03797231947745,6.75048867109883,112.254877190765));
#2102=CARTESIAN_POINT('Ctrl Pts',(9.41157655557002,2.55429179249196,112.135621503202));
#2103=CARTESIAN_POINT('Ctrl Pts',(9.48507849846138,-2.26616075377752,112.016365815639));
#2104=CARTESIAN_POINT('Ctrl Pts',(7.24050914351616,-6.53277917947466,111.897110128075));
#2105=CARTESIAN_POINT('Ctrl Pts',(3.22642417947327,-9.20284617933076,111.777854440512));
#2106=CARTESIAN_POINT('Ctrl Pts',(-1.57617078969842,-9.62381782295141,111.658598752949));
#2107=CARTESIAN_POINT('Ctrl Pts',(-5.99356333261488,-7.69281385302396,111.539343065386));
#2108=CARTESIAN_POINT('Ctrl Pts',(-8.94618201772228,-3.88175387520235,111.420087377823));
#2109=CARTESIAN_POINT('Ctrl Pts',(-9.71243276717232,0.877972363381085,111.300831690259));
#2110=CARTESIAN_POINT('Ctrl Pts',(-8.10505073219247,5.42312996146583,111.181576002696));
#2111=CARTESIAN_POINT('Ctrl Pts',(-4.51686585617269,8.64292245870207,111.062320315133));
#2112=CARTESIAN_POINT('Ctrl Pts',(0.1752011456708,9.75046103690346,110.94306462757));
#2113=CARTESIAN_POINT('Ctrl Pts',(4.82445053695673,8.47507302956239,110.823808940007));
#2114=CARTESIAN_POINT('Ctrl Pts',(8.29464681626625,5.12845201230068,110.704553252443));
#2115=CARTESIAN_POINT('Ctrl Pts',(9.73770465682339,0.528482606697738,110.58529756488));
#2116=CARTESIAN_POINT('Ctrl Pts',(8.80095346393947,-4.20064328080465,110.466041877317));
#2117=CARTESIAN_POINT('Ctrl Pts',(5.71332695793013,-7.90316904289296,110.346786189754));
#2118=CARTESIAN_POINT('Ctrl Pts',(1.22941379261604,-9.67423007656355,110.227530502191));
#2119=CARTESIAN_POINT('Ctrl Pts',(-3.55495724773306,-9.08099470404991,110.108274814627));
#2120=CARTESIAN_POINT('Ctrl Pts',(-7.47052812739293,-6.26844441196443,109.989019127064));
#2121=CARTESIAN_POINT('Ctrl Pts',(-9.56036789825389,-1.92394165662803,109.869763439501));
#2122=CARTESIAN_POINT('Ctrl Pts',(-9.31373817383015,2.89075545099015,109.750507751938));
#2123=CARTESIAN_POINT('Ctrl Pts',(-6.79091308100013,6.9989774520549,109.631252064375));
#2124=CARTESIAN_POINT('Ctrl Pts',(-2.60844879564502,9.39671116553985,109.511996376811));
#2125=CARTESIAN_POINT('Ctrl Pts',(2.2114973424912,9.4979716441055,109.392740689248));
#2126=CARTESIAN_POINT('Ctrl Pts',(6.49097305787456,7.27801172093219,109.273485001685));
#2127=CARTESIAN_POINT('Ctrl Pts',(9.1841122738824,3.2793699987653,109.154229314122));
#2128=CARTESIAN_POINT('Ctrl Pts',(9.63273554682243,-1.52072079392068,109.034973626559));
#2129=CARTESIAN_POINT('Ctrl Pts',(7.72720331017843,-5.94916085269568,108.915717938996));
#2130=CARTESIAN_POINT('Ctrl Pts',(3.93321081653783,-8.92367853078252,108.796462251432));
#2131=CARTESIAN_POINT('Ctrl Pts',(-0.822023670002962,-9.71732797295811,
108.677206563869));
#2132=CARTESIAN_POINT('Ctrl Pts',(-5.37636283014975,-8.13614826356202,108.557950876306));
#2133=CARTESIAN_POINT('Ctrl Pts',(-8.61676638845238,-4.56656576158898,108.438695188743));
#2134=CARTESIAN_POINT('Ctrl Pts',(-9.75130832836298,0.119045089264569,108.31943950118));
#2135=CARTESIAN_POINT('Ctrl Pts',(-8.50271661789106,4.77556237148241,108.200183813616));
#2136=CARTESIAN_POINT('Ctrl Pts',(-5.1761360458809,8.26497437882368,108.080928126053));
#2137=CARTESIAN_POINT('Ctrl Pts',(-0.584553530078507,9.73449962856602,107.96167243849));
#2138=CARTESIAN_POINT('Ctrl Pts',(4.14988870680644,8.82499912573364,107.842416750927));
#2139=CARTESIAN_POINT('Ctrl Pts',(7.87013478769791,5.7587467622345,107.723161063364));
#2140=CARTESIAN_POINT('Ctrl Pts',(9.66698942058687,1.28510754037967,107.6039053758));
#2141=CARTESIAN_POINT('Ctrl Pts',(9.10131719960904,-3.50260061671037,107.484649688237));
#2142=CARTESIAN_POINT('Ctrl Pts',(6.3113634206267,-7.43430411140508,107.365394000674));
#2143=CARTESIAN_POINT('Ctrl Pts',(1.97896815164033,-9.54912932695293,107.246138313111));
#2144=CARTESIAN_POINT('Ctrl Pts',(-2.83706945911179,-9.3302316548012,107.126882625548));
#2145=CARTESIAN_POINT('Ctrl Pts',(-6.95975234567616,-6.83110775313451,107.007626937984));
#2146=CARTESIAN_POINT('Ctrl Pts',(-9.38153321429624,-2.66252143599553,106.888371250421));
#2147=CARTESIAN_POINT('Ctrl Pts',(-9.51055020525888,2.15676160975882,106.769115562858));
#2148=CARTESIAN_POINT('Ctrl Pts',(-7.31527270520631,6.44895116251805,106.649859875295));
#2149=CARTESIAN_POINT('Ctrl Pts',(-3.33220715062212,9.1650739960691,106.530604187732));
#2150=CARTESIAN_POINT('Ctrl Pts',(1.46522040783758,9.64133367353999,106.411348500169));
#2151=CARTESIAN_POINT('Ctrl Pts',(5.90456103667058,7.76133653517932,106.292092812605));
#2152=CARTESIAN_POINT('Ctrl Pts',(8.90087908603134,3.98453728103191,106.172837125042));
#2153=CARTESIAN_POINT('Ctrl Pts',(9.7219008824557,-0.766047700720275,106.053581437479));
#2154=CARTESIAN_POINT('Ctrl Pts',(8.16697594860819,-5.32941738869697,105.934325749916));
#2155=CARTESIAN_POINT('Ctrl Pts',(4.61611420816647,-8.59032452618851,105.815070062353));
#2156=CARTESIAN_POINT('Ctrl Pts',(-0.062885083973696,-9.75183220293862,
105.695814374789));
#2157=CARTESIAN_POINT('Ctrl Pts',(-4.72651581688851,-8.53007819899061,105.576558687226));
#2158=CARTESIAN_POINT('Ctrl Pts',(-8.23502781974985,-5.22364840467918,105.457302999663));
#2159=CARTESIAN_POINT('Ctrl Pts',(-9.7309717396888,-0.640605065645483,105.3380473121));
#2160=CARTESIAN_POINT('Ctrl Pts',(-8.84875209179614,4.09899649486687,105.218791624537));
#2161=CARTESIAN_POINT('Ctrl Pts',(-5.8039755683799,7.83683950650714,105.099535936973));
#2162=CARTESIAN_POINT('Ctrl Pts',(-1.34075866511642,9.6594281430622,104.98028024941));
#2163=CARTESIAN_POINT('Ctrl Pts',(3.45012781551196,9.12133783480189,104.861024561847));
#2164=CARTESIAN_POINT('Ctrl Pts',(7.39783352584761,6.35407310293659,104.741768874284));
#2165=CARTESIAN_POINT('Ctrl Pts',(9.53757404017828,2.03392901004743,104.622513186721));
#2166=CARTESIAN_POINT('Ctrl Pts',(9.34641568928541,-2.78328936933291,104.503257499157));
#2167=CARTESIAN_POINT('Ctrl Pts',(6.87107584772883,-6.92029641145962,104.384001811594));
#2168=CARTESIAN_POINT('Ctrl Pts',(2.71650579583522,-9.36604410106314,104.264746124031));
#2169=CARTESIAN_POINT('Ctrl Pts',(-2.10195439978329,-9.52281335008592,104.145490436468));
#2170=CARTESIAN_POINT('Ctrl Pts',(-6.40671526119531,-7.35229103134682,104.026234748905));
#2171=CARTESIAN_POINT('Ctrl Pts',(-9.14573198626458,-3.38493385780716,103.906979061341));
#2172=CARTESIAN_POINT('Ctrl Pts',(-9.64961152087624,1.40967157923093,103.787723373778));
#2173=CARTESIAN_POINT('Ctrl Pts',(-7.79521340841074,5.8597650636582,103.668467686215));
#2174=CARTESIAN_POINT('Ctrl Pts',(-4.03572935888832,8.87778510465048,103.549211998652));
#2175=CARTESIAN_POINT('Ctrl Pts',(0.71004164599202,9.72614993352052,103.429956311089));
#2176=CARTESIAN_POINT('Ctrl Pts',(5.28230499037675,8.1975357291441,103.310700623526));
#2177=CARTESIAN_POINT('Ctrl Pts',(8.56357721917329,4.66550334593033,103.191444935962));
#2178=CARTESIAN_POINT('Ctrl Pts',(9.75207570272407,-0.0067099107655841,
103.072189248399));
#2179=CARTESIAN_POINT('Ctrl Pts',(8.55706701150019,-4.67733922166533,102.952933560836));
#2180=CARTESIAN_POINT('Ctrl Pts',(5.2711798220632,-8.20474511886847,102.833677873273));
#2181=CARTESIAN_POINT('Ctrl Pts',(0.696258611470755,-9.72719766902208,102.71442218571));
#2182=CARTESIAN_POINT('Ctrl Pts',(-2.46571353780752,-9.15661264474922,102.634918394001));
#2183=CARTESIAN_POINT('Ctrl Pts',(-3.88274815912499,-8.51008711664055,102.595166498146));
#2184=CARTESIAN_POINT('Ctrl Pts',(-4.20220054648653,-8.67533692816068,112.924833501854));
#2185=CARTESIAN_POINT('Ctrl Pts',(-5.64675130258392,-7.9756186316879,112.885081605999));
#2186=CARTESIAN_POINT('Ctrl Pts',(-8.17797274137383,-5.84105538988259,112.80557781429));
#2187=CARTESIAN_POINT('Ctrl Pts',(-9.97671143334291,-1.20930790648498,112.686322126727));
#2188=CARTESIAN_POINT('Ctrl Pts',(-9.33687111392173,3.71720485264025,112.567066439164));
#2189=CARTESIAN_POINT('Ctrl Pts',(-6.41534270586889,7.73565843566495,112.447810751601));
#2190=CARTESIAN_POINT('Ctrl Pts',(-1.9258833058963,9.8634010493526,112.328555064038));
#2191=CARTESIAN_POINT('Ctrl Pts',(3.03420791576398,9.58070382023079,112.209299376474));
#2192=CARTESIAN_POINT('Ctrl Pts',(7.25278321291457,6.95652507430589,112.090043688911));
#2193=CARTESIAN_POINT('Ctrl Pts',(9.69883389003818,2.63225312526472,111.970788001348));
#2194=CARTESIAN_POINT('Ctrl Pts',(9.77457923732292,-2.33532783686533,111.851532313785));
#2195=CARTESIAN_POINT('Ctrl Pts',(7.46150180552961,-6.73217071846761,111.732276626222));
#2196=CARTESIAN_POINT('Ctrl Pts',(3.32490013662953,-9.48373270746834,111.613020938659));
#2197=CARTESIAN_POINT('Ctrl Pts',(-1.6242782047571,-9.91755312212318,111.493765251095));
#2198=CARTESIAN_POINT('Ctrl Pts',(-6.17649708624558,-7.92761162456966,111.374509563532));
#2199=CARTESIAN_POINT('Ctrl Pts',(-9.21923471881911,-4.00023161000781,111.255253875969));
#2200=CARTESIAN_POINT('Ctrl Pts',(-10.0088727452595,0.904769574172747,111.135998188406));
#2201=CARTESIAN_POINT('Ctrl Pts',(-8.35243067489516,5.58865311776244,111.016742500842));
#2202=CARTESIAN_POINT('Ctrl Pts',(-4.65472828956347,8.90671916192629,110.897486813279));
#2203=CARTESIAN_POINT('Ctrl Pts',(0.180548582819504,10.0480617025049,110.778231125716));
#2204=CARTESIAN_POINT('Ctrl Pts',(4.97170097829745,8.73374668253866,110.658975438153));
#2205=CARTESIAN_POINT('Ctrl Pts',(8.54781355413711,5.28498109606291,110.53971975059));
#2206=CARTESIAN_POINT('Ctrl Pts',(10.0349159759941,0.544612795302854,110.420464063027));
#2207=CARTESIAN_POINT('Ctrl Pts',(9.06957354240374,-4.32885406300154,110.301208375463));
#2208=CARTESIAN_POINT('Ctrl Pts',(5.88770742045837,-8.14438721284656,110.1819526879));
#2209=CARTESIAN_POINT('Ctrl Pts',(1.26693759396219,-9.96950404351447,110.062697000337));
#2210=CARTESIAN_POINT('Ctrl Pts',(-3.66346059327804,-9.35816211777732,109.943441312774));
#2211=CARTESIAN_POINT('Ctrl Pts',(-7.69854136027412,-6.45976800396955,109.824185625211));
#2212=CARTESIAN_POINT('Ctrl Pts',(-9.85216659773556,-1.98266363043254,109.704929937647));
#2213=CARTESIAN_POINT('Ctrl Pts',(-9.59800931437201,2.97898622726315,109.585674250084));
#2214=CARTESIAN_POINT('Ctrl Pts',(-6.99818330599752,7.21259815577113,109.466418562521));
#2215=CARTESIAN_POINT('Ctrl Pts',(-2.68806309232631,9.6835147830042,109.347162874958));
#2216=CARTESIAN_POINT('Ctrl Pts',(2.2789960052324,9.78786590371553,109.227907187395));
#2217=CARTESIAN_POINT('Ctrl Pts',(6.68908860288451,7.50014902543573,109.108651499832));
#2218=CARTESIAN_POINT('Ctrl Pts',(9.46442701134161,3.37946195243727,108.989395812268));
#2219=CARTESIAN_POINT('Ctrl Pts',(9.92674303010421,-1.56713578073534,108.870140124705));
#2220=CARTESIAN_POINT('Ctrl Pts',(7.96305070648547,-6.13073936706863,108.750884437142));
#2221=CARTESIAN_POINT('Ctrl Pts',(4.05325910476978,-9.19604438715824,108.631628749579));
#2222=CARTESIAN_POINT('Ctrl Pts',(-0.847113231451091,-10.0139173610573,
108.512373062016));
#2223=CARTESIAN_POINT('Ctrl Pts',(-5.54045857400347,-8.38447735584843,108.393117374452));
#2224=CARTESIAN_POINT('Ctrl Pts',(-8.87976476389638,-4.7059451206796,108.273861686889));
#2225=CARTESIAN_POINT('Ctrl Pts',(-10.0489348547418,0.122678547997192,108.154605999326));
#2226=CARTESIAN_POINT('Ctrl Pts',(-8.76223400023101,4.92132066280786,108.035350311763));
#2227=CARTESIAN_POINT('Ctrl Pts',(-5.33412052750363,8.5172354634029,107.9160946242));
#2228=CARTESIAN_POINT('Ctrl Pts',(-0.602395098694874,10.0316131248196,107.796838936636));
#2229=CARTESIAN_POINT('Ctrl Pts',(4.27655037302338,9.09435311872028,107.677583249073));
#2230=CARTESIAN_POINT('Ctrl Pts',(8.11034469596044,5.93451351449214,107.55832756151));
#2231=CARTESIAN_POINT('Ctrl Pts',(9.96204239039419,1.3243312096953,107.439071873947));
#2232=CARTESIAN_POINT('Ctrl Pts',(9.37910489048871,-3.6095059487684,107.319816186384));
#2233=CARTESIAN_POINT('Ctrl Pts',(6.50399697382201,-7.66121172566702,107.20056049882));
#2234=CARTESIAN_POINT('Ctrl Pts',(2.03936962772472,-9.84058500611105,107.081304811257));
#2235=CARTESIAN_POINT('Ctrl Pts',(-2.92366164754202,-9.6150062044533,106.962049123694));
#2236=CARTESIAN_POINT('Ctrl Pts',(-7.17217583238672,-7.03960478793459,106.842793436131));
#2237=CARTESIAN_POINT('Ctrl Pts',(-9.66787357485659,-2.74378612168901,106.723537748568));
#2238=CARTESIAN_POINT('Ctrl Pts',(-9.80082838396334,2.22258964477978,106.604282061004));
#2239=CARTESIAN_POINT('Ctrl Pts',(-7.53854727836606,6.64578412776275,106.485026373441));
#2240=CARTESIAN_POINT('Ctrl Pts',(-3.43391178409472,9.44480765288733,106.365770685878));
#2241=CARTESIAN_POINT('Ctrl Pts',(1.50994142841034,9.93560358628274,106.246514998315));
#2242=CARTESIAN_POINT('Ctrl Pts',(6.08477828875198,7.99822573560627,106.127259310752));
#2243=CARTESIAN_POINT('Ctrl Pts',(9.17254906454983,4.10615214031506,106.008003623189));
#2244=CARTESIAN_POINT('Ctrl Pts',(10.0186298435356,-0.789428780317834,105.888747935625));
#2245=CARTESIAN_POINT('Ctrl Pts',(8.41624595430925,-5.49208027777896,105.769492248062));
#2246=CARTESIAN_POINT('Ctrl Pts',(4.7570058701754,-8.8525158509936,105.650236560499));
#2247=CARTESIAN_POINT('Ctrl Pts',(-0.0648044437635666,-10.0494747188611,
105.530980872936));
#2248=CARTESIAN_POINT('Ctrl Pts',(-4.87077712389318,-8.79043070335365,105.411725185373));
#2249=CARTESIAN_POINT('Ctrl Pts',(-8.48637488437873,-5.38308304435589,105.292469497809));
#2250=CARTESIAN_POINT('Ctrl Pts',(-10.0279775587695,-0.660157422524025,
105.173213810246));
#2251=CARTESIAN_POINT('Ctrl Pts',(-9.11883106573326,4.22410484415963,105.053958122683));
#2252=CARTESIAN_POINT('Ctrl Pts',(-5.98112278077807,8.07603318612097,104.93470243512));
#2253=CARTESIAN_POINT('Ctrl Pts',(-1.38168090147421,9.95425032981057,104.815446747557));
#2254=CARTESIAN_POINT('Ctrl Pts',(3.55543158837155,9.39973658954168,104.696191059993));
#2255=CARTESIAN_POINT('Ctrl Pts',(7.62362799576737,6.54801022832556,104.57693537243));
#2256=CARTESIAN_POINT('Ctrl Pts',(9.82867703231758,2.09600798507081,104.457679684867));
#2257=CARTESIAN_POINT('Ctrl Pts',(9.63168420321432,-2.8682400978923,104.338423997304));
#2258=CARTESIAN_POINT('Ctrl Pts',(7.08079277679946,-7.13151563590604,104.219168309741));
#2259=CARTESIAN_POINT('Ctrl Pts',(2.79941817606945,-9.651911707526,104.099912622177));
#2260=CARTESIAN_POINT('Ctrl Pts',(-2.1661096254769,-9.8134658208417,103.980656934614));
#2261=CARTESIAN_POINT('Ctrl Pts',(-6.60225911484842,-7.57669546682358,103.861401247051));
#2262=CARTESIAN_POINT('Ctrl Pts',(-9.42487529202453,-3.48824780012103,103.742145559488));
#2263=CARTESIAN_POINT('Ctrl Pts',(-9.94413408760814,1.45269715501352,103.622889871925));
#2264=CARTESIAN_POINT('Ctrl Pts',(-8.03313658866532,6.03861506640295,103.503634184361));
#2265=CARTESIAN_POINT('Ctrl Pts',(-4.15890668751379,9.14875021555252,103.384378496798));
#2266=CARTESIAN_POINT('Ctrl Pts',(0.731713325480015,10.0230085828705,103.265122809235));
#2267=CARTESIAN_POINT('Ctrl Pts',(5.44352992887926,8.44773847135819,103.145867121672));
#2268=CARTESIAN_POINT('Ctrl Pts',(8.82495217064581,4.80790244848145,103.026611434109));
#2269=CARTESIAN_POINT('Ctrl Pts',(10.0497256506744,-0.00691470866204909,
102.907355746546));
#2270=CARTESIAN_POINT('Ctrl Pts',(8.81824326035452,-4.82009957528788,102.788100058982));
#2271=CARTESIAN_POINT('Ctrl Pts',(5.43206520149436,-8.45516790392695,102.668844371419));
#2272=CARTESIAN_POINT('Ctrl Pts',(0.717509609287195,-10.0240882970428,102.549588683856));
#2273=CARTESIAN_POINT('Ctrl Pts',(-2.54097131149193,-9.43608804672441,102.470084892147));
#2274=CARTESIAN_POINT('Ctrl Pts',(-4.00125624116798,-8.76982945914653,102.430332996293));
#2275=CARTESIAN_POINT('Ctrl Pts',(-4.32666014045114,-8.93228061745887,112.76));
#2276=CARTESIAN_POINT('Ctrl Pts',(-5.81399519457911,-8.21183826126899,112.720248104146));
#2277=CARTESIAN_POINT('Ctrl Pts',(-8.4201856380658,-6.01405412568958,112.640744312437));
#2278=CARTESIAN_POINT('Ctrl Pts',(-10.2721988667388,-1.24512484795513,112.521488624874));
#2279=CARTESIAN_POINT('Ctrl Pts',(-9.61340793668481,3.82729998054406,112.40223293731));
#2280=CARTESIAN_POINT('Ctrl Pts',(-6.60535052188898,7.9647709916463,112.282977249747));
#2281=CARTESIAN_POINT('Ctrl Pts',(-1.98292357601752,10.1555324876627,112.163721562184));
#2282=CARTESIAN_POINT('Ctrl Pts',(3.12407423247653,9.86446241151414,112.044465874621));
#2283=CARTESIAN_POINT('Ctrl Pts',(7.46759410635168,7.16256147751293,111.925210187058));
#2284=CARTESIAN_POINT('Ctrl Pts',(9.98609122450635,2.7102144580375,111.805954499494));
#2285=CARTESIAN_POINT('Ctrl Pts',(10.0640799761844,-2.40449491995315,111.686698811931));
#2286=CARTESIAN_POINT('Ctrl Pts',(7.68249446754307,-6.93156225746055,111.567443124368));
#2287=CARTESIAN_POINT('Ctrl Pts',(3.42337609378579,-9.76461923560592,111.448187436805));
#2288=CARTESIAN_POINT('Ctrl Pts',(-1.67238561981577,-10.2112884212949,111.328931749242));
#2289=CARTESIAN_POINT('Ctrl Pts',(-6.35943083987626,-8.16240939611535,111.209676061679));
#2290=CARTESIAN_POINT('Ctrl Pts',(-9.49228741991594,-4.11870934481327,111.090420374115));
#2291=CARTESIAN_POINT('Ctrl Pts',(-10.3053127233467,0.931566784964416,110.971164686552));
#2292=CARTESIAN_POINT('Ctrl Pts',(-8.59981061759785,5.75417627405904,110.851908998989));
#2293=CARTESIAN_POINT('Ctrl Pts',(-4.79259072295425,9.17051586515052,110.732653311426));
#2294=CARTESIAN_POINT('Ctrl Pts',(0.185896019968209,10.3456623681064,110.613397623862));
#2295=CARTESIAN_POINT('Ctrl Pts',(5.11895141963817,8.99242033551494,110.494141936299));
#2296=CARTESIAN_POINT('Ctrl Pts',(8.80098029200797,5.44151017982514,110.374886248736));
#2297=CARTESIAN_POINT('Ctrl Pts',(10.3321272951649,0.560742983907972,110.255630561173));
#2298=CARTESIAN_POINT('Ctrl Pts',(9.33819362086801,-4.45706484519843,110.13637487361));
#2299=CARTESIAN_POINT('Ctrl Pts',(6.0620878829866,-8.38560538280014,110.017119186047));
#2300=CARTESIAN_POINT('Ctrl Pts',(1.30446139530835,-10.2647780104654,109.897863498483));
#2301=CARTESIAN_POINT('Ctrl Pts',(-3.77196393882302,-9.63532953150475,109.77860781092));
#2302=CARTESIAN_POINT('Ctrl Pts',(-7.92655459315531,-6.65109159597466,109.659352123357));
#2303=CARTESIAN_POINT('Ctrl Pts',(-10.1439652972172,-2.04138560423705,109.540096435794));
#2304=CARTESIAN_POINT('Ctrl Pts',(-9.88228045491387,3.06721700353615,109.420840748231));
#2305=CARTESIAN_POINT('Ctrl Pts',(-7.20545353099491,7.42621885948736,109.301585060667));
#2306=CARTESIAN_POINT('Ctrl Pts',(-2.76767738900759,9.97031840046857,109.182329373104));
#2307=CARTESIAN_POINT('Ctrl Pts',(2.3464946679736,10.0777601633255,109.063073685541));
#2308=CARTESIAN_POINT('Ctrl Pts',(6.88720414789447,7.72228632993929,108.943817997978));
#2309=CARTESIAN_POINT('Ctrl Pts',(9.74474174880081,3.47955390610923,108.824562310415));
#2310=CARTESIAN_POINT('Ctrl Pts',(10.220750513386,-1.61355076754999,108.705306622851));
#2311=CARTESIAN_POINT('Ctrl Pts',(8.1988981027925,-6.31231788144158,108.586050935288));
#2312=CARTESIAN_POINT('Ctrl Pts',(4.17330739300172,-9.46841024353394,108.466795247725));
#2313=CARTESIAN_POINT('Ctrl Pts',(-0.872202792899217,-10.3105067491564,
108.347539560162));
#2314=CARTESIAN_POINT('Ctrl Pts',(-5.7045543178572,-8.63280644813482,108.228283872599));
#2315=CARTESIAN_POINT('Ctrl Pts',(-9.14276313934036,-4.84532447977023,108.109028185035));
#2316=CARTESIAN_POINT('Ctrl Pts',(-10.3465613811207,0.126312006729822,107.989772497472));
#2317=CARTESIAN_POINT('Ctrl Pts',(-9.02175138257095,5.06707895413329,107.870516809909));
#2318=CARTESIAN_POINT('Ctrl Pts',(-5.49210500912637,8.76949654798214,107.751261122346));
#2319=CARTESIAN_POINT('Ctrl Pts',(-0.620236667311235,10.3287266210731,107.632005434783));
#2320=CARTESIAN_POINT('Ctrl Pts',(4.40321203924031,9.36370711170692,107.51274974722));
#2321=CARTESIAN_POINT('Ctrl Pts',(8.35055460422298,6.11028026674979,107.393494059656));
#2322=CARTESIAN_POINT('Ctrl Pts',(10.2570953602015,1.36355487901094,107.274238372093));
#2323=CARTESIAN_POINT('Ctrl Pts',(9.65689258136838,-3.71641128082642,107.15498268453));
#2324=CARTESIAN_POINT('Ctrl Pts',(6.69663052701733,-7.88811933992895,107.035726996967));
#2325=CARTESIAN_POINT('Ctrl Pts',(2.09977110380911,-10.1320406852692,106.916471309404));
#2326=CARTESIAN_POINT('Ctrl Pts',(-3.01025383597225,-9.89978075410541,106.79721562184));
#2327=CARTESIAN_POINT('Ctrl Pts',(-7.38459931909726,-7.24810182273467,106.677959934277));
#2328=CARTESIAN_POINT('Ctrl Pts',(-9.95421393541695,-2.82505080738249,106.558704246714));
#2329=CARTESIAN_POINT('Ctrl Pts',(-10.0911065626678,2.28841767980075,106.439448559151));
#2330=CARTESIAN_POINT('Ctrl Pts',(-7.76182185152583,6.84261709300743,106.320192871588));
#2331=CARTESIAN_POINT('Ctrl Pts',(-3.53561641756732,9.72454130970556,106.200937184024));
#2332=CARTESIAN_POINT('Ctrl Pts',(1.5546624489831,10.2298734990255,106.081681496461));
#2333=CARTESIAN_POINT('Ctrl Pts',(6.26499554083339,8.23511493603323,105.962425808898));
#2334=CARTESIAN_POINT('Ctrl Pts',(9.44421904306831,4.22776699959822,105.843170121335));
#2335=CARTESIAN_POINT('Ctrl Pts',(10.3153588046154,-0.812809859915398,105.723914433772));
#2336=CARTESIAN_POINT('Ctrl Pts',(8.66551596001029,-5.65474316686094,105.604658746208));
#2337=CARTESIAN_POINT('Ctrl Pts',(4.89789753218434,-9.11470717579869,105.485403058645));
#2338=CARTESIAN_POINT('Ctrl Pts',(-0.0667238035534373,-10.3471172347836,
105.366147371082));
#2339=CARTESIAN_POINT('Ctrl Pts',(-5.01503843089784,-9.05078320771669,105.246891683519));
#2340=CARTESIAN_POINT('Ctrl Pts',(-8.73772194900761,-5.5425176840326,105.127635995956));
#2341=CARTESIAN_POINT('Ctrl Pts',(-10.3249833778503,-0.679709779402562,
105.008380308393));
#2342=CARTESIAN_POINT('Ctrl Pts',(-9.38891003967038,4.34921319345239,104.889124620829));
#2343=CARTESIAN_POINT('Ctrl Pts',(-6.15826999317624,8.3152268657348,104.769868933266));
#2344=CARTESIAN_POINT('Ctrl Pts',(-1.422603137832,10.2490725165589,104.650613245703));
#2345=CARTESIAN_POINT('Ctrl Pts',(3.66073536123114,9.67813534428146,104.53135755814));
#2346=CARTESIAN_POINT('Ctrl Pts',(7.84942246568714,6.74194735371453,104.412101870577));
#2347=CARTESIAN_POINT('Ctrl Pts',(10.1197800244569,2.15808696009417,104.292846183013));
#2348=CARTESIAN_POINT('Ctrl Pts',(9.91695271714323,-2.95319082645168,104.17359049545));
#2349=CARTESIAN_POINT('Ctrl Pts',(7.29050970587009,-7.34273486035245,104.054334807887));
#2350=CARTESIAN_POINT('Ctrl Pts',(2.88233055630368,-9.93777931398885,103.935079120324));
#2351=CARTESIAN_POINT('Ctrl Pts',(-2.23026485117052,-10.1041182915975,103.815823432761));
#2352=CARTESIAN_POINT('Ctrl Pts',(-6.79780296850154,-7.80109990230032,103.696567745197));
#2353=CARTESIAN_POINT('Ctrl Pts',(-9.70401859778448,-3.59156174243491,103.577312057634));
#2354=CARTESIAN_POINT('Ctrl Pts',(-10.23865665434,1.49572273079612,103.458056370071));
#2355=CARTESIAN_POINT('Ctrl Pts',(-8.2710597689199,6.21746506914769,103.338800682508));
#2356=CARTESIAN_POINT('Ctrl Pts',(-4.28208401613926,9.41971532645456,103.219544994945));
#2357=CARTESIAN_POINT('Ctrl Pts',(0.753385004968002,10.3198672322206,103.100289307381));
#2358=CARTESIAN_POINT('Ctrl Pts',(5.60475486738179,8.69794121357229,102.981033619818));
#2359=CARTESIAN_POINT('Ctrl Pts',(9.08632712211833,4.95030155103257,102.861777932255));
#2360=CARTESIAN_POINT('Ctrl Pts',(10.3473755986248,-0.00711950655851246,
102.742522244692));
#2361=CARTESIAN_POINT('Ctrl Pts',(9.07941950920883,-4.96285992891044,102.623266557129));
#2362=CARTESIAN_POINT('Ctrl Pts',(5.59295058092553,-8.70559068898541,102.504010869566));
#2363=CARTESIAN_POINT('Ctrl Pts',(0.738760607103631,-10.3209789250635,102.384755182002));
#2364=CARTESIAN_POINT('Ctrl Pts',(-2.61622908517634,-9.7155634486996,102.305251390293));
#2365=CARTESIAN_POINT('Ctrl Pts',(-4.11976432321098,-9.0295718016525,102.265499494439));
#2366=CARTESIAN_POINT('',(9.89891199867624,0.719142713558037,102.76));
#2367=CARTESIAN_POINT('Ctrl Pts',(9.8993826759619,0.718964639728174,102.76));
#2368=CARTESIAN_POINT('Ctrl Pts',(9.90709493482486,0.476692170855545,102.76));
#2369=CARTESIAN_POINT('Ctrl Pts',(9.9058610622524,0.234608597060237,102.76));
#2370=CARTESIAN_POINT('Ctrl Pts',(9.89559980908913,-0.00681853974813841,
102.76));
#2371=CARTESIAN_POINT('Ctrl Pts',(9.88519942183168,-0.251519228573595,102.76));
#2372=CARTESIAN_POINT('Ctrl Pts',(9.86552544680383,-0.495546176319163,102.76));
#2373=CARTESIAN_POINT('Ctrl Pts',(9.83677837605407,-0.738413423606862,102.76));
#2374=CARTESIAN_POINT('Ctrl Pts',(9.80788338652362,-0.982530350467262,102.76));
#2375=CARTESIAN_POINT('Ctrl Pts',(9.76982150583755,-1.22547625402719,102.76));
#2376=CARTESIAN_POINT('Ctrl Pts',(9.72274432623758,-1.46674888068713,102.76));
#2377=CARTESIAN_POINT('Ctrl Pts',(9.67578606203688,-1.70741206066871,102.76));
#2378=CARTESIAN_POINT('Ctrl Pts',(9.61985775051022,-1.94641103008536,102.76));
#2379=CARTESIAN_POINT('Ctrl Pts',(9.55506146445651,-2.18322916831653,102.76));
#2380=CARTESIAN_POINT('Ctrl Pts',(9.49596456311429,-2.39921713619938,102.76));
#2381=CARTESIAN_POINT('Ctrl Pts',(9.42949042979959,-2.6133911862186,102.76));
#2382=CARTESIAN_POINT('Ctrl Pts',(9.35568368126842,-2.82533954571079,102.76));
#2383=CARTESIAN_POINT('Ctrl Pts',(9.33433984445418,-2.88663192463377,102.76));
#2384=CARTESIAN_POINT('Ctrl Pts',(9.31238260128703,-2.94773802991289,102.76));
#2385=CARTESIAN_POINT('Ctrl Pts',(9.28981256696367,-3.00864753187504,102.76));
#2386=CARTESIAN_POINT('Ctrl Pts',(9.28019727470061,-3.03459621474244,102.76));
#2387=CARTESIAN_POINT('Ctrl Pts',(9.27047053469039,-3.06050969948377,102.76));
#2388=CARTESIAN_POINT('Ctrl Pts',(9.26063812688427,-3.0863724080038,102.76));
#2389=CARTESIAN_POINT('Ctrl Pts',(9.17410428056772,-3.31398701558854,102.76));
#2390=CARTESIAN_POINT('Ctrl Pts',(9.07928816173142,-3.53794755213456,102.76));
#2391=CARTESIAN_POINT('Ctrl Pts',(8.97636601865201,-3.75778167664131,102.76));
#2392=CARTESIAN_POINT('Ctrl Pts',(8.87374334513295,-3.97697615620241,102.76));
#2393=CARTESIAN_POINT('Ctrl Pts',(8.76306149372906,-4.19206880190446,102.76));
#2394=CARTESIAN_POINT('Ctrl Pts',(8.64444755784374,-4.40257165367672,102.76));
#2395=CARTESIAN_POINT('Ctrl Pts',(8.59811974354945,-4.48478911786029,102.76));
#2396=CARTESIAN_POINT('Ctrl Pts',(8.55058139625349,-4.56630614771697,102.76));
#2397=CARTESIAN_POINT('Ctrl Pts',(8.50183823425232,-4.64709254563695,102.76));
#2398=CARTESIAN_POINT('Ctrl Pts',(8.37649660426597,-4.85483242914664,102.76));
#2399=CARTESIAN_POINT('Ctrl Pts',(8.24319088462113,-5.05774354087214,102.76));
#2400=CARTESIAN_POINT('Ctrl Pts',(8.10228829230291,-5.25545323051793,102.76));
#2401=CARTESIAN_POINT('Ctrl Pts',(7.9618549620094,-5.45250446776946,102.76));
#2402=CARTESIAN_POINT('Ctrl Pts',(7.81387476666519,-5.64438930733936,102.76));
#2403=CARTESIAN_POINT('Ctrl Pts',(7.6586770269893,-5.83070029530494,102.76));
#2404=CARTESIAN_POINT('Ctrl Pts',(7.56955911354815,-5.93768411177886,102.76));
#2405=CARTESIAN_POINT('Ctrl Pts',(7.47806076487451,-6.04282931445445,102.76));
#2406=CARTESIAN_POINT('Ctrl Pts',(7.38424018672554,-6.14605213071532,102.76));
#2407=CARTESIAN_POINT('Ctrl Pts',(7.36328110278232,-6.16911163123804,102.76));
#2408=CARTESIAN_POINT('Ctrl Pts',(7.34220611628867,-6.19207517364294,102.76));
#2409=CARTESIAN_POINT('Ctrl Pts',(7.32101585857086,-6.21494178807291,102.76));
#2410=CARTESIAN_POINT('Ctrl Pts',(7.3011138172212,-6.23641827561601,102.76));
#2411=CARTESIAN_POINT('Ctrl Pts',(7.28111519811499,-6.25780371809984,102.76));
#2412=CARTESIAN_POINT('Ctrl Pts',(7.26102625048404,-6.27909163306755,102.76));
#2413=CARTESIAN_POINT('Ctrl Pts',(7.09596656470923,-6.45400256518418,102.76));
#2414=CARTESIAN_POINT('Ctrl Pts',(6.9246967323434,-6.62245689403816,102.76));
#2415=CARTESIAN_POINT('Ctrl Pts',(6.74761253323442,-6.78413264312402,102.76));
#2416=CARTESIAN_POINT('Ctrl Pts',(6.57048532397764,-6.94584765995877,102.76));
#2417=CARTESIAN_POINT('Ctrl Pts',(6.38754041467427,-7.10078124116201,102.76));
#2418=CARTESIAN_POINT('Ctrl Pts',(6.199137171778,-7.24857415459593,102.76));
#2419=CARTESIAN_POINT('Ctrl Pts',(6.01275336552639,-7.39478292106602,102.76));
#2420=CARTESIAN_POINT('Ctrl Pts',(5.82102708273007,-7.53400362271353,102.76));
#2421=CARTESIAN_POINT('Ctrl Pts',(5.62427814715761,-7.66584651246896,102.76));
#2422=CARTESIAN_POINT('Ctrl Pts',(5.46134790806122,-7.77502724825546,102.76));
#2423=CARTESIAN_POINT('Ctrl Pts',(5.29497265903144,-7.87914786454984,102.76));
#2424=CARTESIAN_POINT('Ctrl Pts',(5.12532296163977,-7.97796227787357,102.76));
#2425=CARTESIAN_POINT('Ctrl Pts',(4.95658976478941,-8.07624286493829,102.76));
#2426=CARTESIAN_POINT('Ctrl Pts',(4.78461706673851,-8.16927432925231,102.76));
#2427=CARTESIAN_POINT('Ctrl Pts',(4.60966831097909,-8.2569470877716,102.76));
#2428=CARTESIAN_POINT('Ctrl Pts',(4.52223570796544,-8.30076253222821,102.76));
#2429=CARTESIAN_POINT('Ctrl Pts',(4.43405973668889,-8.34323922607084,102.76));
#2430=CARTESIAN_POINT('Ctrl Pts',(4.34517304528742,-8.38436133107953,102.76));
#2431=CARTESIAN_POINT('Ctrl Pts',(4.31975446720689,-8.39612085796167,102.76));
#2432=CARTESIAN_POINT('Ctrl Pts',(4.29428443268995,-8.40776649594322,102.76));
#2433=CARTESIAN_POINT('Ctrl Pts',(4.26877021407512,-8.41929519568125,102.76));
#2434=CARTESIAN_POINT('Ctrl Pts',(4.05378104410715,-8.51643889523582,102.76));
#2435=CARTESIAN_POINT('Ctrl Pts',(3.8355145287112,-8.60534951470607,102.76));
#2436=CARTESIAN_POINT('Ctrl Pts',(3.61447750132265,-8.68595091816841,102.76));
#2437=CARTESIAN_POINT('Ctrl Pts',(3.39190419760243,-8.76711252654258,102.76));
#2438=CARTESIAN_POINT('Ctrl Pts',(3.16652109416092,-8.83984921035179,102.76));
#2439=CARTESIAN_POINT('Ctrl Pts',(2.93882555178581,-8.90403457828872,102.76));
#2440=CARTESIAN_POINT('Ctrl Pts',(2.71199733478903,-8.96797545484059,102.76));
#2441=CARTESIAN_POINT('Ctrl Pts',(2.48287360555313,-9.02343015384887,102.76));
#2442=CARTESIAN_POINT('Ctrl Pts',(2.25193595886636,-9.07022339488232,102.76));
#2443=CARTESIAN_POINT('Ctrl Pts',(2.02312376952375,-9.11658596971976,102.76));
#2444=CARTESIAN_POINT('Ctrl Pts',(1.79253027797701,-9.15444585907039,102.76));
#2445=CARTESIAN_POINT('Ctrl Pts',(1.56062345959672,-9.18358174275136,102.76));
#2446=CARTESIAN_POINT('Ctrl Pts',(1.41185069294438,-9.20227298285527,102.76));
#2447=CARTESIAN_POINT('Ctrl Pts',(1.26253744769465,-9.21737285445585,102.76));
#2448=CARTESIAN_POINT('Ctrl Pts',(1.11280895704148,-9.22881151340042,102.76));
#2449=CARTESIAN_POINT('Ctrl Pts',(1.02892859914418,-9.23521963787926,102.76));
#2450=CARTESIAN_POINT('Ctrl Pts',(0.94491795178665,-9.24047855619802,102.76));
#2451=CARTESIAN_POINT('Ctrl Pts',(0.860799355081289,-9.24457472752787,102.76));
#2452=CARTESIAN_POINT('Ctrl Pts',(0.826851313453976,-9.24622783397835,102.76));
#2453=CARTESIAN_POINT('Ctrl Pts',(0.792883924119518,-9.24769155696736,102.76));
#2454=CARTESIAN_POINT('Ctrl Pts',(0.758920226097174,-9.24896433867185,102.76));
#2455=CARTESIAN_POINT('Ctrl Pts',(0.726818313517086,-9.25016735039879,102.76));
#2456=CARTESIAN_POINT('Ctrl Pts',(0.694715403751824,-9.25120001357379,102.76));
#2457=CARTESIAN_POINT('Ctrl Pts',(0.662612725590497,-9.25206194896329,102.76));
#2458=CARTESIAN_POINT('Ctrl Pts',(0.428897332019447,-9.2583370506161,102.76));
#2459=CARTESIAN_POINT('Ctrl Pts',(0.195194156582161,-9.25556758464985,102.76));
#2460=CARTESIAN_POINT('Ctrl Pts',(-0.0380054810913031,-9.24391134351433,
102.76));
#2461=CARTESIAN_POINT('Ctrl Pts',(-0.27219991389741,-9.23220537857965,102.76));
#2462=CARTESIAN_POINT('Ctrl Pts',(-0.505887165935108,-9.21153650640685,
102.76));
#2463=CARTESIAN_POINT('Ctrl Pts',(-0.738563030728714,-9.18201237168809,
102.76));
#2464=CARTESIAN_POINT('Ctrl Pts',(-0.970400604011252,-9.15259460739812,
102.76));
#2465=CARTESIAN_POINT('Ctrl Pts',(-1.20123470512017,-9.11438506951673,102.76));
#2466=CARTESIAN_POINT('Ctrl Pts',(-1.43055030527358,-9.06744131503106,102.76));
#2467=CARTESIAN_POINT('Ctrl Pts',(-1.46826688366425,-9.05972026249549,102.76));
#2468=CARTESIAN_POINT('Ctrl Pts',(-1.50594233565628,-9.05176282921721,102.76));
#2469=CARTESIAN_POINT('Ctrl Pts',(-1.54357430880951,-9.04356914972865,102.76));
#2470=CARTESIAN_POINT('Ctrl Pts',(-1.57541821658284,-9.03663571647775,102.76));
#2471=CARTESIAN_POINT('Ctrl Pts',(-1.60722270317349,-9.02953491016945,102.76));
#2472=CARTESIAN_POINT('Ctrl Pts',(-1.63898240450978,-9.02226801197092,102.76));
#2473=CARTESIAN_POINT('Ctrl Pts',(-1.86586206652975,-8.97035595556468,102.76));
#2474=CARTESIAN_POINT('Ctrl Pts',(-2.09052365392486,-8.90995768822754,102.76));
#2475=CARTESIAN_POINT('Ctrl Pts',(-2.3124773040877,-8.84119128213702,102.76));
#2476=CARTESIAN_POINT('Ctrl Pts',(-2.53344154853429,-8.77273141696268,102.76));
#2477=CARTESIAN_POINT('Ctrl Pts',(-2.7517225643945,-8.69597763117943,102.76));
#2478=CARTESIAN_POINT('Ctrl Pts',(-2.96681834138581,-8.61099848790155,102.76));
#2479=CARTESIAN_POINT('Ctrl Pts',(-3.17879538691727,-8.52725148005319,102.76));
#2480=CARTESIAN_POINT('Ctrl Pts',(-3.38767942342321,-8.43551563947351,102.76));
#2481=CARTESIAN_POINT('Ctrl Pts',(-3.5929633254262,-8.33581367575428,102.76));
#2482=CARTESIAN_POINT('Ctrl Pts',(-3.65034086079645,-8.30794664432139,102.76));
#2483=CARTESIAN_POINT('Ctrl Pts',(-3.70743695781028,-8.27945703485633,102.76));
#2484=CARTESIAN_POINT('Ctrl Pts',(-3.764240077082,-8.25034477413458,102.76));
#2485=CARTESIAN_POINT('Ctrl Pts',(-9.92470703607137,0.000247627446176928,
103.492686825365));
#2486=CARTESIAN_POINT('Ctrl Pts',(-9.92515534226145,0.480186119185167,103.481143340267));
#2487=CARTESIAN_POINT('Ctrl Pts',(-9.89096990822336,0.960061286412169,103.469599855169));
#2488=CARTESIAN_POINT('Ctrl Pts',(-9.82161749734408,1.43479904164954,103.458056370071));
#2489=CARTESIAN_POINT('Ctrl Pts',(-9.58279102586665,3.06963684357998,103.418304474217));
#2490=CARTESIAN_POINT('Ctrl Pts',(-8.92692539739328,4.64355095636383,103.378552578362));
#2491=CARTESIAN_POINT('Ctrl Pts',(-7.93416329102648,5.96421638897358,103.338800682508));
#2492=CARTESIAN_POINT('Ctrl Pts',(-6.94140118465969,7.2848818215833,103.299048786653));
#2493=CARTESIAN_POINT('Ctrl Pts',(-5.61174260039951,8.35229857401891,103.259296890799));
#2494=CARTESIAN_POINT('Ctrl Pts',(-4.10766847141822,9.03603226786439,103.219544994945));
#2495=CARTESIAN_POINT('Ctrl Pts',(-2.6035943424369,9.71976596170989,103.17979309909));
#2496=CARTESIAN_POINT('Ctrl Pts',(-0.925104668734425,10.0198165969652,103.140041203236));
#2497=CARTESIAN_POINT('Ctrl Pts',(0.722701811852422,9.89952091148486,103.100289307381));
#2498=CARTESIAN_POINT('Ctrl Pts',(2.37050829243929,9.77922522600448,103.060537411527));
#2499=CARTESIAN_POINT('Ctrl Pts',(3.98763157991057,9.23858321978838,103.020785515673));
#2500=CARTESIAN_POINT('Ctrl Pts',(5.3764552661023,8.34365560625702,102.981033619818));
#2501=CARTESIAN_POINT('Ctrl Pts',(6.765278952294,7.44872799272569,102.941281723964));
#2502=CARTESIAN_POINT('Ctrl Pts',(7.9258030372061,6.19951477187919,102.901529828109));
#2503=CARTESIAN_POINT('Ctrl Pts',(8.71623982574661,4.74867131852409,102.861777932255));
#2504=CARTESIAN_POINT('Ctrl Pts',(9.39083257314365,3.51045912315171,102.827851954837));
#2505=CARTESIAN_POINT('Ctrl Pts',(9.79586670123379,2.12538653127714,102.793925977418));
#2506=CARTESIAN_POINT('Ctrl Pts',(9.8993826759619,0.718964639728174,102.76));
#2507=CARTESIAN_POINT('',(-5.26328774335273,7.38532736234755,112.76));
#2508=CARTESIAN_POINT('Ctrl Pts',(-5.26328774335326,7.38532736234718,112.76));
#2509=CARTESIAN_POINT('Ctrl Pts',(-5.45005516131304,7.2649196834312,112.76));
#2510=CARTESIAN_POINT('Ctrl Pts',(-5.63202557506965,7.13782753626191,112.76));
#2511=CARTESIAN_POINT('Ctrl Pts',(-5.80881114490882,7.00428483955161,112.76));
#2512=CARTESIAN_POINT('Ctrl Pts',(-5.99173958737749,6.8661018558697,112.76));
#2513=CARTESIAN_POINT('Ctrl Pts',(-6.16911751304422,6.72101258715337,112.76));
#2514=CARTESIAN_POINT('Ctrl Pts',(-6.34070657643934,6.56948015160566,112.76));
#2515=CARTESIAN_POINT('Ctrl Pts',(-6.51419045385182,6.41627438223771,112.76));
#2516=CARTESIAN_POINT('Ctrl Pts',(-6.68175738334412,6.25648195630709,112.76));
#2517=CARTESIAN_POINT('Ctrl Pts',(-6.84313400064089,6.09053519429124,112.76));
#2518=CARTESIAN_POINT('Ctrl Pts',(-7.00521177848964,5.92386741503509,112.76));
#2519=CARTESIAN_POINT('Ctrl Pts',(-7.16104580414523,5.75099123410706,112.76));
#2520=CARTESIAN_POINT('Ctrl Pts',(-7.31032496113139,5.57230485105738,112.76));
#2521=CARTESIAN_POINT('Ctrl Pts',(-7.44498151125526,5.41112165320603,112.76));
#2522=CARTESIAN_POINT('Ctrl Pts',(-7.57430426623724,5.24521001519083,112.76));
#2523=CARTESIAN_POINT('Ctrl Pts',(-7.698036357752,5.07483946705182,112.76));
#2524=CARTESIAN_POINT('Ctrl Pts',(-7.7317492030803,5.02841920640971,112.76));
#2525=CARTESIAN_POINT('Ctrl Pts',(-7.76504683987752,4.98166781701585,112.76));
#2526=CARTESIAN_POINT('Ctrl Pts',(-7.79792368042779,4.93459052032726,112.76));
#2527=CARTESIAN_POINT('Ctrl Pts',(-7.81287398245918,4.91318275143781,112.76));
#2528=CARTESIAN_POINT('Ctrl Pts',(-7.82773415233957,4.89171201074759,112.76));
#2529=CARTESIAN_POINT('Ctrl Pts',(-7.84249937708401,4.87018537501513,112.76));
#2530=CARTESIAN_POINT('Ctrl Pts',(-7.97557438430034,4.6761715855184,112.76));
#2531=CARTESIAN_POINT('Ctrl Pts',(-8.10105123819633,4.47746138404492,112.76));
#2532=CARTESIAN_POINT('Ctrl Pts',(-8.21867488795685,4.27451409937712,112.76));
#2533=CARTESIAN_POINT('Ctrl Pts',(-8.33697446388602,4.07040057491956,112.76));
#2534=CARTESIAN_POINT('Ctrl Pts',(-8.44733078832239,3.86200064217822,112.76));
#2535=CARTESIAN_POINT('Ctrl Pts',(-8.54944891737633,3.64974298737928,112.76));
#2536=CARTESIAN_POINT('Ctrl Pts',(-8.58253235036066,3.58097741203034,112.76));
#2537=CARTESIAN_POINT('Ctrl Pts',(-8.61475081286087,3.51180666815245,112.76));
#2538=CARTESIAN_POINT('Ctrl Pts',(-8.6460933563515,3.44224460259074,112.76));
#2539=CARTESIAN_POINT('Ctrl Pts',(-8.74239743657166,3.22850602249951,112.76));
#2540=CARTESIAN_POINT('Ctrl Pts',(-8.83043543403249,3.0110747739318,112.76));
#2541=CARTESIAN_POINT('Ctrl Pts',(-8.9101691134633,2.79045738490294,112.76));
#2542=CARTESIAN_POINT('Ctrl Pts',(-8.99019100377367,2.56904253698105,112.76));
#2543=CARTESIAN_POINT('Ctrl Pts',(-9.06184861683426,2.34441784525839,112.76));
#2544=CARTESIAN_POINT('Ctrl Pts',(-9.12505452397812,2.11707585396017,112.76));
#2545=CARTESIAN_POINT('Ctrl Pts',(-9.16184476204424,1.98474698850693,112.76));
#2546=CARTESIAN_POINT('Ctrl Pts',(-9.19577059600033,1.85149717270325,112.76));
#2547=CARTESIAN_POINT('Ctrl Pts',(-9.22680683226708,1.71742181395769,112.76));
#2548=CARTESIAN_POINT('Ctrl Pts',(-9.23288097107353,1.69118176563011,112.76));
#2549=CARTESIAN_POINT('Ctrl Pts',(-9.23884441161638,1.66491009433531,112.76));
#2550=CARTESIAN_POINT('Ctrl Pts',(-9.24469693806705,1.63860751243855,112.76));
#2551=CARTESIAN_POINT('Ctrl Pts',(-9.25095642297689,1.61047596688115,112.76));
#2552=CARTESIAN_POINT('Ctrl Pts',(-9.25708733869233,1.58231656777535,112.76));
#2553=CARTESIAN_POINT('Ctrl Pts',(-9.26308807653621,1.55413779591606,112.76));
#2554=CARTESIAN_POINT('Ctrl Pts',(-9.31266254868583,1.32134180030805,112.76));
#2555=CARTESIAN_POINT('Ctrl Pts',(-9.35339179551974,1.08706581395868,112.76));
#2556=CARTESIAN_POINT('Ctrl Pts',(-9.38528703259045,0.851844460120024,112.76));
#2557=CARTESIAN_POINT('Ctrl Pts',(-9.41738004525677,0.61516454858987,112.76));
#2558=CARTESIAN_POINT('Ctrl Pts',(-9.4405293312498,0.377526874364017,112.76));
#2559=CARTESIAN_POINT('Ctrl Pts',(-9.4546980607537,0.139453795094284,112.76));
#2560=CARTESIAN_POINT('Ctrl Pts',(-9.46884094370835,-0.0981849920558071,
112.76));
#2561=CARTESIAN_POINT('Ctrl Pts',(-9.47403612917169,-0.336258258435461,
112.76));
#2562=CARTESIAN_POINT('Ctrl Pts',(-9.47019688326644,-0.57425885048068,112.76));
#2563=CARTESIAN_POINT('Ctrl Pts',(-9.46712679251765,-0.764578364748527,
112.76));
#2564=CARTESIAN_POINT('Ctrl Pts',(-9.45827865085098,-0.954851773147826,
112.76));
#2565=CARTESIAN_POINT('Ctrl Pts',(-9.44358413535138,-1.14482115646557,112.76));
#2566=CARTESIAN_POINT('Ctrl Pts',(-9.42815316092865,-1.34431141493371,112.76));
#2567=CARTESIAN_POINT('Ctrl Pts',(-9.4062752400114,-1.54346667526728,112.76));
#2568=CARTESIAN_POINT('Ctrl Pts',(-9.3780433853155,-1.74200802450932,112.76));
#2569=CARTESIAN_POINT('Ctrl Pts',(-9.37029583508568,-1.79649289957399,112.76));
#2570=CARTESIAN_POINT('Ctrl Pts',(-9.36206962543373,-1.85093151320391,112.76));
#2571=CARTESIAN_POINT('Ctrl Pts',(-9.35336634662116,-1.90531802561836,112.76));
#2572=CARTESIAN_POINT('Ctrl Pts',(-9.34814193665508,-1.93796519728744,112.76));
#2573=CARTESIAN_POINT('Ctrl Pts',(-9.34274561836373,-1.97059359421905,112.76));
#2574=CARTESIAN_POINT('Ctrl Pts',(-9.33717771142529,-2.00320194580703,112.76));
#2575=CARTESIAN_POINT('Ctrl Pts',(-9.3326619104727,-2.02964865671495,112.76));
#2576=CARTESIAN_POINT('Ctrl Pts',(-9.32803315143384,-2.05608245077729,112.76));
#2577=CARTESIAN_POINT('Ctrl Pts',(-9.32329437137423,-2.08248786200523,112.76));
#2578=CARTESIAN_POINT('Ctrl Pts',(-9.28124685055648,-2.31678488873848,112.76));
#2579=CARTESIAN_POINT('Ctrl Pts',(-9.23049364967768,-2.5491325138846,112.76));
#2580=CARTESIAN_POINT('Ctrl Pts',(-9.17131438472243,-2.77907661951403,112.76));
#2581=CARTESIAN_POINT('Ctrl Pts',(-9.11137621538239,-3.01196948752076,112.76));
#2582=CARTESIAN_POINT('Ctrl Pts',(-9.04279440623033,-3.24239740088145,112.76));
#2583=CARTESIAN_POINT('Ctrl Pts',(-8.96580616660349,-3.4698907897387,112.76));
#2584=CARTESIAN_POINT('Ctrl Pts',(-8.88827984631046,-3.69897415902445,112.76));
#2585=CARTESIAN_POINT('Ctrl Pts',(-8.80222904578539,-3.92508248741076,112.76));
#2586=CARTESIAN_POINT('Ctrl Pts',(-8.70784396907058,-4.14772906617633,112.76));
#2587=CARTESIAN_POINT('Ctrl Pts',(-8.61379534975355,-4.36958196980679,112.76));
#2588=CARTESIAN_POINT('Ctrl Pts',(-8.51147155552343,-4.58799839479317,112.76));
#2589=CARTESIAN_POINT('Ctrl Pts',(-8.40101201388258,-4.80248008572707,112.76));
#2590=CARTESIAN_POINT('Ctrl Pts',(-8.32641613778052,-4.9473245184071,112.76));
#2591=CARTESIAN_POINT('Ctrl Pts',(-8.24810885972366,-5.090374120009,112.76));
#2592=CARTESIAN_POINT('Ctrl Pts',(-8.1661211910524,-5.2314688630131,112.76));
#2593=CARTESIAN_POINT('Ctrl Pts',(-8.12259154343889,-5.30638018251548,112.76));
#2594=CARTESIAN_POINT('Ctrl Pts',(-8.07802428678673,-5.38074035407421,112.76));
#2595=CARTESIAN_POINT('Ctrl Pts',(-8.03242300228942,-5.45452466134016,112.76));
#2596=CARTESIAN_POINT('Ctrl Pts',(-8.0108676420714,-5.48940190962574,112.76));
#2597=CARTESIAN_POINT('Ctrl Pts',(-7.98907819655264,-5.52415512574407,112.76));
#2598=CARTESIAN_POINT('Ctrl Pts',(-7.96707241259683,-5.55875462985497,112.76));
#2599=CARTESIAN_POINT('Ctrl Pts',(-7.9479480347906,-5.58882372395559,112.76));
#2600=CARTESIAN_POINT('Ctrl Pts',(-7.92865826336245,-5.61878006224115,112.76));
#2601=CARTESIAN_POINT('Ctrl Pts',(-7.90920376980243,-5.64862214691117,112.76));
#2602=CARTESIAN_POINT('Ctrl Pts',(-7.77734283975652,-5.85088930061307,112.76));
#2603=CARTESIAN_POINT('Ctrl Pts',(-7.63791861852496,-6.04790925661104,112.76));
#2604=CARTESIAN_POINT('Ctrl Pts',(-7.4913811377789,-6.23940549339514,112.76));
#2605=CARTESIAN_POINT('Ctrl Pts',(-7.34333874198438,-6.43286836401922,112.76));
#2606=CARTESIAN_POINT('Ctrl Pts',(-7.18803586160701,-6.62069396347811,112.76));
#2607=CARTESIAN_POINT('Ctrl Pts',(-7.02588896404241,-6.80257258362561,112.76));
#2608=CARTESIAN_POINT('Ctrl Pts',(-6.86314006462151,-6.98512646348265,112.76));
#2609=CARTESIAN_POINT('Ctrl Pts',(-6.69349580092173,-7.16168960974515,112.76));
#2610=CARTESIAN_POINT('Ctrl Pts',(-6.51733576388468,-7.33191691457002,112.76));
#2611=CARTESIAN_POINT('Ctrl Pts',(-6.47813031712033,-7.36980199707456,112.76));
#2612=CARTESIAN_POINT('Ctrl Pts',(-6.43860198920414,-7.4073731169,112.76));
#2613=CARTESIAN_POINT('Ctrl Pts',(-6.398754719798,-7.44462621751579,112.76));
#2614=CARTESIAN_POINT('Ctrl Pts',(-6.37439787623817,-7.46739736237314,112.76));
#2615=CARTESIAN_POINT('Ctrl Pts',(-6.34992837705971,-7.49004357952939,112.76));
#2616=CARTESIAN_POINT('Ctrl Pts',(-6.32534963264544,-7.51256201949476,112.76));
#2617=CARTESIAN_POINT('Ctrl Pts',(-6.14343333720032,-7.67922924661829,112.76));
#2618=CARTESIAN_POINT('Ctrl Pts',(-5.95549561668942,-7.83893714344262,112.76));
#2619=CARTESIAN_POINT('Ctrl Pts',(-5.76197003580646,-7.9913781923493,112.76));
#2620=CARTESIAN_POINT('Ctrl Pts',(-5.56811270216181,-8.14408056453293,112.76));
#2621=CARTESIAN_POINT('Ctrl Pts',(-5.36864786755819,-8.28949162759787,112.76));
#2622=CARTESIAN_POINT('Ctrl Pts',(-5.16397165836413,-8.42726826085751,112.76));
#2623=CARTESIAN_POINT('Ctrl Pts',(-4.96079758943928,-8.56403373688597,112.76));
#2624=CARTESIAN_POINT('Ctrl Pts',(-4.75248785718689,-8.69327684760404,112.76));
#2625=CARTESIAN_POINT('Ctrl Pts',(-4.53939817941591,-8.8146219163829,112.76));
#2626=CARTESIAN_POINT('Ctrl Pts',(-4.46900331140517,-8.85470865446329,112.76));
#2627=CARTESIAN_POINT('Ctrl Pts',(-4.39808656584829,-8.89393309990324,112.76));
#2628=CARTESIAN_POINT('Ctrl Pts',(-4.32666014045114,-8.93228061745887,112.76));
#2629=CARTESIAN_POINT('Ctrl Pts',(-5.26328774335273,7.38532736234755,112.76));
#2630=CARTESIAN_POINT('Ctrl Pts',(-4.21324263361597,8.13212635872788,112.726074022582));
#2631=CARTESIAN_POINT('Ctrl Pts',(-1.58384420147118,9.266145820058,112.652396149309));
#2632=CARTESIAN_POINT('Ctrl Pts',(2.8544752823389,9.01318663766408,112.538966380182));
#2633=CARTESIAN_POINT('Ctrl Pts',(6.82316142604034,6.54445226789178,112.419710692619));
#2634=CARTESIAN_POINT('Ctrl Pts',(9.12431922110185,2.47633045971918,112.300455005055));
#2635=CARTESIAN_POINT('Ctrl Pts',(9.19557775959985,-2.1969936706897,112.181199317492));
#2636=CARTESIAN_POINT('Ctrl Pts',(7.0195164815027,-6.33338764048172,112.061943629929));
#2637=CARTESIAN_POINT('Ctrl Pts',(3.12794822231701,-8.92195965119318,111.942687942366));
#2638=CARTESIAN_POINT('Ctrl Pts',(-1.52806337463975,-9.33008252377965,111.823432254803));
#2639=CARTESIAN_POINT('Ctrl Pts',(-5.81062957898419,-7.45801608147828,111.704176567239));
#2640=CARTESIAN_POINT('Ctrl Pts',(-8.50093035498017,-3.98554004946813,111.592094925947));
#2641=CARTESIAN_POINT('Ctrl Pts',(-9.06748902460702,-1.23716452744679,111.519765180509));
#2642=CARTESIAN_POINT('Ctrl Pts',(-9.06874848741726,0.000220599579868717,
111.487187330926));
#2643=CARTESIAN_POINT('Origin',(0.,0.,115.532812669074));
#2644=CARTESIAN_POINT('',(5.26288812584109,7.38509991976282,112.76));
#2645=CARTESIAN_POINT('Origin',(0.,0.,112.76));
#2646=CARTESIAN_POINT('Ctrl Pts',(5.26288812584087,7.38509991976298,112.76));
#2647=CARTESIAN_POINT('Ctrl Pts',(6.49259848306272,6.50876403973956,112.720248104146));
#2648=CARTESIAN_POINT('Ctrl Pts',(8.50438881554856,4.13057906182367,112.640744312437));
#2649=CARTESIAN_POINT('Ctrl Pts',(9.44379255548535,-0.448483493060448,112.521488624874));
#2650=CARTESIAN_POINT('Ctrl Pts',(8.07500584790046,-4.91716285282897,112.40223293731));
#2651=CARTESIAN_POINT('Ctrl Pts',(4.73284651231925,-8.18452029795275,112.282977249747));
#2652=CARTESIAN_POINT('Ctrl Pts',(0.233977945056236,-9.45147026148882,112.163721562184));
#2653=CARTESIAN_POINT('Ctrl Pts',(-4.32205224494625,-8.40865192883449,112.044465874621));
#2654=CARTESIAN_POINT('Ctrl Pts',(-7.82182084083264,-5.31079154955152,111.925210187058));
#2655=CARTESIAN_POINT('Ctrl Pts',(-8.98333743497736,-2.09595580492938,111.837992451875));
#2656=CARTESIAN_POINT('Ctrl Pts',(-9.06898590956745,-0.293228173645949,
111.790526612547));
#2657=CARTESIAN_POINT('Ctrl Pts',(-9.06868377180982,-0.000228024971186264,
111.782812669074));
#2658=CARTESIAN_POINT('Ctrl Pts',(5.75995640392243,8.08260646233089,113.254500505561));
#2659=CARTESIAN_POINT('Ctrl Pts',(7.10581021606632,7.12350257423115,113.214748609707));
#2660=CARTESIAN_POINT('Ctrl Pts',(9.30760974740249,4.52070322419364,113.135244817998));
#2661=CARTESIAN_POINT('Ctrl Pts',(10.3357381169093,-0.490841778532808,113.015989130435));
#2662=CARTESIAN_POINT('Ctrl Pts',(8.83767249715082,-5.381578134678,112.896733442871));
#2663=CARTESIAN_POINT('Ctrl Pts',(5.17985351874827,-8.95753034759673,112.777477755308));
#2664=CARTESIAN_POINT('Ctrl Pts',(0.256076650458547,-10.3441409654603,112.658222067745));
#2665=CARTESIAN_POINT('Ctrl Pts',(-4.73026063087516,-9.20283072103242,112.538966380182));
#2666=CARTESIAN_POINT('Ctrl Pts',(-8.560574719663,-5.81238420127903,112.419710692619));
#2667=CARTESIAN_POINT('Ctrl Pts',(-10.2987548159162,-1.00146412299965,112.300455005055));
#2668=CARTESIAN_POINT('Ctrl Pts',(-9.5200126186602,4.05421535461503,112.181199317492));
#2669=CARTESIAN_POINT('Ctrl Pts',(-6.41466223361682,8.11907543052649,112.061943629929));
#2670=CARTESIAN_POINT('Ctrl Pts',(-1.74162559748296,10.1997075343842,111.942687942366));
#2671=CARTESIAN_POINT('Ctrl Pts',(3.35704922159049,9.78762004989833,111.823432254803));
#2672=CARTESIAN_POINT('Ctrl Pts',(7.63529072722963,6.98352519085372,111.704176567239));
#2673=CARTESIAN_POINT('Ctrl Pts',(10.0475346600447,2.47271818275724,111.584920879676));
#2674=CARTESIAN_POINT('Ctrl Pts',(10.0042498138533,-2.64239919188519,111.465665192113));
#2675=CARTESIAN_POINT('Ctrl Pts',(7.51601466550261,-7.11173759536985,111.34640950455));
#2676=CARTESIAN_POINT('Ctrl Pts',(3.19093189352154,-9.84303009992841,111.227153816987));
#2677=CARTESIAN_POINT('Ctrl Pts',(-1.91398645383728,-10.1687729764097,111.107898129423));
#2678=CARTESIAN_POINT('Ctrl Pts',(-6.55114341407553,-8.00935752240521,110.98864244186));
#2679=CARTESIAN_POINT('Ctrl Pts',(-9.58725877047865,-3.89252581643018,110.869386754297));
#2680=CARTESIAN_POINT('Ctrl Pts',(-10.2803327402125,1.17560482912377,110.750131066734));
#2681=CARTESIAN_POINT('Ctrl Pts',(-8.46098416448571,5.95642803446007,110.630875379171));
#2682=CARTESIAN_POINT('Ctrl Pts',(-4.57384577040879,9.28155282438573,110.511619691607));
#2683=CARTESIAN_POINT('Ctrl Pts',(0.431100142457998,10.338348060953,110.392364004044));
#2684=CARTESIAN_POINT('Ctrl Pts',(5.33068898714959,8.86854232019008,110.273108316481));
#2685=CARTESIAN_POINT('Ctrl Pts',(8.92750451392989,5.23134314649024,110.153852628918));
#2686=CARTESIAN_POINT('Ctrl Pts',(10.3425167682975,0.31564990111082,110.034596941355));
#2687=CARTESIAN_POINT('Ctrl Pts',(9.22990924999663,-4.67718539288671,109.915341253791));
#2688=CARTESIAN_POINT('Ctrl Pts',(5.86159341205684,-8.52695787689356,109.796085566228));
#2689=CARTESIAN_POINT('Ctrl Pts',(1.06075590269186,-10.2928171497167,109.676829878665));
#2690=CARTESIAN_POINT('Ctrl Pts',(-3.999320982706,-9.54320279779695,109.557574191102));
#2691=CARTESIAN_POINT('Ctrl Pts',(-8.08199913435174,-6.46131394957188,109.438318503539));
#2692=CARTESIAN_POINT('Ctrl Pts',(-10.1895080624571,-1.80033702614716,109.319062815976));
#2693=CARTESIAN_POINT('Ctrl Pts',(-9.80679119451657,3.30062636930415,109.199807128412));
#2694=CARTESIAN_POINT('Ctrl Pts',(-7.02738115362513,7.59494582497257,109.080551440849));
#2695=CARTESIAN_POINT('Ctrl Pts',(-2.53054121129608,10.0331275851813,108.961295753286));
#2696=CARTESIAN_POINT('Ctrl Pts',(2.58474065813095,10.0193015571345,108.842040065723));
#2697=CARTESIAN_POINT('Ctrl Pts',(7.06833473424034,7.55684670000163,108.72278437816));
#2698=CARTESIAN_POINT('Ctrl Pts',(9.82449021543415,3.24756523713267,108.603528690596));
#2699=CARTESIAN_POINT('Ctrl Pts',(10.1796270392489,-1.85539249335182,108.484273003033));
#2700=CARTESIAN_POINT('Ctrl Pts',(8.04695290183949,-6.50490868177031,108.36501731547));
#2701=CARTESIAN_POINT('Ctrl Pts',(3.94767453065375,-9.5646826273861,108.245761627907));
#2702=CARTESIAN_POINT('Ctrl Pts',(-1.11638063744601,-10.2869325960137,108.126505940344));
#2703=CARTESIAN_POINT('Ctrl Pts',(-5.90760223551143,-8.49514707286309,108.007250252781));
#2704=CARTESIAN_POINT('Ctrl Pts',(-9.25505801196162,-4.62722261813921,107.887994565217));
#2705=CARTESIAN_POINT('Ctrl Pts',(-10.3406593334157,0.371554185599669,107.768738877654));
#2706=CARTESIAN_POINT('Ctrl Pts',(-8.8990948228832,5.27952642724016,107.649483190091));
#2707=CARTESIAN_POINT('Ctrl Pts',(-5.28267011757331,8.89722902883206,107.530227502528));
#2708=CARTESIAN_POINT('Ctrl Pts',(-0.375207482056508,10.3405274192375,107.410971814964));
#2709=CARTESIAN_POINT('Ctrl Pts',(4.62395254895371,9.25669221631671,107.291716127401));
#2710=CARTESIAN_POINT('Ctrl Pts',(8.49305940698283,5.91060317328564,107.172460439838));
#2711=CARTESIAN_POINT('Ctrl Pts',(10.2865375405455,1.12001490594594,107.053204752275));
#2712=CARTESIAN_POINT('Ctrl Pts',(9.56607673039808,-3.94429511455857,106.933949064712));
#2713=CARTESIAN_POINT('Ctrl Pts',(6.50775123679632,-8.04465423760212,106.814693377148));
#2714=CARTESIAN_POINT('Ctrl Pts',(1.85898880504362,-10.1789709001115,106.695437689585));
#2715=CARTESIAN_POINT('Ctrl Pts',(-3.24409407559682,-9.82563695600808,106.576182002022));
#2716=CARTESIAN_POINT('Ctrl Pts',(-7.55434900985016,-7.07100410125521,106.456926314459));
#2717=CARTESIAN_POINT('Ctrl Pts',(-10.0183877517861,-2.58828028185916,106.337670626896));
#2718=CARTESIAN_POINT('Ctrl Pts',(-10.0340209905931,2.52699638363861,106.218414939333));
#2719=CARTESIAN_POINT('Ctrl Pts',(-7.5974281007527,7.02469744661644,106.099159251769));
#2720=CARTESIAN_POINT('Ctrl Pts',(-3.30409086916675,9.80562448245264,105.979903564206));
#2721=CARTESIAN_POINT('Ctrl Pts',(1.79673699536829,10.1901434794631,105.860647876643));
#2722=CARTESIAN_POINT('Ctrl Pts',(6.45845820362783,8.08428139012446,105.74139218908));
#2723=CARTESIAN_POINT('Ctrl Pts',(9.54178925574351,4.00269231408251,105.622136501517));
#2724=CARTESIAN_POINT('Ctrl Pts',(10.2931912688264,-1.05711941932106,105.502880813953));
#2725=CARTESIAN_POINT('Ctrl Pts',(8.52902822559944,-5.85858050113747,105.38362512639));
#2726=CARTESIAN_POINT('Ctrl Pts',(4.68044599658168,-9.22825624031029,105.264369438827));
#2727=CARTESIAN_POINT('Ctrl Pts',(-0.311995905880757,-10.3426276409048,
105.145113751264));
#2728=CARTESIAN_POINT('Ctrl Pts',(-5.22818876242217,-8.929352172357,105.025858063701));
#2729=CARTESIAN_POINT('Ctrl Pts',(-8.86665845398122,-5.33382188038533,104.906602376137));
#2730=CARTESIAN_POINT('Ctrl Pts',(-10.3381951064065,-0.434752618234815,
104.787346688574));
#2731=CARTESIAN_POINT('Ctrl Pts',(-9.28316817578644,4.5705663431913,104.668091001011));
#2732=CARTESIAN_POINT('Ctrl Pts',(-5.95941688580749,8.45887925250221,104.548835313448));
#2733=CARTESIAN_POINT('Ctrl Pts',(-1.17923679101444,10.2799167577785,104.429579625885));
#2734=CARTESIAN_POINT('Ctrl Pts',(3.88913848803907,9.58863339592562,104.310323938321));
#2735=CARTESIAN_POINT('Ctrl Pts',(8.00704239950627,6.55397266776891,104.191068250758));
#2736=CARTESIAN_POINT('Ctrl Pts',(10.1680964018466,1.91757896096485,104.071812563195));
#2737=CARTESIAN_POINT('Ctrl Pts',(9.84415627579172,-3.18745425626148,103.952556875632));
#2738=CARTESIAN_POINT('Ctrl Pts',(7.11439369724634,-7.5135014954166,103.833301188069));
#2739=CARTESIAN_POINT('Ctrl Pts',(2.64593105640489,-10.0033159498621,103.714045500506));
#2740=CARTESIAN_POINT('Ctrl Pts',(-2.46916316024594,-10.0484069843083,103.594789812942));
#2741=CARTESIAN_POINT('Ctrl Pts',(-6.98083793833046,-7.63775887251959,103.475534125379));
#2742=CARTESIAN_POINT('Ctrl Pts',(-9.78641097784864,-3.3605040896965,103.356278437816));
#2743=CARTESIAN_POINT('Ctrl Pts',(-10.2003692628553,1.73801591051447,103.237022750253));
#2744=CARTESIAN_POINT('Ctrl Pts',(-8.12124311149851,6.41180541739052,103.11776706269));
#2745=CARTESIAN_POINT('Ctrl Pts',(-4.05778957906115,9.51854777815126,102.998511375126));
#2746=CARTESIAN_POINT('Ctrl Pts',(0.998230270444552,10.2991209905673,102.879255687563));
#2747=CARTESIAN_POINT('Ctrl Pts',(4.20466294874023,9.14098666661982,102.799751895854));
#2748=CARTESIAN_POINT('Ctrl Pts',(5.57225185822678,8.21313790390057,102.76));
#2749=CARTESIAN_POINT('Ctrl Pts',(5.59426697789524,7.85010428147492,113.089667003707));
#2750=CARTESIAN_POINT('Ctrl Pts',(6.90140630506512,6.91858972940062,113.049915107853));
#2751=CARTESIAN_POINT('Ctrl Pts',(9.03986943678451,4.39066183673698,112.970411316144));
#2752=CARTESIAN_POINT('Ctrl Pts',(10.038422929768,-0.476722350042018,112.851155628581));
#2753=CARTESIAN_POINT('Ctrl Pts',(8.58345028073404,-5.22677304072832,112.731899941018));
#2754=CARTESIAN_POINT('Ctrl Pts',(5.03085118327192,-8.69986033104875,112.612644253454));
#2755=CARTESIAN_POINT('Ctrl Pts',(0.248710415324443,-10.0465840641365,112.493388565891));
#2756=CARTESIAN_POINT('Ctrl Pts',(-4.59419116889886,-8.93810445696644,112.374132878328));
#2757=CARTESIAN_POINT('Ctrl Pts',(-8.31432342671955,-5.64518665070319,112.254877190765));
#2758=CARTESIAN_POINT('Ctrl Pts',(-10.0025034809092,-0.972656263340556,
112.135621503202));
#2759=CARTESIAN_POINT('Ctrl Pts',(-9.24616238161965,3.93759283736137,112.016365815639));
#2760=CARTESIAN_POINT('Ctrl Pts',(-6.2301397079042,7.88552419270127,111.897110128075));
#2761=CARTESIAN_POINT('Ctrl Pts',(-1.69152644301632,9.90630536802986,111.777854440512));
#2762=CARTESIAN_POINT('Ctrl Pts',(3.26048120619865,9.50607188624634,111.658598752949));
#2763=CARTESIAN_POINT('Ctrl Pts',(7.41565591588212,6.78263889946946,111.539343065386));
#2764=CARTESIAN_POINT('Ctrl Pts',(9.75850985949632,2.40158860681998,111.420087377822));
#2765=CARTESIAN_POINT('Ctrl Pts',(9.71647013406944,-2.566388615635,111.300831690259));
#2766=CARTESIAN_POINT('Ctrl Pts',(7.29981091870149,-6.9071631788985,111.181576002696));
#2767=CARTESIAN_POINT('Ctrl Pts',(3.0991423665089,-9.55988802501359,111.062320315133));
#2768=CARTESIAN_POINT('Ctrl Pts',(-1.85892921126091,-9.87626066560219,110.94306462757));
#2769=CARTESIAN_POINT('Ctrl Pts',(-6.36269490579154,-7.77896240173552,110.823808940007));
#2770=CARTESIAN_POINT('Ctrl Pts',(-9.31147414791225,-3.78055441888954,110.704553252444));
#2771=CARTESIAN_POINT('Ctrl Pts',(-9.98461132990206,1.14178768265377,110.58529756488));
#2772=CARTESIAN_POINT('Ctrl Pts',(-8.217597667865,5.7850869559877,110.466041877317));
#2773=CARTESIAN_POINT('Ctrl Pts',(-4.44227569812146,9.01456206052053,110.346786189754));
#2774=CARTESIAN_POINT('Ctrl Pts',(0.418699226521301,10.0409577968319,110.227530502191));
#2775=CARTESIAN_POINT('Ctrl Pts',(5.17734775734293,8.61343211037504,110.108274814627));
#2776=CARTESIAN_POINT('Ctrl Pts',(8.67069821279871,5.08085967361134,109.989019127064));
#2777=CARTESIAN_POINT('Ctrl Pts',(10.045006588212,0.306569997154429,109.869763439501));
#2778=CARTESIAN_POINT('Ctrl Pts',(8.96440405192367,-4.54264267956993,109.750507751938));
#2779=CARTESIAN_POINT('Ctrl Pts',(5.69298032196694,-8.28167359741214,109.631252064375));
#2780=CARTESIAN_POINT('Ctrl Pts',(1.0302424709318,-9.9967366160901,109.511996376811));
#2781=CARTESIAN_POINT('Ctrl Pts',(-3.88427754285084,-9.26868547802155,109.392740689248));
#2782=CARTESIAN_POINT('Ctrl Pts',(-7.84951442373638,-6.27544945258418,109.273485001685));
#2783=CARTESIAN_POINT('Ctrl Pts',(-9.89639929149168,-1.74854899380811,109.154229314122));
#2784=CARTESIAN_POINT('Ctrl Pts',(-9.52469155864408,3.20568139918462,109.034973626559));
#2785=CARTESIAN_POINT('Ctrl Pts',(-6.82523331288356,7.3764715647177,108.915717938996));
#2786=CARTESIAN_POINT('Ctrl Pts',(-2.45774831297617,9.74451721484686,108.796462251432));
#2787=CARTESIAN_POINT('Ctrl Pts',(2.5103886724487,9.73108890277062,108.677206563869));
#2788=CARTESIAN_POINT('Ctrl Pts',(6.86500883332088,7.33946838938697,108.557950876306));
#2789=CARTESIAN_POINT('Ctrl Pts',(9.54188145407329,3.15414660990835,108.438695188743));
#2790=CARTESIAN_POINT('Ctrl Pts',(9.88680250325843,-1.80202074958841,108.31943950118));
#2791=CARTESIAN_POINT('Ctrl Pts',(7.81547632214425,-6.31779014991687,108.200183813616));
#2792=CARTESIAN_POINT('Ctrl Pts',(3.83411673936895,-9.28954742435147,108.080928126053));
#2793=CARTESIAN_POINT('Ctrl Pts',(-1.08426711885752,-9.99102133594702,107.96167243849));
#2794=CARTESIAN_POINT('Ctrl Pts',(-5.73766566742694,-8.25077785479735,107.842416750927));
#2795=CARTESIAN_POINT('Ctrl Pts',(-8.98882939106338,-4.49411712116402,107.723161063364));
#2796=CARTESIAN_POINT('Ctrl Pts',(-10.0432025838247,0.360866153358997,107.6039053758));
#2797=CARTESIAN_POINT('Ctrl Pts',(-8.64310574762545,5.12765692648681,107.484649688237));
#2798=CARTESIAN_POINT('Ctrl Pts',(-5.13071018623152,8.64129362452661,107.365394000674));
#2799=CARTESIAN_POINT('Ctrl Pts',(-0.36441436002858,10.0430744642559,107.246138313111));
#2800=CARTESIAN_POINT('Ctrl Pts',(4.49094111794855,8.99041658631585,107.126882625548));
#2801=CARTESIAN_POINT('Ctrl Pts',(8.24875024217743,5.74058028099617,107.007626937984));
#2802=CARTESIAN_POINT('Ctrl Pts',(9.99063764454294,1.08779684492351,106.888371250421));
#2803=CARTESIAN_POINT('Ctrl Pts',(9.29090142495438,-3.83083453468891,106.769115562858));
#2804=CARTESIAN_POINT('Ctrl Pts',(6.32055093673533,-7.81324378069175,106.649859875295));
#2805=CARTESIAN_POINT('Ctrl Pts',(1.80551361070206,-9.88616523845085,106.530604187732));
#2806=CARTESIAN_POINT('Ctrl Pts',(-3.15077529891341,-9.54299520780251,106.411348500168));
#2807=CARTESIAN_POINT('Ctrl Pts',(-7.33704254714868,-6.86760141401003,106.292092812605));
#2808=CARTESIAN_POINT('Ctrl Pts',(-9.73020138371204,-2.51382647627016,106.172837125042));
#2809=CARTESIAN_POINT('Ctrl Pts',(-9.74538492078812,2.45430545492034,106.053581437479));
#2810=CARTESIAN_POINT('Ctrl Pts',(-7.3788824359905,6.82262680470118,105.934325749916));
#2811=CARTESIAN_POINT('Ctrl Pts',(-3.20904624013429,9.52355840791963,105.815070062353));
#2812=CARTESIAN_POINT('Ctrl Pts',(1.74505252058969,9.89701643025535,105.695814374789));
#2813=CARTESIAN_POINT('Ctrl Pts',(6.27267585429426,7.85173102872592,105.576558687226));
#2814=CARTESIAN_POINT('Ctrl Pts',(9.26731259755562,3.88755189537515,105.457302999663));
#2815=CARTESIAN_POINT('Ctrl Pts',(9.99709997338558,-1.02671059370735,105.3380473121));
#2816=CARTESIAN_POINT('Ctrl Pts',(8.28368439099907,-5.69005407966899,105.218791624537));
#2817=CARTESIAN_POINT('Ctrl Pts',(4.54580948957673,-8.96279859228928,105.099535936973));
#2818=CARTESIAN_POINT('Ctrl Pts',(-0.303021111812352,-10.0451142714864,
104.98028024941));
#2819=CARTESIAN_POINT('Ctrl Pts',(-5.07779602774494,-8.67249272195822,104.861024561847));
#2820=CARTESIAN_POINT('Ctrl Pts',(-8.61160243497752,-5.18039053057675,104.741768874284));
#2821=CARTESIAN_POINT('Ctrl Pts',(-10.0408092421366,-0.422246636118332,
104.622513186721));
#2822=CARTESIAN_POINT('Ctrl Pts',(-9.01613094513787,4.43909060606474,104.503257499158));
#2823=CARTESIAN_POINT('Ctrl Pts',(-5.78798983080516,8.2155533052388,104.384001811594));
#2824=CARTESIAN_POINT('Ctrl Pts',(-1.14531516846183,9.98420731351197,104.264746124031));
#2825=CARTESIAN_POINT('Ctrl Pts',(3.77726452951664,9.31280923123678,104.145490436468));
#2826=CARTESIAN_POINT('Ctrl Pts',(7.77671387506707,6.36544277390008,104.026234748905));
#2827=CARTESIAN_POINT('Ctrl Pts',(9.87560355320913,1.86241837725145,103.906979061342));
#2828=CARTESIAN_POINT('Ctrl Pts',(9.56098180559136,-3.09576476606877,103.787723373778));
#2829=CARTESIAN_POINT('Ctrl Pts',(6.90974287603084,-7.29737004182048,103.668467686215));
#2830=CARTESIAN_POINT('Ctrl Pts',(2.56981888344735,-9.7155631333698,103.549211998652));
#2831=CARTESIAN_POINT('Ctrl Pts',(-2.39813584717288,-9.75935709070425,103.429956311089));
#2832=CARTESIAN_POINT('Ctrl Pts',(-6.78002894776186,-7.41805306313879,103.310700623525));
#2833=CARTESIAN_POINT('Ctrl Pts',(-9.50489759405259,-3.26383669245636,103.191444935962));
#2834=CARTESIAN_POINT('Ctrl Pts',(-9.90694806138983,1.68802059137574,103.072189248399));
#2835=CARTESIAN_POINT('Ctrl Pts',(-7.88762951871938,6.22736507011949,102.952933560836));
#2836=CARTESIAN_POINT('Ctrl Pts',(-3.94106424658538,9.24473967833643,102.833677873273));
#2837=CARTESIAN_POINT('Ctrl Pts',(0.969515434957207,10.0028591222744,102.71442218571));
#2838=CARTESIAN_POINT('Ctrl Pts',(4.08371269464801,8.87803939273368,102.634918394001));
#2839=CARTESIAN_POINT('Ctrl Pts',(5.41196189293472,7.97688088913345,102.595166498146));
#2840=CARTESIAN_POINT('Ctrl Pts',(5.42857755186805,7.61760210061895,112.924833501854));
#2841=CARTESIAN_POINT('Ctrl Pts',(6.69700239406392,6.71367688457009,112.885081605999));
#2842=CARTESIAN_POINT('Ctrl Pts',(8.77212912616653,4.26062044928033,112.805577814291));
#2843=CARTESIAN_POINT('Ctrl Pts',(9.74110774262667,-0.462602921551239,112.686322126727));
#2844=CARTESIAN_POINT('Ctrl Pts',(8.32922806431725,-5.07196794677864,112.567066439164));
#2845=CARTESIAN_POINT('Ctrl Pts',(4.88184884779559,-8.44219031450075,112.447810751601));
#2846=CARTESIAN_POINT('Ctrl Pts',(0.241344180190337,-9.74902716281263,112.328555064038));
#2847=CARTESIAN_POINT('Ctrl Pts',(-4.45812170692255,-8.67337819290047,112.209299376474));
#2848=CARTESIAN_POINT('Ctrl Pts',(-8.0680721337761,-5.47798910012735,112.090043688911));
#2849=CARTESIAN_POINT('Ctrl Pts',(-9.70625214590228,-0.943848403681469,
111.970788001348));
#2850=CARTESIAN_POINT('Ctrl Pts',(-8.97231214457909,3.82097032010771,111.851532313785));
#2851=CARTESIAN_POINT('Ctrl Pts',(-6.0456171821916,7.65197295487606,111.732276626222));
#2852=CARTESIAN_POINT('Ctrl Pts',(-1.64142728854967,9.61290320167553,111.613020938659));
#2853=CARTESIAN_POINT('Ctrl Pts',(3.16391319080681,9.22452372259435,111.493765251095));
#2854=CARTESIAN_POINT('Ctrl Pts',(7.19602110453461,6.5817526080852,111.374509563532));
#2855=CARTESIAN_POINT('Ctrl Pts',(9.46948505894793,2.33045903088273,111.255253875969));
#2856=CARTESIAN_POINT('Ctrl Pts',(9.42869045428554,-2.4903780393848,111.135998188406));
#2857=CARTESIAN_POINT('Ctrl Pts',(7.08360717190038,-6.70258876242717,111.016742500843));
#2858=CARTESIAN_POINT('Ctrl Pts',(3.00735283949626,-9.27674595009878,110.897486813279));
#2859=CARTESIAN_POINT('Ctrl Pts',(-1.80387196868453,-9.58374835479463,110.778231125716));
#2860=CARTESIAN_POINT('Ctrl Pts',(-6.17424639750757,-7.54856728106582,110.658975438153));
#2861=CARTESIAN_POINT('Ctrl Pts',(-9.03568952534583,-3.6685830213489,110.53971975059));
#2862=CARTESIAN_POINT('Ctrl Pts',(-9.68888991959167,1.10797053618377,110.420464063027));
#2863=CARTESIAN_POINT('Ctrl Pts',(-7.97421117124426,5.61374587751533,110.301208375463));
#2864=CARTESIAN_POINT('Ctrl Pts',(-4.31070562583413,8.74757129665532,110.1819526879));
#2865=CARTESIAN_POINT('Ctrl Pts',(0.406298310584604,9.74356753271075,110.062697000337));
#2866=CARTESIAN_POINT('Ctrl Pts',(5.02400652753626,8.35832190055999,109.943441312774));
#2867=CARTESIAN_POINT('Ctrl Pts',(8.41389191166753,4.93037620073245,109.824185625211));
#2868=CARTESIAN_POINT('Ctrl Pts',(9.74749640812642,0.297490093198038,109.704929937647));
#2869=CARTESIAN_POINT('Ctrl Pts',(8.69889885385071,-4.40809996625314,109.585674250084));
#2870=CARTESIAN_POINT('Ctrl Pts',(5.52436723187704,-8.03638931793072,109.466418562521));
#2871=CARTESIAN_POINT('Ctrl Pts',(0.999729039171739,-9.7006560824635,109.347162874958));
#2872=CARTESIAN_POINT('Ctrl Pts',(-3.76923410299567,-8.99416815824611,109.227907187395));
#2873=CARTESIAN_POINT('Ctrl Pts',(-7.61702971312103,-6.0895849555965,109.108651499831));
#2874=CARTESIAN_POINT('Ctrl Pts',(-9.60329052052628,-1.69676096146906,108.989395812268));
#2875=CARTESIAN_POINT('Ctrl Pts',(-9.24259192277159,3.11073642906509,108.870140124705));
#2876=CARTESIAN_POINT('Ctrl Pts',(-6.623085472142,7.15799730446282,108.750884437142));
#2877=CARTESIAN_POINT('Ctrl Pts',(-2.38495541465627,9.45590684451243,108.631628749579));
#2878=CARTESIAN_POINT('Ctrl Pts',(2.43603668676645,9.4428762484067,108.512373062016));
#2879=CARTESIAN_POINT('Ctrl Pts',(6.66168293240143,7.12209007877231,108.393117374452));
#2880=CARTESIAN_POINT('Ctrl Pts',(9.25927269271244,3.06072798268402,108.273861686889));
#2881=CARTESIAN_POINT('Ctrl Pts',(9.59397796726794,-1.74864900582499,108.154605999326));
#2882=CARTESIAN_POINT('Ctrl Pts',(7.58399974244902,-6.13067161806343,108.035350311763));
#2883=CARTESIAN_POINT('Ctrl Pts',(3.72055894808414,-9.01441222131684,107.9160946242));
#2884=CARTESIAN_POINT('Ctrl Pts',(-1.05215360026902,-9.69511007588033,107.796838936636));
#2885=CARTESIAN_POINT('Ctrl Pts',(-5.56772909934247,-8.00640863673162,107.677583249073));
#2886=CARTESIAN_POINT('Ctrl Pts',(-8.72260077016514,-4.36101162418882,107.55832756151));
#2887=CARTESIAN_POINT('Ctrl Pts',(-9.7457458342338,0.350178121118324,107.439071873947));
#2888=CARTESIAN_POINT('Ctrl Pts',(-8.38711667236769,4.97578742573346,107.319816186384));
#2889=CARTESIAN_POINT('Ctrl Pts',(-4.97875025488974,8.38535822022117,107.20056049882));
#2890=CARTESIAN_POINT('Ctrl Pts',(-0.353621238000649,9.74562150927432,107.081304811257));
#2891=CARTESIAN_POINT('Ctrl Pts',(4.35792968694339,8.724140956315,106.962049123694));
#2892=CARTESIAN_POINT('Ctrl Pts',(8.00444107737203,5.57055738870669,106.842793436131));
#2893=CARTESIAN_POINT('Ctrl Pts',(9.69473774854035,1.05557878390107,106.723537748568));
#2894=CARTESIAN_POINT('Ctrl Pts',(9.01572611951068,-3.71737395481924,106.604282061005));
#2895=CARTESIAN_POINT('Ctrl Pts',(6.13335063667433,-7.5818333237814,106.485026373441));
#2896=CARTESIAN_POINT('Ctrl Pts',(1.75203841636049,-9.59335957679021,106.365770685878));
#2897=CARTESIAN_POINT('Ctrl Pts',(-3.05745652222999,-9.26035345959694,106.246514998315));
#2898=CARTESIAN_POINT('Ctrl Pts',(-7.1197360844472,-6.66419872676485,106.127259310752));
#2899=CARTESIAN_POINT('Ctrl Pts',(-9.44201501563798,-2.43937267068115,106.008003623189));
#2900=CARTESIAN_POINT('Ctrl Pts',(-9.45674885098315,2.38161452620208,105.888747935625));
#2901=CARTESIAN_POINT('Ctrl Pts',(-7.16033677122828,6.62055616278591,105.769492248062));
#2902=CARTESIAN_POINT('Ctrl Pts',(-3.11400161110183,9.24149233338661,105.650236560499));
#2903=CARTESIAN_POINT('Ctrl Pts',(1.69336804581109,9.60388938104762,105.530980872936));
#2904=CARTESIAN_POINT('Ctrl Pts',(6.08689350496069,7.61918066732737,105.411725185372));
#2905=CARTESIAN_POINT('Ctrl Pts',(8.99283593936774,3.77241147666778,105.292469497809));
#2906=CARTESIAN_POINT('Ctrl Pts',(9.70100867794478,-0.996301768093633,105.173213810246));
#2907=CARTESIAN_POINT('Ctrl Pts',(8.0383405563987,-5.52152765820051,105.053958122683));
#2908=CARTESIAN_POINT('Ctrl Pts',(4.41117298257178,-8.69734094426826,104.93470243512));
#2909=CARTESIAN_POINT('Ctrl Pts',(-0.294046317743949,-9.7476009020679,104.815446747557));
#2910=CARTESIAN_POINT('Ctrl Pts',(-4.92740329306771,-8.41563327155942,104.696191059993));
#2911=CARTESIAN_POINT('Ctrl Pts',(-8.35654641597384,-5.02695918076819,104.57693537243));
#2912=CARTESIAN_POINT('Ctrl Pts',(-9.74342337786666,-0.409740654001848,
104.457679684867));
#2913=CARTESIAN_POINT('Ctrl Pts',(-8.7490937144893,4.30761486893819,104.338423997304));
#2914=CARTESIAN_POINT('Ctrl Pts',(-5.61656277580283,7.97222735797539,104.219168309741));
#2915=CARTESIAN_POINT('Ctrl Pts',(-1.11139354590922,9.6884978692454,104.099912622177));
#2916=CARTESIAN_POINT('Ctrl Pts',(3.66539057099421,9.03698506654793,103.980656934614));
#2917=CARTESIAN_POINT('Ctrl Pts',(7.54638535062788,6.17691288003127,103.861401247051));
#2918=CARTESIAN_POINT('Ctrl Pts',(9.58311070457162,1.80725779353804,103.742145559488));
#2919=CARTESIAN_POINT('Ctrl Pts',(9.27780733539101,-3.00407527587606,103.622889871925));
#2920=CARTESIAN_POINT('Ctrl Pts',(6.70509205481534,-7.08123858822437,103.503634184361));
#2921=CARTESIAN_POINT('Ctrl Pts',(2.4937067104898,-9.42781031687755,103.384378496798));
#2922=CARTESIAN_POINT('Ctrl Pts',(-2.32710853409981,-9.47030719710021,103.265122809235));
#2923=CARTESIAN_POINT('Ctrl Pts',(-6.57921995719327,-7.198347253758,103.145867121672));
#2924=CARTESIAN_POINT('Ctrl Pts',(-9.22338421025654,-3.16716929521622,103.026611434109));
#2925=CARTESIAN_POINT('Ctrl Pts',(-9.61352685992432,1.63802527223702,102.907355746546));
#2926=CARTESIAN_POINT('Ctrl Pts',(-7.65401592594025,6.04292472284846,102.788100058982));
#2927=CARTESIAN_POINT('Ctrl Pts',(-3.82433891410962,8.9709315785216,102.668844371419));
#2928=CARTESIAN_POINT('Ctrl Pts',(0.940800599469872,9.70659725398155,102.549588683856));
#2929=CARTESIAN_POINT('Ctrl Pts',(3.96276244055579,8.61509211884753,102.470084892147));
#2930=CARTESIAN_POINT('Ctrl Pts',(5.25167192764266,7.74062387436633,102.430332996293));
#2931=CARTESIAN_POINT('Ctrl Pts',(5.26288812584087,7.38509991976298,112.76));
#2932=CARTESIAN_POINT('Ctrl Pts',(6.49259848306272,6.50876403973956,112.720248104146));
#2933=CARTESIAN_POINT('Ctrl Pts',(8.50438881554856,4.13057906182367,112.640744312437));
#2934=CARTESIAN_POINT('Ctrl Pts',(9.44379255548535,-0.448483493060448,112.521488624874));
#2935=CARTESIAN_POINT('Ctrl Pts',(8.07500584790046,-4.91716285282897,112.40223293731));
#2936=CARTESIAN_POINT('Ctrl Pts',(4.73284651231925,-8.18452029795275,112.282977249747));
#2937=CARTESIAN_POINT('Ctrl Pts',(0.233977945056236,-9.45147026148882,112.163721562184));
#2938=CARTESIAN_POINT('Ctrl Pts',(-4.32205224494625,-8.40865192883449,112.044465874621));
#2939=CARTESIAN_POINT('Ctrl Pts',(-7.82182084083264,-5.31079154955152,111.925210187058));
#2940=CARTESIAN_POINT('Ctrl Pts',(-9.41000081089532,-0.915040544022379,
111.805954499494));
#2941=CARTESIAN_POINT('Ctrl Pts',(-8.69846190753853,3.70434780285406,111.686698811931));
#2942=CARTESIAN_POINT('Ctrl Pts',(-5.86109465647899,7.41842171705084,111.567443124368));
#2943=CARTESIAN_POINT('Ctrl Pts',(-1.59132813408303,9.31950103532121,111.448187436805));
#2944=CARTESIAN_POINT('Ctrl Pts',(3.06734517541496,8.94297555894236,111.328931749242));
#2945=CARTESIAN_POINT('Ctrl Pts',(6.9763862931871,6.38086631670094,111.209676061679));
#2946=CARTESIAN_POINT('Ctrl Pts',(9.18046025839955,2.25932945494547,111.090420374115));
#2947=CARTESIAN_POINT('Ctrl Pts',(9.14091077450164,-2.41436746313461,110.971164686552));
#2948=CARTESIAN_POINT('Ctrl Pts',(6.86740342509927,-6.49801434595582,110.851908998989));
#2949=CARTESIAN_POINT('Ctrl Pts',(2.91556331248362,-8.99360387518396,110.732653311426));
#2950=CARTESIAN_POINT('Ctrl Pts',(-1.74881472610817,-9.29123604398707,110.613397623862));
#2951=CARTESIAN_POINT('Ctrl Pts',(-5.98579788922358,-7.31817216039613,110.494141936299));
#2952=CARTESIAN_POINT('Ctrl Pts',(-8.75990490277942,-3.55661162380826,110.374886248736));
#2953=CARTESIAN_POINT('Ctrl Pts',(-9.39316850928127,1.07415338971376,110.255630561173));
#2954=CARTESIAN_POINT('Ctrl Pts',(-7.73082467462354,5.44240479904295,110.13637487361));
#2955=CARTESIAN_POINT('Ctrl Pts',(-4.1791355535468,8.48058053279012,110.017119186047));
#2956=CARTESIAN_POINT('Ctrl Pts',(0.39389739464791,9.44617726858963,109.897863498483));
#2957=CARTESIAN_POINT('Ctrl Pts',(4.87066529772959,8.10321169074495,109.77860781092));
#2958=CARTESIAN_POINT('Ctrl Pts',(8.15708561053635,4.77989272785356,109.659352123357));
#2959=CARTESIAN_POINT('Ctrl Pts',(9.44998622804088,0.288410189241644,109.540096435794));
#2960=CARTESIAN_POINT('Ctrl Pts',(8.43339365577776,-4.27355725293635,109.420840748231));
#2961=CARTESIAN_POINT('Ctrl Pts',(5.35575414178713,-7.79110503844931,109.301585060667));
#2962=CARTESIAN_POINT('Ctrl Pts',(0.969215607411682,-9.40457554883688,109.182329373104));
#2963=CARTESIAN_POINT('Ctrl Pts',(-3.6541906631405,-8.7196508384707,109.063073685541));
#2964=CARTESIAN_POINT('Ctrl Pts',(-7.38454500250567,-5.90372045860881,108.943817997978));
#2965=CARTESIAN_POINT('Ctrl Pts',(-9.3101817495609,-1.64497292913001,108.824562310415));
#2966=CARTESIAN_POINT('Ctrl Pts',(-8.96049228689909,3.01579145894557,108.705306622851));
#2967=CARTESIAN_POINT('Ctrl Pts',(-6.42093763140044,6.93952304420795,108.586050935288));
#2968=CARTESIAN_POINT('Ctrl Pts',(-2.31216251633636,9.167296474178,108.466795247725));
#2969=CARTESIAN_POINT('Ctrl Pts',(2.3616847010842,9.15466359404277,108.347539560162));
#2970=CARTESIAN_POINT('Ctrl Pts',(6.45835703148197,6.90471176815766,108.228283872599));
#2971=CARTESIAN_POINT('Ctrl Pts',(8.9766639313516,2.96730935545969,108.109028185035));
#2972=CARTESIAN_POINT('Ctrl Pts',(9.30115343127746,-1.69527726206158,107.989772497472));
#2973=CARTESIAN_POINT('Ctrl Pts',(7.35252316275378,-5.94355308621,107.870516809909));
#2974=CARTESIAN_POINT('Ctrl Pts',(3.60700115679934,-8.7392770182822,107.751261122346));
#2975=CARTESIAN_POINT('Ctrl Pts',(-1.02004008168053,-9.39919881581364,107.632005434783));
#2976=CARTESIAN_POINT('Ctrl Pts',(-5.39779253125798,-7.76203941866588,107.51274974722));
#2977=CARTESIAN_POINT('Ctrl Pts',(-8.4563721492669,-4.22790612721363,107.393494059656));
#2978=CARTESIAN_POINT('Ctrl Pts',(-9.44828908464285,0.339490088877657,107.274238372093));
#2979=CARTESIAN_POINT('Ctrl Pts',(-8.13112759710994,4.82391792498011,107.15498268453));
#2980=CARTESIAN_POINT('Ctrl Pts',(-4.82679032354795,8.12942281591573,107.035726996967));
#2981=CARTESIAN_POINT('Ctrl Pts',(-0.342828115972724,9.44816855429272,106.916471309404));
#2982=CARTESIAN_POINT('Ctrl Pts',(4.22491825593822,8.45786532631415,106.79721562184));
#2983=CARTESIAN_POINT('Ctrl Pts',(7.76013191256664,5.4005344964172,106.677959934277));
#2984=CARTESIAN_POINT('Ctrl Pts',(9.39883785253776,1.02336072287864,106.558704246714));
#2985=CARTESIAN_POINT('Ctrl Pts',(8.74055081406699,-3.60391337494957,106.439448559151));
#2986=CARTESIAN_POINT('Ctrl Pts',(5.94615033661333,-7.35042286687103,106.320192871588));
#2987=CARTESIAN_POINT('Ctrl Pts',(1.69856322201893,-9.30055391512957,106.200937184024));
#2988=CARTESIAN_POINT('Ctrl Pts',(-2.96413774554659,-8.97771171139136,106.081681496461));
#2989=CARTESIAN_POINT('Ctrl Pts',(-6.90242962174572,-6.46079603951967,105.962425808898));
#2990=CARTESIAN_POINT('Ctrl Pts',(-9.15382864756394,-2.36491886509215,105.843170121335));
#2991=CARTESIAN_POINT('Ctrl Pts',(-9.16811278117818,2.30892359748382,105.723914433772));
#2992=CARTESIAN_POINT('Ctrl Pts',(-6.94179110646608,6.41848552087065,105.604658746209));
#2993=CARTESIAN_POINT('Ctrl Pts',(-3.01895698206937,8.95942625885359,105.485403058645));
#2994=CARTESIAN_POINT('Ctrl Pts',(1.64168357103249,9.31076233183989,105.366147371082));
#2995=CARTESIAN_POINT('Ctrl Pts',(5.90111115562711,7.38663030592882,105.246891683519));
#2996=CARTESIAN_POINT('Ctrl Pts',(8.71835928117986,3.65727105796041,105.127635995956));
#2997=CARTESIAN_POINT('Ctrl Pts',(9.40491738250397,-0.96589294247992,105.008380308393));
#2998=CARTESIAN_POINT('Ctrl Pts',(7.79299672179833,-5.35300123673202,104.889124620829));
#2999=CARTESIAN_POINT('Ctrl Pts',(4.27653647556683,-8.43188329624725,104.769868933266));
#3000=CARTESIAN_POINT('Ctrl Pts',(-0.285071523675546,-9.45008753264943,
104.650613245703));
#3001=CARTESIAN_POINT('Ctrl Pts',(-4.77701055839048,-8.15877382116064,104.53135755814));
#3002=CARTESIAN_POINT('Ctrl Pts',(-8.10149039697015,-4.87352783095962,104.412101870577));
#3003=CARTESIAN_POINT('Ctrl Pts',(-9.44603751359673,-0.397234671885365,
104.292846183013));
#3004=CARTESIAN_POINT('Ctrl Pts',(-8.48205648384073,4.17613913181163,104.17359049545));
#3005=CARTESIAN_POINT('Ctrl Pts',(-5.44513572080051,7.72890141071198,104.054334807887));
#3006=CARTESIAN_POINT('Ctrl Pts',(-1.07747192335661,9.39278842497881,103.935079120324));
#3007=CARTESIAN_POINT('Ctrl Pts',(3.55351661247178,8.76116090185909,103.815823432761));
#3008=CARTESIAN_POINT('Ctrl Pts',(7.31605682618868,5.98838298616244,103.696567745197));
#3009=CARTESIAN_POINT('Ctrl Pts',(9.29061785593413,1.75209720982465,103.577312057634));
#3010=CARTESIAN_POINT('Ctrl Pts',(8.99463286519064,-2.91238578568336,103.458056370071));
#3011=CARTESIAN_POINT('Ctrl Pts',(6.50044123359983,-6.86510713462826,103.338800682508));
#3012=CARTESIAN_POINT('Ctrl Pts',(2.41759453753225,-9.14005750038529,103.219544994945));
#3013=CARTESIAN_POINT('Ctrl Pts',(-2.25608122102675,-9.18125730349619,103.100289307381));
#3014=CARTESIAN_POINT('Ctrl Pts',(-6.37841096662468,-6.9786414443772,102.981033619818));
#3015=CARTESIAN_POINT('Ctrl Pts',(-8.94187082646049,-3.07050189797608,102.861777932255));
#3016=CARTESIAN_POINT('Ctrl Pts',(-9.32010565845881,1.5880299530983,102.742522244692));
#3017=CARTESIAN_POINT('Ctrl Pts',(-7.42040233316112,5.85848437557743,102.623266557129));
#3018=CARTESIAN_POINT('Ctrl Pts',(-3.70761358163385,8.69712347870677,102.504010869565));
#3019=CARTESIAN_POINT('Ctrl Pts',(0.912085763982528,9.41033538568865,102.384755182002));
#3020=CARTESIAN_POINT('Ctrl Pts',(3.84181218646357,8.35214484496139,102.305251390293));
#3021=CARTESIAN_POINT('Ctrl Pts',(5.0913819623506,7.50436685959921,102.265499494439));
#3022=CARTESIAN_POINT('',(5.57225185822667,8.21313790390065,102.76));
#3023=CARTESIAN_POINT('Ctrl Pts',(-9.02752500319757,0.865477227489283,102.76));
#3024=CARTESIAN_POINT('Ctrl Pts',(-9.0166326036236,1.08742639580912,102.76));
#3025=CARTESIAN_POINT('Ctrl Pts',(-8.99755278319187,1.30856347017112,102.76));
#3026=CARTESIAN_POINT('Ctrl Pts',(-8.97029420175893,1.52843561201898,102.76));
#3027=CARTESIAN_POINT('Ctrl Pts',(-8.94208844931215,1.75594778898844,102.76));
#3028=CARTESIAN_POINT('Ctrl Pts',(-8.90512642034843,1.98210621903749,102.76));
#3029=CARTESIAN_POINT('Ctrl Pts',(-8.85969001397162,2.20647293011785,102.76));
#3030=CARTESIAN_POINT('Ctrl Pts',(-8.81375186597416,2.4333172604955,102.76));
#3031=CARTESIAN_POINT('Ctrl Pts',(-8.75915103234679,2.65833069140789,102.76));
#3032=CARTESIAN_POINT('Ctrl Pts',(-8.69612523115279,2.88106032252566,102.76));
#3033=CARTESIAN_POINT('Ctrl Pts',(-8.63282559204546,3.10475768140359,102.76));
#3034=CARTESIAN_POINT('Ctrl Pts',(-8.56102744348262,3.32615199295868,102.76));
#3035=CARTESIAN_POINT('Ctrl Pts',(-8.48092007782338,3.54477472298498,102.76));
#3036=CARTESIAN_POINT('Ctrl Pts',(-8.40865961219526,3.74198230981028,102.76));
#3037=CARTESIAN_POINT('Ctrl Pts',(-8.32963729972781,3.93693491483034,102.76));
#3038=CARTESIAN_POINT('Ctrl Pts',(-8.24395812587421,4.12927531879287,102.76));
#3039=CARTESIAN_POINT('Ctrl Pts',(-8.22061342459221,4.18168162796943,102.76));
#3040=CARTESIAN_POINT('Ctrl Pts',(-8.19677435312506,4.23389392042346,102.76));
#3041=CARTESIAN_POINT('Ctrl Pts',(-8.17244263952411,4.2859047463283,102.76));
#3042=CARTESIAN_POINT('Ctrl Pts',(-8.16137811720952,4.30955597588256,102.76));
#3043=CARTESIAN_POINT('Ctrl Pts',(-8.15021399360382,4.33316063458751,102.76));
#3044=CARTESIAN_POINT('Ctrl Pts',(-8.13895399086242,4.35671101590651,102.76));
#3045=CARTESIAN_POINT('Ctrl Pts',(-8.03747062449377,4.56896424802428,102.76));
#3046=CARTESIAN_POINT('Ctrl Pts',(-7.92812096859048,4.77698549285223,102.76));
#3047=CARTESIAN_POINT('Ctrl Pts',(-7.81117528782225,4.98032420583334,102.76));
#3048=CARTESIAN_POINT('Ctrl Pts',(-7.69355757907749,5.18483140407134,102.76));
#3049=CARTESIAN_POINT('Ctrl Pts',(-7.56825610528765,5.38460274989731,102.76));
#3050=CARTESIAN_POINT('Ctrl Pts',(-7.43549464733403,5.57916847164658,102.76));
#3051=CARTESIAN_POINT('Ctrl Pts',(-7.39248363519373,5.64220234269044,102.76));
#3052=CARTESIAN_POINT('Ctrl Pts',(-7.34868925170243,5.70468971190692,102.76));
#3053=CARTESIAN_POINT('Ctrl Pts',(-7.30411801430252,5.7666141741921,102.76));
#3054=CARTESIAN_POINT('Ctrl Pts',(-7.16716701295374,5.95688524613587,102.76));
#3055=CARTESIAN_POINT('Ctrl Pts',(-7.02288502423609,6.14184401615733,102.76));
#3056=CARTESIAN_POINT('Ctrl Pts',(-6.87169159732522,6.32120410668702,102.76));
#3057=CARTESIAN_POINT('Ctrl Pts',(-6.7199516566589,6.50121252405641,102.76));
#3058=CARTESIAN_POINT('Ctrl Pts',(-6.56124977053397,6.67558218743719,102.76));
#3059=CARTESIAN_POINT('Ctrl Pts',(-6.39596878111169,6.84399110842161,102.76));
#3060=CARTESIAN_POINT('Ctrl Pts',(-6.29976373799362,6.94201682548323,102.76));
#3061=CARTESIAN_POINT('Ctrl Pts',(-6.20132892640935,7.03802237089276,102.76));
#3062=CARTESIAN_POINT('Ctrl Pts',(-6.10073437494714,7.13193822249516,102.76));
#3063=CARTESIAN_POINT('Ctrl Pts',(-6.08104688471246,7.15031861571156,102.76));
#3064=CARTESIAN_POINT('Ctrl Pts',(-6.06127665896855,7.16861895280636,102.76));
#3065=CARTESIAN_POINT('Ctrl Pts',(-6.04142420672948,7.18683869068163,102.76));
#3066=CARTESIAN_POINT('Ctrl Pts',(-6.0201913227917,7.20632533016695,102.76));
#3067=CARTESIAN_POINT('Ctrl Pts',(-5.99887003245676,7.22571455228132,102.76));
#3068=CARTESIAN_POINT('Ctrl Pts',(-5.97746687595024,7.24500072348934,102.76));
#3069=CARTESIAN_POINT('Ctrl Pts',(-5.80064686279978,7.40433147666983,102.76));
#3070=CARTESIAN_POINT('Ctrl Pts',(-5.61812252810935,7.55674203449418,102.76));
#3071=CARTESIAN_POINT('Ctrl Pts',(-5.43036247765947,7.70197479743592,102.76));
#3072=CARTESIAN_POINT('Ctrl Pts',(-5.24143816658213,7.84810811822957,102.76));
#3073=CARTESIAN_POINT('Ctrl Pts',(-5.04721254672051,7.9869748240603,102.76));
#3074=CARTESIAN_POINT('Ctrl Pts',(-4.84811957886018,8.11828183968136,102.76));
#3075=CARTESIAN_POINT('Ctrl Pts',(-4.64938980193738,8.24934932138708,102.76));
#3076=CARTESIAN_POINT('Ctrl Pts',(-4.44580990858815,8.37288510718372,102.76));
#3077=CARTESIAN_POINT('Ctrl Pts',(-4.23777574040567,8.48856050571374,102.76));
#3078=CARTESIAN_POINT('Ctrl Pts',(-4.07141915670267,8.58106148421194,102.76));
#3079=CARTESIAN_POINT('Ctrl Pts',(-3.9022134778186,8.66853546805524,102.76));
#3080=CARTESIAN_POINT('Ctrl Pts',(-3.73034790728393,8.75079432777301,102.76));
#3081=CARTESIAN_POINT('Ctrl Pts',(-3.54986879716262,8.83717582789122,102.76));
#3082=CARTESIAN_POINT('Ctrl Pts',(-3.36645633301241,8.91780660644913,102.76));
#3083=CARTESIAN_POINT('Ctrl Pts',(-3.18039856613826,8.99262775935311,102.76));
#3084=CARTESIAN_POINT('Ctrl Pts',(-3.12933950694098,9.01316061718279,102.76));
#3085=CARTESIAN_POINT('Ctrl Pts',(-3.07808118171549,9.03325581289428,102.76));
#3086=CARTESIAN_POINT('Ctrl Pts',(-3.02662944297597,9.05291180382476,102.76));
#3087=CARTESIAN_POINT('Ctrl Pts',(-2.99574395392567,9.06471091708175,102.76));
#3088=CARTESIAN_POINT('Ctrl Pts',(-2.96478877012099,9.0763517658813,102.76));
#3089=CARTESIAN_POINT('Ctrl Pts',(-2.93376515177567,9.08783399177405,102.76));
#3090=CARTESIAN_POINT('Ctrl Pts',(-2.90860373402549,9.09714654452574,102.76));
#3091=CARTESIAN_POINT('Ctrl Pts',(-2.88339702359176,9.10635481428832,102.76));
#3092=CARTESIAN_POINT('Ctrl Pts',(-2.85815988293329,9.11545361164842,102.76));
#3093=CARTESIAN_POINT('Ctrl Pts',(-2.63422897865984,9.19618787343432,102.76));
#3094=CARTESIAN_POINT('Ctrl Pts',(-2.40763346757726,9.26840809363922,102.76));
#3095=CARTESIAN_POINT('Ctrl Pts',(-2.17890643394044,9.33212936954753,102.76));
#3096=CARTESIAN_POINT('Ctrl Pts',(-1.9472462417339,9.39666779681539,102.76));
#3097=CARTESIAN_POINT('Ctrl Pts',(-1.71339894343302,9.45248813585312,102.76));
#3098=CARTESIAN_POINT('Ctrl Pts',(-1.47788980173635,9.49956103279002,102.76));
#3099=CARTESIAN_POINT('Ctrl Pts',(-1.24073463278484,9.54696293296968,102.76));
#3100=CARTESIAN_POINT('Ctrl Pts',(-1.00189368343888,9.58549489702286,102.76));
#3101=CARTESIAN_POINT('Ctrl Pts',(-0.761883556577597,9.61507829387881,102.76));
#3102=CARTESIAN_POINT('Ctrl Pts',(-0.522728978933723,9.64455623663431,102.76));
#3103=CARTESIAN_POINT('Ctrl Pts',(-0.282412888907761,9.66514942921265,102.76));
#3104=CARTESIAN_POINT('Ctrl Pts',(-0.041436500973693,9.67672949337547,102.76));
#3105=CARTESIAN_POINT('Ctrl Pts',(0.121300382324328,9.68454977637666,102.76));
#3106=CARTESIAN_POINT('Ctrl Pts',(0.284338598937714,9.68825847810586,102.76));
#3107=CARTESIAN_POINT('Ctrl Pts',(0.447524055734402,9.68780244196969,102.76));
#3108=CARTESIAN_POINT('Ctrl Pts',(0.534163983362275,9.68756031905869,102.76));
#3109=CARTESIAN_POINT('Ctrl Pts',(0.6208454079792,9.68614402720917,102.76));
#3110=CARTESIAN_POINT('Ctrl Pts',(0.707545134065689,9.6835443097352,102.76));
#3111=CARTESIAN_POINT('Ctrl Pts',(0.748527390763351,9.68231544438961,102.76));
#3112=CARTESIAN_POINT('Ctrl Pts',(0.789519275245248,9.68082183942468,102.76));
#3113=CARTESIAN_POINT('Ctrl Pts',(0.830486210601537,9.67906402416369,102.76));
#3114=CARTESIAN_POINT('Ctrl Pts',(0.866088999237565,9.67753637449563,102.76));
#3115=CARTESIAN_POINT('Ctrl Pts',(0.901676835399716,9.6758091119967,102.76));
#3116=CARTESIAN_POINT('Ctrl Pts',(0.937248086213896,9.67388206929956,102.76));
#3117=CARTESIAN_POINT('Ctrl Pts',(1.17834711010768,9.66082073176861,102.76));
#3118=CARTESIAN_POINT('Ctrl Pts',(1.41868357818487,9.63858579578021,102.76));
#3119=CARTESIAN_POINT('Ctrl Pts',(1.65779299786647,9.60742873731852,102.76));
#3120=CARTESIAN_POINT('Ctrl Pts',(1.89935800655884,9.57595170430097,102.76));
#3121=CARTESIAN_POINT('Ctrl Pts',(2.13967124082975,9.5353682740178,102.76));
#3122=CARTESIAN_POINT('Ctrl Pts',(2.37825624988568,9.48588426149422,102.76));
#3123=CARTESIAN_POINT('Ctrl Pts',(2.61772701679417,9.43621653729133,102.76));
#3124=CARTESIAN_POINT('Ctrl Pts',(2.85545734023844,9.37758188846949,102.76));
#3125=CARTESIAN_POINT('Ctrl Pts',(3.09095855081787,9.31013649415887,102.76));
#3126=CARTESIAN_POINT('Ctrl Pts',(3.14337063165633,9.29512615323496,102.76));
#3127=CARTESIAN_POINT('Ctrl Pts',(3.19567225380476,9.27967920923465,102.76));
#3128=CARTESIAN_POINT('Ctrl Pts',(3.2478579343824,9.26379704570702,102.76));
#3129=CARTESIAN_POINT('Ctrl Pts',(3.27975674310113,9.25408897845946,102.76));
#3130=CARTESIAN_POINT('Ctrl Pts',(3.31160368907631,9.24422088479503,102.76));
#3131=CARTESIAN_POINT('Ctrl Pts',(3.34339459939392,9.23419429343681,102.76));
#3132=CARTESIAN_POINT('Ctrl Pts',(3.5786908431707,9.15998379550186,102.76));
#3133=CARTESIAN_POINT('Ctrl Pts',(3.81097084174986,9.07707892338605,102.76));
#3134=CARTESIAN_POINT('Ctrl Pts',(4.03975149280446,8.98570139401738,102.76));
#3135=CARTESIAN_POINT('Ctrl Pts',(4.26892430131533,8.89416723261138,102.76));
#3136=CARTESIAN_POINT('Ctrl Pts',(4.49458639953339,8.79413117643503,102.76));
#3137=CARTESIAN_POINT('Ctrl Pts',(4.71624257133324,8.6857647182552,102.76));
#3138=CARTESIAN_POINT('Ctrl Pts',(4.93627193761573,8.57819359616113,102.76));
#3139=CARTESIAN_POINT('Ctrl Pts',(5.15235457430511,8.46241367579703,102.76));
#3140=CARTESIAN_POINT('Ctrl Pts',(5.36398727563469,8.33854517708608,102.76));
#3141=CARTESIAN_POINT('Ctrl Pts',(5.43390089077479,8.29762477824199,102.76));
#3142=CARTESIAN_POINT('Ctrl Pts',(5.50332867612109,8.25582127190596,102.76));
#3143=CARTESIAN_POINT('Ctrl Pts',(5.57225185822678,8.21313790390057,102.76));
#3144=CARTESIAN_POINT('Ctrl Pts',(4.32704971924177,-8.93259921412632,112.76));
#3145=CARTESIAN_POINT('Ctrl Pts',(4.54071996169553,-8.81814199183903,112.76));
#3146=CARTESIAN_POINT('Ctrl Pts',(4.74975355011386,-8.6960316407949,112.76));
#3147=CARTESIAN_POINT('Ctrl Pts',(4.95370495665278,-8.56643156834474,112.76));
#3148=CARTESIAN_POINT('Ctrl Pts',(5.1604217774821,-8.43507422489325,112.76));
#3149=CARTESIAN_POINT('Ctrl Pts',(5.36191832693719,-8.2960225902787,112.76));
#3150=CARTESIAN_POINT('Ctrl Pts',(5.55787399807302,-8.14969327497978,112.76));
#3151=CARTESIAN_POINT('Ctrl Pts',(5.75483796175894,-8.0026110202144,112.76));
#3152=CARTESIAN_POINT('Ctrl Pts',(5.94620434366666,-7.8481755171361,112.76));
#3153=CARTESIAN_POINT('Ctrl Pts',(6.13161397575056,-7.68676917484154,112.76));
#3154=CARTESIAN_POINT('Ctrl Pts',(6.31655526870568,-7.52577054009099,112.76));
#3155=CARTESIAN_POINT('Ctrl Pts',(6.49557028934155,-7.35783572202015,112.76));
#3156=CARTESIAN_POINT('Ctrl Pts',(6.6682626676893,-7.18331142813862,112.76));
#3157=CARTESIAN_POINT('Ctrl Pts',(6.82576528239621,-7.02413803045188,112.76));
#3158=CARTESIAN_POINT('Ctrl Pts',(6.97800838228733,-6.85948272121379,112.76));
#3159=CARTESIAN_POINT('Ctrl Pts',(7.12465767031602,-6.68959002566425,112.76));
#3160=CARTESIAN_POINT('Ctrl Pts',(7.1670665086887,-6.64045953234164,112.76));
#3161=CARTESIAN_POINT('Ctrl Pts',(7.20900732620182,-6.59089095031395,112.76));
#3162=CARTESIAN_POINT('Ctrl Pts',(7.25047148469878,-6.54088997718506,112.76));
#3163=CARTESIAN_POINT('Ctrl Pts',(7.26813605605107,-6.51958854989132,112.76));
#3164=CARTESIAN_POINT('Ctrl Pts',(7.28571442107257,-6.49820820507933,112.76));
#3165=CARTESIAN_POINT('Ctrl Pts',(7.3031959787142,-6.47676173737914,112.76));
#3166=CARTESIAN_POINT('Ctrl Pts',(7.45704908680957,-6.28801392777414,112.76));
#3167=CARTESIAN_POINT('Ctrl Pts',(7.60359654073155,-6.09392049450066,112.76));
#3168=CARTESIAN_POINT('Ctrl Pts',(7.74251740551708,-5.89487024312154,112.76));
#3169=CARTESIAN_POINT('Ctrl Pts',(7.88103405619352,-5.69639916262615,112.76));
#3170=CARTESIAN_POINT('Ctrl Pts',(8.01196882625008,-5.4929995450871,112.76));
#3171=CARTESIAN_POINT('Ctrl Pts',(8.1349626767773,-5.28502543623215,112.76));
#3172=CARTESIAN_POINT('Ctrl Pts',(8.18300118391848,-5.203795637583,112.76));
#3173=CARTESIAN_POINT('Ctrl Pts',(8.22982783070886,-5.12186770348509,112.76));
#3174=CARTESIAN_POINT('Ctrl Pts',(8.27541932441016,-5.03926168490927,112.76));
#3175=CARTESIAN_POINT('Ctrl Pts',(8.39265652633771,-4.82684270728914,112.76));
#3176=CARTESIAN_POINT('Ctrl Pts',(8.50172984553526,-4.60994100990979,112.76));
#3177=CARTESIAN_POINT('Ctrl Pts',(8.60250016530465,-4.38906093810474,112.76));
#3178=CARTESIAN_POINT('Ctrl Pts',(8.70293487599806,-4.16891649318835,112.76));
#3179=CARTESIAN_POINT('Ctrl Pts',(8.79512192367769,-3.94481946980466,112.76));
#3180=CARTESIAN_POINT('Ctrl Pts',(8.87887310271078,-3.71725879591888,112.76));
#3181=CARTESIAN_POINT('Ctrl Pts',(8.92696485213086,-3.58658850527072,112.76));
#3182=CARTESIAN_POINT('Ctrl Pts',(8.97227409751694,-3.45477600413568,112.76));
#3183=CARTESIAN_POINT('Ctrl Pts',(9.0147573924216,-3.32191358667679,112.76));
#3184=CARTESIAN_POINT('Ctrl Pts',(9.02424785578835,-3.29223307558315,112.76));
#3185=CARTESIAN_POINT('Ctrl Pts',(9.03359726892507,-3.26250017020347,112.76));
#3186=CARTESIAN_POINT('Ctrl Pts',(9.04280510759087,-3.23271590217733,112.76));
#3187=CARTESIAN_POINT('Ctrl Pts',(9.05145336568577,-3.20474168950847,112.76));
#3188=CARTESIAN_POINT('Ctrl Pts',(9.05997448501668,-3.1767293593013,112.76));
#3189=CARTESIAN_POINT('Ctrl Pts',(9.06836597596739,-3.14868756562957,112.76));
#3190=CARTESIAN_POINT('Ctrl Pts',(9.1373134498177,-2.91828621654225,112.76));
#3191=CARTESIAN_POINT('Ctrl Pts',(9.19756426740172,-2.68573502523656,112.76));
#3192=CARTESIAN_POINT('Ctrl Pts',(9.24903747826678,-2.45153773630066,112.76));
#3193=CARTESIAN_POINT('Ctrl Pts',(9.30052318965109,-2.21728357141568,112.76));
#3194=CARTESIAN_POINT('Ctrl Pts',(9.34322715484957,-1.9813818501884,112.76));
#3195=CARTESIAN_POINT('Ctrl Pts',(9.37701795239744,-1.74432341006562,112.76));
#3196=CARTESIAN_POINT('Ctrl Pts',(9.4104465546176,-1.50980594161678,112.76));
#3197=CARTESIAN_POINT('Ctrl Pts',(9.43515207687124,-1.27415578802975,112.76));
#3198=CARTESIAN_POINT('Ctrl Pts',(9.45095689969378,-1.03784479914457,112.76));
#3199=CARTESIAN_POINT('Ctrl Pts',(9.4640450775757,-0.842152617542278,112.76));
#3200=CARTESIAN_POINT('Ctrl Pts',(9.47102855097247,-0.646007031543059,112.76));
#3201=CARTESIAN_POINT('Ctrl Pts',(9.47177948562018,-0.449678794481037,112.76));
#3202=CARTESIAN_POINT('Ctrl Pts',(9.47252636312275,-0.25441127842446,112.76));
#3203=CARTESIAN_POINT('Ctrl Pts',(9.46710761443907,-0.0589628364710018,
112.76));
#3204=CARTESIAN_POINT('Ctrl Pts',(9.45556006025839,0.136383592102719,112.76));
#3205=CARTESIAN_POINT('Ctrl Pts',(9.4497890403606,0.234010163809924,112.76));
#3206=CARTESIAN_POINT('Ctrl Pts',(9.44248694387606,0.331611135494055,112.76));
#3207=CARTESIAN_POINT('Ctrl Pts',(9.43365637865417,0.429150314051014,112.76));
#3208=CARTESIAN_POINT('Ctrl Pts',(9.43113113680954,0.457043207540116,112.76));
#3209=CARTESIAN_POINT('Ctrl Pts',(9.42848153606037,0.48492371912647,112.76));
#3210=CARTESIAN_POINT('Ctrl Pts',(9.42570857176929,0.512784026118565,112.76));
#3211=CARTESIAN_POINT('Ctrl Pts',(9.40234288341567,0.747541917775734,112.76));
#3212=CARTESIAN_POINT('Ctrl Pts',(9.37020846591346,0.981021532018779,112.76));
#3213=CARTESIAN_POINT('Ctrl Pts',(9.3294928014515,1.21274587215912,112.76));
#3214=CARTESIAN_POINT('Ctrl Pts',(9.28849414715395,1.4460807873394,112.76));
#3215=CARTESIAN_POINT('Ctrl Pts',(9.2387943941152,1.6776365980265,112.76));
#3216=CARTESIAN_POINT('Ctrl Pts',(9.18053276582281,1.90691938330432,112.76));
#3217=CARTESIAN_POINT('Ctrl Pts',(9.12249305466598,2.13532883598856,112.76));
#3218=CARTESIAN_POINT('Ctrl Pts',(9.05595634015427,2.3614831727,112.76));
#3219=CARTESIAN_POINT('Ctrl Pts',(8.98101162358786,2.58487768145084,112.76));
#3220=CARTESIAN_POINT('Ctrl Pts',(8.90675666038807,2.80621617983092,112.76));
#3221=CARTESIAN_POINT('Ctrl Pts',(8.82424750206453,3.02484599025497,112.76));
#3222=CARTESIAN_POINT('Ctrl Pts',(8.73352646858623,3.24025117543659,112.76));
#3223=CARTESIAN_POINT('Ctrl Pts',(8.67532718295698,3.37843773943122,112.76));
#3224=CARTESIAN_POINT('Ctrl Pts',(8.61374744517195,3.51529669025295,112.76));
#3225=CARTESIAN_POINT('Ctrl Pts',(8.54878938532722,3.6506846513189,112.76));
#3226=CARTESIAN_POINT('Ctrl Pts',(8.51239880220048,3.7265312339186,112.76));
#3227=CARTESIAN_POINT('Ctrl Pts',(8.47494783311931,3.80191604821945,112.76));
#3228=CARTESIAN_POINT('Ctrl Pts',(8.43643592149424,3.87681297678868,112.76));
#3229=CARTESIAN_POINT('Ctrl Pts',(8.42089354840024,3.90703936541228,112.76));
#3230=CARTESIAN_POINT('Ctrl Pts',(8.40517749102915,3.93718781819656,112.76));
#3231=CARTESIAN_POINT('Ctrl Pts',(8.38929791975075,3.96723760392036,112.76));
#3232=CARTESIAN_POINT('Ctrl Pts',(8.37428880838529,3.99564017049658,112.76));
#3233=CARTESIAN_POINT('Ctrl Pts',(8.35913167246382,4.02395842659074,112.76));
#3234=CARTESIAN_POINT('Ctrl Pts',(8.34382679795768,4.05219111842943,112.76));
#3235=CARTESIAN_POINT('Ctrl Pts',(8.23240348353428,4.25773217650861,112.76));
#3236=CARTESIAN_POINT('Ctrl Pts',(8.11315345522217,4.45874037565516,112.76));
#3237=CARTESIAN_POINT('Ctrl Pts',(7.98645902372659,4.65486911420448,112.76));
#3238=CARTESIAN_POINT('Ctrl Pts',(7.85922415373131,4.85183447611568,112.76));
#3239=CARTESIAN_POINT('Ctrl Pts',(7.72448077225869,5.04387915813137,112.76));
#3240=CARTESIAN_POINT('Ctrl Pts',(7.58257420400779,5.23062032453516,112.76));
#3241=CARTESIAN_POINT('Ctrl Pts',(7.44117892656114,5.41668866062295,112.76));
#3242=CARTESIAN_POINT('Ctrl Pts',(7.29267149041145,5.59749208211706,112.76));
#3243=CARTESIAN_POINT('Ctrl Pts',(7.13735925403262,5.77261333730115,112.76));
#3244=CARTESIAN_POINT('Ctrl Pts',(7.11181435185126,5.80141631791527,112.76));
#3245=CARTESIAN_POINT('Ctrl Pts',(7.08608530131394,5.83006549179892,112.76));
#3246=CARTESIAN_POINT('Ctrl Pts',(7.06017339514045,5.85855888893723,112.76));
#3247=CARTESIAN_POINT('Ctrl Pts',(7.03824690150292,5.88266982415293,112.76));
#3248=CARTESIAN_POINT('Ctrl Pts',(7.01619516896557,5.90666293297078,112.76));
#3249=CARTESIAN_POINT('Ctrl Pts',(6.99402198911577,5.93053421050907,112.76));
#3250=CARTESIAN_POINT('Ctrl Pts',(6.83562503033499,6.10106174827715,112.76));
#3251=CARTESIAN_POINT('Ctrl Pts',(6.67098783537535,6.26542527210862,112.76));
#3252=CARTESIAN_POINT('Ctrl Pts',(6.50045758741785,6.42325958231622,112.76));
#3253=CARTESIAN_POINT('Ctrl Pts',(6.33068753976234,6.58039028895951,112.76));
#3254=CARTESIAN_POINT('Ctrl Pts',(6.15507636133867,6.73105029131696,112.76));
#3255=CARTESIAN_POINT('Ctrl Pts',(5.9739344329404,6.87483911518063,112.76));
#3256=CARTESIAN_POINT('Ctrl Pts',(5.79541896171339,7.01654308110489,112.76));
#3257=CARTESIAN_POINT('Ctrl Pts',(5.61153146397677,7.15157400673019,112.76));
#3258=CARTESIAN_POINT('Ctrl Pts',(5.4225451677234,7.27950406151134,112.76));
#3259=CARTESIAN_POINT('Ctrl Pts',(5.36972270341413,7.31526104964608,112.76));
#3260=CARTESIAN_POINT('Ctrl Pts',(5.31650178735625,7.35046301244541,112.76));
#3261=CARTESIAN_POINT('Ctrl Pts',(5.26288812584087,7.38509991976298,112.76));
#3262=CARTESIAN_POINT('Ctrl Pts',(5.57225185822643,8.2131379039008,102.76));
#3263=CARTESIAN_POINT('Ctrl Pts',(4.20466294873998,9.14098666661991,102.799751895854));
#3264=CARTESIAN_POINT('Ctrl Pts',(2.60144660959231,9.72005382859358,102.839503791709));
#3265=CARTESIAN_POINT('Ctrl Pts',(0.957168465100925,9.87949187417777,102.879255687563));
#3266=CARTESIAN_POINT('Ctrl Pts',(-0.687109679390642,10.038929919762,102.919007583418));
#3267=CARTESIAN_POINT('Ctrl Pts',(-2.37244962922589,9.77873884895663,102.958759479272));
#3268=CARTESIAN_POINT('Ctrl Pts',(-3.89236185954976,9.13085292009382,102.998511375126));
#3269=CARTESIAN_POINT('Ctrl Pts',(-5.41227408987359,8.48296699123102,103.038263270981));
#3270=CARTESIAN_POINT('Ctrl Pts',(-6.76675860068606,7.44738620431076,103.078015166835));
#3271=CARTESIAN_POINT('Ctrl Pts',(-7.79052188131841,6.15063089303798,103.11776706269));
#3272=CARTESIAN_POINT('Ctrl Pts',(-8.81428516195079,4.85387558176517,103.157518958544));
#3273=CARTESIAN_POINT('Ctrl Pts',(-9.50732721240307,3.29594574613982,103.197270854398));
#3274=CARTESIAN_POINT('Ctrl Pts',(-9.78485519012809,1.66722749495862,103.237022750253));
#3275=CARTESIAN_POINT('Ctrl Pts',(-9.87861776220253,1.11696653147971,103.250452891713));
#3276=CARTESIAN_POINT('Ctrl Pts',(-9.92495272650445,0.558625636590091,103.263883033174));
#3277=CARTESIAN_POINT('Ctrl Pts',(-9.92451224170334,0.000212984653196191,
103.277313174635));
#3278=CARTESIAN_POINT('Origin',(0.,0.,102.76));
#3279=CARTESIAN_POINT('Origin',(0.,0.,102.76));
#3280=CARTESIAN_POINT('',(-3.,3.67394039744206E-16,102.76));
#3281=CARTESIAN_POINT('Origin',(0.,0.,102.76));
#3282=CARTESIAN_POINT('Origin',(0.,0.,112.76));
#3283=CARTESIAN_POINT('Origin',(0.,0.,112.76));
#3284=CARTESIAN_POINT('Origin',(0.,0.,112.76));
#3285=CARTESIAN_POINT('',(-3.,3.67394039744206E-16,112.76));
#3286=CARTESIAN_POINT('Origin',(0.,0.,112.76));
#3287=CARTESIAN_POINT('Origin',(0.,0.,112.76));
#3288=CARTESIAN_POINT('',(0.,4.33680868994202E-18,-12.57));
#3289=UNCERTAINTY_MEASURE_WITH_UNIT(LENGTH_MEASURE(0.01),#3295,
'DISTANCE_ACCURACY_VALUE',
'Maximum model space distance between geometric entities at asserted c
onnectivities');
#3290=UNCERTAINTY_MEASURE_WITH_UNIT(LENGTH_MEASURE(0.01),#3295,
'DISTANCE_ACCURACY_VALUE',
'Maximum model space distance between geometric entities at asserted c
onnectivities');
#3291=UNCERTAINTY_MEASURE_WITH_UNIT(LENGTH_MEASURE(0.01),#3295,
'DISTANCE_ACCURACY_VALUE',
'Maximum model space distance between geometric entities at asserted c
onnectivities');
#3292=(
GEOMETRIC_REPRESENTATION_CONTEXT(3)
GLOBAL_UNCERTAINTY_ASSIGNED_CONTEXT((#3289))
GLOBAL_UNIT_ASSIGNED_CONTEXT((#3295,#3297,#3298))
REPRESENTATION_CONTEXT('','3D')
);
#3293=(
GEOMETRIC_REPRESENTATION_CONTEXT(3)
GLOBAL_UNCERTAINTY_ASSIGNED_CONTEXT((#3290))
GLOBAL_UNIT_ASSIGNED_CONTEXT((#3295,#3297,#3298))
REPRESENTATION_CONTEXT('','3D')
);
#3294=(
GEOMETRIC_REPRESENTATION_CONTEXT(3)
GLOBAL_UNCERTAINTY_ASSIGNED_CONTEXT((#3291))
GLOBAL_UNIT_ASSIGNED_CONTEXT((#3295,#3297,#3298))
REPRESENTATION_CONTEXT('','3D')
);
#3295=(
LENGTH_UNIT()
NAMED_UNIT(*)
SI_UNIT(.MILLI.,.METRE.)
);
#3296=(
LENGTH_UNIT()
NAMED_UNIT(*)
SI_UNIT($,.METRE.)
);
#3297=(
NAMED_UNIT(*)
PLANE_ANGLE_UNIT()
SI_UNIT($,.RADIAN.)
);
#3298=(
NAMED_UNIT(*)
SI_UNIT($,.STERADIAN.)
SOLID_ANGLE_UNIT()
);
#3299=SHAPE_DEFINITION_REPRESENTATION(#3301,#3304);
#3300=SHAPE_DEFINITION_REPRESENTATION(#3302,#3305);
#3301=PRODUCT_DEFINITION_SHAPE('',$,#3307);
#3302=PRODUCT_DEFINITION_SHAPE('',$,#3308);
#3303=PRODUCT_DEFINITION_SHAPE($,$,#14);
#3304=SHAPE_REPRESENTATION('',(#787,#876),#3292);
#3305=SHAPE_REPRESENTATION('',(#788),#3293);
#3306=PRODUCT_DEFINITION_CONTEXT('part definition',#3314,'design');
#3307=PRODUCT_DEFINITION('Particle Launcher V6',
'Particle Launcher V6 v11',#3309,#3306);
#3308=PRODUCT_DEFINITION('Adjust','Adjust',#3310,#3306);
#3309=PRODUCT_DEFINITION_FORMATION('',$,#3316);
#3310=PRODUCT_DEFINITION_FORMATION('',$,#3317);
#3311=PRODUCT_RELATED_PRODUCT_CATEGORY('Particle Launcher V6 v11',
'Particle Launcher V6 v11',(#3316));
#3312=PRODUCT_RELATED_PRODUCT_CATEGORY('Adjust','Adjust',(#3317));
#3313=APPLICATION_PROTOCOL_DEFINITION('international standard',
'automotive_design',2009,#3314);
#3314=APPLICATION_CONTEXT(
'Core Data for Automotive Mechanical Design Process');
#3315=PRODUCT_CONTEXT('part definition',#3314,'mechanical');
#3316=PRODUCT('Particle Launcher V6','Particle Launcher V6 v11',$,(#3315));
#3317=PRODUCT('Adjust','Adjust',$,(#3315));
#3318=PRESENTATION_STYLE_ASSIGNMENT((#3321));
#3319=PRESENTATION_STYLE_ASSIGNMENT((#3322));
#3320=PRESENTATION_STYLE_ASSIGNMENT((#3323));
#3321=SURFACE_STYLE_USAGE(.BOTH.,#3324);
#3322=SURFACE_STYLE_USAGE(.BOTH.,#3325);
#3323=SURFACE_STYLE_USAGE(.BOTH.,#3326);
#3324=SURFACE_SIDE_STYLE('',(#3327));
#3325=SURFACE_SIDE_STYLE('',(#3328));
#3326=SURFACE_SIDE_STYLE('',(#3329));
#3327=SURFACE_STYLE_FILL_AREA(#3330);
#3328=SURFACE_STYLE_FILL_AREA(#3331);
#3329=SURFACE_STYLE_FILL_AREA(#3332);
#3330=FILL_AREA_STYLE('Steel - Satin',(#3333));
#3331=FILL_AREA_STYLE('Steel - Satin (1) (4)',(#3334));
#3332=FILL_AREA_STYLE('Steel - Satin (2) (1)',(#3335));
#3333=FILL_AREA_STYLE_COLOUR('Steel - Satin',#3336);
#3334=FILL_AREA_STYLE_COLOUR('Steel - Satin (1) (4)',#3337);
#3335=FILL_AREA_STYLE_COLOUR('Steel - Satin (2) (1)',#3338);
#3336=COLOUR_RGB('Steel - Satin',0.627450980392157,0.627450980392157,0.627450980392157);
#3337=COLOUR_RGB('Steel - Satin (1) (4)',0.427450980392157,0.517647058823529,
0.913725490196078);
#3338=COLOUR_RGB('Steel - Satin (2) (1)',0.345098039215686,0.0431372549019608,
0.43921568627451);
ENDSEC;
END-ISO-10303-21;
