ISO-10303-21;
HEADER;
/* Generated by software containing ST-Developer
 * from STEP Tools, Inc. (www.steptools.com) 
 */

FILE_DESCRIPTION(
/* description */ (''),
/* implementation_level */ '2;1');

FILE_NAME(
/* name */ 'V6_Backstop-Tool.step',
/* time_stamp */ '2026-04-16T22:28:26-04:00',
/* author */ (''),
/* organization */ (''),
/* preprocessor_version */ 'ST-DEVELOPER v20.1',
/* originating_system */ 'Autodesk Translation Framework v14.24.0.0',
/* authorisation */ '');

FILE_SCHEMA (('AUTOMOTIVE_DESIGN { 1 0 10303 214 3 1 1 }'));
ENDSEC;

DATA;
#10=MECHANICAL_DESIGN_GEOMETRIC_PRESENTATION_REPRESENTATION('',(#17),#1763);
#11=ITEM_DEFINED_TRANSFORMATION($,$,#885,#1051);
#12=(
REPRESENTATION_RELATIONSHIP($,$,#1774,#1773)
REPRESENTATION_RELATIONSHIP_WITH_TRANSFORMATION(#11)
SHAPE_REPRESENTATION_RELATIONSHIP()
);
#13=CONTEXT_DEPENDENT_SHAPE_REPRESENTATION(#12,#1772);
#14=NEXT_ASSEMBLY_USAGE_OCCURRENCE('Tool:1','Tool:1','Tool:1',#1776,#1777,
'Tool:1');
#15=SHAPE_REPRESENTATION_RELATIONSHIP('SRR','None',#1774,#16);
#16=ADVANCED_BREP_SHAPE_REPRESENTATION('',(#18),#1762);
#17=STYLED_ITEM('',(#1789),#18);
#18=MANIFOLD_SOLID_BREP('Body1',#871);
#19=(
BOUNDED_SURFACE()
B_SPLINE_SURFACE(2,2,((#1705,#1706,#1707,#1708,#1709,#1710,#1711,#1712,
#1713),(#1714,#1715,#1716,#1717,#1718,#1719,#1720,#1721,#1722),(#1723,#1724,
#1725,#1726,#1727,#1728,#1729,#1730,#1731)),.UNSPECIFIED.,.F.,.T.,.F.)
B_SPLINE_SURFACE_WITH_KNOTS((3,3),(3,2,2,2,3),(-5.0406509973035E-16,0.167248674932754),
(-3.14159265358979,-1.5707963267949,0.,1.5707963267949,3.14159265358979),
 .UNSPECIFIED.)
GEOMETRIC_REPRESENTATION_ITEM()
RATIONAL_B_SPLINE_SURFACE(((1.,0.707106781186548,1.,0.707106781186548,1.,
0.707106781186548,1.,0.707106781186548,1.),(0.996505522219458,0.704635812251221,
0.996505522219458,0.704635812251221,0.996505522219458,0.704635812251221,
0.996505522219458,0.704635812251221,0.996505522219458),(1.,0.707106781186548,
1.,0.707106781186548,1.,0.707106781186548,1.,0.707106781186548,1.)))
REPRESENTATION_ITEM('')
SURFACE()
);
#20=FACE_BOUND('',#195,.T.);
#21=FACE_BOUND('',#215,.T.);
#22=B_SPLINE_CURVE_WITH_KNOTS('',3,(#1544,#1545,#1546,#1547,#1548,#1549,
#1550,#1551,#1552,#1553,#1554,#1555,#1556,#1557,#1558,#1559),
 .UNSPECIFIED.,.F.,.F.,(4,2,2,2,2,2,2,4),(0.517774775406552,0.548533776618476,
0.563343882016505,0.571596937613924,0.579024373584487,0.589537833027188,
0.602297799367873,0.617464123352834),.UNSPECIFIED.);
#23=B_SPLINE_CURVE_WITH_KNOTS('',3,(#1594,#1595,#1596,#1597,#1598,#1599,
#1600,#1601,#1602,#1603,#1604,#1605,#1606,#1607,#1608,#1609),
 .UNSPECIFIED.,.F.,.F.,(4,2,2,2,2,2,2,4),(0.517774773950185,0.54853377488634,
0.563343880270959,0.5715969358289,0.579024371742592,0.589537831069585,0.602297797248635,
0.617464121354453),.UNSPECIFIED.);
#24=B_SPLINE_CURVE_WITH_KNOTS('',3,(#1649,#1650,#1651,#1652,#1653,#1654,
#1655,#1656,#1657,#1658,#1659,#1660,#1661,#1662,#1663,#1664),
 .UNSPECIFIED.,.F.,.F.,(4,2,2,2,2,2,2,4),(0.0916774968445097,0.109321674995175,
0.168543432936056,0.191777855958142,0.207831884706947,0.225048298412961,
0.255777381941093,0.299886351537318),.UNSPECIFIED.);
#25=B_SPLINE_CURVE_WITH_KNOTS('',3,(#1677,#1678,#1679,#1680,#1681,#1682,
#1683,#1684,#1685,#1686,#1687,#1688,#1689,#1690,#1691,#1692),
 .UNSPECIFIED.,.F.,.F.,(4,2,2,2,2,2,2,4),(0.091677496918166,0.109321675085662,
0.168543433078591,0.191777856138208,0.207831884920804,0.225048298669699,
0.255777382283549,0.29988635194658),.UNSPECIFIED.);
#26=PLANE('',#904);
#27=PLANE('',#923);
#28=PLANE('',#942);
#29=PLANE('',#961);
#30=PLANE('',#994);
#31=PLANE('',#1049);
#32=LINE('',#1431,#51);
#33=LINE('',#1434,#52);
#34=LINE('',#1437,#53);
#35=LINE('',#1462,#54);
#36=LINE('',#1465,#55);
#37=LINE('',#1468,#56);
#38=LINE('',#1493,#57);
#39=LINE('',#1496,#58);
#40=LINE('',#1499,#59);
#41=LINE('',#1524,#60);
#42=LINE('',#1527,#61);
#43=LINE('',#1530,#62);
#44=LINE('',#1572,#63);
#45=LINE('',#1671,#64);
#46=LINE('',#1701,#65);
#47=LINE('',#1703,#66);
#48=LINE('',#1740,#67);
#49=LINE('',#1750,#68);
#50=LINE('',#1754,#69);
#51=VECTOR('',#1086,10.);
#52=VECTOR('',#1089,10.);
#53=VECTOR('',#1092,10.);
#54=VECTOR('',#1127,10.);
#55=VECTOR('',#1130,10.);
#56=VECTOR('',#1133,10.);
#57=VECTOR('',#1168,10.);
#58=VECTOR('',#1171,10.);
#59=VECTOR('',#1174,10.);
#60=VECTOR('',#1209,10.);
#61=VECTOR('',#1212,10.);
#62=VECTOR('',#1215,10.);
#63=VECTOR('',#1252,10.);
#64=VECTOR('',#1341,10.);
#65=VECTOR('',#1366,10.);
#66=VECTOR('',#1369,10.);
#67=VECTOR('',#1382,8.37499999914009);
#68=VECTOR('',#1395,6.87499999914009);
#69=VECTOR('',#1400,4.62499999914009);
#70=CYLINDRICAL_SURFACE('',#900,0.5);
#71=CYLINDRICAL_SURFACE('',#902,5.87500000000001);
#72=CYLINDRICAL_SURFACE('',#919,0.5);
#73=CYLINDRICAL_SURFACE('',#921,2.30000000000001);
#74=CYLINDRICAL_SURFACE('',#938,0.5);
#75=CYLINDRICAL_SURFACE('',#940,2.30000000000001);
#76=CYLINDRICAL_SURFACE('',#957,0.5);
#77=CYLINDRICAL_SURFACE('',#959,2.30000000000001);
#78=CYLINDRICAL_SURFACE('',#977,5.87500000000002);
#79=CYLINDRICAL_SURFACE('',#978,0.5);
#80=CYLINDRICAL_SURFACE('',#1021,5.87500000000001);
#81=CYLINDRICAL_SURFACE('',#1022,0.5);
#82=CYLINDRICAL_SURFACE('',#1033,5.87500000000002);
#83=CYLINDRICAL_SURFACE('',#1034,0.5);
#84=CYLINDRICAL_SURFACE('',#1035,0.5);
#85=CYLINDRICAL_SURFACE('',#1040,8.37499999914009);
#86=CYLINDRICAL_SURFACE('',#1045,6.87499999914009);
#87=CYLINDRICAL_SURFACE('',#1047,4.62499999914009);
#88=CYLINDRICAL_SURFACE('',#1050,2.3);
#89=SPHERICAL_SURFACE('',#896,0.5);
#90=SPHERICAL_SURFACE('',#898,0.5);
#91=SPHERICAL_SURFACE('',#915,0.5);
#92=SPHERICAL_SURFACE('',#917,0.5);
#93=SPHERICAL_SURFACE('',#934,0.5);
#94=SPHERICAL_SURFACE('',#936,0.5);
#95=SPHERICAL_SURFACE('',#953,0.5);
#96=SPHERICAL_SURFACE('',#955,0.5);
#97=FACE_OUTER_BOUND('',#156,.T.);
#98=FACE_OUTER_BOUND('',#157,.T.);
#99=FACE_OUTER_BOUND('',#158,.T.);
#100=FACE_OUTER_BOUND('',#159,.T.);
#101=FACE_OUTER_BOUND('',#160,.T.);
#102=FACE_OUTER_BOUND('',#161,.T.);
#103=FACE_OUTER_BOUND('',#162,.T.);
#104=FACE_OUTER_BOUND('',#163,.T.);
#105=FACE_OUTER_BOUND('',#164,.T.);
#106=FACE_OUTER_BOUND('',#165,.T.);
#107=FACE_OUTER_BOUND('',#166,.T.);
#108=FACE_OUTER_BOUND('',#167,.T.);
#109=FACE_OUTER_BOUND('',#168,.T.);
#110=FACE_OUTER_BOUND('',#169,.T.);
#111=FACE_OUTER_BOUND('',#170,.T.);
#112=FACE_OUTER_BOUND('',#171,.T.);
#113=FACE_OUTER_BOUND('',#172,.T.);
#114=FACE_OUTER_BOUND('',#173,.T.);
#115=FACE_OUTER_BOUND('',#174,.T.);
#116=FACE_OUTER_BOUND('',#175,.T.);
#117=FACE_OUTER_BOUND('',#176,.T.);
#118=FACE_OUTER_BOUND('',#177,.T.);
#119=FACE_OUTER_BOUND('',#178,.T.);
#120=FACE_OUTER_BOUND('',#179,.T.);
#121=FACE_OUTER_BOUND('',#180,.T.);
#122=FACE_OUTER_BOUND('',#181,.T.);
#123=FACE_OUTER_BOUND('',#182,.T.);
#124=FACE_OUTER_BOUND('',#183,.T.);
#125=FACE_OUTER_BOUND('',#184,.T.);
#126=FACE_OUTER_BOUND('',#185,.T.);
#127=FACE_OUTER_BOUND('',#186,.T.);
#128=FACE_OUTER_BOUND('',#187,.T.);
#129=FACE_OUTER_BOUND('',#188,.T.);
#130=FACE_OUTER_BOUND('',#189,.T.);
#131=FACE_OUTER_BOUND('',#190,.T.);
#132=FACE_OUTER_BOUND('',#191,.T.);
#133=FACE_OUTER_BOUND('',#192,.T.);
#134=FACE_OUTER_BOUND('',#193,.T.);
#135=FACE_OUTER_BOUND('',#194,.T.);
#136=FACE_OUTER_BOUND('',#196,.T.);
#137=FACE_OUTER_BOUND('',#197,.T.);
#138=FACE_OUTER_BOUND('',#198,.T.);
#139=FACE_OUTER_BOUND('',#199,.T.);
#140=FACE_OUTER_BOUND('',#200,.T.);
#141=FACE_OUTER_BOUND('',#201,.T.);
#142=FACE_OUTER_BOUND('',#202,.T.);
#143=FACE_OUTER_BOUND('',#203,.T.);
#144=FACE_OUTER_BOUND('',#204,.T.);
#145=FACE_OUTER_BOUND('',#205,.T.);
#146=FACE_OUTER_BOUND('',#206,.T.);
#147=FACE_OUTER_BOUND('',#207,.T.);
#148=FACE_OUTER_BOUND('',#208,.T.);
#149=FACE_OUTER_BOUND('',#209,.T.);
#150=FACE_OUTER_BOUND('',#210,.T.);
#151=FACE_OUTER_BOUND('',#211,.T.);
#152=FACE_OUTER_BOUND('',#212,.T.);
#153=FACE_OUTER_BOUND('',#213,.T.);
#154=FACE_OUTER_BOUND('',#214,.T.);
#155=FACE_OUTER_BOUND('',#216,.T.);
#156=EDGE_LOOP('',(#527,#528,#529,#530));
#157=EDGE_LOOP('',(#531,#532,#533,#534));
#158=EDGE_LOOP('',(#535,#536,#537));
#159=EDGE_LOOP('',(#538,#539,#540));
#160=EDGE_LOOP('',(#541,#542,#543,#544));
#161=EDGE_LOOP('',(#545,#546,#547,#548));
#162=EDGE_LOOP('',(#549,#550));
#163=EDGE_LOOP('',(#551,#552,#553,#554));
#164=EDGE_LOOP('',(#555,#556,#557,#558));
#165=EDGE_LOOP('',(#559,#560,#561));
#166=EDGE_LOOP('',(#562,#563,#564));
#167=EDGE_LOOP('',(#565,#566,#567,#568));
#168=EDGE_LOOP('',(#569,#570,#571,#572));
#169=EDGE_LOOP('',(#573,#574));
#170=EDGE_LOOP('',(#575,#576,#577,#578));
#171=EDGE_LOOP('',(#579,#580,#581,#582));
#172=EDGE_LOOP('',(#583,#584,#585));
#173=EDGE_LOOP('',(#586,#587,#588));
#174=EDGE_LOOP('',(#589,#590,#591,#592));
#175=EDGE_LOOP('',(#593,#594,#595,#596));
#176=EDGE_LOOP('',(#597,#598));
#177=EDGE_LOOP('',(#599,#600,#601,#602));
#178=EDGE_LOOP('',(#603,#604,#605,#606));
#179=EDGE_LOOP('',(#607,#608,#609));
#180=EDGE_LOOP('',(#610,#611,#612));
#181=EDGE_LOOP('',(#613,#614,#615,#616));
#182=EDGE_LOOP('',(#617,#618,#619,#620));
#183=EDGE_LOOP('',(#621,#622));
#184=EDGE_LOOP('',(#623,#624,#625,#626));
#185=EDGE_LOOP('',(#627,#628,#629,#630,#631,#632));
#186=EDGE_LOOP('',(#633,#634,#635,#636));
#187=EDGE_LOOP('',(#637,#638,#639,#640));
#188=EDGE_LOOP('',(#641,#642,#643,#644));
#189=EDGE_LOOP('',(#645,#646,#647,#648));
#190=EDGE_LOOP('',(#649,#650,#651,#652));
#191=EDGE_LOOP('',(#653,#654,#655,#656));
#192=EDGE_LOOP('',(#657,#658,#659,#660));
#193=EDGE_LOOP('',(#661,#662,#663,#664,#665,#666));
#194=EDGE_LOOP('',(#667,#668,#669,#670,#671,#672,#673,#674,#675,#676,#677,
#678,#679,#680,#681,#682,#683,#684,#685,#686,#687,#688,#689,#690,#691));
#195=EDGE_LOOP('',(#692));
#196=EDGE_LOOP('',(#693,#694,#695,#696));
#197=EDGE_LOOP('',(#697,#698,#699,#700,#701,#702));
#198=EDGE_LOOP('',(#703,#704,#705,#706));
#199=EDGE_LOOP('',(#707,#708,#709,#710));
#200=EDGE_LOOP('',(#711,#712,#713,#714));
#201=EDGE_LOOP('',(#715,#716,#717,#718));
#202=EDGE_LOOP('',(#719,#720,#721,#722));
#203=EDGE_LOOP('',(#723,#724,#725,#726,#727,#728));
#204=EDGE_LOOP('',(#729,#730,#731,#732));
#205=EDGE_LOOP('',(#733,#734,#735,#736));
#206=EDGE_LOOP('',(#737,#738,#739,#740));
#207=EDGE_LOOP('',(#741,#742,#743,#744));
#208=EDGE_LOOP('',(#745,#746,#747,#748));
#209=EDGE_LOOP('',(#749,#750,#751,#752,#753));
#210=EDGE_LOOP('',(#754,#755,#756,#757,#758,#759,#760,#761,#762,#763,#764,
#765,#766));
#211=EDGE_LOOP('',(#767,#768,#769,#770,#771));
#212=EDGE_LOOP('',(#772,#773,#774,#775,#776));
#213=EDGE_LOOP('',(#777,#778,#779,#780));
#214=EDGE_LOOP('',(#781));
#215=EDGE_LOOP('',(#782));
#216=EDGE_LOOP('',(#783,#784,#785,#786));
#217=CIRCLE('',#887,0.5);
#218=CIRCLE('',#888,1.8);
#219=CIRCLE('',#889,0.499999999999998);
#220=CIRCLE('',#890,2.3);
#221=CIRCLE('',#892,0.499999999999989);
#222=CIRCLE('',#893,5.87500000000001);
#223=CIRCLE('',#894,0.500000000000001);
#224=CIRCLE('',#895,6.37500000000002);
#225=CIRCLE('',#897,0.5);
#226=CIRCLE('',#899,0.5);
#227=CIRCLE('',#901,0.5);
#228=CIRCLE('',#903,5.87500000000001);
#229=CIRCLE('',#906,0.499999999999998);
#230=CIRCLE('',#907,5.87500000000001);
#231=CIRCLE('',#908,0.5);
#232=CIRCLE('',#909,6.37500000000001);
#233=CIRCLE('',#911,0.5);
#234=CIRCLE('',#912,1.80000000000001);
#235=CIRCLE('',#913,0.499999999999998);
#236=CIRCLE('',#914,2.30000000000001);
#237=CIRCLE('',#916,0.5);
#238=CIRCLE('',#918,0.5);
#239=CIRCLE('',#920,0.5);
#240=CIRCLE('',#922,2.30000000000001);
#241=CIRCLE('',#925,0.499999999999998);
#242=CIRCLE('',#926,5.87500000000002);
#243=CIRCLE('',#927,0.499999999999998);
#244=CIRCLE('',#928,6.37500000000002);
#245=CIRCLE('',#930,0.5);
#246=CIRCLE('',#931,1.80000000000001);
#247=CIRCLE('',#932,0.499999999999998);
#248=CIRCLE('',#933,2.30000000000001);
#249=CIRCLE('',#935,0.5);
#250=CIRCLE('',#937,0.5);
#251=CIRCLE('',#939,0.5);
#252=CIRCLE('',#941,2.30000000000001);
#253=CIRCLE('',#944,0.499999999999998);
#254=CIRCLE('',#945,5.87500000000002);
#255=CIRCLE('',#946,0.500000000000001);
#256=CIRCLE('',#947,6.37500000000002);
#257=CIRCLE('',#949,0.500000000000001);
#258=CIRCLE('',#950,1.80000000000001);
#259=CIRCLE('',#951,0.499999999999998);
#260=CIRCLE('',#952,2.30000000000001);
#261=CIRCLE('',#954,0.5);
#262=CIRCLE('',#956,0.5);
#263=CIRCLE('',#958,0.5);
#264=CIRCLE('',#960,2.30000000000001);
#265=CIRCLE('',#963,0.500000000000001);
#266=CIRCLE('',#964,1.);
#267=CIRCLE('',#965,0.499999999999998);
#268=CIRCLE('',#966,0.5);
#269=CIRCLE('',#968,2.80000000000001);
#270=CIRCLE('',#969,0.499999999999998);
#271=CIRCLE('',#970,2.80000000000001);
#272=CIRCLE('',#972,0.499999999999998);
#273=CIRCLE('',#973,1.);
#274=CIRCLE('',#975,5.37500000000001);
#275=CIRCLE('',#976,5.87500000000002);
#276=CIRCLE('',#980,0.500000000000002);
#277=CIRCLE('',#981,1.);
#278=CIRCLE('',#982,0.499999999999998);
#279=CIRCLE('',#984,0.499999999999998);
#280=CIRCLE('',#985,5.87500000000002);
#281=CIRCLE('',#986,5.37500000000002);
#282=CIRCLE('',#988,0.499999999999998);
#283=CIRCLE('',#989,0.5);
#284=CIRCLE('',#990,1.);
#285=CIRCLE('',#992,2.80000000000001);
#286=CIRCLE('',#993,2.80000000000001);
#287=CIRCLE('',#995,8.37499999914009);
#288=CIRCLE('',#996,8.37499999914009);
#289=CIRCLE('',#997,2.80000000000001);
#290=CIRCLE('',#998,1.);
#291=CIRCLE('',#999,5.37500000000001);
#292=CIRCLE('',#1000,1.);
#293=CIRCLE('',#1001,2.80000000000001);
#294=CIRCLE('',#1002,8.37499999914009);
#295=CIRCLE('',#1003,8.37499999914009);
#296=CIRCLE('',#1004,2.8);
#297=CIRCLE('',#1005,1.);
#298=CIRCLE('',#1006,5.37500000000002);
#299=CIRCLE('',#1007,1.);
#300=CIRCLE('',#1008,2.8);
#301=CIRCLE('',#1009,8.37499999914009);
#302=CIRCLE('',#1010,4.62499999914009);
#303=CIRCLE('',#1012,0.5);
#304=CIRCLE('',#1013,0.499999999999998);
#305=CIRCLE('',#1014,0.5);
#306=CIRCLE('',#1016,0.499999999999998);
#307=CIRCLE('',#1018,0.499999999999998);
#308=CIRCLE('',#1020,5.87500000000001);
#309=CIRCLE('',#1024,0.5);
#310=CIRCLE('',#1025,0.499999999999998);
#311=CIRCLE('',#1027,0.499999999999998);
#312=CIRCLE('',#1028,2.3);
#313=CIRCLE('',#1030,0.499999999999998);
#314=CIRCLE('',#1031,0.5);
#315=CIRCLE('',#1036,8.27034883634938);
#316=CIRCLE('',#1037,7.5);
#317=CIRCLE('',#1038,8.37499999914009);
#318=CIRCLE('',#1039,8.37499999914009);
#319=CIRCLE('',#1042,6.87499999914008);
#320=CIRCLE('',#1043,6.87499999914008);
#321=CIRCLE('',#1044,100.);
#322=CIRCLE('',#1046,6.87499999914009);
#323=CIRCLE('',#1048,4.62499999914009);
#324=VERTEX_POINT('',#1410);
#325=VERTEX_POINT('',#1411);
#326=VERTEX_POINT('',#1413);
#327=VERTEX_POINT('',#1415);
#328=VERTEX_POINT('',#1419);
#329=VERTEX_POINT('',#1421);
#330=VERTEX_POINT('',#1430);
#331=VERTEX_POINT('',#1432);
#332=VERTEX_POINT('',#1436);
#333=VERTEX_POINT('',#1441);
#334=VERTEX_POINT('',#1442);
#335=VERTEX_POINT('',#1444);
#336=VERTEX_POINT('',#1446);
#337=VERTEX_POINT('',#1450);
#338=VERTEX_POINT('',#1453);
#339=VERTEX_POINT('',#1461);
#340=VERTEX_POINT('',#1463);
#341=VERTEX_POINT('',#1467);
#342=VERTEX_POINT('',#1472);
#343=VERTEX_POINT('',#1473);
#344=VERTEX_POINT('',#1475);
#345=VERTEX_POINT('',#1477);
#346=VERTEX_POINT('',#1481);
#347=VERTEX_POINT('',#1484);
#348=VERTEX_POINT('',#1492);
#349=VERTEX_POINT('',#1494);
#350=VERTEX_POINT('',#1498);
#351=VERTEX_POINT('',#1503);
#352=VERTEX_POINT('',#1504);
#353=VERTEX_POINT('',#1506);
#354=VERTEX_POINT('',#1508);
#355=VERTEX_POINT('',#1512);
#356=VERTEX_POINT('',#1515);
#357=VERTEX_POINT('',#1523);
#358=VERTEX_POINT('',#1525);
#359=VERTEX_POINT('',#1529);
#360=VERTEX_POINT('',#1534);
#361=VERTEX_POINT('',#1535);
#362=VERTEX_POINT('',#1537);
#363=VERTEX_POINT('',#1542);
#364=VERTEX_POINT('',#1543);
#365=VERTEX_POINT('',#1560);
#366=VERTEX_POINT('',#1565);
#367=VERTEX_POINT('',#1575);
#368=VERTEX_POINT('',#1577);
#369=VERTEX_POINT('',#1581);
#370=VERTEX_POINT('',#1582);
#371=VERTEX_POINT('',#1587);
#372=VERTEX_POINT('',#1592);
#373=VERTEX_POINT('',#1593);
#374=VERTEX_POINT('',#1614);
#375=VERTEX_POINT('',#1616);
#376=VERTEX_POINT('',#1618);
#377=VERTEX_POINT('',#1620);
#378=VERTEX_POINT('',#1622);
#379=VERTEX_POINT('',#1624);
#380=VERTEX_POINT('',#1626);
#381=VERTEX_POINT('',#1628);
#382=VERTEX_POINT('',#1630);
#383=VERTEX_POINT('',#1632);
#384=VERTEX_POINT('',#1634);
#385=VERTEX_POINT('',#1636);
#386=VERTEX_POINT('',#1638);
#387=VERTEX_POINT('',#1641);
#388=VERTEX_POINT('',#1644);
#389=VERTEX_POINT('',#1693);
#390=VERTEX_POINT('',#1732);
#391=VERTEX_POINT('',#1734);
#392=VERTEX_POINT('',#1736);
#393=VERTEX_POINT('',#1742);
#394=VERTEX_POINT('',#1743);
#395=VERTEX_POINT('',#1748);
#396=VERTEX_POINT('',#1752);
#397=EDGE_CURVE('',#324,#325,#217,.T.);
#398=EDGE_CURVE('',#325,#326,#218,.T.);
#399=EDGE_CURVE('',#326,#327,#219,.T.);
#400=EDGE_CURVE('',#327,#324,#220,.T.);
#401=EDGE_CURVE('',#325,#328,#221,.T.);
#402=EDGE_CURVE('',#328,#329,#222,.T.);
#403=EDGE_CURVE('',#329,#326,#223,.T.);
#404=EDGE_CURVE('',#326,#325,#224,.T.);
#405=EDGE_CURVE('',#329,#327,#225,.T.);
#406=EDGE_CURVE('',#324,#328,#226,.T.);
#407=EDGE_CURVE('',#329,#330,#32,.T.);
#408=EDGE_CURVE('',#331,#330,#227,.T.);
#409=EDGE_CURVE('',#331,#327,#33,.T.);
#410=EDGE_CURVE('',#332,#328,#34,.T.);
#411=EDGE_CURVE('',#330,#332,#228,.T.);
#412=EDGE_CURVE('',#333,#334,#229,.T.);
#413=EDGE_CURVE('',#334,#335,#230,.T.);
#414=EDGE_CURVE('',#335,#336,#231,.T.);
#415=EDGE_CURVE('',#336,#333,#232,.T.);
#416=EDGE_CURVE('',#337,#333,#233,.T.);
#417=EDGE_CURVE('',#333,#336,#234,.T.);
#418=EDGE_CURVE('',#336,#338,#235,.T.);
#419=EDGE_CURVE('',#338,#337,#236,.T.);
#420=EDGE_CURVE('',#337,#334,#237,.T.);
#421=EDGE_CURVE('',#335,#338,#238,.T.);
#422=EDGE_CURVE('',#337,#339,#35,.T.);
#423=EDGE_CURVE('',#340,#339,#239,.T.);
#424=EDGE_CURVE('',#340,#334,#36,.T.);
#425=EDGE_CURVE('',#341,#338,#37,.T.);
#426=EDGE_CURVE('',#339,#341,#240,.T.);
#427=EDGE_CURVE('',#342,#343,#241,.T.);
#428=EDGE_CURVE('',#343,#344,#242,.T.);
#429=EDGE_CURVE('',#344,#345,#243,.T.);
#430=EDGE_CURVE('',#345,#342,#244,.T.);
#431=EDGE_CURVE('',#346,#342,#245,.T.);
#432=EDGE_CURVE('',#342,#345,#246,.T.);
#433=EDGE_CURVE('',#345,#347,#247,.T.);
#434=EDGE_CURVE('',#347,#346,#248,.T.);
#435=EDGE_CURVE('',#346,#343,#249,.T.);
#436=EDGE_CURVE('',#344,#347,#250,.T.);
#437=EDGE_CURVE('',#346,#348,#38,.T.);
#438=EDGE_CURVE('',#349,#348,#251,.T.);
#439=EDGE_CURVE('',#349,#343,#39,.T.);
#440=EDGE_CURVE('',#350,#347,#40,.T.);
#441=EDGE_CURVE('',#348,#350,#252,.T.);
#442=EDGE_CURVE('',#351,#352,#253,.T.);
#443=EDGE_CURVE('',#352,#353,#254,.T.);
#444=EDGE_CURVE('',#353,#354,#255,.T.);
#445=EDGE_CURVE('',#354,#351,#256,.T.);
#446=EDGE_CURVE('',#355,#351,#257,.T.);
#447=EDGE_CURVE('',#351,#354,#258,.T.);
#448=EDGE_CURVE('',#354,#356,#259,.T.);
#449=EDGE_CURVE('',#356,#355,#260,.T.);
#450=EDGE_CURVE('',#355,#352,#261,.T.);
#451=EDGE_CURVE('',#353,#356,#262,.T.);
#452=EDGE_CURVE('',#355,#357,#41,.T.);
#453=EDGE_CURVE('',#358,#357,#263,.T.);
#454=EDGE_CURVE('',#358,#352,#42,.T.);
#455=EDGE_CURVE('',#359,#356,#43,.T.);
#456=EDGE_CURVE('',#357,#359,#264,.T.);
#457=EDGE_CURVE('',#360,#361,#265,.T.);
#458=EDGE_CURVE('',#361,#362,#266,.T.);
#459=EDGE_CURVE('',#362,#359,#267,.T.);
#460=EDGE_CURVE('',#359,#360,#268,.T.);
#461=EDGE_CURVE('',#363,#364,#22,.F.);
#462=EDGE_CURVE('',#363,#365,#269,.T.);
#463=EDGE_CURVE('',#365,#357,#270,.T.);
#464=EDGE_CURVE('',#362,#364,#271,.T.);
#465=EDGE_CURVE('',#366,#358,#272,.T.);
#466=EDGE_CURVE('',#365,#366,#273,.T.);
#467=EDGE_CURVE('',#366,#361,#274,.T.);
#468=EDGE_CURVE('',#360,#358,#275,.T.);
#469=EDGE_CURVE('',#353,#360,#44,.T.);
#470=EDGE_CURVE('',#348,#367,#276,.T.);
#471=EDGE_CURVE('',#367,#368,#277,.T.);
#472=EDGE_CURVE('',#368,#349,#278,.T.);
#473=EDGE_CURVE('',#369,#370,#279,.T.);
#474=EDGE_CURVE('',#370,#349,#280,.T.);
#475=EDGE_CURVE('',#368,#369,#281,.T.);
#476=EDGE_CURVE('',#371,#350,#282,.T.);
#477=EDGE_CURVE('',#350,#370,#283,.T.);
#478=EDGE_CURVE('',#369,#371,#284,.T.);
#479=EDGE_CURVE('',#372,#373,#23,.F.);
#480=EDGE_CURVE('',#372,#367,#285,.T.);
#481=EDGE_CURVE('',#371,#373,#286,.T.);
#482=EDGE_CURVE('',#373,#363,#287,.T.);
#483=EDGE_CURVE('',#374,#372,#288,.T.);
#484=EDGE_CURVE('',#375,#374,#289,.T.);
#485=EDGE_CURVE('',#376,#375,#290,.T.);
#486=EDGE_CURVE('',#377,#376,#291,.T.);
#487=EDGE_CURVE('',#378,#377,#292,.T.);
#488=EDGE_CURVE('',#379,#378,#293,.T.);
#489=EDGE_CURVE('',#380,#379,#294,.T.);
#490=EDGE_CURVE('',#381,#380,#295,.T.);
#491=EDGE_CURVE('',#382,#381,#296,.T.);
#492=EDGE_CURVE('',#383,#382,#297,.T.);
#493=EDGE_CURVE('',#384,#383,#298,.T.);
#494=EDGE_CURVE('',#385,#384,#299,.T.);
#495=EDGE_CURVE('',#386,#385,#300,.T.);
#496=EDGE_CURVE('',#364,#386,#301,.T.);
#497=EDGE_CURVE('',#387,#387,#302,.T.);
#498=EDGE_CURVE('',#388,#376,#303,.T.);
#499=EDGE_CURVE('',#375,#341,#304,.T.);
#500=EDGE_CURVE('',#341,#388,#305,.T.);
#501=EDGE_CURVE('',#379,#374,#24,.F.);
#502=EDGE_CURVE('',#378,#339,#306,.T.);
#503=EDGE_CURVE('',#377,#340,#307,.T.);
#504=EDGE_CURVE('',#388,#340,#308,.T.);
#505=EDGE_CURVE('',#335,#388,#45,.T.);
#506=EDGE_CURVE('',#330,#383,#309,.T.);
#507=EDGE_CURVE('',#382,#331,#310,.T.);
#508=EDGE_CURVE('',#386,#381,#25,.F.);
#509=EDGE_CURVE('',#385,#389,#311,.T.);
#510=EDGE_CURVE('',#389,#331,#312,.T.);
#511=EDGE_CURVE('',#384,#332,#313,.T.);
#512=EDGE_CURVE('',#332,#389,#314,.T.);
#513=EDGE_CURVE('',#344,#370,#46,.T.);
#514=EDGE_CURVE('',#324,#389,#47,.T.);
#515=EDGE_CURVE('',#390,#390,#315,.T.);
#516=EDGE_CURVE('',#390,#391,#316,.T.);
#517=EDGE_CURVE('',#391,#392,#317,.T.);
#518=EDGE_CURVE('',#392,#391,#318,.T.);
#519=EDGE_CURVE('',#392,#380,#48,.T.);
#520=EDGE_CURVE('',#393,#394,#319,.T.);
#521=EDGE_CURVE('',#394,#393,#320,.T.);
#522=EDGE_CURVE('',#393,#390,#321,.T.);
#523=EDGE_CURVE('',#395,#395,#322,.F.);
#524=EDGE_CURVE('',#395,#394,#49,.T.);
#525=EDGE_CURVE('',#396,#396,#323,.F.);
#526=EDGE_CURVE('',#396,#387,#50,.T.);
#527=ORIENTED_EDGE('',*,*,#397,.T.);
#528=ORIENTED_EDGE('',*,*,#398,.T.);
#529=ORIENTED_EDGE('',*,*,#399,.T.);
#530=ORIENTED_EDGE('',*,*,#400,.T.);
#531=ORIENTED_EDGE('',*,*,#401,.T.);
#532=ORIENTED_EDGE('',*,*,#402,.T.);
#533=ORIENTED_EDGE('',*,*,#403,.T.);
#534=ORIENTED_EDGE('',*,*,#404,.T.);
#535=ORIENTED_EDGE('',*,*,#403,.F.);
#536=ORIENTED_EDGE('',*,*,#405,.T.);
#537=ORIENTED_EDGE('',*,*,#399,.F.);
#538=ORIENTED_EDGE('',*,*,#397,.F.);
#539=ORIENTED_EDGE('',*,*,#406,.T.);
#540=ORIENTED_EDGE('',*,*,#401,.F.);
#541=ORIENTED_EDGE('',*,*,#405,.F.);
#542=ORIENTED_EDGE('',*,*,#407,.T.);
#543=ORIENTED_EDGE('',*,*,#408,.F.);
#544=ORIENTED_EDGE('',*,*,#409,.T.);
#545=ORIENTED_EDGE('',*,*,#402,.F.);
#546=ORIENTED_EDGE('',*,*,#410,.F.);
#547=ORIENTED_EDGE('',*,*,#411,.F.);
#548=ORIENTED_EDGE('',*,*,#407,.F.);
#549=ORIENTED_EDGE('',*,*,#398,.F.);
#550=ORIENTED_EDGE('',*,*,#404,.F.);
#551=ORIENTED_EDGE('',*,*,#412,.T.);
#552=ORIENTED_EDGE('',*,*,#413,.T.);
#553=ORIENTED_EDGE('',*,*,#414,.T.);
#554=ORIENTED_EDGE('',*,*,#415,.T.);
#555=ORIENTED_EDGE('',*,*,#416,.T.);
#556=ORIENTED_EDGE('',*,*,#417,.T.);
#557=ORIENTED_EDGE('',*,*,#418,.T.);
#558=ORIENTED_EDGE('',*,*,#419,.T.);
#559=ORIENTED_EDGE('',*,*,#416,.F.);
#560=ORIENTED_EDGE('',*,*,#420,.T.);
#561=ORIENTED_EDGE('',*,*,#412,.F.);
#562=ORIENTED_EDGE('',*,*,#414,.F.);
#563=ORIENTED_EDGE('',*,*,#421,.T.);
#564=ORIENTED_EDGE('',*,*,#418,.F.);
#565=ORIENTED_EDGE('',*,*,#420,.F.);
#566=ORIENTED_EDGE('',*,*,#422,.T.);
#567=ORIENTED_EDGE('',*,*,#423,.F.);
#568=ORIENTED_EDGE('',*,*,#424,.T.);
#569=ORIENTED_EDGE('',*,*,#419,.F.);
#570=ORIENTED_EDGE('',*,*,#425,.F.);
#571=ORIENTED_EDGE('',*,*,#426,.F.);
#572=ORIENTED_EDGE('',*,*,#422,.F.);
#573=ORIENTED_EDGE('',*,*,#415,.F.);
#574=ORIENTED_EDGE('',*,*,#417,.F.);
#575=ORIENTED_EDGE('',*,*,#427,.T.);
#576=ORIENTED_EDGE('',*,*,#428,.T.);
#577=ORIENTED_EDGE('',*,*,#429,.T.);
#578=ORIENTED_EDGE('',*,*,#430,.T.);
#579=ORIENTED_EDGE('',*,*,#431,.T.);
#580=ORIENTED_EDGE('',*,*,#432,.T.);
#581=ORIENTED_EDGE('',*,*,#433,.T.);
#582=ORIENTED_EDGE('',*,*,#434,.T.);
#583=ORIENTED_EDGE('',*,*,#431,.F.);
#584=ORIENTED_EDGE('',*,*,#435,.T.);
#585=ORIENTED_EDGE('',*,*,#427,.F.);
#586=ORIENTED_EDGE('',*,*,#429,.F.);
#587=ORIENTED_EDGE('',*,*,#436,.T.);
#588=ORIENTED_EDGE('',*,*,#433,.F.);
#589=ORIENTED_EDGE('',*,*,#435,.F.);
#590=ORIENTED_EDGE('',*,*,#437,.T.);
#591=ORIENTED_EDGE('',*,*,#438,.F.);
#592=ORIENTED_EDGE('',*,*,#439,.T.);
#593=ORIENTED_EDGE('',*,*,#434,.F.);
#594=ORIENTED_EDGE('',*,*,#440,.F.);
#595=ORIENTED_EDGE('',*,*,#441,.F.);
#596=ORIENTED_EDGE('',*,*,#437,.F.);
#597=ORIENTED_EDGE('',*,*,#430,.F.);
#598=ORIENTED_EDGE('',*,*,#432,.F.);
#599=ORIENTED_EDGE('',*,*,#442,.T.);
#600=ORIENTED_EDGE('',*,*,#443,.T.);
#601=ORIENTED_EDGE('',*,*,#444,.T.);
#602=ORIENTED_EDGE('',*,*,#445,.T.);
#603=ORIENTED_EDGE('',*,*,#446,.T.);
#604=ORIENTED_EDGE('',*,*,#447,.T.);
#605=ORIENTED_EDGE('',*,*,#448,.T.);
#606=ORIENTED_EDGE('',*,*,#449,.T.);
#607=ORIENTED_EDGE('',*,*,#446,.F.);
#608=ORIENTED_EDGE('',*,*,#450,.T.);
#609=ORIENTED_EDGE('',*,*,#442,.F.);
#610=ORIENTED_EDGE('',*,*,#444,.F.);
#611=ORIENTED_EDGE('',*,*,#451,.T.);
#612=ORIENTED_EDGE('',*,*,#448,.F.);
#613=ORIENTED_EDGE('',*,*,#450,.F.);
#614=ORIENTED_EDGE('',*,*,#452,.T.);
#615=ORIENTED_EDGE('',*,*,#453,.F.);
#616=ORIENTED_EDGE('',*,*,#454,.T.);
#617=ORIENTED_EDGE('',*,*,#449,.F.);
#618=ORIENTED_EDGE('',*,*,#455,.F.);
#619=ORIENTED_EDGE('',*,*,#456,.F.);
#620=ORIENTED_EDGE('',*,*,#452,.F.);
#621=ORIENTED_EDGE('',*,*,#445,.F.);
#622=ORIENTED_EDGE('',*,*,#447,.F.);
#623=ORIENTED_EDGE('',*,*,#457,.T.);
#624=ORIENTED_EDGE('',*,*,#458,.T.);
#625=ORIENTED_EDGE('',*,*,#459,.T.);
#626=ORIENTED_EDGE('',*,*,#460,.T.);
#627=ORIENTED_EDGE('',*,*,#461,.F.);
#628=ORIENTED_EDGE('',*,*,#462,.T.);
#629=ORIENTED_EDGE('',*,*,#463,.T.);
#630=ORIENTED_EDGE('',*,*,#456,.T.);
#631=ORIENTED_EDGE('',*,*,#459,.F.);
#632=ORIENTED_EDGE('',*,*,#464,.T.);
#633=ORIENTED_EDGE('',*,*,#465,.T.);
#634=ORIENTED_EDGE('',*,*,#453,.T.);
#635=ORIENTED_EDGE('',*,*,#463,.F.);
#636=ORIENTED_EDGE('',*,*,#466,.T.);
#637=ORIENTED_EDGE('',*,*,#465,.F.);
#638=ORIENTED_EDGE('',*,*,#467,.T.);
#639=ORIENTED_EDGE('',*,*,#457,.F.);
#640=ORIENTED_EDGE('',*,*,#468,.T.);
#641=ORIENTED_EDGE('',*,*,#443,.F.);
#642=ORIENTED_EDGE('',*,*,#454,.F.);
#643=ORIENTED_EDGE('',*,*,#468,.F.);
#644=ORIENTED_EDGE('',*,*,#469,.F.);
#645=ORIENTED_EDGE('',*,*,#451,.F.);
#646=ORIENTED_EDGE('',*,*,#469,.T.);
#647=ORIENTED_EDGE('',*,*,#460,.F.);
#648=ORIENTED_EDGE('',*,*,#455,.T.);
#649=ORIENTED_EDGE('',*,*,#470,.T.);
#650=ORIENTED_EDGE('',*,*,#471,.T.);
#651=ORIENTED_EDGE('',*,*,#472,.T.);
#652=ORIENTED_EDGE('',*,*,#438,.T.);
#653=ORIENTED_EDGE('',*,*,#473,.T.);
#654=ORIENTED_EDGE('',*,*,#474,.T.);
#655=ORIENTED_EDGE('',*,*,#472,.F.);
#656=ORIENTED_EDGE('',*,*,#475,.T.);
#657=ORIENTED_EDGE('',*,*,#476,.T.);
#658=ORIENTED_EDGE('',*,*,#477,.T.);
#659=ORIENTED_EDGE('',*,*,#473,.F.);
#660=ORIENTED_EDGE('',*,*,#478,.T.);
#661=ORIENTED_EDGE('',*,*,#479,.F.);
#662=ORIENTED_EDGE('',*,*,#480,.T.);
#663=ORIENTED_EDGE('',*,*,#470,.F.);
#664=ORIENTED_EDGE('',*,*,#441,.T.);
#665=ORIENTED_EDGE('',*,*,#476,.F.);
#666=ORIENTED_EDGE('',*,*,#481,.T.);
#667=ORIENTED_EDGE('',*,*,#462,.F.);
#668=ORIENTED_EDGE('',*,*,#482,.F.);
#669=ORIENTED_EDGE('',*,*,#481,.F.);
#670=ORIENTED_EDGE('',*,*,#478,.F.);
#671=ORIENTED_EDGE('',*,*,#475,.F.);
#672=ORIENTED_EDGE('',*,*,#471,.F.);
#673=ORIENTED_EDGE('',*,*,#480,.F.);
#674=ORIENTED_EDGE('',*,*,#483,.F.);
#675=ORIENTED_EDGE('',*,*,#484,.F.);
#676=ORIENTED_EDGE('',*,*,#485,.F.);
#677=ORIENTED_EDGE('',*,*,#486,.F.);
#678=ORIENTED_EDGE('',*,*,#487,.F.);
#679=ORIENTED_EDGE('',*,*,#488,.F.);
#680=ORIENTED_EDGE('',*,*,#489,.F.);
#681=ORIENTED_EDGE('',*,*,#490,.F.);
#682=ORIENTED_EDGE('',*,*,#491,.F.);
#683=ORIENTED_EDGE('',*,*,#492,.F.);
#684=ORIENTED_EDGE('',*,*,#493,.F.);
#685=ORIENTED_EDGE('',*,*,#494,.F.);
#686=ORIENTED_EDGE('',*,*,#495,.F.);
#687=ORIENTED_EDGE('',*,*,#496,.F.);
#688=ORIENTED_EDGE('',*,*,#464,.F.);
#689=ORIENTED_EDGE('',*,*,#458,.F.);
#690=ORIENTED_EDGE('',*,*,#467,.F.);
#691=ORIENTED_EDGE('',*,*,#466,.F.);
#692=ORIENTED_EDGE('',*,*,#497,.F.);
#693=ORIENTED_EDGE('',*,*,#498,.T.);
#694=ORIENTED_EDGE('',*,*,#485,.T.);
#695=ORIENTED_EDGE('',*,*,#499,.T.);
#696=ORIENTED_EDGE('',*,*,#500,.T.);
#697=ORIENTED_EDGE('',*,*,#501,.F.);
#698=ORIENTED_EDGE('',*,*,#488,.T.);
#699=ORIENTED_EDGE('',*,*,#502,.T.);
#700=ORIENTED_EDGE('',*,*,#426,.T.);
#701=ORIENTED_EDGE('',*,*,#499,.F.);
#702=ORIENTED_EDGE('',*,*,#484,.T.);
#703=ORIENTED_EDGE('',*,*,#503,.T.);
#704=ORIENTED_EDGE('',*,*,#423,.T.);
#705=ORIENTED_EDGE('',*,*,#502,.F.);
#706=ORIENTED_EDGE('',*,*,#487,.T.);
#707=ORIENTED_EDGE('',*,*,#503,.F.);
#708=ORIENTED_EDGE('',*,*,#486,.T.);
#709=ORIENTED_EDGE('',*,*,#498,.F.);
#710=ORIENTED_EDGE('',*,*,#504,.T.);
#711=ORIENTED_EDGE('',*,*,#413,.F.);
#712=ORIENTED_EDGE('',*,*,#424,.F.);
#713=ORIENTED_EDGE('',*,*,#504,.F.);
#714=ORIENTED_EDGE('',*,*,#505,.F.);
#715=ORIENTED_EDGE('',*,*,#421,.F.);
#716=ORIENTED_EDGE('',*,*,#505,.T.);
#717=ORIENTED_EDGE('',*,*,#500,.F.);
#718=ORIENTED_EDGE('',*,*,#425,.T.);
#719=ORIENTED_EDGE('',*,*,#506,.T.);
#720=ORIENTED_EDGE('',*,*,#492,.T.);
#721=ORIENTED_EDGE('',*,*,#507,.T.);
#722=ORIENTED_EDGE('',*,*,#408,.T.);
#723=ORIENTED_EDGE('',*,*,#508,.F.);
#724=ORIENTED_EDGE('',*,*,#495,.T.);
#725=ORIENTED_EDGE('',*,*,#509,.T.);
#726=ORIENTED_EDGE('',*,*,#510,.T.);
#727=ORIENTED_EDGE('',*,*,#507,.F.);
#728=ORIENTED_EDGE('',*,*,#491,.T.);
#729=ORIENTED_EDGE('',*,*,#511,.T.);
#730=ORIENTED_EDGE('',*,*,#512,.T.);
#731=ORIENTED_EDGE('',*,*,#509,.F.);
#732=ORIENTED_EDGE('',*,*,#494,.T.);
#733=ORIENTED_EDGE('',*,*,#511,.F.);
#734=ORIENTED_EDGE('',*,*,#493,.T.);
#735=ORIENTED_EDGE('',*,*,#506,.F.);
#736=ORIENTED_EDGE('',*,*,#411,.T.);
#737=ORIENTED_EDGE('',*,*,#428,.F.);
#738=ORIENTED_EDGE('',*,*,#439,.F.);
#739=ORIENTED_EDGE('',*,*,#474,.F.);
#740=ORIENTED_EDGE('',*,*,#513,.F.);
#741=ORIENTED_EDGE('',*,*,#406,.F.);
#742=ORIENTED_EDGE('',*,*,#514,.T.);
#743=ORIENTED_EDGE('',*,*,#512,.F.);
#744=ORIENTED_EDGE('',*,*,#410,.T.);
#745=ORIENTED_EDGE('',*,*,#436,.F.);
#746=ORIENTED_EDGE('',*,*,#513,.T.);
#747=ORIENTED_EDGE('',*,*,#477,.F.);
#748=ORIENTED_EDGE('',*,*,#440,.T.);
#749=ORIENTED_EDGE('',*,*,#515,.T.);
#750=ORIENTED_EDGE('',*,*,#516,.T.);
#751=ORIENTED_EDGE('',*,*,#517,.T.);
#752=ORIENTED_EDGE('',*,*,#518,.T.);
#753=ORIENTED_EDGE('',*,*,#516,.F.);
#754=ORIENTED_EDGE('',*,*,#517,.F.);
#755=ORIENTED_EDGE('',*,*,#518,.F.);
#756=ORIENTED_EDGE('',*,*,#519,.T.);
#757=ORIENTED_EDGE('',*,*,#489,.T.);
#758=ORIENTED_EDGE('',*,*,#501,.T.);
#759=ORIENTED_EDGE('',*,*,#483,.T.);
#760=ORIENTED_EDGE('',*,*,#479,.T.);
#761=ORIENTED_EDGE('',*,*,#482,.T.);
#762=ORIENTED_EDGE('',*,*,#461,.T.);
#763=ORIENTED_EDGE('',*,*,#496,.T.);
#764=ORIENTED_EDGE('',*,*,#508,.T.);
#765=ORIENTED_EDGE('',*,*,#490,.T.);
#766=ORIENTED_EDGE('',*,*,#519,.F.);
#767=ORIENTED_EDGE('',*,*,#520,.T.);
#768=ORIENTED_EDGE('',*,*,#521,.T.);
#769=ORIENTED_EDGE('',*,*,#522,.T.);
#770=ORIENTED_EDGE('',*,*,#515,.F.);
#771=ORIENTED_EDGE('',*,*,#522,.F.);
#772=ORIENTED_EDGE('',*,*,#523,.T.);
#773=ORIENTED_EDGE('',*,*,#524,.T.);
#774=ORIENTED_EDGE('',*,*,#520,.F.);
#775=ORIENTED_EDGE('',*,*,#521,.F.);
#776=ORIENTED_EDGE('',*,*,#524,.F.);
#777=ORIENTED_EDGE('',*,*,#525,.T.);
#778=ORIENTED_EDGE('',*,*,#526,.T.);
#779=ORIENTED_EDGE('',*,*,#497,.T.);
#780=ORIENTED_EDGE('',*,*,#526,.F.);
#781=ORIENTED_EDGE('',*,*,#523,.F.);
#782=ORIENTED_EDGE('',*,*,#525,.F.);
#783=ORIENTED_EDGE('',*,*,#400,.F.);
#784=ORIENTED_EDGE('',*,*,#409,.F.);
#785=ORIENTED_EDGE('',*,*,#510,.F.);
#786=ORIENTED_EDGE('',*,*,#514,.F.);
#787=TOROIDAL_SURFACE('',#886,1.8,0.5);
#788=TOROIDAL_SURFACE('',#891,6.37500000000002,0.5);
#789=TOROIDAL_SURFACE('',#905,6.37500000000001,0.5);
#790=TOROIDAL_SURFACE('',#910,1.80000000000001,0.5);
#791=TOROIDAL_SURFACE('',#924,6.37500000000002,0.5);
#792=TOROIDAL_SURFACE('',#929,1.80000000000001,0.5);
#793=TOROIDAL_SURFACE('',#943,6.37500000000002,0.5);
#794=TOROIDAL_SURFACE('',#948,1.80000000000001,0.5);
#795=TOROIDAL_SURFACE('',#962,1.,0.5);
#796=TOROIDAL_SURFACE('',#967,2.80000000000001,0.5);
#797=TOROIDAL_SURFACE('',#971,1.,0.5);
#798=TOROIDAL_SURFACE('',#974,5.37500000000001,0.5);
#799=TOROIDAL_SURFACE('',#979,1.,0.5);
#800=TOROIDAL_SURFACE('',#983,5.37500000000002,0.5);
#801=TOROIDAL_SURFACE('',#987,1.,0.5);
#802=TOROIDAL_SURFACE('',#991,2.80000000000001,0.5);
#803=TOROIDAL_SURFACE('',#1011,1.,0.5);
#804=TOROIDAL_SURFACE('',#1015,2.80000000000001,0.5);
#805=TOROIDAL_SURFACE('',#1017,1.,0.5);
#806=TOROIDAL_SURFACE('',#1019,5.37500000000001,0.5);
#807=TOROIDAL_SURFACE('',#1023,1.,0.5);
#808=TOROIDAL_SURFACE('',#1026,2.8,0.5);
#809=TOROIDAL_SURFACE('',#1029,1.,0.5);
#810=TOROIDAL_SURFACE('',#1032,5.37500000000001,0.5);
#811=TOROIDAL_SURFACE('',#1041,106.87499999914,100.);
#812=ADVANCED_FACE('',(#97),#787,.T.);
#813=ADVANCED_FACE('',(#98),#788,.T.);
#814=ADVANCED_FACE('',(#99),#89,.T.);
#815=ADVANCED_FACE('',(#100),#90,.T.);
#816=ADVANCED_FACE('',(#101),#70,.T.);
#817=ADVANCED_FACE('',(#102),#71,.F.);
#818=ADVANCED_FACE('',(#103),#26,.F.);
#819=ADVANCED_FACE('',(#104),#789,.T.);
#820=ADVANCED_FACE('',(#105),#790,.T.);
#821=ADVANCED_FACE('',(#106),#91,.T.);
#822=ADVANCED_FACE('',(#107),#92,.T.);
#823=ADVANCED_FACE('',(#108),#72,.T.);
#824=ADVANCED_FACE('',(#109),#73,.T.);
#825=ADVANCED_FACE('',(#110),#27,.F.);
#826=ADVANCED_FACE('',(#111),#791,.T.);
#827=ADVANCED_FACE('',(#112),#792,.T.);
#828=ADVANCED_FACE('',(#113),#93,.T.);
#829=ADVANCED_FACE('',(#114),#94,.T.);
#830=ADVANCED_FACE('',(#115),#74,.T.);
#831=ADVANCED_FACE('',(#116),#75,.T.);
#832=ADVANCED_FACE('',(#117),#28,.F.);
#833=ADVANCED_FACE('',(#118),#793,.T.);
#834=ADVANCED_FACE('',(#119),#794,.T.);
#835=ADVANCED_FACE('',(#120),#95,.T.);
#836=ADVANCED_FACE('',(#121),#96,.T.);
#837=ADVANCED_FACE('',(#122),#76,.T.);
#838=ADVANCED_FACE('',(#123),#77,.T.);
#839=ADVANCED_FACE('',(#124),#29,.F.);
#840=ADVANCED_FACE('',(#125),#795,.F.);
#841=ADVANCED_FACE('',(#126),#796,.F.);
#842=ADVANCED_FACE('',(#127),#797,.F.);
#843=ADVANCED_FACE('',(#128),#798,.F.);
#844=ADVANCED_FACE('',(#129),#78,.F.);
#845=ADVANCED_FACE('',(#130),#79,.T.);
#846=ADVANCED_FACE('',(#131),#799,.F.);
#847=ADVANCED_FACE('',(#132),#800,.F.);
#848=ADVANCED_FACE('',(#133),#801,.F.);
#849=ADVANCED_FACE('',(#134),#802,.F.);
#850=ADVANCED_FACE('',(#135,#20),#30,.F.);
#851=ADVANCED_FACE('',(#136),#803,.F.);
#852=ADVANCED_FACE('',(#137),#804,.F.);
#853=ADVANCED_FACE('',(#138),#805,.F.);
#854=ADVANCED_FACE('',(#139),#806,.F.);
#855=ADVANCED_FACE('',(#140),#80,.F.);
#856=ADVANCED_FACE('',(#141),#81,.T.);
#857=ADVANCED_FACE('',(#142),#807,.F.);
#858=ADVANCED_FACE('',(#143),#808,.F.);
#859=ADVANCED_FACE('',(#144),#809,.F.);
#860=ADVANCED_FACE('',(#145),#810,.F.);
#861=ADVANCED_FACE('',(#146),#82,.F.);
#862=ADVANCED_FACE('',(#147),#83,.T.);
#863=ADVANCED_FACE('',(#148),#84,.T.);
#864=ADVANCED_FACE('',(#149),#19,.F.);
#865=ADVANCED_FACE('',(#150),#85,.T.);
#866=ADVANCED_FACE('',(#151),#811,.F.);
#867=ADVANCED_FACE('',(#152),#86,.T.);
#868=ADVANCED_FACE('',(#153),#87,.F.);
#869=ADVANCED_FACE('',(#154,#21),#31,.T.);
#870=ADVANCED_FACE('',(#155),#88,.T.);
#871=CLOSED_SHELL('',(#812,#813,#814,#815,#816,#817,#818,#819,#820,#821,
#822,#823,#824,#825,#826,#827,#828,#829,#830,#831,#832,#833,#834,#835,#836,
#837,#838,#839,#840,#841,#842,#843,#844,#845,#846,#847,#848,#849,#850,#851,
#852,#853,#854,#855,#856,#857,#858,#859,#860,#861,#862,#863,#864,#865,#866,
#867,#868,#869,#870));
#872=DERIVED_UNIT_ELEMENT(#874,1.);
#873=DERIVED_UNIT_ELEMENT(#1765,-3.);
#874=(
MASS_UNIT()
NAMED_UNIT(*)
SI_UNIT(.KILO.,.GRAM.)
);
#875=DERIVED_UNIT((#872,#873));
#876=MEASURE_REPRESENTATION_ITEM('density measure',
POSITIVE_RATIO_MEASURE(7850.),#875);
#877=PROPERTY_DEFINITION_REPRESENTATION(#882,#879);
#878=PROPERTY_DEFINITION_REPRESENTATION(#883,#880);
#879=REPRESENTATION('material name',(#881),#1762);
#880=REPRESENTATION('density',(#876),#1762);
#881=DESCRIPTIVE_REPRESENTATION_ITEM('Steel','Steel');
#882=PROPERTY_DEFINITION('material property','material name',#1777);
#883=PROPERTY_DEFINITION('material property','density of part',#1777);
#884=AXIS2_PLACEMENT_3D('',#1407,#1052,#1053);
#885=AXIS2_PLACEMENT_3D('',#1408,#1054,#1055);
#886=AXIS2_PLACEMENT_3D('',#1409,#1056,#1057);
#887=AXIS2_PLACEMENT_3D('',#1412,#1058,#1059);
#888=AXIS2_PLACEMENT_3D('',#1414,#1060,#1061);
#889=AXIS2_PLACEMENT_3D('',#1416,#1062,#1063);
#890=AXIS2_PLACEMENT_3D('',#1417,#1064,#1065);
#891=AXIS2_PLACEMENT_3D('',#1418,#1066,#1067);
#892=AXIS2_PLACEMENT_3D('',#1420,#1068,#1069);
#893=AXIS2_PLACEMENT_3D('',#1422,#1070,#1071);
#894=AXIS2_PLACEMENT_3D('',#1423,#1072,#1073);
#895=AXIS2_PLACEMENT_3D('',#1424,#1074,#1075);
#896=AXIS2_PLACEMENT_3D('',#1425,#1076,#1077);
#897=AXIS2_PLACEMENT_3D('',#1426,#1078,#1079);
#898=AXIS2_PLACEMENT_3D('',#1427,#1080,#1081);
#899=AXIS2_PLACEMENT_3D('',#1428,#1082,#1083);
#900=AXIS2_PLACEMENT_3D('',#1429,#1084,#1085);
#901=AXIS2_PLACEMENT_3D('',#1433,#1087,#1088);
#902=AXIS2_PLACEMENT_3D('',#1435,#1090,#1091);
#903=AXIS2_PLACEMENT_3D('',#1438,#1093,#1094);
#904=AXIS2_PLACEMENT_3D('',#1439,#1095,#1096);
#905=AXIS2_PLACEMENT_3D('',#1440,#1097,#1098);
#906=AXIS2_PLACEMENT_3D('',#1443,#1099,#1100);
#907=AXIS2_PLACEMENT_3D('',#1445,#1101,#1102);
#908=AXIS2_PLACEMENT_3D('',#1447,#1103,#1104);
#909=AXIS2_PLACEMENT_3D('',#1448,#1105,#1106);
#910=AXIS2_PLACEMENT_3D('',#1449,#1107,#1108);
#911=AXIS2_PLACEMENT_3D('',#1451,#1109,#1110);
#912=AXIS2_PLACEMENT_3D('',#1452,#1111,#1112);
#913=AXIS2_PLACEMENT_3D('',#1454,#1113,#1114);
#914=AXIS2_PLACEMENT_3D('',#1455,#1115,#1116);
#915=AXIS2_PLACEMENT_3D('',#1456,#1117,#1118);
#916=AXIS2_PLACEMENT_3D('',#1457,#1119,#1120);
#917=AXIS2_PLACEMENT_3D('',#1458,#1121,#1122);
#918=AXIS2_PLACEMENT_3D('',#1459,#1123,#1124);
#919=AXIS2_PLACEMENT_3D('',#1460,#1125,#1126);
#920=AXIS2_PLACEMENT_3D('',#1464,#1128,#1129);
#921=AXIS2_PLACEMENT_3D('',#1466,#1131,#1132);
#922=AXIS2_PLACEMENT_3D('',#1469,#1134,#1135);
#923=AXIS2_PLACEMENT_3D('',#1470,#1136,#1137);
#924=AXIS2_PLACEMENT_3D('',#1471,#1138,#1139);
#925=AXIS2_PLACEMENT_3D('',#1474,#1140,#1141);
#926=AXIS2_PLACEMENT_3D('',#1476,#1142,#1143);
#927=AXIS2_PLACEMENT_3D('',#1478,#1144,#1145);
#928=AXIS2_PLACEMENT_3D('',#1479,#1146,#1147);
#929=AXIS2_PLACEMENT_3D('',#1480,#1148,#1149);
#930=AXIS2_PLACEMENT_3D('',#1482,#1150,#1151);
#931=AXIS2_PLACEMENT_3D('',#1483,#1152,#1153);
#932=AXIS2_PLACEMENT_3D('',#1485,#1154,#1155);
#933=AXIS2_PLACEMENT_3D('',#1486,#1156,#1157);
#934=AXIS2_PLACEMENT_3D('',#1487,#1158,#1159);
#935=AXIS2_PLACEMENT_3D('',#1488,#1160,#1161);
#936=AXIS2_PLACEMENT_3D('',#1489,#1162,#1163);
#937=AXIS2_PLACEMENT_3D('',#1490,#1164,#1165);
#938=AXIS2_PLACEMENT_3D('',#1491,#1166,#1167);
#939=AXIS2_PLACEMENT_3D('',#1495,#1169,#1170);
#940=AXIS2_PLACEMENT_3D('',#1497,#1172,#1173);
#941=AXIS2_PLACEMENT_3D('',#1500,#1175,#1176);
#942=AXIS2_PLACEMENT_3D('',#1501,#1177,#1178);
#943=AXIS2_PLACEMENT_3D('',#1502,#1179,#1180);
#944=AXIS2_PLACEMENT_3D('',#1505,#1181,#1182);
#945=AXIS2_PLACEMENT_3D('',#1507,#1183,#1184);
#946=AXIS2_PLACEMENT_3D('',#1509,#1185,#1186);
#947=AXIS2_PLACEMENT_3D('',#1510,#1187,#1188);
#948=AXIS2_PLACEMENT_3D('',#1511,#1189,#1190);
#949=AXIS2_PLACEMENT_3D('',#1513,#1191,#1192);
#950=AXIS2_PLACEMENT_3D('',#1514,#1193,#1194);
#951=AXIS2_PLACEMENT_3D('',#1516,#1195,#1196);
#952=AXIS2_PLACEMENT_3D('',#1517,#1197,#1198);
#953=AXIS2_PLACEMENT_3D('',#1518,#1199,#1200);
#954=AXIS2_PLACEMENT_3D('',#1519,#1201,#1202);
#955=AXIS2_PLACEMENT_3D('',#1520,#1203,#1204);
#956=AXIS2_PLACEMENT_3D('',#1521,#1205,#1206);
#957=AXIS2_PLACEMENT_3D('',#1522,#1207,#1208);
#958=AXIS2_PLACEMENT_3D('',#1526,#1210,#1211);
#959=AXIS2_PLACEMENT_3D('',#1528,#1213,#1214);
#960=AXIS2_PLACEMENT_3D('',#1531,#1216,#1217);
#961=AXIS2_PLACEMENT_3D('',#1532,#1218,#1219);
#962=AXIS2_PLACEMENT_3D('',#1533,#1220,#1221);
#963=AXIS2_PLACEMENT_3D('',#1536,#1222,#1223);
#964=AXIS2_PLACEMENT_3D('',#1538,#1224,#1225);
#965=AXIS2_PLACEMENT_3D('',#1539,#1226,#1227);
#966=AXIS2_PLACEMENT_3D('',#1540,#1228,#1229);
#967=AXIS2_PLACEMENT_3D('',#1541,#1230,#1231);
#968=AXIS2_PLACEMENT_3D('',#1561,#1232,#1233);
#969=AXIS2_PLACEMENT_3D('',#1562,#1234,#1235);
#970=AXIS2_PLACEMENT_3D('',#1563,#1236,#1237);
#971=AXIS2_PLACEMENT_3D('',#1564,#1238,#1239);
#972=AXIS2_PLACEMENT_3D('',#1566,#1240,#1241);
#973=AXIS2_PLACEMENT_3D('',#1567,#1242,#1243);
#974=AXIS2_PLACEMENT_3D('',#1568,#1244,#1245);
#975=AXIS2_PLACEMENT_3D('',#1569,#1246,#1247);
#976=AXIS2_PLACEMENT_3D('',#1570,#1248,#1249);
#977=AXIS2_PLACEMENT_3D('',#1571,#1250,#1251);
#978=AXIS2_PLACEMENT_3D('',#1573,#1253,#1254);
#979=AXIS2_PLACEMENT_3D('',#1574,#1255,#1256);
#980=AXIS2_PLACEMENT_3D('',#1576,#1257,#1258);
#981=AXIS2_PLACEMENT_3D('',#1578,#1259,#1260);
#982=AXIS2_PLACEMENT_3D('',#1579,#1261,#1262);
#983=AXIS2_PLACEMENT_3D('',#1580,#1263,#1264);
#984=AXIS2_PLACEMENT_3D('',#1583,#1265,#1266);
#985=AXIS2_PLACEMENT_3D('',#1584,#1267,#1268);
#986=AXIS2_PLACEMENT_3D('',#1585,#1269,#1270);
#987=AXIS2_PLACEMENT_3D('',#1586,#1271,#1272);
#988=AXIS2_PLACEMENT_3D('',#1588,#1273,#1274);
#989=AXIS2_PLACEMENT_3D('',#1589,#1275,#1276);
#990=AXIS2_PLACEMENT_3D('',#1590,#1277,#1278);
#991=AXIS2_PLACEMENT_3D('',#1591,#1279,#1280);
#992=AXIS2_PLACEMENT_3D('',#1610,#1281,#1282);
#993=AXIS2_PLACEMENT_3D('',#1611,#1283,#1284);
#994=AXIS2_PLACEMENT_3D('',#1612,#1285,#1286);
#995=AXIS2_PLACEMENT_3D('',#1613,#1287,#1288);
#996=AXIS2_PLACEMENT_3D('',#1615,#1289,#1290);
#997=AXIS2_PLACEMENT_3D('',#1617,#1291,#1292);
#998=AXIS2_PLACEMENT_3D('',#1619,#1293,#1294);
#999=AXIS2_PLACEMENT_3D('',#1621,#1295,#1296);
#1000=AXIS2_PLACEMENT_3D('',#1623,#1297,#1298);
#1001=AXIS2_PLACEMENT_3D('',#1625,#1299,#1300);
#1002=AXIS2_PLACEMENT_3D('',#1627,#1301,#1302);
#1003=AXIS2_PLACEMENT_3D('',#1629,#1303,#1304);
#1004=AXIS2_PLACEMENT_3D('',#1631,#1305,#1306);
#1005=AXIS2_PLACEMENT_3D('',#1633,#1307,#1308);
#1006=AXIS2_PLACEMENT_3D('',#1635,#1309,#1310);
#1007=AXIS2_PLACEMENT_3D('',#1637,#1311,#1312);
#1008=AXIS2_PLACEMENT_3D('',#1639,#1313,#1314);
#1009=AXIS2_PLACEMENT_3D('',#1640,#1315,#1316);
#1010=AXIS2_PLACEMENT_3D('',#1642,#1317,#1318);
#1011=AXIS2_PLACEMENT_3D('',#1643,#1319,#1320);
#1012=AXIS2_PLACEMENT_3D('',#1645,#1321,#1322);
#1013=AXIS2_PLACEMENT_3D('',#1646,#1323,#1324);
#1014=AXIS2_PLACEMENT_3D('',#1647,#1325,#1326);
#1015=AXIS2_PLACEMENT_3D('',#1648,#1327,#1328);
#1016=AXIS2_PLACEMENT_3D('',#1665,#1329,#1330);
#1017=AXIS2_PLACEMENT_3D('',#1666,#1331,#1332);
#1018=AXIS2_PLACEMENT_3D('',#1667,#1333,#1334);
#1019=AXIS2_PLACEMENT_3D('',#1668,#1335,#1336);
#1020=AXIS2_PLACEMENT_3D('',#1669,#1337,#1338);
#1021=AXIS2_PLACEMENT_3D('',#1670,#1339,#1340);
#1022=AXIS2_PLACEMENT_3D('',#1672,#1342,#1343);
#1023=AXIS2_PLACEMENT_3D('',#1673,#1344,#1345);
#1024=AXIS2_PLACEMENT_3D('',#1674,#1346,#1347);
#1025=AXIS2_PLACEMENT_3D('',#1675,#1348,#1349);
#1026=AXIS2_PLACEMENT_3D('',#1676,#1350,#1351);
#1027=AXIS2_PLACEMENT_3D('',#1694,#1352,#1353);
#1028=AXIS2_PLACEMENT_3D('',#1695,#1354,#1355);
#1029=AXIS2_PLACEMENT_3D('',#1696,#1356,#1357);
#1030=AXIS2_PLACEMENT_3D('',#1697,#1358,#1359);
#1031=AXIS2_PLACEMENT_3D('',#1698,#1360,#1361);
#1032=AXIS2_PLACEMENT_3D('',#1699,#1362,#1363);
#1033=AXIS2_PLACEMENT_3D('',#1700,#1364,#1365);
#1034=AXIS2_PLACEMENT_3D('',#1702,#1367,#1368);
#1035=AXIS2_PLACEMENT_3D('',#1704,#1370,#1371);
#1036=AXIS2_PLACEMENT_3D('',#1733,#1372,#1373);
#1037=AXIS2_PLACEMENT_3D('',#1735,#1374,#1375);
#1038=AXIS2_PLACEMENT_3D('',#1737,#1376,#1377);
#1039=AXIS2_PLACEMENT_3D('',#1738,#1378,#1379);
#1040=AXIS2_PLACEMENT_3D('',#1739,#1380,#1381);
#1041=AXIS2_PLACEMENT_3D('',#1741,#1383,#1384);
#1042=AXIS2_PLACEMENT_3D('',#1744,#1385,#1386);
#1043=AXIS2_PLACEMENT_3D('',#1745,#1387,#1388);
#1044=AXIS2_PLACEMENT_3D('',#1746,#1389,#1390);
#1045=AXIS2_PLACEMENT_3D('',#1747,#1391,#1392);
#1046=AXIS2_PLACEMENT_3D('',#1749,#1393,#1394);
#1047=AXIS2_PLACEMENT_3D('',#1751,#1396,#1397);
#1048=AXIS2_PLACEMENT_3D('',#1753,#1398,#1399);
#1049=AXIS2_PLACEMENT_3D('',#1755,#1401,#1402);
#1050=AXIS2_PLACEMENT_3D('',#1756,#1403,#1404);
#1051=AXIS2_PLACEMENT_3D('',#1757,#1405,#1406);
#1052=DIRECTION('axis',(0.,0.,1.));
#1053=DIRECTION('refdir',(1.,0.,0.));
#1054=DIRECTION('axis',(0.,0.,1.));
#1055=DIRECTION('refdir',(1.,0.,0.));
#1056=DIRECTION('center_axis',(-1.19348980798173E-15,1.7486012564705E-15,
1.));
#1057=DIRECTION('ref_axis',(1.,0.,0.));
#1058=DIRECTION('center_axis',(0.846564671937275,-0.53228587829073,2.1217876661414E-15));
#1059=DIRECTION('ref_axis',(-0.53228587829073,-0.846564671937275,0.));
#1060=DIRECTION('center_axis',(-1.19348980798173E-15,1.7486012564705E-15,
1.));
#1061=DIRECTION('ref_axis',(0.766044457859531,-0.642787592119431,2.03824544413992E-15));
#1062=DIRECTION('center_axis',(0.671203706316819,-0.741272948802643,3.13632820851832E-15));
#1063=DIRECTION('ref_axis',(2.22044604925032E-15,-2.22044604925032E-15,
-1.));
#1064=DIRECTION('center_axis',(1.19348980798173E-15,-1.7486012564705E-15,
-1.));
#1065=DIRECTION('ref_axis',(0.766044457859531,-0.642787592119431,2.05149906724213E-15));
#1066=DIRECTION('center_axis',(-1.19348980798173E-15,1.7486012564705E-15,
1.));
#1067=DIRECTION('ref_axis',(1.,0.,2.06703341312029E-15));
#1068=DIRECTION('center_axis',(0.831402903924891,0.555670056189155,-3.10792734274285E-16));
#1069=DIRECTION('ref_axis',(1.11022302462518E-15,-2.22044604925036E-15,
-1.));
#1070=DIRECTION('center_axis',(-1.19348980798173E-15,1.7486012564705E-15,
1.));
#1071=DIRECTION('ref_axis',(0.766044457859532,-0.642787592119431,2.04328280063991E-15));
#1072=DIRECTION('center_axis',(-0.402856538300205,-0.915263136780224,1.13777120720477E-15));
#1073=DIRECTION('ref_axis',(-0.915263136780224,0.402856538300205,0.));
#1074=DIRECTION('center_axis',(1.19348980798173E-15,-1.7486012564705E-15,
-1.));
#1075=DIRECTION('ref_axis',(0.766044457859531,-0.642787592119431,2.03824544413992E-15));
#1076=DIRECTION('center_axis',(-0.993044889055363,-0.0861700106047473,0.080228284248136));
#1077=DIRECTION('ref_axis',(-0.117736350890542,0.726799225333949,-0.676683853607392));
#1078=DIRECTION('center_axis',(1.26882631385732E-15,-1.90323947078598E-15,
-1.));
#1079=DIRECTION('ref_axis',(-0.15990840197986,0.987131856935155,0.));
#1080=DIRECTION('center_axis',(0.676618152960075,0.00942935935456831,-0.736273700648787));
#1081=DIRECTION('ref_axis',(-0.736202214298889,-0.0102597236061203,-0.676683853607383));
#1082=DIRECTION('center_axis',(1.26882631385732E-15,-1.90323947078598E-15,
-1.));
#1083=DIRECTION('ref_axis',(-0.999902907913408,-0.0139346598922052,0.));
#1084=DIRECTION('center_axis',(-1.26882631385732E-15,1.90323947078598E-15,
1.));
#1085=DIRECTION('ref_axis',(-0.159908401979861,0.987131856935155,0.));
#1086=DIRECTION('',(-1.26882631385732E-15,1.90323947078598E-15,1.));
#1087=DIRECTION('center_axis',(-1.19348980798173E-15,1.7486012564705E-15,
1.));
#1088=DIRECTION('ref_axis',(-0.159908401979861,0.987131856935155,-1.94289029309402E-15));
#1089=DIRECTION('',(1.26882631385732E-15,-1.90323947078598E-15,-1.));
#1090=DIRECTION('center_axis',(-1.26882631385732E-15,1.90323947078598E-15,
1.));
#1091=DIRECTION('ref_axis',(0.42942403637443,-0.903102982490863,2.26368575961585E-15));
#1092=DIRECTION('',(1.26882631385732E-15,-1.90323947078598E-15,-1.));
#1093=DIRECTION('center_axis',(1.19348980798173E-15,-1.7486012564705E-15,
-1.));
#1094=DIRECTION('ref_axis',(0.766044457859532,-0.642787592119431,2.04328280063991E-15));
#1095=DIRECTION('center_axis',(-1.19348980798173E-15,1.7486012564705E-15,
1.));
#1096=DIRECTION('ref_axis',(-1.,-2.30054149619185E-8,-1.19348976775443E-15));
#1097=DIRECTION('center_axis',(-1.19348980798173E-15,1.7486012564705E-15,
1.));
#1098=DIRECTION('ref_axis',(1.,0.,2.06703341312029E-15));
#1099=DIRECTION('center_axis',(-0.555670056332644,0.83140290382899,-1.84608529314232E-15));
#1100=DIRECTION('ref_axis',(0.,-2.22044604925032E-15,-1.));
#1101=DIRECTION('center_axis',(-1.19348980798173E-15,1.7486012564705E-15,
1.));
#1102=DIRECTION('ref_axis',(0.642787591984013,0.766044457973161,-5.66922395553271E-16));
#1103=DIRECTION('center_axis',(0.915263136853126,-0.402856538134576,1.91066741664057E-15));
#1104=DIRECTION('ref_axis',(-0.402856538134576,-0.915263136853126,-1.77635683940025E-14));
#1105=DIRECTION('center_axis',(1.19348980798173E-15,-1.7486012564705E-15,
-1.));
#1106=DIRECTION('ref_axis',(0.642787591984013,0.766044457973161,-5.7234586199409E-16));
#1107=DIRECTION('center_axis',(-1.19348980798173E-15,1.7486012564705E-15,
1.));
#1108=DIRECTION('ref_axis',(1.,0.,0.));
#1109=DIRECTION('center_axis',(0.532285878229434,0.846564671975816,-1.87975118132359E-15));
#1110=DIRECTION('ref_axis',(0.846564671975816,-0.532285878229434,1.77635683940025E-14));
#1111=DIRECTION('center_axis',(-1.19348980798173E-15,1.7486012564705E-15,
1.));
#1112=DIRECTION('ref_axis',(0.642787591984014,0.76604445797316,-5.72345861994089E-16));
#1113=DIRECTION('center_axis',(0.741272948613936,0.671203706525225,-1.49037161839611E-15));
#1114=DIRECTION('ref_axis',(0.,-2.22044604925032E-15,-1.));
#1115=DIRECTION('center_axis',(1.19348980798173E-15,-1.7486012564705E-15,
-1.));
#1116=DIRECTION('ref_axis',(0.642787591984014,0.76604445797316,-5.73212974670596E-16));
#1117=DIRECTION('center_axis',(-0.999947367649752,-0.00755362886907918,
-0.00694295479175367));
#1118=DIRECTION('ref_axis',(0.0102597236966719,-0.736202214323672,-0.676683853579047));
#1119=DIRECTION('center_axis',(1.26882631385732E-15,-1.74463618155382E-15,
-1.));
#1120=DIRECTION('ref_axis',(0.0139346600147006,-0.999902907911701,0.));
#1121=DIRECTION('center_axis',(0.667976188916537,0.108207433825742,-0.736273700674815));
#1122=DIRECTION('ref_axis',(-0.726799225332438,-0.117736351062638,-0.676683853579072));
#1123=DIRECTION('center_axis',(1.26882631385732E-15,-1.74463618155382E-15,
-1.));
#1124=DIRECTION('ref_axis',(-0.987131856898208,-0.159908402207938,0.));
#1125=DIRECTION('center_axis',(-1.26882631385732E-15,1.74463618155382E-15,
1.));
#1126=DIRECTION('ref_axis',(0.0139346600147002,-0.999902907911701,0.));
#1127=DIRECTION('',(-1.26882631385732E-15,1.74463618155382E-15,1.));
#1128=DIRECTION('center_axis',(-1.19348980798173E-15,1.7486012564705E-15,
1.));
#1129=DIRECTION('ref_axis',(0.0139346600146973,-0.999902907911701,1.80411241501588E-15));
#1130=DIRECTION('',(1.26882631385732E-15,-1.74463618155382E-15,-1.));
#1131=DIRECTION('center_axis',(-1.26882631385732E-15,1.74463618155382E-15,
1.));
#1132=DIRECTION('ref_axis',(0.642787591984013,0.766044457973161,-5.20883067128459E-16));
#1133=DIRECTION('',(1.26882631385732E-15,-1.74463618155382E-15,-1.));
#1134=DIRECTION('center_axis',(-1.19348980798173E-15,1.7486012564705E-15,
1.));
#1135=DIRECTION('ref_axis',(0.642787591984013,0.766044457973161,-5.73212974670596E-16));
#1136=DIRECTION('center_axis',(-1.19348980798173E-15,1.7486012564705E-15,
1.));
#1137=DIRECTION('ref_axis',(-1.,-2.30054149619185E-8,-1.19348976775443E-15));
#1138=DIRECTION('center_axis',(-1.19348980798173E-15,1.7486012564705E-15,
1.));
#1139=DIRECTION('ref_axis',(1.,0.,2.06703341312029E-15));
#1140=DIRECTION('center_axis',(-0.83140290385941,-0.555670056287128,3.10792734564521E-16));
#1141=DIRECTION('ref_axis',(1.11022302462516E-15,-2.22044604925032E-15,
-1.));
#1142=DIRECTION('center_axis',(-1.19348980798173E-15,1.7486012564705E-15,
1.));
#1143=DIRECTION('ref_axis',(-0.766044457953616,0.642787592007306,-2.04328280063991E-15));
#1144=DIRECTION('center_axis',(0.40285653814013,0.915263136850682,-2.03229241624455E-15));
#1145=DIRECTION('ref_axis',(0.915263136850682,-0.40285653814013,0.));
#1146=DIRECTION('center_axis',(1.19348980798173E-15,-1.7486012564705E-15,
-1.));
#1147=DIRECTION('ref_axis',(-0.766044457953616,0.642787592007306,-2.03824544405615E-15));
#1148=DIRECTION('center_axis',(-1.19348980798173E-15,1.7486012564705E-15,
1.));
#1149=DIRECTION('ref_axis',(-0.766044457953615,0.642787592007307,0.));
#1150=DIRECTION('center_axis',(-0.846564671636662,0.532285878768834,-2.12178766686925E-15));
#1151=DIRECTION('ref_axis',(0.532285878768834,0.846564671636662,0.));
#1152=DIRECTION('center_axis',(-1.19348980798173E-15,1.7486012564705E-15,
1.));
#1153=DIRECTION('ref_axis',(-0.766044457953616,0.642787592007306,-2.03824544405615E-15));
#1154=DIRECTION('center_axis',(-0.671203706952458,0.741272948227088,-3.13632820865173E-15));
#1155=DIRECTION('ref_axis',(2.22044604925032E-15,-2.22044604925032E-15,
-1.));
#1156=DIRECTION('center_axis',(1.19348980798173E-15,-1.7486012564705E-15,
-1.));
#1157=DIRECTION('ref_axis',(-0.766044457953616,0.642787592007306,-2.05149906724213E-15));
#1158=DIRECTION('center_axis',(-0.676618152769112,-0.00942935920067536,
-0.736273700826248));
#1159=DIRECTION('ref_axis',(0.736202214478628,0.0102597234440758,-0.676683853414292));
#1160=DIRECTION('center_axis',(1.18952466924124E-15,-1.90323947078598E-15,
-1.));
#1161=DIRECTION('ref_axis',(0.999902907916521,0.0139346596687684,0.));
#1162=DIRECTION('center_axis',(-0.993044889007517,-0.0861700109178222,-0.080228284504102));
#1163=DIRECTION('ref_axis',(0.117736351294097,-0.726799225448362,-0.676683853414291));
#1164=DIRECTION('center_axis',(1.18952466924124E-15,-1.90323947078598E-15,
-1.));
#1165=DIRECTION('ref_axis',(0.159908402489417,-0.98713185685261,0.));
#1166=DIRECTION('center_axis',(-1.18952466924124E-15,1.90323947078598E-15,
1.));
#1167=DIRECTION('ref_axis',(0.999902907916522,0.0139346596687694,0.));
#1168=DIRECTION('',(-1.18952466924124E-15,1.90323947078598E-15,1.));
#1169=DIRECTION('center_axis',(-1.19348980798173E-15,1.7486012564705E-15,
1.));
#1170=DIRECTION('ref_axis',(0.999902907916521,0.0139346596687733,1.11022302462516E-15));
#1171=DIRECTION('',(1.18952466924124E-15,-1.90323947078598E-15,-1.));
#1172=DIRECTION('center_axis',(-1.18952466924124E-15,1.90323947078598E-15,
1.));
#1173=DIRECTION('ref_axis',(-0.766044457953615,0.642787592007307,-2.13460749691114E-15));
#1174=DIRECTION('',(1.18952466924124E-15,-1.90323947078598E-15,-1.));
#1175=DIRECTION('center_axis',(-1.19348980798173E-15,1.7486012564705E-15,
1.));
#1176=DIRECTION('ref_axis',(-0.766044457953615,0.642787592007307,-2.05149906724213E-15));
#1177=DIRECTION('center_axis',(-1.19348980798173E-15,1.7486012564705E-15,
1.));
#1178=DIRECTION('ref_axis',(-1.,-2.30054149619185E-8,-1.19348976775443E-15));
#1179=DIRECTION('center_axis',(-1.19348980798173E-15,1.7486012564705E-15,
1.));
#1180=DIRECTION('ref_axis',(1.,0.,2.06703341312029E-15));
#1181=DIRECTION('center_axis',(0.555670056143636,-0.831402903955313,1.84608529342282E-15));
#1182=DIRECTION('ref_axis',(0.,-2.22044604925032E-15,-1.));
#1183=DIRECTION('center_axis',(-1.19348980798173E-15,1.7486012564705E-15,
1.));
#1184=DIRECTION('ref_axis',(-0.642787592142724,-0.766044457839987,5.6692239555327E-16));
#1185=DIRECTION('center_axis',(-0.91526313677778,0.402856538305758,-8.9452120889568E-16));
#1186=DIRECTION('ref_axis',(0.402856538305758,0.91526313677778,1.77635683940025E-14));
#1187=DIRECTION('center_axis',(1.19348980798173E-15,-1.7486012564705E-15,
-1.));
#1188=DIRECTION('ref_axis',(-0.642787592142724,-0.766044457839987,5.72345861571801E-16));
#1189=DIRECTION('center_axis',(-1.19348980798173E-15,1.7486012564705E-15,
1.));
#1190=DIRECTION('ref_axis',(-0.642787592142723,-0.766044457839987,0.));
#1191=DIRECTION('center_axis',(-0.532285878830131,-0.846564671598121,1.87975118048494E-15));
#1192=DIRECTION('ref_axis',(-0.846564671598121,0.532285878830131,-1.77635683940025E-14));
#1193=DIRECTION('center_axis',(-1.19348980798173E-15,1.7486012564705E-15,
1.));
#1194=DIRECTION('ref_axis',(-0.642787592142724,-0.766044457839987,5.72345861571802E-16));
#1195=DIRECTION('center_axis',(-0.741272948415792,-0.671203706744055,-1.64595658972598E-15));
#1196=DIRECTION('ref_axis',(2.22044604925032E-15,0.,-1.));
#1197=DIRECTION('center_axis',(1.19348980798173E-15,-1.7486012564705E-15,
-1.));
#1198=DIRECTION('ref_axis',(-0.642787592142724,-0.766044457839987,5.73212974670596E-16));
#1199=DIRECTION('center_axis',(-0.999947367653273,-0.00755362861775489,
0.00694295455812722));
#1200=DIRECTION('ref_axis',(-0.010259723353533,0.736202214453826,-0.676683853442649));
#1201=DIRECTION('center_axis',(1.26882631385732E-15,-1.74463618155382E-15,
-1.));
#1202=DIRECTION('ref_axis',(-0.0139346595462886,0.999902907918228,0.));
#1203=DIRECTION('center_axis',(-0.667976188775999,-0.108207433840052,-0.736273700800213));
#1204=DIRECTION('ref_axis',(0.726799225449861,0.117736351122001,-0.676683853442624));
#1205=DIRECTION('center_axis',(1.26882631385732E-15,-1.74463618155382E-15,
-1.));
#1206=DIRECTION('ref_axis',(0.987131856889558,0.159908402261337,0.));
#1207=DIRECTION('center_axis',(-1.26882631385732E-15,1.74463618155382E-15,
1.));
#1208=DIRECTION('ref_axis',(-0.0139346595462876,0.999902907918228,0.));
#1209=DIRECTION('',(-1.26882631385732E-15,1.74463618155382E-15,1.));
#1210=DIRECTION('center_axis',(-1.19348980798173E-15,1.7486012564705E-15,
1.));
#1211=DIRECTION('ref_axis',(-0.0139346595462918,0.999902907918228,-1.80411241501588E-15));
#1212=DIRECTION('',(1.26882631385732E-15,-1.74463618155382E-15,-1.));
#1213=DIRECTION('center_axis',(-1.26882631385732E-15,1.74463618155382E-15,
1.));
#1214=DIRECTION('ref_axis',(-0.642787592142724,-0.766044457839987,5.20883066694744E-16));
#1215=DIRECTION('',(1.26882631385732E-15,-1.74463618155382E-15,-1.));
#1216=DIRECTION('center_axis',(-1.19348980798173E-15,1.7486012564705E-15,
1.));
#1217=DIRECTION('ref_axis',(-0.642787592142724,-0.766044457839987,5.73212974670596E-16));
#1218=DIRECTION('center_axis',(-1.19348980798173E-15,1.7486012564705E-15,
1.));
#1219=DIRECTION('ref_axis',(-1.,-2.30054149619185E-8,-1.19348976775443E-15));
#1220=DIRECTION('center_axis',(1.19348980798173E-15,-1.7486012564705E-15,
-1.));
#1221=DIRECTION('ref_axis',(0.987131856889558,0.159908402261334,0.));
#1222=DIRECTION('center_axis',(-0.91526313677778,0.402856538305758,-1.91066741693702E-15));
#1223=DIRECTION('ref_axis',(-0.402856538305758,-0.91526313677778,0.));
#1224=DIRECTION('center_axis',(1.19348980798173E-15,-1.7486012564705E-15,
-1.));
#1225=DIRECTION('ref_axis',(0.987131856889558,0.159908402261335,8.98515777217409E-16));
#1226=DIRECTION('center_axis',(-0.741272948415793,-0.671203706744053,6.67393324019012E-16));
#1227=DIRECTION('ref_axis',(-1.11022302462516E-15,2.22044604925032E-15,
1.));
#1228=DIRECTION('center_axis',(-1.19348980798173E-15,1.7486012564705E-15,
1.));
#1229=DIRECTION('ref_axis',(0.987131856889558,0.159908402261335,8.32667268468867E-16));
#1230=DIRECTION('center_axis',(-1.19348980798173E-15,1.7486012564705E-15,
1.));
#1231=DIRECTION('ref_axis',(-0.642787592142723,-0.766044457839987,0.));
#1232=DIRECTION('center_axis',(1.19348980798173E-15,-1.7486012564705E-15,
-1.));
#1233=DIRECTION('ref_axis',(-0.642787592142724,-0.766044457839987,5.72345861571802E-16));
#1234=DIRECTION('center_axis',(0.532285878830131,0.846564671598122,-6.97839103764846E-16));
#1235=DIRECTION('ref_axis',(-2.22044604925032E-15,2.22044604925032E-15,
1.));
#1236=DIRECTION('center_axis',(1.19348980798173E-15,-1.7486012564705E-15,
-1.));
#1237=DIRECTION('ref_axis',(-0.642787592142724,-0.766044457839987,5.72345861571802E-16));
#1238=DIRECTION('center_axis',(1.19348980798173E-15,-1.7486012564705E-15,
-1.));
#1239=DIRECTION('ref_axis',(-1.,0.,0.));
#1240=DIRECTION('center_axis',(0.555670056143637,-0.831402903955313,3.07992067427366E-15));
#1241=DIRECTION('ref_axis',(-2.22044604925032E-15,2.22044604925032E-15,
1.));
#1242=DIRECTION('center_axis',(1.19348980798173E-15,-1.7486012564705E-15,
-1.));
#1243=DIRECTION('ref_axis',(-0.0139346595462918,0.999902907918228,-1.76506235528051E-15));
#1244=DIRECTION('center_axis',(1.19348980798173E-15,-1.7486012564705E-15,
-1.));
#1245=DIRECTION('ref_axis',(-1.,0.,0.));
#1246=DIRECTION('center_axis',(-1.19348980798173E-15,1.7486012564705E-15,
1.));
#1247=DIRECTION('ref_axis',(-0.642787592142724,-0.766044457839987,5.72345861571801E-16));
#1248=DIRECTION('center_axis',(1.19348980798173E-15,-1.7486012564705E-15,
-1.));
#1249=DIRECTION('ref_axis',(-0.642787592142724,-0.766044457839987,5.6692239555327E-16));
#1250=DIRECTION('center_axis',(-1.26882631385732E-15,1.74463618155382E-15,
1.));
#1251=DIRECTION('ref_axis',(-0.903102982487391,-0.429424036381732,-3.96692117202577E-16));
#1252=DIRECTION('',(-1.26882631385732E-15,1.74463618155382E-15,1.));
#1253=DIRECTION('center_axis',(-1.26882631385732E-15,1.74463618155382E-15,
1.));
#1254=DIRECTION('ref_axis',(0.987131856889558,0.159908402261337,0.));
#1255=DIRECTION('center_axis',(1.19348980798173E-15,-1.7486012564705E-15,
-1.));
#1256=DIRECTION('ref_axis',(0.999902907916521,0.0139346596687755,0.));
#1257=DIRECTION('center_axis',(-0.846564671636662,0.532285878768835,-3.06166325715452E-15));
#1258=DIRECTION('ref_axis',(-0.532285878768835,-0.846564671636662,0.));
#1259=DIRECTION('center_axis',(1.19348980798173E-15,-1.7486012564705E-15,
-1.));
#1260=DIRECTION('ref_axis',(0.999902907916521,0.0139346596687733,1.16900776616436E-15));
#1261=DIRECTION('center_axis',(-0.831402903859411,-0.555670056287127,-6.12249912040419E-16));
#1262=DIRECTION('ref_axis',(-2.22044604925032E-15,2.22044604925032E-15,
1.));
#1263=DIRECTION('center_axis',(1.19348980798173E-15,-1.7486012564705E-15,
-1.));
#1264=DIRECTION('ref_axis',(-1.,0.,0.));
#1265=DIRECTION('center_axis',(-0.402856538140131,-0.915263136850681,1.58503181198059E-15));
#1266=DIRECTION('ref_axis',(-1.11022302462516E-15,2.22044604925032E-15,
1.));
#1267=DIRECTION('center_axis',(1.19348980798173E-15,-1.7486012564705E-15,
-1.));
#1268=DIRECTION('ref_axis',(-0.766044457953616,0.642787592007306,-2.04328280063991E-15));
#1269=DIRECTION('center_axis',(-1.19348980798173E-15,1.7486012564705E-15,
1.));
#1270=DIRECTION('ref_axis',(-0.766044457953616,0.642787592007306,-2.03824544405615E-15));
#1271=DIRECTION('center_axis',(1.19348980798173E-15,-1.7486012564705E-15,
-1.));
#1272=DIRECTION('ref_axis',(-1.,0.,0.));
#1273=DIRECTION('center_axis',(-0.671203706952457,0.741272948227089,-3.13632820865173E-15));
#1274=DIRECTION('ref_axis',(-2.22044604925032E-15,2.22044604925032E-15,
1.));
#1275=DIRECTION('center_axis',(-1.19348980798173E-15,1.7486012564705E-15,
1.));
#1276=DIRECTION('ref_axis',(0.159908402489412,-0.987131856852611,1.94289029309403E-15));
#1277=DIRECTION('center_axis',(1.19348980798173E-15,-1.7486012564705E-15,
-1.));
#1278=DIRECTION('ref_axis',(0.159908402489412,-0.987131856852611,1.91694905377628E-15));
#1279=DIRECTION('center_axis',(-1.19348980798173E-15,1.7486012564705E-15,
1.));
#1280=DIRECTION('ref_axis',(-0.766044457953616,0.642787592007306,0.));
#1281=DIRECTION('center_axis',(1.19348980798173E-15,-1.7486012564705E-15,
-1.));
#1282=DIRECTION('ref_axis',(-0.766044457953615,0.642787592007307,-2.03824544405615E-15));
#1283=DIRECTION('center_axis',(1.19348980798173E-15,-1.7486012564705E-15,
-1.));
#1284=DIRECTION('ref_axis',(-0.766044457953615,0.642787592007307,-2.03824544405615E-15));
#1285=DIRECTION('center_axis',(-1.19348980798173E-15,1.7486012564705E-15,
1.));
#1286=DIRECTION('ref_axis',(-1.,0.,-1.19348980798173E-15));
#1287=DIRECTION('center_axis',(-1.19348980798173E-15,1.7486012564705E-15,
1.));
#1288=DIRECTION('ref_axis',(-1.,0.,-1.19348980798173E-15));
#1289=DIRECTION('center_axis',(-1.19348980798173E-15,1.7486012564705E-15,
1.));
#1290=DIRECTION('ref_axis',(-1.,0.,-1.19348980798173E-15));
#1291=DIRECTION('center_axis',(1.19348980798173E-15,-1.7486012564705E-15,
-1.));
#1292=DIRECTION('ref_axis',(0.642787591984013,0.766044457973161,-5.72345861994089E-16));
#1293=DIRECTION('center_axis',(1.19348980798173E-15,-1.7486012564705E-15,
-1.));
#1294=DIRECTION('ref_axis',(-0.987131856898207,-0.159908402207942,-8.98515777321095E-16));
#1295=DIRECTION('center_axis',(-1.19348980798173E-15,1.7486012564705E-15,
1.));
#1296=DIRECTION('ref_axis',(0.642787591984013,0.766044457973161,-5.7234586199409E-16));
#1297=DIRECTION('center_axis',(1.19348980798173E-15,-1.7486012564705E-15,
-1.));
#1298=DIRECTION('ref_axis',(0.0139346600146973,-0.999902907911701,1.76506235582813E-15));
#1299=DIRECTION('center_axis',(1.19348980798173E-15,-1.7486012564705E-15,
-1.));
#1300=DIRECTION('ref_axis',(0.642787591984013,0.766044457973161,-5.72345861994089E-16));
#1301=DIRECTION('center_axis',(-1.19348980798173E-15,1.7486012564705E-15,
1.));
#1302=DIRECTION('ref_axis',(-1.,0.,-1.19348980798173E-15));
#1303=DIRECTION('center_axis',(-1.19348980798173E-15,1.7486012564705E-15,
1.));
#1304=DIRECTION('ref_axis',(-1.,0.,-1.19348980798173E-15));
#1305=DIRECTION('center_axis',(1.19348980798173E-15,-1.7486012564705E-15,
-1.));
#1306=DIRECTION('ref_axis',(0.766044457859532,-0.642787592119431,2.03824544413992E-15));
#1307=DIRECTION('center_axis',(1.19348980798173E-15,-1.7486012564705E-15,
-1.));
#1308=DIRECTION('ref_axis',(-0.159908401979861,0.987131856935155,-1.91694905331248E-15));
#1309=DIRECTION('center_axis',(-1.19348980798173E-15,1.7486012564705E-15,
1.));
#1310=DIRECTION('ref_axis',(0.766044457859532,-0.642787592119431,2.03824544413992E-15));
#1311=DIRECTION('center_axis',(1.19348980798173E-15,-1.7486012564705E-15,
-1.));
#1312=DIRECTION('ref_axis',(-0.999902907913408,-0.0139346598922114,-1.16900776576994E-15));
#1313=DIRECTION('center_axis',(1.19348980798173E-15,-1.7486012564705E-15,
-1.));
#1314=DIRECTION('ref_axis',(0.766044457859532,-0.642787592119431,2.03824544413992E-15));
#1315=DIRECTION('center_axis',(-1.19348980798173E-15,1.7486012564705E-15,
1.));
#1316=DIRECTION('ref_axis',(-1.,0.,-1.19348980798173E-15));
#1317=DIRECTION('center_axis',(1.19348980798173E-15,-1.7486012564705E-15,
-1.));
#1318=DIRECTION('ref_axis',(-1.,0.,-1.19348980798173E-15));
#1319=DIRECTION('center_axis',(1.19348980798173E-15,-1.7486012564705E-15,
-1.));
#1320=DIRECTION('ref_axis',(-1.,0.,0.));
#1321=DIRECTION('center_axis',(0.915263136853126,-0.402856538134577,1.91066741664057E-15));
#1322=DIRECTION('ref_axis',(0.402856538134577,0.915263136853126,0.));
#1323=DIRECTION('center_axis',(0.741272948613937,0.671203706525225,-6.6739332331313E-16));
#1324=DIRECTION('ref_axis',(-1.11022302462516E-15,2.22044604925032E-15,
1.));
#1325=DIRECTION('center_axis',(-1.19348980798173E-15,1.7486012564705E-15,
1.));
#1326=DIRECTION('ref_axis',(-0.987131856898207,-0.159908402207942,-8.32667268468868E-16));
#1327=DIRECTION('center_axis',(-1.19348980798173E-15,1.7486012564705E-15,
1.));
#1328=DIRECTION('ref_axis',(1.,0.,0.));
#1329=DIRECTION('center_axis',(-0.532285878229434,-0.846564671975816,6.97839105937311E-16));
#1330=DIRECTION('ref_axis',(-2.22044604925032E-15,2.22044604925032E-15,
1.));
#1331=DIRECTION('center_axis',(1.19348980798173E-15,-1.7486012564705E-15,
-1.));
#1332=DIRECTION('ref_axis',(-1.,0.,0.));
#1333=DIRECTION('center_axis',(-0.555670056332645,0.831402903828989,-3.07992067441285E-15));
#1334=DIRECTION('ref_axis',(-2.22044604925032E-15,2.22044604925032E-15,
1.));
#1335=DIRECTION('center_axis',(1.19348980798173E-15,-1.7486012564705E-15,
-1.));
#1336=DIRECTION('ref_axis',(-1.,0.,0.));
#1337=DIRECTION('center_axis',(1.19348980798173E-15,-1.7486012564705E-15,
-1.));
#1338=DIRECTION('ref_axis',(0.642787591984013,0.766044457973161,-5.66922395553271E-16));
#1339=DIRECTION('center_axis',(-1.26882631385732E-15,1.74463618155382E-15,
1.));
#1340=DIRECTION('ref_axis',(0.903102982412108,0.429424036540056,3.96692116830839E-16));
#1341=DIRECTION('',(-1.26882631385732E-15,1.74463618155382E-15,1.));
#1342=DIRECTION('center_axis',(-1.26882631385732E-15,1.74463618155382E-15,
1.));
#1343=DIRECTION('ref_axis',(-0.987131856898208,-0.159908402207938,0.));
#1344=DIRECTION('center_axis',(1.19348980798173E-15,-1.7486012564705E-15,
-1.));
#1345=DIRECTION('ref_axis',(-1.,0.,0.));
#1346=DIRECTION('center_axis',(-0.402856538300207,-0.915263136780224,1.13777120720475E-15));
#1347=DIRECTION('ref_axis',(0.915263136780224,-0.402856538300207,0.));
#1348=DIRECTION('center_axis',(0.671203706316819,-0.741272948802643,3.13632820851832E-15));
#1349=DIRECTION('ref_axis',(-2.22044604925032E-15,2.22044604925032E-15,
1.));
#1350=DIRECTION('center_axis',(-1.19348980798173E-15,1.7486012564705E-15,
1.));
#1351=DIRECTION('ref_axis',(1.,0.,0.));
#1352=DIRECTION('center_axis',(-0.846564671937276,0.532285878290729,-3.0616632567604E-15));
#1353=DIRECTION('ref_axis',(-2.22044604925032E-15,2.22044604925032E-15,
1.));
#1354=DIRECTION('center_axis',(-1.19348980798173E-15,1.7486012564705E-15,
1.));
#1355=DIRECTION('ref_axis',(0.766044457859532,-0.642787592119431,2.05149906724213E-15));
#1356=DIRECTION('center_axis',(1.19348980798173E-15,-1.7486012564705E-15,
-1.));
#1357=DIRECTION('ref_axis',(-1.,0.,0.));
#1358=DIRECTION('center_axis',(0.831402903924891,0.555670056189155,6.12249912403357E-16));
#1359=DIRECTION('ref_axis',(-2.22044604925032E-15,2.22044604925032E-15,
1.));
#1360=DIRECTION('center_axis',(-1.19348980798173E-15,1.7486012564705E-15,
1.));
#1361=DIRECTION('ref_axis',(-0.999902907913408,-0.0139346598922114,-1.11022302462516E-15));
#1362=DIRECTION('center_axis',(1.19348980798173E-15,-1.7486012564705E-15,
-1.));
#1363=DIRECTION('ref_axis',(-1.,0.,0.));
#1364=DIRECTION('center_axis',(-1.18952466924124E-15,1.90323947078598E-15,
1.));
#1365=DIRECTION('ref_axis',(-0.429424036547359,0.903102982408636,-2.22963172734289E-15));
#1366=DIRECTION('',(-1.18952466924124E-15,1.90323947078598E-15,1.));
#1367=DIRECTION('center_axis',(-1.26882631385732E-15,1.90323947078598E-15,
1.));
#1368=DIRECTION('ref_axis',(-0.999902907913408,-0.0139346598922061,0.));
#1369=DIRECTION('',(-1.26882631385732E-15,1.90323947078598E-15,1.));
#1370=DIRECTION('center_axis',(-1.18952466924124E-15,1.90323947078598E-15,
1.));
#1371=DIRECTION('ref_axis',(0.159908402489418,-0.98713185685261,0.));
#1372=DIRECTION('center_axis',(1.11022302462516E-15,-1.74860126378462E-15,
-1.));
#1373=DIRECTION('ref_axis',(1.,1.22705009610499E-16,1.07393102428334E-15));
#1374=DIRECTION('center_axis',(1.22207385185837E-16,-1.,1.74860126378462E-15));
#1375=DIRECTION('ref_axis',(-1.,-1.22207385185839E-16,-1.06051154601949E-15));
#1376=DIRECTION('center_axis',(-1.11022302462516E-15,1.74860126378462E-15,
1.));
#1377=DIRECTION('ref_axis',(1.,1.2216243536928E-16,1.11022302473915E-15));
#1378=DIRECTION('center_axis',(-1.11022302462516E-15,1.74860126378462E-15,
1.));
#1379=DIRECTION('ref_axis',(1.,1.2216243536928E-16,1.11022302473915E-15));
#1380=DIRECTION('center_axis',(-1.11022302462516E-15,1.74860126378462E-15,
1.));
#1381=DIRECTION('ref_axis',(-1.,1.45600402608588E-31,-1.11022302462516E-15));
#1382=DIRECTION('',(1.11022302462516E-15,-1.74860126378462E-15,-1.));
#1383=DIRECTION('center_axis',(1.16346178955806E-15,-1.7486012564705E-15,
-1.));
#1384=DIRECTION('ref_axis',(1.,-1.98900982962373E-16,1.16778020620877E-15));
#1385=DIRECTION('center_axis',(1.16346178955806E-15,-1.7486012564705E-15,
-1.));
#1386=DIRECTION('ref_axis',(1.,-1.9870468909129E-16,1.16346178955806E-15));
#1387=DIRECTION('center_axis',(1.16346178955806E-15,-1.7486012564705E-15,
-1.));
#1388=DIRECTION('ref_axis',(1.,-1.9870468909129E-16,1.16346178955806E-15));
#1389=DIRECTION('center_axis',(3.21369315852993E-16,1.,-1.7486012564705E-15));
#1390=DIRECTION('ref_axis',(-1.,3.21369315852991E-16,-1.20212668286196E-15));
#1391=DIRECTION('center_axis',(-1.19014078980874E-15,1.74860498423916E-15,
1.));
#1392=DIRECTION('ref_axis',(-1.,5.85610986960823E-33,-1.19014078980874E-15));
#1393=DIRECTION('center_axis',(0.,0.,1.));
#1394=DIRECTION('ref_axis',(-1.,5.85610986960823E-33,-1.19014078980874E-15));
#1395=DIRECTION('',(1.19014078980874E-15,-1.74860498423916E-15,-1.));
#1396=DIRECTION('center_axis',(-1.19014078980874E-15,1.74860498423916E-15,
1.));
#1397=DIRECTION('ref_axis',(-1.,5.85610986960837E-33,-1.19014078980874E-15));
#1398=DIRECTION('center_axis',(0.,0.,-1.));
#1399=DIRECTION('ref_axis',(-1.,5.85610986960837E-33,-1.19014078980874E-15));
#1400=DIRECTION('',(1.19014078980874E-15,-1.74860498423916E-15,-1.));
#1401=DIRECTION('center_axis',(0.,0.,1.));
#1402=DIRECTION('ref_axis',(1.,0.,0.));
#1403=DIRECTION('center_axis',(-1.26882631385732E-15,1.90323947078598E-15,
1.));
#1404=DIRECTION('ref_axis',(0.766044457859532,-0.642787592119431,2.19535608236992E-15));
#1405=DIRECTION('',(0.,0.,1.));
#1406=DIRECTION('',(1.,0.,0.));
#1407=CARTESIAN_POINT('',(0.,0.,0.));
#1408=CARTESIAN_POINT('',(0.,0.,0.));
#1409=CARTESIAN_POINT('Origin',(4.52507830676695,-3.79699136238312,70.000013567083));
#1410=CARTESIAN_POINT('',(3.30082078669827,-5.74409010783885,70.000013567083));
#1411=CARTESIAN_POINT('',(3.56696372584364,-5.32080777187022,69.500013567083));
#1412=CARTESIAN_POINT('Origin',(3.56696372584364,-5.32080777187022,70.000013567083));
#1413=CARTESIAN_POINT('',(5.85936961461171,-2.58882469101284,69.500013567083));
#1414=CARTESIAN_POINT('Origin',(4.52507830676695,-3.79699136238312,69.500013567083));
#1415=CARTESIAN_POINT('',(6.23000608901303,-2.25322283785443,70.000013567083));
#1416=CARTESIAN_POINT('Origin',(5.85936961461171,-2.58882469101284,70.000013567083));
#1417=CARTESIAN_POINT('Origin',(4.52507830676695,-3.79699136238312,70.000013567083));
#1418=CARTESIAN_POINT('Origin',(0.024567117637772,-0.0206142593490195,70.000013567083));
#1419=CARTESIAN_POINT('',(3.28912869774906,-4.90510631990777,70.000013567083));
#1420=CARTESIAN_POINT('Origin',(3.56696372584364,-5.32080777187022,70.000013567083));
#1421=CARTESIAN_POINT('',(5.4017380462216,-2.38739642186274,70.000013567083));
#1422=CARTESIAN_POINT('Origin',(0.024567117637772,-0.0206142593490195,70.000013567083));
#1423=CARTESIAN_POINT('Origin',(5.85936961461171,-2.58882469101284,70.000013567083));
#1424=CARTESIAN_POINT('Origin',(0.0245671176377726,-0.0206142593490204,
69.500013567083));
#1425=CARTESIAN_POINT('Origin',(5.85936961461171,-2.58882469101284,70.000013567083));
#1426=CARTESIAN_POINT('Origin',(5.85936961461171,-2.58882469101284,70.000013567083));
#1427=CARTESIAN_POINT('Origin',(3.56696372584363,-5.32080777187022,70.000013567083));
#1428=CARTESIAN_POINT('Origin',(3.56696372584363,-5.32080777187022,70.000013567083));
#1429=CARTESIAN_POINT('Origin',(5.85936961461171,-2.58882469101284,69.500013567083));
#1430=CARTESIAN_POINT('',(5.4017380462216,-2.38739642186273,72.5000135670831));
#1431=CARTESIAN_POINT('',(5.4017380462216,-2.38739642186274,69.500013567083));
#1432=CARTESIAN_POINT('',(6.23000608901303,-2.25322283785442,72.5000135670831));
#1433=CARTESIAN_POINT('Origin',(5.85936961461171,-2.58882469101283,72.5000135670831));
#1434=CARTESIAN_POINT('',(6.23000608901303,-2.25322283785443,69.500013567083));
#1435=CARTESIAN_POINT('Origin',(0.0245671176377726,-0.0206142593490205,
69.500013567083));
#1436=CARTESIAN_POINT('',(3.28912869774905,-4.90510631990777,72.5000135670831));
#1437=CARTESIAN_POINT('',(3.28912869774906,-4.90510631990777,69.5000135670831));
#1438=CARTESIAN_POINT('Origin',(0.0245671176377688,-0.0206142593490148,
72.500013567083));
#1439=CARTESIAN_POINT('Origin',(4.78625580475988,-3.94040661712558,69.500013567083));
#1440=CARTESIAN_POINT('Origin',(0.024567117637772,-0.0206142593490196,70.000013567083));
#1441=CARTESIAN_POINT('',(5.32476062954759,3.52178234977159,69.500013567083));
#1442=CARTESIAN_POINT('',(4.90905917763309,3.24394732160527,70.000013567083));
#1443=CARTESIAN_POINT('Origin',(5.32476062954759,3.52178234977159,70.000013567083));
#1444=CARTESIAN_POINT('',(2.39134927917841,5.3565566696631,70.000013567083));
#1445=CARTESIAN_POINT('Origin',(0.024567117637772,-0.0206142593490196,70.000013567083));
#1446=CARTESIAN_POINT('',(2.5927775482457,5.81418823808967,69.500013567083));
#1447=CARTESIAN_POINT('Origin',(2.5927775482457,5.81418823808967,70.000013567083));
#1448=CARTESIAN_POINT('Origin',(0.0245671176377726,-0.0206142593490205,
69.500013567083));
#1449=CARTESIAN_POINT('Origin',(3.80094421999111,4.47989693058458,70.000013567083));
#1450=CARTESIAN_POINT('',(5.74804296553549,3.25563941065688,70.000013567083));
#1451=CARTESIAN_POINT('Origin',(5.32476062954759,3.52178234977159,70.000013567083));
#1452=CARTESIAN_POINT('Origin',(3.80094421999111,4.47989693058458,69.500013567083));
#1453=CARTESIAN_POINT('',(2.25717569498309,6.18482471239664,70.000013567083));
#1454=CARTESIAN_POINT('Origin',(2.5927775482457,5.81418823808967,70.000013567083));
#1455=CARTESIAN_POINT('Origin',(3.80094421999111,4.47989693058458,70.000013567083));
#1456=CARTESIAN_POINT('Origin',(5.32476062954758,3.52178234977159,70.000013567083));
#1457=CARTESIAN_POINT('Origin',(5.32476062954758,3.52178234977159,70.000013567083));
#1458=CARTESIAN_POINT('Origin',(2.5927775482457,5.81418823808967,70.000013567083));
#1459=CARTESIAN_POINT('Origin',(2.5927775482457,5.81418823808967,70.000013567083));
#1460=CARTESIAN_POINT('Origin',(5.32476062954759,3.52178234977159,69.500013567083));
#1461=CARTESIAN_POINT('',(5.74804296553549,3.25563941065688,72.500013567083));
#1462=CARTESIAN_POINT('',(5.74804296553549,3.25563941065688,69.500013567083));
#1463=CARTESIAN_POINT('',(4.90905917763309,3.24394732160528,72.500013567083));
#1464=CARTESIAN_POINT('Origin',(5.32476062954758,3.5217823497716,72.500013567083));
#1465=CARTESIAN_POINT('',(4.90905917763309,3.24394732160527,69.500013567083));
#1466=CARTESIAN_POINT('Origin',(3.80094421999111,4.47989693058458,69.500013567083));
#1467=CARTESIAN_POINT('',(2.25717569498309,6.18482471239664,72.500013567083));
#1468=CARTESIAN_POINT('',(2.25717569498309,6.18482471239663,69.500013567083));
#1469=CARTESIAN_POINT('Origin',(3.80094421999111,4.47989693058458,72.500013567083));
#1470=CARTESIAN_POINT('Origin',(3.94435947459214,4.74107442866183,69.500013567083));
#1471=CARTESIAN_POINT('Origin',(0.024567117637772,-0.0206142593490195,70.000013567083));
#1472=CARTESIAN_POINT('',(-3.51782949119267,5.27957925275474,69.500013567083));
#1473=CARTESIAN_POINT('',(-3.23999446304911,4.86387780082503,70.000013567083));
#1474=CARTESIAN_POINT('Origin',(-3.51782949119267,5.27957925275474,70.000013567083));
#1475=CARTESIAN_POINT('',(-5.35260381136,2.34616790222425,70.000013567083));
#1476=CARTESIAN_POINT('Origin',(0.024567117637772,-0.0206142593490195,70.000013567083));
#1477=CARTESIAN_POINT('',(-5.81023537978534,2.54759617129432,69.500013567083));
#1478=CARTESIAN_POINT('Origin',(-5.81023537978534,2.54759617129431,70.000013567083));
#1479=CARTESIAN_POINT('Origin',(0.0245671176377726,-0.0206142593490204,
69.500013567083));
#1480=CARTESIAN_POINT('Origin',(-4.47594407297658,3.75576284380874,70.000013567083));
#1481=CARTESIAN_POINT('',(-3.25168655180826,5.70286158857307,70.000013567083));
#1482=CARTESIAN_POINT('Origin',(-3.51782949119268,5.27957925275474,70.000013567083));
#1483=CARTESIAN_POINT('Origin',(-4.47594407297658,3.75576284380874,69.500013567083));
#1484=CARTESIAN_POINT('',(-6.18087185389889,2.21199431781809,70.000013567083));
#1485=CARTESIAN_POINT('Origin',(-5.81023537978534,2.54759617129432,70.000013567083));
#1486=CARTESIAN_POINT('Origin',(-4.47594407297658,3.75576284380874,70.000013567083));
#1487=CARTESIAN_POINT('Origin',(-3.51782949119267,5.27957925275474,70.000013567083));
#1488=CARTESIAN_POINT('Origin',(-3.51782949119267,5.27957925275474,70.000013567083));
#1489=CARTESIAN_POINT('Origin',(-5.81023537978534,2.54759617129432,70.000013567083));
#1490=CARTESIAN_POINT('Origin',(-5.81023537978534,2.54759617129432,70.000013567083));
#1491=CARTESIAN_POINT('Origin',(-3.51782949119267,5.27957925275474,69.500013567083));
#1492=CARTESIAN_POINT('',(-3.25168655180826,5.70286158857308,72.500013567083));
#1493=CARTESIAN_POINT('',(-3.25168655180826,5.70286158857307,69.500013567083));
#1494=CARTESIAN_POINT('',(-3.23999446304911,4.86387780082504,72.500013567083));
#1495=CARTESIAN_POINT('Origin',(-3.51782949119268,5.27957925275475,72.500013567083));
#1496=CARTESIAN_POINT('',(-3.23999446304911,4.86387780082503,69.500013567083));
#1497=CARTESIAN_POINT('Origin',(-4.47594407297658,3.75576284380874,69.500013567083));
#1498=CARTESIAN_POINT('',(-6.18087185389889,2.21199431781809,72.500013567083));
#1499=CARTESIAN_POINT('',(-6.18087185389889,2.21199431781809,69.500013567083));
#1500=CARTESIAN_POINT('Origin',(-4.47594407297658,3.75576284380875,72.500013567083));
#1501=CARTESIAN_POINT('Origin',(-4.73712157073491,3.89917809820266,69.500013567083));
#1502=CARTESIAN_POINT('Origin',(0.024567117637772,-0.0206142593490196,70.000013567083));
#1503=CARTESIAN_POINT('',(-5.27562639507736,-3.56301086726471,69.500013567083));
#1504=CARTESIAN_POINT('',(-4.85992494309971,-3.28517583919289,70.000013567083));
#1505=CARTESIAN_POINT('Origin',(-5.27562639507736,-3.56301086726471,70.000013567083));
#1506=CARTESIAN_POINT('',(-2.34221504490856,-5.39778518791849,70.000013567083));
#1507=CARTESIAN_POINT('Origin',(0.024567117637772,-0.0206142593490196,70.000013567083));
#1508=CARTESIAN_POINT('',(-2.54364331406144,-5.85541675630738,69.500013567083));
#1509=CARTESIAN_POINT('Origin',(-2.54364331406144,-5.85541675630738,70.000013567083));
#1510=CARTESIAN_POINT('Origin',(0.0245671176377726,-0.0206142593490205,
69.500013567083));
#1511=CARTESIAN_POINT('Origin',(-3.75180998620074,-4.52112544915895,70.000013567083));
#1512=CARTESIAN_POINT('',(-5.69890873087643,-3.29686792784964,70.000013567083));
#1513=CARTESIAN_POINT('Origin',(-5.27562639507736,-3.56301086726471,70.000013567083));
#1514=CARTESIAN_POINT('Origin',(-3.75180998620074,-4.52112544915895,69.500013567083));
#1515=CARTESIAN_POINT('',(-2.20804146068941,-6.22605323051528,70.000013567083));
#1516=CARTESIAN_POINT('Origin',(-2.54364331406144,-5.85541675630738,70.000013567083));
#1517=CARTESIAN_POINT('Origin',(-3.75180998620074,-4.52112544915895,70.000013567083));
#1518=CARTESIAN_POINT('Origin',(-5.27562639507737,-3.56301086726471,70.000013567083));
#1519=CARTESIAN_POINT('Origin',(-5.27562639507737,-3.56301086726471,70.000013567083));
#1520=CARTESIAN_POINT('Origin',(-2.54364331406144,-5.85541675630738,70.000013567083));
#1521=CARTESIAN_POINT('Origin',(-2.54364331406144,-5.85541675630738,70.000013567083));
#1522=CARTESIAN_POINT('Origin',(-5.27562639507736,-3.56301086726471,69.500013567083));
#1523=CARTESIAN_POINT('',(-5.69890873087643,-3.29686792784964,72.500013567083));
#1524=CARTESIAN_POINT('',(-5.69890873087642,-3.29686792784965,69.500013567083));
#1525=CARTESIAN_POINT('',(-4.85992494309971,-3.28517583919289,72.500013567083));
#1526=CARTESIAN_POINT('Origin',(-5.27562639507737,-3.56301086726471,72.500013567083));
#1527=CARTESIAN_POINT('',(-4.85992494309971,-3.28517583919289,69.500013567083));
#1528=CARTESIAN_POINT('Origin',(-3.75180998620074,-4.52112544915895,69.500013567083));
#1529=CARTESIAN_POINT('',(-2.20804146068942,-6.22605323051527,72.5000135670831));
#1530=CARTESIAN_POINT('',(-2.20804146068941,-6.22605323051528,69.500013567083));
#1531=CARTESIAN_POINT('Origin',(-3.75180998620074,-4.52112544915895,72.500013567083));
#1532=CARTESIAN_POINT('Origin',(-3.89522524073609,-4.78230294683296,69.500013567083));
#1533=CARTESIAN_POINT('Origin',(-2.54364331406144,-5.85541675630738,72.5000135670831));
#1534=CARTESIAN_POINT('',(-2.34221504490856,-5.39778518791849,72.5000135670831));
#1535=CARTESIAN_POINT('',(-2.14078677575569,-4.94015361952959,73.0000135670831));
#1536=CARTESIAN_POINT('Origin',(-2.14078677575568,-4.9401536195296,72.5000135670831));
#1537=CARTESIAN_POINT('',(-1.87243960731739,-6.59668970472317,73.0000135670831));
#1538=CARTESIAN_POINT('Origin',(-2.54364331406144,-5.85541675630738,73.0000135670831));
#1539=CARTESIAN_POINT('Origin',(-1.87243960731739,-6.59668970472317,72.5000135670831));
#1540=CARTESIAN_POINT('Origin',(-2.54364331406144,-5.85541675630738,72.5000135670831));
#1541=CARTESIAN_POINT('Origin',(-3.75180998620074,-4.52112544915895,72.500013567083));
#1542=CARTESIAN_POINT('',(-6.42042604381411,-5.36876236261196,73.000013567083));
#1543=CARTESIAN_POINT('',(-4.12316894789411,-7.29638985486339,73.000013567083));
#1544=CARTESIAN_POINT('Ctrl Pts',(-4.12316894789411,-7.29638985486339,73.0000135670831));
#1545=CARTESIAN_POINT('Ctrl Pts',(-4.34614025352661,-7.16927954011965,73.0000135670831));
#1546=CARTESIAN_POINT('Ctrl Pts',(-4.57585501643485,-7.02462640978838,72.9708234330679));
#1547=CARTESIAN_POINT('Ctrl Pts',(-4.91696476017989,-6.78377221409009,72.9290230970808));
#1548=CARTESIAN_POINT('Ctrl Pts',(-5.0295302103788,-6.70028997301428,72.915784725208));
#1549=CARTESIAN_POINT('Ctrl Pts',(-5.20852941188803,-6.55987670389048,72.9033393357845));
#1550=CARTESIAN_POINT('Ctrl Pts',(-5.27295115155987,-6.50786359119893,72.9005413434263));
#1551=CARTESIAN_POINT('Ctrl Pts',(-5.39913693839876,-6.40262934468402,72.8996666207309));
#1552=CARTESIAN_POINT('Ctrl Pts',(-5.45915870594875,-6.35118796704249,72.9011660656429));
#1553=CARTESIAN_POINT('Ctrl Pts',(-5.60828571722778,-6.21942004913683,72.9098088460349));
#1554=CARTESIAN_POINT('Ctrl Pts',(-5.69528735974133,-6.13934574551869,72.918909160591));
#1555=CARTESIAN_POINT('Ctrl Pts',(-5.89052140338791,-5.95141743534252,72.9441357024378));
#1556=CARTESIAN_POINT('Ctrl Pts',(-5.99780906185535,-5.84268027346987,72.9611616569288));
#1557=CARTESIAN_POINT('Ctrl Pts',(-6.23286017195416,-5.59020353428418,72.9919269665653));
#1558=CARTESIAN_POINT('Ctrl Pts',(-6.33518383098079,-5.47148679510151,73.0000135670831));
#1559=CARTESIAN_POINT('Ctrl Pts',(-6.4204260438142,-5.36876236261185,73.000013567083));
#1560=CARTESIAN_POINT('',(-6.12219106667549,-3.03072498843457,73.000013567083));
#1561=CARTESIAN_POINT('Origin',(-3.75180998620074,-4.52112544915894,73.000013567083));
#1562=CARTESIAN_POINT('Origin',(-6.12219106667549,-3.03072498843457,72.500013567083));
#1563=CARTESIAN_POINT('Origin',(-3.75180998620074,-4.52112544915894,73.000013567083));
#1564=CARTESIAN_POINT('Origin',(-5.27562639507737,-3.56301086726471,72.500013567083));
#1565=CARTESIAN_POINT('',(-4.44422349112206,-3.00734081112107,73.000013567083));
#1566=CARTESIAN_POINT('Origin',(-4.44422349112205,-3.00734081112107,72.500013567083));
#1567=CARTESIAN_POINT('Origin',(-5.27562639507737,-3.5630108672647,73.000013567083));
#1568=CARTESIAN_POINT('Origin',(0.0245671176377688,-0.0206142593490152,
72.500013567083));
#1569=CARTESIAN_POINT('Origin',(0.0245671176377682,-0.0206142593490144,
73.000013567083));
#1570=CARTESIAN_POINT('Origin',(0.0245671176377688,-0.0206142593490152,
72.500013567083));
#1571=CARTESIAN_POINT('Origin',(0.0245671176377726,-0.0206142593490205,
69.500013567083));
#1572=CARTESIAN_POINT('',(-2.34221504490856,-5.39778518791849,69.500013567083));
#1573=CARTESIAN_POINT('Origin',(-2.54364331406144,-5.85541675630738,69.500013567083));
#1574=CARTESIAN_POINT('Origin',(-3.51782949119268,5.27957925275475,72.500013567083));
#1575=CARTESIAN_POINT('',(-2.98554361242384,6.12614392439141,73.000013567083));
#1576=CARTESIAN_POINT('Origin',(-2.98554361242384,6.12614392439141,72.500013567083));
#1577=CARTESIAN_POINT('',(-2.96215943490555,4.44817634889533,73.000013567083));
#1578=CARTESIAN_POINT('Origin',(-3.51782949119268,5.27957925275475,73.000013567083));
#1579=CARTESIAN_POINT('Origin',(-2.96215943490555,4.44817634889533,72.500013567083));
#1580=CARTESIAN_POINT('Origin',(0.024567117637769,-0.0206142593490148,72.500013567083));
#1581=CARTESIAN_POINT('',(-4.89497224293466,2.14473963315419,73.000013567083));
#1582=CARTESIAN_POINT('',(-5.35260381136,2.34616790222425,72.500013567083));
#1583=CARTESIAN_POINT('Origin',(-4.89497224293466,2.14473963315419,72.500013567083));
#1584=CARTESIAN_POINT('Origin',(0.024567117637769,-0.0206142593490148,72.500013567083));
#1585=CARTESIAN_POINT('Origin',(0.0245671176377684,-0.0206142593490139,
73.000013567083));
#1586=CARTESIAN_POINT('Origin',(-5.81023537978535,2.54759617129432,72.500013567083));
#1587=CARTESIAN_POINT('',(-6.55150832801244,1.87639246434186,73.000013567083));
#1588=CARTESIAN_POINT('Origin',(-6.55150832801243,1.87639246434186,72.500013567083));
#1589=CARTESIAN_POINT('Origin',(-5.81023537978535,2.54759617129432,72.500013567083));
#1590=CARTESIAN_POINT('Origin',(-5.81023537978535,2.54759617129432,73.000013567083));
#1591=CARTESIAN_POINT('Origin',(-4.47594407297658,3.75576284380875,72.500013567083));
#1592=CARTESIAN_POINT('',(-5.32358098645545,6.4243789014139,73.000013567083));
#1593=CARTESIAN_POINT('',(-7.25120847880873,4.1271218045478,73.000013567083));
#1594=CARTESIAN_POINT('Ctrl Pts',(-7.25120847880873,4.1271218045478,73.000013567083));
#1595=CARTESIAN_POINT('Ctrl Pts',(-7.12409816470238,4.35009310917867,73.000013567083));
#1596=CARTESIAN_POINT('Ctrl Pts',(-6.97944503511013,4.5798078711488,72.9708234333172));
#1597=CARTESIAN_POINT('Ctrl Pts',(-6.73859083983296,4.92091761474982,72.929023097274));
#1598=CARTESIAN_POINT('Ctrl Pts',(-6.65510859840025,5.0334830655527,72.9157847252669));
#1599=CARTESIAN_POINT('Ctrl Pts',(-6.51469532883914,5.21248226775968,72.9033393357181));
#1600=CARTESIAN_POINT('Ctrl Pts',(-6.46268221610736,5.27690400752975,72.9005413433262));
#1601=CARTESIAN_POINT('Ctrl Pts',(-6.35744796963332,5.40308979440769,72.8996666205818));
#1602=CARTESIAN_POINT('Ctrl Pts',(-6.30600659208346,5.4631115618951,72.9011660654665));
#1603=CARTESIAN_POINT('Ctrl Pts',(-6.17423867465437,5.61223857274956,72.9098088457755));
#1604=CARTESIAN_POINT('Ctrl Pts',(-6.09416437143962,5.69924021490863,72.9189091602491));
#1605=CARTESIAN_POINT('Ctrl Pts',(-5.90623606233402,5.89447425766596,72.944135701922));
#1606=CARTESIAN_POINT('Ctrl Pts',(-5.79749890117988,6.00176191557964,72.9611616563146));
#1607=CARTESIAN_POINT('Ctrl Pts',(-5.54502216083703,6.23681302717562,72.9919269663548));
#1608=CARTESIAN_POINT('Ctrl Pts',(-5.42630542010921,6.33913668759216,73.000013567083));
#1609=CARTESIAN_POINT('Ctrl Pts',(-5.32358098645533,6.42437890141399,73.000013567083));
#1610=CARTESIAN_POINT('Origin',(-4.47594407297658,3.75576284380875,73.000013567083));
#1611=CARTESIAN_POINT('Origin',(-4.47594407297658,3.75576284380875,73.000013567083));
#1612=CARTESIAN_POINT('Origin',(0.0245671176377621,-0.0206142593490078,
73.000013567083));
#1613=CARTESIAN_POINT('Origin',(0.0245671176377721,-0.0206142593490089,
73.000013567083));
#1614=CARTESIAN_POINT('',(4.17230318334175,7.25516133606727,73.000013567083));
#1615=CARTESIAN_POINT('Origin',(0.0245671176377721,-0.0206142593490089,
73.000013567083));
#1616=CARTESIAN_POINT('',(1.92157384172048,6.55546118670361,73.000013567083));
#1617=CARTESIAN_POINT('Origin',(3.80094421999111,4.47989693058458,73.000013567083));
#1618=CARTESIAN_POINT('',(2.18992101011112,4.89892510123655,73.000013567083));
#1619=CARTESIAN_POINT('Origin',(2.5927775482457,5.81418823808967,73.000013567083));
#1620=CARTESIAN_POINT('',(4.49335772571859,2.96611229343895,73.000013567083));
#1621=CARTESIAN_POINT('Origin',(0.0245671176377682,-0.0206142593490144,
73.000013567083));
#1622=CARTESIAN_POINT('',(6.1713253015234,2.98949647154216,73.0000135670831));
#1623=CARTESIAN_POINT('Origin',(5.32476062954758,3.5217823497716,73.000013567083));
#1624=CARTESIAN_POINT('',(6.46956027674706,5.32753384673697,73.000013567083));
#1625=CARTESIAN_POINT('Origin',(3.80094421999111,4.47989693058458,73.000013567083));
#1626=CARTESIAN_POINT('',(8.39956711677787,-0.0206142593490078,73.0000135670831));
#1627=CARTESIAN_POINT('Origin',(0.0245671176377721,-0.0206142593490089,
73.000013567083));
#1628=CARTESIAN_POINT('',(7.30034271212194,-4.16835032668806,73.0000135670831));
#1629=CARTESIAN_POINT('Origin',(0.0245671176377721,-0.0206142593490089,
73.000013567083));
#1630=CARTESIAN_POINT('',(6.60064256341435,-1.91762098469601,73.0000135670831));
#1631=CARTESIAN_POINT('Origin',(4.52507830676695,-3.79699136238311,73.0000135670831));
#1632=CARTESIAN_POINT('',(4.94410647783148,-2.18596815271263,73.0000135670831));
#1633=CARTESIAN_POINT('Origin',(5.85936961461171,-2.58882469101283,73.0000135670831));
#1634=CARTESIAN_POINT('',(3.01129366965448,-4.48940486794532,73.0000135670831));
#1635=CARTESIAN_POINT('Origin',(0.0245671176377682,-0.0206142593490139,
73.000013567083));
#1636=CARTESIAN_POINT('',(3.0346778475529,-6.16737244380749,73.0000135670831));
#1637=CARTESIAN_POINT('Origin',(3.56696372584363,-5.32080777187021,73.0000135670831));
#1638=CARTESIAN_POINT('',(5.37271522289346,-6.46560741914728,73.0000135670831));
#1639=CARTESIAN_POINT('Origin',(4.52507830676695,-3.79699136238311,73.0000135670831));
#1640=CARTESIAN_POINT('Origin',(0.0245671176377721,-0.0206142593490089,
73.000013567083));
#1641=CARTESIAN_POINT('',(4.64956711677786,-0.0206142593490066,73.0000135670831));
#1642=CARTESIAN_POINT('Origin',(0.0245671176377621,-0.0206142593490072,
73.000013567083));
#1643=CARTESIAN_POINT('Origin',(2.5927775482457,5.81418823808967,72.500013567083));
#1644=CARTESIAN_POINT('',(2.39134927917841,5.35655666966311,72.500013567083));
#1645=CARTESIAN_POINT('Origin',(2.18992101011112,4.89892510123655,72.500013567083));
#1646=CARTESIAN_POINT('Origin',(1.92157384172048,6.55546118670361,72.500013567083));
#1647=CARTESIAN_POINT('Origin',(2.5927775482457,5.81418823808967,72.500013567083));
#1648=CARTESIAN_POINT('Origin',(3.80094421999111,4.47989693058458,72.500013567083));
#1649=CARTESIAN_POINT('Ctrl Pts',(4.17230318334245,7.25516133606687,73.000013567083));
#1650=CARTESIAN_POINT('Ctrl Pts',(4.2565507581266,7.20713391963575,73.000013567083));
#1651=CARTESIAN_POINT('Ctrl Pts',(4.33312797621931,7.16147286626594,72.9960901471137));
#1652=CARTESIAN_POINT('Ctrl Pts',(4.60737875817085,6.99364470460058,72.9769855438477));
#1653=CARTESIAN_POINT('Ctrl Pts',(4.81828589163714,6.85178699173735,72.9447223328977));
#1654=CARTESIAN_POINT('Ctrl Pts',(5.11157651071124,6.63322547063126,72.9137405489764));
#1655=CARTESIAN_POINT('Ctrl Pts',(5.19469302794173,6.56896195400758,72.9065973667894));
#1656=CARTESIAN_POINT('Ctrl Pts',(5.33946213062149,6.4522744940621,72.900269690676));
#1657=CARTESIAN_POINT('Ctrl Pts',(5.39896881830653,6.40300819943892,72.8993487622299));
#1658=CARTESIAN_POINT('Ctrl Pts',(5.52602041746328,6.29461377928472,72.9017505226813));
#1659=CARTESIAN_POINT('Ctrl Pts',(5.59184144538956,6.23673501749905,72.9053698060596));
#1660=CARTESIAN_POINT('Ctrl Pts',(5.77997556975167,6.06563769164703,72.9217438865961));
#1661=CARTESIAN_POINT('Ctrl Pts',(5.89985065542,5.95018472983076,72.939157358816));
#1662=CARTESIAN_POINT('Ctrl Pts',(6.1883776519847,5.65453749278958,72.9807875736624));
#1663=CARTESIAN_POINT('Ctrl Pts',(6.33743339055898,5.48675847192023,73.0000135670829));
#1664=CARTESIAN_POINT('Ctrl Pts',(6.46956027674545,5.32753384673891,73.000013567083));
#1665=CARTESIAN_POINT('Origin',(6.1713253015234,2.98949647154216,72.5000135670831));
#1666=CARTESIAN_POINT('Origin',(5.32476062954758,3.5217823497716,72.500013567083));
#1667=CARTESIAN_POINT('Origin',(4.49335772571859,2.96611229343895,72.500013567083));
#1668=CARTESIAN_POINT('Origin',(0.0245671176377688,-0.0206142593490152,
72.500013567083));
#1669=CARTESIAN_POINT('Origin',(0.0245671176377688,-0.0206142593490152,
72.500013567083));
#1670=CARTESIAN_POINT('Origin',(0.0245671176377726,-0.0206142593490205,
69.500013567083));
#1671=CARTESIAN_POINT('',(2.39134927917842,5.3565566696631,69.500013567083));
#1672=CARTESIAN_POINT('Origin',(2.5927775482457,5.81418823808967,69.500013567083));
#1673=CARTESIAN_POINT('Origin',(5.85936961461171,-2.58882469101283,72.5000135670831));
#1674=CARTESIAN_POINT('Origin',(4.94410647783148,-2.18596815271263,72.5000135670831));
#1675=CARTESIAN_POINT('Origin',(6.60064256341435,-1.91762098469602,72.5000135670831));
#1676=CARTESIAN_POINT('Origin',(4.52507830676695,-3.79699136238311,72.5000135670831));
#1677=CARTESIAN_POINT('Ctrl Pts',(7.30034271212153,-4.16835032668876,73.0000135670831));
#1678=CARTESIAN_POINT('Ctrl Pts',(7.25231529567927,-4.25259790144846,73.000013567083));
#1679=CARTESIAN_POINT('Ctrl Pts',(7.20665424230305,-4.3291751195132,72.9960901471175));
#1680=CARTESIAN_POINT('Ctrl Pts',(7.03882608063855,-4.60342590132923,72.9769855438751));
#1681=CARTESIAN_POINT('Ctrl Pts',(6.89696836779243,-4.81433303467662,72.944722332974));
#1682=CARTESIAN_POINT('Ctrl Pts',(6.67840684670234,-5.10762365362067,72.913740549094));
#1683=CARTESIAN_POINT('Ctrl Pts',(6.6141433300569,-5.19074017084771,72.9065973669145));
#1684=CARTESIAN_POINT('Ctrl Pts',(6.49745587006603,-5.3355092735302,72.9002696908079));
#1685=CARTESIAN_POINT('Ctrl Pts',(6.44818957541494,-5.39501596122611,72.8993487623641));
#1686=CARTESIAN_POINT('Ctrl Pts',(6.33979515519258,-5.52206756041384,72.9017505228178));
#1687=CARTESIAN_POINT('Ctrl Pts',(6.2819163933662,-5.58788858835973,72.9053698061978));
#1688=CARTESIAN_POINT('Ctrl Pts',(6.11081906738383,-5.77602271278771,72.9217438867359));
#1689=CARTESIAN_POINT('Ctrl Pts',(5.99536610547915,-5.89589779849326,72.9391573589555));
#1690=CARTESIAN_POINT('Ctrl Pts',(5.69971886847914,-6.18442479488173,72.9807875737368));
#1691=CARTESIAN_POINT('Ctrl Pts',(5.53193984781395,-6.33348053321189,73.0000135670829));
#1692=CARTESIAN_POINT('Ctrl Pts',(5.37271522289541,-6.46560741914567,73.0000135670831));
#1693=CARTESIAN_POINT('',(3.30082078669827,-5.74409010783885,72.5000135670831));
#1694=CARTESIAN_POINT('Origin',(3.0346778475529,-6.16737244380749,72.5000135670831));
#1695=CARTESIAN_POINT('Origin',(4.52507830676695,-3.79699136238311,72.5000135670831));
#1696=CARTESIAN_POINT('Origin',(3.56696372584363,-5.32080777187021,72.5000135670831));
#1697=CARTESIAN_POINT('Origin',(3.01129366965448,-4.48940486794532,72.5000135670831));
#1698=CARTESIAN_POINT('Origin',(3.56696372584363,-5.32080777187021,72.5000135670831));
#1699=CARTESIAN_POINT('Origin',(0.0245671176377688,-0.0206142593490148,
72.500013567083));
#1700=CARTESIAN_POINT('Origin',(0.0245671176377726,-0.0206142593490205,
69.500013567083));
#1701=CARTESIAN_POINT('',(-5.35260381136,2.34616790222425,69.500013567083));
#1702=CARTESIAN_POINT('Origin',(3.56696372584364,-5.32080777187022,69.5000135670831));
#1703=CARTESIAN_POINT('',(3.30082078669827,-5.74409010783886,69.5000135670831));
#1704=CARTESIAN_POINT('Origin',(-5.81023537978534,2.54759617129431,69.500013567083));
#1705=CARTESIAN_POINT('Ctrl Pts',(-8.35043288150232,-0.0206142593490012,
77.3599173256471));
#1706=CARTESIAN_POINT('Ctrl Pts',(-8.35043288150232,-8.39561425848909,77.3599173256471));
#1707=CARTESIAN_POINT('Ctrl Pts',(0.0245671176377658,-8.39561425848909,
77.3599173256471));
#1708=CARTESIAN_POINT('Ctrl Pts',(8.39956711677785,-8.39561425848909,77.3599173256471));
#1709=CARTESIAN_POINT('Ctrl Pts',(8.39956711677785,-0.0206142593490012,
77.3599173256471));
#1710=CARTESIAN_POINT('Ctrl Pts',(8.39956711677785,8.35438573979108,77.3599173256471));
#1711=CARTESIAN_POINT('Ctrl Pts',(0.0245671176377658,8.35438573979109,77.3599173256471));
#1712=CARTESIAN_POINT('Ctrl Pts',(-8.35043288150232,8.35438573979108,77.3599173256471));
#1713=CARTESIAN_POINT('Ctrl Pts',(-8.35043288150232,-0.0206142593490012,
77.3599173256471));
#1714=CARTESIAN_POINT('Ctrl Pts',(-8.35043288150232,-0.0206142593490002,
77.9885659264026));
#1715=CARTESIAN_POINT('Ctrl Pts',(-8.35043288150232,-8.39561425848909,77.9885659264026));
#1716=CARTESIAN_POINT('Ctrl Pts',(0.0245671176377651,-8.39561425848909,
77.9885659264026));
#1717=CARTESIAN_POINT('Ctrl Pts',(8.39956711677785,-8.39561425848909,77.9885659264026));
#1718=CARTESIAN_POINT('Ctrl Pts',(8.39956711677785,-0.0206142593490002,
77.9885659264026));
#1719=CARTESIAN_POINT('Ctrl Pts',(8.39956711677785,8.35438573979109,77.9885659264026));
#1720=CARTESIAN_POINT('Ctrl Pts',(0.0245671176377651,8.35438573979109,77.9885659264026));
#1721=CARTESIAN_POINT('Ctrl Pts',(-8.35043288150232,8.35438573979109,77.9885659264026));
#1722=CARTESIAN_POINT('Ctrl Pts',(-8.35043288150232,-0.0206142593490002,
77.9885659264026));
#1723=CARTESIAN_POINT('Ctrl Pts',(-8.24578171871162,-0.0206142593489991,
78.6084426862173));
#1724=CARTESIAN_POINT('Ctrl Pts',(-8.24578171871162,-8.29096309569839,78.6084426862173));
#1725=CARTESIAN_POINT('Ctrl Pts',(0.0245671176377644,-8.29096309569839,
78.6084426862173));
#1726=CARTESIAN_POINT('Ctrl Pts',(8.29491595398715,-8.29096309569839,78.6084426862173));
#1727=CARTESIAN_POINT('Ctrl Pts',(8.29491595398715,-0.0206142593489991,
78.6084426862173));
#1728=CARTESIAN_POINT('Ctrl Pts',(8.29491595398715,8.24973457700039,78.6084426862173));
#1729=CARTESIAN_POINT('Ctrl Pts',(0.0245671176377644,8.24973457700039,78.6084426862173));
#1730=CARTESIAN_POINT('Ctrl Pts',(-8.24578171871162,8.24973457700039,78.6084426862173));
#1731=CARTESIAN_POINT('Ctrl Pts',(-8.24578171871162,-0.0206142593489991,
78.6084426862173));
#1732=CARTESIAN_POINT('',(-8.24578171871161,-0.0206142593489991,78.6084426862173));
#1733=CARTESIAN_POINT('Origin',(0.0245671176377653,-0.0206142593489991,
78.6084426862173));
#1734=CARTESIAN_POINT('',(-8.35043288150233,-0.0206142593490033,77.3599173256471));
#1735=CARTESIAN_POINT('Origin',(-0.850432881502321,-0.0206142593490014,
77.3599173256471));
#1736=CARTESIAN_POINT('',(8.39956711677786,-0.0206142593490002,77.3599173256471));
#1737=CARTESIAN_POINT('Origin',(0.0245671176377658,-0.0206142593490012,
77.3599173256471));
#1738=CARTESIAN_POINT('Origin',(0.0245671176377658,-0.0206142593490012,
77.3599173256471));
#1739=CARTESIAN_POINT('Origin',(0.0245671176377721,-0.0206142593490089,
73.000013567083));
#1740=CARTESIAN_POINT('',(8.39956711677787,-0.0206142593490078,73.0000135670831));
#1741=CARTESIAN_POINT('Origin',(0.024567117637746,-0.02061425934897,95.2554474938204));
#1742=CARTESIAN_POINT('',(-6.85043288150234,-0.0206142593489677,95.2554474938204));
#1743=CARTESIAN_POINT('',(6.89956711677783,-0.0206142593489675,95.2554474938204));
#1744=CARTESIAN_POINT('Origin',(0.024567117637746,-0.02061425934897,95.2554474938204));
#1745=CARTESIAN_POINT('Origin',(0.024567117637746,-0.02061425934897,95.2554474938204));
#1746=CARTESIAN_POINT('Origin',(-106.850432881502,-0.0206142593489356,95.2554474938202));
#1747=CARTESIAN_POINT('Origin',(0.0245671176377621,-0.0206142593490072,
73.000013567083));
#1748=CARTESIAN_POINT('',(6.89956711677779,-0.0206142593489106,127.76));
#1749=CARTESIAN_POINT('Origin',(0.0245671176376969,-0.0206142593489115,
127.76));
#1750=CARTESIAN_POINT('',(6.89956711677786,-0.0206142593490064,73.0000135670831));
#1751=CARTESIAN_POINT('Origin',(0.0245671176377621,-0.0206142593490072,
73.000013567083));
#1752=CARTESIAN_POINT('',(4.64956711677779,-0.020614259348912,127.76));
#1753=CARTESIAN_POINT('Origin',(0.0245671176376969,-0.0206142593489115,
127.76));
#1754=CARTESIAN_POINT('',(4.64956711677786,-0.0206142593490066,73.0000135670831));
#1755=CARTESIAN_POINT('Origin',(0.0245671176377092,-0.0206142593489295,
127.76));
#1756=CARTESIAN_POINT('Origin',(4.52507830676695,-3.79699136238312,69.500013567083));
#1757=CARTESIAN_POINT('',(0.,0.,0.));
#1758=UNCERTAINTY_MEASURE_WITH_UNIT(LENGTH_MEASURE(0.01),#1764,
'DISTANCE_ACCURACY_VALUE',
'Maximum model space distance between geometric entities at asserted c
onnectivities');
#1759=UNCERTAINTY_MEASURE_WITH_UNIT(LENGTH_MEASURE(0.01),#1764,
'DISTANCE_ACCURACY_VALUE',
'Maximum model space distance between geometric entities at asserted c
onnectivities');
#1760=UNCERTAINTY_MEASURE_WITH_UNIT(LENGTH_MEASURE(0.01),#1764,
'DISTANCE_ACCURACY_VALUE',
'Maximum model space distance between geometric entities at asserted c
onnectivities');
#1761=(
GEOMETRIC_REPRESENTATION_CONTEXT(3)
GLOBAL_UNCERTAINTY_ASSIGNED_CONTEXT((#1758))
GLOBAL_UNIT_ASSIGNED_CONTEXT((#1764,#1766,#1767))
REPRESENTATION_CONTEXT('','3D')
);
#1762=(
GEOMETRIC_REPRESENTATION_CONTEXT(3)
GLOBAL_UNCERTAINTY_ASSIGNED_CONTEXT((#1759))
GLOBAL_UNIT_ASSIGNED_CONTEXT((#1764,#1766,#1767))
REPRESENTATION_CONTEXT('','3D')
);
#1763=(
GEOMETRIC_REPRESENTATION_CONTEXT(3)
GLOBAL_UNCERTAINTY_ASSIGNED_CONTEXT((#1760))
GLOBAL_UNIT_ASSIGNED_CONTEXT((#1764,#1766,#1767))
REPRESENTATION_CONTEXT('','3D')
);
#1764=(
LENGTH_UNIT()
NAMED_UNIT(*)
SI_UNIT(.MILLI.,.METRE.)
);
#1765=(
LENGTH_UNIT()
NAMED_UNIT(*)
SI_UNIT($,.METRE.)
);
#1766=(
NAMED_UNIT(*)
PLANE_ANGLE_UNIT()
SI_UNIT($,.RADIAN.)
);
#1767=(
NAMED_UNIT(*)
SI_UNIT($,.STERADIAN.)
SOLID_ANGLE_UNIT()
);
#1768=SHAPE_DEFINITION_REPRESENTATION(#1770,#1773);
#1769=SHAPE_DEFINITION_REPRESENTATION(#1771,#1774);
#1770=PRODUCT_DEFINITION_SHAPE('',$,#1776);
#1771=PRODUCT_DEFINITION_SHAPE('',$,#1777);
#1772=PRODUCT_DEFINITION_SHAPE($,$,#14);
#1773=SHAPE_REPRESENTATION('',(#884,#1051),#1761);
#1774=SHAPE_REPRESENTATION('',(#885),#1762);
#1775=PRODUCT_DEFINITION_CONTEXT('part definition',#1783,'design');
#1776=PRODUCT_DEFINITION('Particle Launcher V6',
'Particle Launcher V6 v11',#1778,#1775);
#1777=PRODUCT_DEFINITION('Tool','Tool',#1779,#1775);
#1778=PRODUCT_DEFINITION_FORMATION('',$,#1785);
#1779=PRODUCT_DEFINITION_FORMATION('',$,#1786);
#1780=PRODUCT_RELATED_PRODUCT_CATEGORY('Particle Launcher V6 v11',
'Particle Launcher V6 v11',(#1785));
#1781=PRODUCT_RELATED_PRODUCT_CATEGORY('Tool','Tool',(#1786));
#1782=APPLICATION_PROTOCOL_DEFINITION('international standard',
'automotive_design',2009,#1783);
#1783=APPLICATION_CONTEXT(
'Core Data for Automotive Mechanical Design Process');
#1784=PRODUCT_CONTEXT('part definition',#1783,'mechanical');
#1785=PRODUCT('Particle Launcher V6','Particle Launcher V6 v11',$,(#1784));
#1786=PRODUCT('Tool','Tool',$,(#1784));
#1787=PRESENTATION_STYLE_ASSIGNMENT((#1790));
#1788=PRESENTATION_STYLE_ASSIGNMENT((#1791));
#1789=PRESENTATION_STYLE_ASSIGNMENT((#1792));
#1790=SURFACE_STYLE_USAGE(.BOTH.,#1793);
#1791=SURFACE_STYLE_USAGE(.BOTH.,#1794);
#1792=SURFACE_STYLE_USAGE(.BOTH.,#1795);
#1793=SURFACE_SIDE_STYLE('',(#1796));
#1794=SURFACE_SIDE_STYLE('',(#1797));
#1795=SURFACE_SIDE_STYLE('',(#1798));
#1796=SURFACE_STYLE_FILL_AREA(#1799);
#1797=SURFACE_STYLE_FILL_AREA(#1800);
#1798=SURFACE_STYLE_FILL_AREA(#1801);
#1799=FILL_AREA_STYLE('Steel - Satin',(#1802));
#1800=FILL_AREA_STYLE('Steel - Satin (1) (4)',(#1803));
#1801=FILL_AREA_STYLE('Steel - Satin (2) (2) (1)',(#1804));
#1802=FILL_AREA_STYLE_COLOUR('Steel - Satin',#1805);
#1803=FILL_AREA_STYLE_COLOUR('Steel - Satin (1) (4)',#1806);
#1804=FILL_AREA_STYLE_COLOUR('Steel - Satin (2) (2) (1)',#1807);
#1805=COLOUR_RGB('Steel - Satin',0.627450980392157,0.627450980392157,0.627450980392157);
#1806=COLOUR_RGB('Steel - Satin (1) (4)',0.427450980392157,0.517647058823529,
0.913725490196078);
#1807=COLOUR_RGB('Steel - Satin (2) (2) (1)',0.356862745098039,0.933333333333333,
0.83921568627451);
ENDSEC;
END-ISO-10303-21;
