-0.00017446992997189,-0.0316304365709858,1.12473963070912e-05
-0.00017957161328979,-0.0308132365032768,1.3789979136524e-05
-0.000184409683682624,-0.0291788363678586,1.62013040457478e-05
-0.00018898414115039,-0.0275444362324403,1.84813710347628e-05
-0.000193294985693089,-0.0259100360970219,2.0630180103569e-05
-0.00019734221731072,-0.0242756359616035,2.26477312521662e-05
-0.000201125836003283,-0.0226412358261853,2.45340244805545e-05
-0.000204645841770779,-0.021006835690767,2.6289059788734e-05
-0.000207902234613208,-0.0193724355553486,2.79128371767046e-05
-0.000210895014530569,-0.0177380354199302,2.94053566444664e-05
-0.000213624181522863,-0.0161036352845119,3.07666181920192e-05
-0.000216089735590089,-0.0144692351490935,3.19966218193632e-05
-0.000218291676732248,-0.0128348350136753,3.30953675264983e-05
-0.000220230004949339,-0.011200434878257,3.40628553134245e-05
-0.000221904720241363,-0.00956603474283858,3.48990851801418e-05
-0.00022331582260832,0.00346403497770069,3.56040571266503e-05
-0.000220787289603395,0.0113501783301554,3.547947402811e-05
-0.000219654474759882,0.00336657978489084,3.52771973243086e-05
-0.000219701296124398,-0.00405708591528737,3.54010931523975e-05
-0.00022096321215191,-0.00994030182605073,3.57715220473523e-05
-0.000222907845100544,-0.0116036574002703,3.59778998705723e-05
-0.00022470632744232,-0.00793747059493333,3.60190335869393e-05
-0.000225468319486006,0.00206423935305899,3.5878685522585e-05
-0.000224040443780043,0.00794951605278194,3.53670356459787e-05
-0.000222903959468979,0.00628698126348394,3.48803790853246e-05
-0.000222012385307952,0.0046683991463448,3.44442216546819e-05
-0.000221398024260481,0.00291541145472451,3.407930508946e-05
-0.000221071929999976,0.00143785802058273,3.37638413273098e-05
-0.000220934199092551,0.000502426090348088,3.34436135392456e-05
-0.000220909857067606,3.32861194768028e-05,3.30523021219199e-05
-0.000220923461634656,-0.000168133463263531,3.26204060066155e-05
-0.000220964093668658,-0.000372281859892224,3.21063263528195e-05
-0.000221043552557201,-0.000672639683669792,3.15469075959352e-05
-0.000221181074211778,-0.000944231220056521,3.09517190685677e-05
-0.000221348143273349,-0.00109575312602494,3.03648625284095e-05
-0.000221534542962108,-0.00123692945620617,2.97514564057565e-05
-0.000221747152775351,-0.00133483394634009,2.91589410391421e-05
-0.000221965134557702,-0.0013692555934239,2.85638123845779e-05
-0.000222188848128068,-0.00135627326234716,2.79836898846828e-05
-0.000222402642061685,-0.0012391546924636,2.74138722931663e-05
-0.000222588575448218,-0.00103886704616597,2.68752721288847e-05
-0.000222737760463674,-0.000823010364988059,2.63787705152938e-05
-0.00022285406266273,-0.000608643922679732,2.59367591279722e-05
-0.000222934097212925,-0.000345903140981117,2.55513684847019e-05
-0.000222965644321111,-0.000156053827033155,2.52309653594267e-05
-0.00022298443715713,-0.000109117056763244,2.49866327079958e-05
-0.00022300084337168,-0.000111346893382917,2.47536747687463e-05
-0.000223020355509834,-2.96181379704358e-05,2.45523379812063e-05
-0.000223010397609735,6.58332089820981e-05,2.43776059301183e-05
-0.000222999118990807,0.000200340588434194,2.42221971604357e-05
-0.000222945771613466,0.000275495270722157,2.40623246141873e-05
-0.000222910249548639,0.000311067817773453,2.39063145760849e-05
-0.000222845427156119,0.000444418173482973,2.37560489317409e-05
-0.000222766888847515,0.000522330868331597,2.36110578894673e-05
-0.000222676933327625,0.000630785457302369,2.34995930164555e-05
-0.00022256340966774,0.00072645886642656,2.33887404382512e-05
-0.00022244259175781,0.000726371225050834,2.32834491029541e-05
-0.000222329096369337,0.000694374276113435,2.31640934639528e-05
-0.000222218600055838,0.000688925717621267,2.30486588047279e-05
-0.000222106862266878,0.00070694946852581,2.29208348089406e-05
-0.000221990551840185,0.000734420807132518,2.27993189232636e-05
-0.000221869952329094,0.000743463669894437,2.26544242969954e-05
-0.000221750724849896,0.000729221677242093,2.2500819976421e-05
-0.000221634719529983,0.00069554632924162,2.23250827180632e-05
-0.00022152635506627,0.000614120547750072,2.21370430225733e-05
-0.000221436616127483,0.000445209385556013,2.19644304052804e-05
-0.000221382739135445,0.000306498860234918,2.17992345875943e-05
-0.000221337745527407,0.000276642647406157,2.16226431167751e-05
-0.000221293499571766,0.000218495380641272,2.14520572992313e-05
-0.000221267263146555,0.000165741560527994,2.12897381858809e-05
-0.000221240034552241,-0.0205564824406831,2.11216586005073e-05
-0.000227898386514518,-0.054230265322027,2.07734003197095e-05
-0.000238733668527088,-0.0730283123150833,2.03923264209615e-05
-0.000251455906616158,-0.0782255579356112,1.99174061865413e-05
-0.000263967719474059,-0.051057996861834,1.95280197233055e-05
-0.000267926228184491,-0.000288479494462292,1.92828995926693e-05
-0.000264060777375499,0.045946989078313,1.91772944869326e-05
-0.00025310461880439,0.0876579572303669,1.92257157727034e-05
-0.000235784016978606,0.124827215168249,1.93950303671173e-05
-0.000212837775201729,0.15756194099755,1.96761924191764e-05
-0.000184957584398751,0.185955550060936,2.00528194493004e-05
-0.00015285211389175,0.210099795314458,2.05015350215454e-05
-0.000117183456877958,0.230078051627163,2.08225561198528e-05
-7.86333875604069e-05,0.245774191262414,2.12128363566507e-05
-3.79014596965344e-05,0.257228986410691,2.16907516055076e-05
4.34370483013866e-06,0.264538209538601,2.22436082775946e-05
4.743344660624e-05,0.2677389595305,2.2908441538342e-05
9.07111111303003e-05,0.266915743408133,2.36722378538114e-05
0.000133535299318541,0.26210214081458,2.45308007266898e-05
0.000175260188812423,0.25331750672524,2.54694902855228e-05
0.000215250624068618,0.240653489413473,2.6453588007059e-05
0.000252890346687737,0.224079178930199,2.74601508810943e-05
0.000287534230175134,0.203602818484314,2.84504604165779e-05
0.000318568675231064,0.179293455613386,2.93191516493616e-05
0.000345370828760097,0.151201459562737,2.99525861996689e-05
0.00036734333960614,0.119361974245152,3.01916078383194e-05
0.000383874691419824,0.0837956280405789,2.98217477140676e-05
0.000394374187361166,0.0445668302883433,2.8507825349438e-05
0.000398251088287031,0.00165694516430435,2.59332828375949e-05
0.000394908685801264,-0.0448683274864565,2.19498219076991e-05
0.000383777434259142,-0.0949350108132618,1.74613761754322e-05
0.000364284488764728,-0.119958834601185,1.62824938167202e-05
0.000345081036000695,-0.112068430789181,1.66834227154587e-05
0.00032813338205854,-0.0915283282210066,2.43937984078875e-05
0.000315555768832628,-0.0575981488866577,2.89729831319026e-05
0.000309553334030586,-0.037237029472713,3.05813340912651e-05
0.000303543823841431,-0.0373003026838258,3.19025920111567e-05
0.000297520978326126,-0.037394199776757,3.38224007165208e-05
0.000291481178752154,-0.0374802045835527,2.4252480103372e-05
0.000285430589750787,-0.0375360738292995,6.51964272062639e-05
0.000279372767839477,-0.0375630472099848,2.98681961112506e-05
0.000273313477747566,-0.0375675985698508,2.91637282573543e-05
0.000267254187655654,-0.0375675985698515,NaN
0.000261194897563743,-0.0375675985698515,NaN
0.000255135607471831,-0.0375675985698511,NaN
0.00024907631737992,-0.037567598569851,NaN
0.000243017027288008,-0.0375675985698513,NaN
0.000236957737196097,-0.0375675985698512,NaN
0.000230898447104185,-0.0375675985698509,NaN
0.000224839157012274,-0.0375675985698505,NaN
0.000218779866920363,-0.0375675985698513,NaN
0.000212720576828451,-0.0375675985698512,NaN
0.00020666128673654,-0.0375675985698514,NaN
0.000200601996644628,-0.0375675985698516,NaN
0.000194542706552716,-0.0375675985698507,NaN
0.000188483416460805,-0.03756759856985,NaN
0.000182424126368894,-0.037567598569851,NaN
0.000176364836276982,-0.037567598569852,NaN
0.000170305546185071,-0.0375675985698512,NaN
0.000164246256093159,-0.0375675985698509,NaN
0.000158186966001248,-0.0375675985698514,NaN
0.000152127675909336,-0.0375675985698517,NaN
0.000146068385817425,-0.037567598569851,NaN
0.000140009095725513,-0.037567598569851,NaN
0.000133949805633602,-0.037567598569852,NaN
0.00012789051554169,-0.037567598569851,NaN
0.000121831225449779,-0.0375675985698508,NaN
0.000115771935357867,-0.0375675985698512,NaN
0.000109712645265956,-0.037567598569851,NaN
0.000103653355174044,-0.0375675985698509,NaN
9.75940650821329e-05,-0.0375675985698511,NaN
9.15347749902214e-05,-0.0375675985698514,NaN
8.547548489831e-05,-0.0375675985698514,NaN
7.94161948063985e-05,-0.0375675985698512,NaN
7.33569047144869e-05,-0.0375675985698508,NaN
6.72976146225755e-05,-0.037567598569851,NaN
6.12383245306641e-05,-0.0375675985698509,NaN
5.51790344387526e-05,-0.0375675985698515,NaN
4.9119744346841e-05,-0.0375675985698521,NaN
4.30604542549295e-05,-0.0375675985698513,NaN
3.7001164163018e-05,-0.0375675985698506,NaN
3.09418740711066e-05,-0.0375675985698505,NaN
2.48825839791952e-05,-0.0375675985698507,NaN
1.88232938872839e-05,-0.0375675985698503,NaN
1.27640037953725e-05,-0.0375675985698508,NaN
6.70471370346099e-06,-0.0375675985698521,NaN
6.45423611549337e-07,-0.0375675985698521,NaN
-5.41386648036219e-06,-0.0375675985698509,NaN
-1.14731565722736e-05,-0.0375675985698505,NaN
-1.7532446664185e-05,-0.037567598569851,NaN
-2.35917367560964e-05,-0.0375675985698507,NaN
-2.96510268480079e-05,-0.0375675985698512,NaN
-3.57103169399195e-05,-0.037567598569852,NaN
-4.1769607031831e-05,-0.0375675985698518,NaN
-4.78288971237425e-05,-0.0375675985698512,NaN
-5.3888187215654e-05,-0.0375675985698505,NaN
-5.99474773075654e-05,-0.0375675985698513,NaN
-6.6006767399477e-05,-0.0375675985698509,NaN
-7.20660574913883e-05,-0.03756759856985,NaN
-7.81253475832996e-05,-0.0375675985698505,NaN
-8.4184637675211e-05,-0.0375675985698506,NaN
-9.02439277671223e-05,-0.0375675985698505,NaN
-9.63032178590338e-05,-0.0375675985698508,NaN
-0.000102362507950945,-0.0375675985698523,NaN
-0.000108421798042857,-0.0375675985698517,NaN
-0.000114481088134768,-0.0375675985698516,NaN
-0.00012054037822668,-0.037567598569852,NaN
-0.000126599668318592,-0.0375675985698511,NaN
-0.000132658958410503,-0.0375675985698505,NaN
-0.000138718248502414,-0.0375675985698499,NaN
-0.000144777538594326,-0.0375675985698515,NaN
-0.000150836828686237,-0.0375675985698524,NaN
-0.000156896118778149,-0.0375675985698518,NaN
-0.000162955408870061,-0.0375675985698515,NaN
-0.000169014698961972,-0.037567598569852,NaN
-0.000175073989053884,-0.0375675985698511,NaN
-0.000181133279145795,-0.0375675985698498,NaN
-0.000187192569237706,-0.0375675985698515,NaN
-0.000193251859329618,-0.0375675985698517,NaN
-0.000199311149421529,-0.0375675985698517,NaN
-0.000205370439513441,-0.0375675985698515,NaN
-0.000211429729605352,-0.037567598569852,NaN
-0.000217489019697264,-0.0375675985698518,NaN
-0.000223548309789176,-0.0375675985698502,NaN
-0.000229607599881087,-0.0375675985698501,NaN
-0.000235666889972998,-0.0375675985698501,NaN
-0.00024172618006491,-0.0375675985698515,NaN
-0.000247785470156821,-0.0375675985698503,NaN
-0.000253844760248732,-0.03756759856985,NaN
-0.000259904050340644,-0.0375675985698515,NaN
-0.000265963340432555,-0.0375675985698507,NaN
-0.000272022630524467,-0.0375675985698512,NaN
-0.000278081920616378,-0.0375675985698516,NaN
-0.00028414121070829,-0.037567598569852,NaN
-0.000290200500800202,-0.0375675985698512,NaN
-0.000296259790892113,-0.0375675985698514,NaN
-0.000302319080984025,-0.0375675985698512,NaN
-0.000308378371075936,-0.0375675985698512,NaN
-0.000314437661167847,-0.0375675985698521,NaN
-0.000320496951259759,-0.0375675985698509,NaN
-0.000326556241351671,-0.037567598569852,NaN
-0.000332615531443582,-0.0375675985698512,NaN
-0.000338674821535493,-0.0375675985698514,NaN
-0.000344734111627405,-0.0375675985698512,NaN
-0.000350793401719316,-0.0375675985698512,NaN
-0.000356852691811228,-0.0375675985698511,NaN
-0.000362911981903139,-0.0375675985698506,NaN
-0.000368971271995051,-0.0375675985698529,NaN
-0.000375030562086963,-0.0375675985698507,NaN
-0.000381089852178874,-0.03756759856985,NaN
-0.000387149142270785,-0.0375675985698502,NaN
-0.000393208432362696,-0.0375675985698509,NaN
-0.000399267722454608,-0.0375675985698509,NaN
-0.000405327012546519,-0.0375675985698504,NaN
-0.000411386302638431,-0.0375675985698524,NaN
-0.000417445592730343,-0.03756759856985,NaN
-0.000423504882822254,-0.0375675985698502,NaN
-0.000429564172914165,-0.0375675985698507,NaN
-0.000435623463006076,-0.0375675985698507,NaN
-0.000441682753097988,-0.0375675985698512,NaN
-0.000447742043189899,-0.0375675985698509,NaN
-0.000453801333281811,-0.0375675985698524,NaN
-0.000459860623373723,-0.0375675985698504,NaN
-0.000465919913465634,-0.0375675985698505,NaN
-0.000471979203557545,-0.037567598569851,NaN
-0.000478038493649457,-0.0375675985698515,NaN
-0.000484097783741368,-0.0375675985698522,NaN
-0.00049015707383328,-0.0375675985698512,NaN
-0.000496216363925192,-0.0375675985698516,NaN
-0.000502275654017103,-0.037567598569851,NaN
-0.000508334944109014,-0.0375675985698524,NaN
-0.000514394234200926,-0.0375675985698504,NaN
-0.000520453524292837,-0.0375675985698507,NaN
-0.000526512814384749,-0.0375675985698524,NaN
-0.00053257210447666,-0.0375675985698509,NaN
-0.000538631394568572,-0.0375675985698522,NaN
-0.000544690684660484,-0.037567598569852,NaN
-0.000550749974752395,-0.0375675985698504,NaN
-0.000556809264844306,-0.03756759856985,NaN
-0.000562868554936218,-0.0375675985698507,NaN
-0.000568927845028129,-0.037567598569851,NaN
-0.000574987135120041,-0.0375675985698512,NaN
-0.000581046425211952,-0.0375675985698516,NaN
-0.000587105715303864,-0.0375675985698514,NaN
-0.000593165005395775,-0.03756759856985,NaN
-0.000599224295487686,-0.0375675985698507,NaN
-0.000605283585579598,-0.0375675985698507,NaN
-0.000611342875671509,-0.0375675985698504,NaN
-0.000617402165763421,-0.0375675985698519,NaN
-0.000623461455855332,-0.0375675985698529,NaN
-0.000629520745947244,-0.0375675985698517,NaN
-0.000635580036039156,-0.0375675985698514,NaN
-0.000641639326131067,-0.0375675985698517,NaN
-0.000647698616222979,-0.0375675985698517,NaN
-0.00065375790631489,-0.0375675985698524,NaN
-0.000659817196406802,-0.0375675985698522,NaN
-0.000665876486498714,-0.0375675985698519,NaN
-0.000671935776590625,-0.0375675985698514,NaN
-0.000677995066682537,-0.0375675985698514,NaN
-0.000684054356774448,-0.0375675985698517,NaN
-0.00069011364686636,-0.0375675985698514,NaN
-0.000696172936958271,-0.0375675985698504,NaN
-0.000702232227050182,-0.0375675985698506,NaN
-0.000708291517142094,-0.0375675985698516,NaN
-0.000714350807234006,-0.0375675985698517,NaN
-0.000720410097325917,-0.0375675985698504,NaN
-0.000726469387417828,-0.0375675985698514,NaN
-0.00073252867750974,-0.0375675985698514,NaN
-0.000738587967601651,-0.0375675985698504,NaN
-0.000744647257693563,-0.0375675985698492,NaN
-0.000750706547785474,-0.0375675985698499,NaN
-0.000756765837877385,-0.037567598569852,NaN
-0.000762825127969297,-0.0375675985698507,NaN
-0.000768884418061208,-0.037567598569851,NaN
-0.00077494370815312,-0.0375675985698514,NaN
-0.000781002998245031,-0.0375675985698504,NaN
-0.000787062288336942,-0.03756759856985,NaN
-0.000793121578428854,-0.0375675985698519,NaN
-0.000799180868520766,-0.0375675985698546,NaN
-0.000805240158612678,-0.0375675985698527,NaN
-0.000811299448704589,-0.03756759856985,NaN
-0.0008173587387965,-0.0375675985698507,NaN
-0.000823418028888412,-0.0375675985698517,NaN
-0.000829477318980324,-0.0375675985698507,NaN
-0.000835536609072235,-0.0375675985698496,NaN
-0.000841595899164146,-0.0375675985698519,NaN
-0.000847655189256058,-0.037567598569852,NaN
-0.000853714479347969,-0.0375675985698504,NaN
-0.000859773769439881,-0.03756759856985,NaN
-0.000865833059531792,-0.03756759856985,NaN
-0.000871892349623703,-0.037567598569851,NaN
-0.000877951639715615,-0.0375675985698502,NaN
-0.000884010929807526,-0.0375675985698512,NaN
-0.000890070219899438,-0.0375675985698517,NaN
-0.000896129509991349,-0.0375675985698504,NaN
-0.00090218880008326,-0.0375675985698504,NaN
-0.000908248090175172,-0.0375675985698504,NaN
-0.000914307380267083,-0.0375675985698497,NaN
-0.000920366670358994,-0.0375675985698506,NaN
-0.000926425960450906,-0.0375675985698532,NaN
-0.000932485250542818,-0.037567598569852,NaN
-0.000938544540634729,-0.0375675985698504,NaN
-0.000944603830726641,-0.0375675985698504,NaN
-0.000950663120818552,-0.0375675985698507,NaN
-0.000956722410910463,-0.0375675985698514,NaN
-0.000962781701002375,-0.0375675985698512,NaN
-0.000968840991094287,-0.0375675985698532,NaN
-0.000974900281186199,-0.0375675985698527,NaN
-0.00098095957127811,-0.0375675985698524,NaN
-0.000987018861370022,-0.037567598569851,NaN
-0.000993078151461933,-0.0375675985698497,NaN
-0.000999137441553844,-0.0375675985698504,NaN
-0.00100519673164576,-0.0375675985698502,NaN
-0.00101125602173767,-0.0375675985698536,NaN
-0.00101731531182958,-0.0375675985698531,NaN
-0.00102337460192149,-0.0375675985698517,NaN
-0.0010294338920134,-0.0375675985698504,NaN
-0.00103549318210531,-0.0375675985698517,NaN
-0.00104155247219723,-0.0375675985698537,NaN
-0.00104761176228914,-0.0375675985698496,NaN
-0.00105367105238105,-0.0375675985698516,NaN
-0.00105973034247296,-0.0375675985698531,NaN
-0.00106578963256487,-0.0375675985698497,NaN
-0.00107184892265678,-0.037567598569849,NaN
-0.00107790821274869,-0.0375675985698517,NaN
-0.00108396750284061,-0.037567598569851,NaN
-0.00109002679293252,-0.0375675985698475,NaN
-0.00109608608302443,-0.0375675985698529,NaN
-0.00110214537311634,-0.0375675985698531,NaN
-0.00110820466320825,-0.0375675985698483,NaN
-0.00111426395330016,-0.0375675985698497,NaN
-0.00112032324339207,-0.0375675985698517,NaN
-0.00112638253348399,-0.0375675985698517,NaN
-0.0011324418235759,-0.0375675985698496,NaN
-0.00113850111366781,-0.0375675985698509,NaN
-0.00114456040375972,-0.037567598569851,NaN
-0.00115061969385163,-0.0375675985698517,NaN
-0.00115667898394354,-0.0375675985698497,NaN
-0.00116273827403545,-0.0375675985698497,NaN
-0.00116879756412737,-0.0375675985698531,NaN
-0.00117485685421928,-0.0375675985698502,NaN
-0.00118091614431119,-0.0375675985698516,NaN
-0.0011869754344031,-0.0375675985698551,NaN
-0.00119303472449501,-0.0375675985698537,NaN
-0.00119909401458692,-0.0375675985698483,NaN
-0.00120515330467883,-0.0375675985698497,NaN
-0.00121121259477075,-0.0375675985698537,NaN
-0.00121727188486266,-0.0375675985698497,NaN
-0.00122333117495457,-0.0375675985698482,NaN
-0.00122939046504648,-0.0375675985698522,NaN
-0.00123544975513839,-0.0375675985698524,NaN
-0.0012415090452303,-0.037567598569849,NaN
-0.00124756833532221,-0.037567598569849,NaN
-0.00125362762541413,-0.0375675985698517,NaN
-0.00125968691550604,-0.0375675985698517,NaN
-0.00126574620559795,-0.0375675985698509,NaN
-0.00127180549568986,-0.0375675985698502,NaN
-0.00127786478578177,-0.0375675985698517,NaN
-0.00128392407587368,-0.0375675985698497,NaN
-0.00128998336596559,-0.0375675985698483,NaN
-0.00129604265605751,-0.0375675985698524,NaN
-0.00130210194614942,-0.0375675985698517,NaN
-0.00130816123624133,-0.0375675985698509,NaN
-0.00131422052633324,-0.0375675985698529,NaN
-0.00132027981642515,-0.037567598569851,NaN
-0.00132633910651706,-0.037567598569847,NaN
-0.00133239839660897,-0.0375675985698517,NaN
-0.00133845768670089,-0.0375675985698544,NaN
-0.0013445169767928,-0.0375675985698517,NaN
-0.00135057626688471,-0.0375675985698516,NaN
-0.00135663555697662,-0.0375675985698522,NaN
-0.00136269484706853,-0.0375675985698524,NaN
-0.00136875413716044,-0.0375675985698504,NaN
-0.00137481342725236,-0.0375675985698504,NaN
-0.00138087271734427,-0.0375675985698504,NaN
-0.00138693200743618,-0.037567598569851,NaN
-0.00139299129752809,-0.0375675985698537,NaN
-0.00139905058762,-0.0375675985698543,NaN
-0.00140510987771191,-0.0375675985698531,NaN
-0.00141116916780382,-0.037567598569849,NaN
-0.00141722845789574,-0.0375675985698467,NaN
-0.00142328774798765,-0.0375675985698537,NaN
-0.00142934703807956,-0.0375675985698544,NaN
-0.00143540632817147,-0.0375675985698497,NaN
-0.00144146561826338,-0.0375675985698537,NaN
-0.00144752490835529,-0.0375675985698531,NaN
-0.00145358419844721,-0.0375675985698477,NaN
-0.00145964348853912,-0.0375675985698467,NaN
-0.00146570277863103,-0.037567598569851,NaN
-0.00147176206872294,-0.0375675985698517,NaN
-0.00147782135881485,-0.0375675985698517,NaN
-0.00148388064890676,-0.0375675985698531,NaN
-0.00148993993899867,-0.0375675985698504,NaN
-0.00149599922909058,-0.0375675985698477,NaN
-0.0015020585191825,-0.0375675985698487,NaN
-0.00150811780927441,-0.0375675985698524,NaN
-0.00151417709936632,-0.037567598569851,NaN
-0.00152023638945823,-0.0375675985698524,NaN
-0.00152629567955014,-0.0375675985698531,NaN
-0.00153235496964205,-0.0375675985698504,NaN
-0.00153841425973396,-0.0375675985698477,NaN
-0.00154447354982588,-0.0375675985698487,NaN
-0.00155053283991779,-0.0375675985698537,NaN
-0.0015565921300097,-0.0375675985698531,NaN
-0.00156265142010161,-0.037567598569851,NaN
-0.00156871071019352,-0.0375675985698531,NaN
-0.00157477000028543,-0.0375675985698531,NaN
-0.00158082929037735,-0.037567598569849,NaN
-0.00158688858046926,-0.0375675985698467,NaN
-0.00159294787056117,-0.0375675985698497,NaN
-0.00159900716065308,-0.0375675985698524,NaN
-0.00160506645074499,-0.0375675985698544,NaN
-0.0016111257408369,-0.0375675985698517,NaN
-0.00161718503092881,-0.0375675985698537,NaN
-0.00162324432102073,-0.0375675985698578,NaN
-0.00162930361111264,-0.0375675985698467,NaN
-0.00163536290120455,-0.037567598569847,NaN
-0.00164142219129646,-0.0375675985698544,NaN
-0.00164748148138837,-0.0375675985698504,NaN
-0.00165354077148028,-0.0375675985698483,NaN
-0.00165960006157219,-0.0375675985698571,NaN
-0.00166565935166411,-0.0375675985698564,NaN
-0.00167171864175602,-0.0375675985698467,NaN
-0.00167777793184793,-0.0375675985698463,NaN
-0.00168383722193984,-0.0375675985698504,NaN
-0.00168989651203175,-0.0375675985698537,NaN
-0.00169595580212366,-0.0375675985698517,NaN
-0.00170201509221558,-0.0375675985698531,NaN
-0.00170807438230749,-0.0375675985698564,NaN
-0.0017141336723994,-0.0375675985698521,NaN
-0.00172019296249131,-0.0375675985698497,NaN
-0.00172625225258322,-0.0375675985698524,NaN
-0.00173231154267513,-0.037567598569851,NaN
-0.00173837083276705,-0.0375675985698483,NaN
-0.00174443012285896,-0.0375675985698551,NaN
-0.00175048941295087,-0.0375675985698544,NaN
-0.00175654870304278,-0.0375675985698481,NaN
-0.00176260799313469,-0.0375675985698443,NaN
-0.0017686672832266,-0.037567598569843,NaN
-0.00177472657331851,-0.0375675985698517,NaN
-0.00178078586341042,-0.0375675985698544,NaN
-0.00178684515350234,-0.0375675985698537,NaN
-0.00179290444359425,-0.0375675985698564,NaN
-0.00179896373368616,-0.0375675985698517,NaN
-0.00180502302377807,-0.0375675985698443,NaN
-0.00181108231386998,-0.0375675985698427,NaN
-0.00181714160396189,-0.0375675985698483,NaN
-0.0018232008940538,-0.0375675985698557,NaN
-0.00182926018414572,-0.0375675985698571,NaN
-0.00183531947423763,-0.0375675985698537,NaN
-0.00184137876432954,-0.0375675985698531,NaN
-0.00184743805442145,-0.0375675985698436,NaN
-0.00185349734451336,-0.037567598569838,NaN
-0.00185955663460527,-0.0375675985698483,NaN
-0.00186561592469718,-0.0375675985698537,NaN
-0.00187167521478909,-0.0375675985698578,NaN
-0.00187773450488101,-0.0375675985698578,NaN
-0.00188379379497292,-0.0375675985698564,NaN
-0.00188985308506483,-0.0375675985698517,NaN
-0.00189591237515674,-0.0375675985698461,NaN
-0.00190197166524865,-0.037567598569849,NaN
-0.00190803095534056,-0.037567598569851,NaN
-0.00191409024543248,-0.0375675985698544,NaN
-0.00192014953552439,-0.0375675985698557,NaN
-0.0019262088256163,-0.0375675985698557,NaN
-0.00193226811570821,-0.037567598569847,NaN
-0.00193832740580012,-0.03756759856984,NaN
-0.00194438669589203,-0.0375675985698463,NaN
-0.00195044598598394,-0.037567598569851,NaN
-0.00195650527607586,-0.0375675985698571,NaN
-0.00196256456616777,-0.0375675985698557,NaN
-0.00196862385625968,-0.0375675985698544,NaN
-0.00197468314635159,-0.0375675985698544,NaN
-0.0019807424364435,-0.0375675985698474,NaN
-0.00198680172653541,-0.0375675985698463,NaN
-0.00199286101662733,-0.0375675985698531,NaN
-0.00199892030671924,-0.0375675985698571,NaN
-0.00200497959681115,-0.0375675985698557,NaN
-0.00201103888690306,-0.0375675985698544,NaN
-0.00201709817699497,-0.0375675985698463,NaN
-0.00202315746708688,-0.037567598569842,NaN
-0.00202921675717879,-0.0375675985698463,NaN
-0.00203527604727071,-0.0375675985698504,NaN
-0.00204133533736262,-0.0375675985698557,NaN
-0.00204739462745453,-0.0375675985698571,NaN
-0.00205345391754644,-0.0375675985698571,NaN
-0.00205951320763835,-0.0375675985698557,NaN
-0.00206557249773027,-0.0375675985698487,NaN
-0.00207163178782218,-0.0375675985698463,NaN
-0.00207769107791409,-0.0375675985698504,NaN
-0.002083750368006,-0.0375675985698544,NaN
-0.00208980965809791,-0.0375675985698544,NaN
-0.00209586894818982,-0.0375675985698544,NaN
-0.00210192823828174,-0.0375675985698504,NaN
-0.00210798752837365,-0.0375675985698393,NaN
-0.00211404681846555,-0.037567598569841,NaN
-0.00212010610855747,-0.0375675985698463,NaN
-0.00212616539864938,-0.0375675985698531,NaN
-0.00213222468874129,-0.0375675985698584,NaN
-0.0021382839788332,-0.0375675985698544,NaN
-0.00214434326892511,-0.0375675985698517,NaN
-0.00215040255901702,-0.0375675985698474,NaN
-0.00215646184910894,-0.037567598569845,NaN
-0.00216252113920085,-0.037567598569849,NaN
-0.00216858042929276,-0.0375675985698517,NaN
-0.00217463971938467,-0.0375675985698544,NaN
-0.00218069900947658,-0.0375675985698544,NaN
-0.00218675829956849,-0.0375675985698463,NaN
-0.0021928175896604,-0.0375675985698407,NaN
-0.00219887687975231,-0.0375675985698463,NaN
-0.00220493616984422,-0.0375675985698517,NaN
-0.00221099545993614,-0.0375675985698544,NaN
-0.00221705475002805,-0.0375675985698557,NaN
-0.00222311404011996,-0.0375675985698571,NaN
-0.00222917333021187,-0.0375675985698598,NaN
-0.00223523262030379,-0.0375675985698487,NaN
-0.0022412919103957,-0.037567598569845,NaN
-0.00224735120048761,-0.037567598569849,NaN
-0.00225341049057952,-0.0375675985698517,NaN
-0.00225946978067143,-0.0375675985698531,NaN
-0.00226552907076334,-0.0375675985698557,NaN
-0.00227158836085525,-0.0375675985698544,NaN
-0.00227764765094716,-0.0375675985698434,NaN
-0.00228370694103907,-0.037567598569845,NaN
-0.00228976623113099,-0.037567598569849,NaN
-0.0022958255212229,-0.0375675985698531,NaN
-0.00230188481131481,-0.0375675985698557,NaN
-0.00230794410140672,-0.0375675985698557,NaN
-0.00231400339149863,-0.0375675985698584,NaN
-0.00232006268159055,-0.0375675985698528,NaN
-0.00232612197168246,-0.0375675985698463,NaN
-0.00233218126177437,-0.0375675985698463,NaN
-0.00233824055186628,-0.0375675985698531,NaN
-0.00234429984195819,-0.0375675985698571,NaN
-0.0023503591320501,-0.0375675985698571,NaN
-0.00235641842214202,-0.0375675985698504,NaN
-0.00236247771223393,-0.0375675985698434,NaN
-0.00236853700232584,-0.0375675985698477,NaN
-0.00237459629241775,-0.037567598569845,NaN
-0.00238065558250966,-0.0375675985698517,NaN
-0.00238671487260157,-0.0375675985698584,NaN
-0.00239277416269348,-0.0375675985698544,NaN
-0.0023988334527854,-0.0375675985698584,NaN
-0.00240489274287731,-0.0375675985698514,NaN
-0.00241095203296922,-0.037567598569845,NaN
-0.00241701132306113,-0.037567598569849,NaN
-0.00242307061315304,-0.0375675985698557,NaN
-0.00242912990324495,-0.0375675985698557,NaN
-0.00243518919333687,-0.0375675985698531,NaN
-0.00244124848342878,-0.0375675985698504,NaN
-0.00244730777352069,-0.0375675985698434,NaN
-0.0024533670636126,-0.0375675985698463,NaN
-0.00245942635370451,-0.037567598569845,NaN
-0.00246548564379642,-0.0375675985698517,NaN
-0.00247154493388833,-0.0375675985698598,NaN
-0.00247760422398024,-0.0375675985698557,NaN
-0.00248366351407216,-0.0375675985698557,NaN
-0.00248972280416407,-0.0375675985698555,NaN
-0.00249578209425598,-0.0375675985698504,NaN
-0.00250184138434789,-0.0375675985698463,NaN
-0.0025079006744398,-0.0375675985698504,NaN
-0.00251395996453171,-0.0375675985698531,NaN
-0.00252001925462363,-0.0375675985698544,NaN
-0.00252607854471554,-0.0375675985698504,NaN
-0.00253213783480745,-0.0375675985698477,NaN
-0.00253819712489936,-0.037567598569845,NaN
-0.00254425641499127,-0.0375675985698407,NaN
-0.00255031570508318,-0.0375675985698463,NaN
-0.00255637499517509,-0.0375675985698531,NaN
-0.002562434285267,-0.0375675985698557,NaN
-0.00256849357535892,-0.0375675985698557,NaN
-0.00257455286545083,-0.0375675985698557,NaN
-0.00258061215554274,-0.0375675985698477,NaN
-0.00258667144563465,-0.0375675985698434,NaN
-0.00259273073572656,-0.0375675985698477,NaN
-0.00259879002581847,-0.037567598569849,NaN
-0.00260484931591038,-0.0375675985698557,NaN
-0.0026109086060023,-0.0375675985698517,NaN
-0.00261696789609421,-0.037567598569849,NaN
-0.00262302718618612,-0.037567598569849,NaN
-0.00262908647627803,-0.0375675985698407,NaN
-0.00263514576636994,-0.0375675985698504,NaN
-0.00264120505646185,-0.0375675985698584,NaN
-0.00264726434655376,-0.0375675985698571,NaN
-0.00265332363664568,-0.0375675985698571,NaN
-0.00265938292673759,-0.0375675985698584,NaN
-0.0026654422168295,-0.0375675985698517,NaN
-0.00267150150692141,-0.0375675985698434,NaN
-0.00267756079701332,-0.037567598569845,NaN
-0.00268362008710523,-0.0375675985698504,NaN
-0.00268967937719714,-0.0375675985698584,NaN
-0.00269573866728906,-0.0375675985698531,NaN
-0.00270179795738097,-0.0375675985698517,NaN
-0.00270785724747288,-0.0375675985698531,NaN
-0.00271391653756479,-0.0375675985698461,NaN
-0.0027199758276567,-0.037567598569849,NaN
-0.00272603511774861,-0.0375675985698544,NaN
-0.00273209440784053,-0.0375675985698571,NaN
-0.00273815369793244,-0.0375675985698584,NaN
-0.00274421298802435,-0.0375675985698584,NaN
-0.00275027227811626,-0.0375675985698504,NaN
-0.00275633156820817,-0.0375675985698447,NaN
-0.00276239085830008,-0.0375675985698463,NaN
-0.00276845014839199,-0.0375675985698504,NaN
-0.00277450943848391,-0.0375675985698584,NaN
-0.00278056872857582,-0.0375675985698544,NaN
-0.00278662801866773,-0.0375675985698517,NaN
-0.00279268730875964,-0.0375675985698517,NaN
-0.00279874659885155,-0.0375675985698474,NaN
-0.00280480588894347,-0.037567598569845,NaN
-0.00281086517903538,-0.0375675985698517,NaN
-0.00281692446912729,-0.0375675985698571,NaN
-0.0028229837592192,-0.0375675985698557,NaN
-0.00282904304931111,-0.0375675985698584,NaN
-0.00283510233940303,-0.0375675985698531,NaN
-0.00284116162949494,-0.0375675985698461,NaN
-0.00284722091958685,-0.0375675985698436,NaN
-0.00285328020967876,-0.0375675985698436,NaN
-0.00285933949977067,-0.037567598569849,NaN
-0.00286539878986258,-0.0375675985698517,NaN
-0.00287145807995449,-0.0375675985698557,NaN
-0.0028775173700464,-0.0375675985698584,NaN
-0.00288357666013832,-0.0375675985698487,NaN
-0.00288963595023023,-0.037567598569845,NaN
-0.00289569524032214,-0.037567598569849,NaN
-0.00290175453041405,-0.0375675985698517,NaN
-0.00290781382050596,-0.0375675985698504,NaN
-0.00291387311059787,-0.0375675985698557,NaN
-0.00291993240068978,-0.0375675985698571,NaN
-0.0029259916907817,-0.0375675985698461,NaN
-0.00293205098087361,-0.0375675985698396,NaN
-0.00293811027096551,-0.0375675985698423,NaN
-0.00294416956105743,-0.0375675985698477,NaN
-0.00295022885114934,-0.0375675985698557,NaN
-0.00295628814124125,-0.0375675985698571,NaN
-0.00296234743133316,-0.0375675985698544,NaN
-0.00296840672142507,-0.0375675985698461,NaN
-0.00297446601151698,-0.037567598569845,NaN
-0.00298052530160889,-0.0375675985698531,NaN
-0.00298658459170081,-0.0375675985698571,NaN
-0.00299264388179272,-0.0375675985698584,NaN
-0.00299870317188463,-0.0375675985698571,NaN
-0.00300476246197654,-0.0375675985698544,NaN
-0.00301082175206846,-0.0375675985698474,NaN
-0.00301688104216037,-0.0375675985698396,NaN
-0.00302294033225227,-0.0375675985698423,NaN
-0.00302899962234419,-0.0375675985698531,NaN
-0.0030350589124361,-0.0375675985698544,NaN
-0.00304111820252801,-0.0375675985698571,NaN
-0.00304717749261992,-0.0375675985698557,NaN
-0.00305323678271183,-0.0375675985698514,NaN
-0.00305929607280375,-0.0375675985698504,NaN
-0.00306535536289566,-0.0375675985698463,NaN
-0.00307141465298757,-0.037567598569849,NaN
-0.00307747394307948,-0.0375675985698584,NaN
-0.00308353323317139,-0.0375675985698571,NaN
-0.0030895925232633,-0.0375675985698557,NaN
-0.00309565181335522,-0.0375675985698528,NaN
-0.00310171110344713,-0.0375675985698396,NaN
-0.00310777039353904,-0.0375675985698396,NaN
-0.00311382968363095,-0.0375675985698517,NaN
-0.00311988897372286,-0.0375675985698544,NaN
-0.00312594826381477,-0.0375675985698557,NaN
-0.00313200755390668,-0.0375675985698557,NaN
-0.0031380668439986,-0.0375675985698528,NaN
-0.00314412613409051,-0.0375675985698517,NaN
-0.00315018542418242,-0.037567598569849,NaN
-0.00315624471427433,-0.037567598569849,NaN
-0.00316230400436624,-0.0375675985698557,NaN
-0.00316836329445815,-0.0375675985698557,NaN
-0.00317442258455007,-0.0375675985698531,NaN
-0.00318048187464198,-0.0375675985698501,NaN
-0.00318654116473389,-0.0375675985698423,NaN
-0.0031926004548258,-0.0375675985698436,NaN
-0.00319865974491771,-0.0375675985698531,NaN
-0.00320471903500962,-0.0375675985698571,NaN
-0.00321077832510153,-0.0375675985698531,NaN
-0.00321683761519344,-0.0375675985698531,NaN
-0.00322289690528536,-0.0375675985698514,NaN
-0.00322895619537727,-0.0375675985698504,NaN
-0.00323501548546918,-0.037567598569849,NaN
-0.00324107477556109,-0.0375675985698531,NaN
-0.003247134065653,-0.0375675985698584,NaN
-0.00325319335574492,-0.0375675985698557,NaN
-0.00325925264583683,-0.0375675985698557,NaN
-0.00326531193592874,-0.0375675985698514,NaN
-0.00327137122602065,-0.0375675985698436,NaN
-0.00327743051611256,-0.037567598569841,NaN
-0.00328348980620447,-0.0375675985698504,NaN
-0.00328954909629638,-0.0375675985698544,NaN
-0.00329560838638829,-0.0375675985698557,NaN
-0.00330166767648021,-0.0375675985698517,NaN
-0.00330772696657212,-0.0375675985698487,NaN
-0.00331378625666403,-0.0375675985698517,NaN
-0.00331984554675594,-0.0375675985698423,NaN
-0.00332590483684785,-0.037567598569849,NaN
-0.00333196412693976,-0.0375675985698571,NaN
-0.00333802341703168,-0.0375675985698544,NaN
-0.00334408270712359,-0.0375675985698531,NaN
-0.0033501419972155,-0.0375675985698517,NaN
-0.00335620128730741,-0.037567598569841,NaN
-0.00336226057739932,-0.037567598569838,NaN
-0.00336831986749123,-0.0375675985698477,NaN
-0.00337437915758314,-0.0375675985698504,NaN
-0.00338043844767505,-0.0375675985698584,NaN
-0.00338649773776697,-0.0375675985698544,NaN
-0.00339255702785888,-0.0375675985698517,NaN
-0.00339861631795079,-0.0375675985698504,NaN
-0.0034046756080427,-0.0375675985698447,NaN
-0.00341073489813461,-0.0375675985698531,NaN
-0.00341679418822652,-0.0375675985698544,NaN
-0.00342285347831843,-0.0375675985698517,NaN
-0.00342891276841035,-0.0375675985698517,NaN
-0.00343497205850226,-0.0375675985698598,NaN
-0.00344103134859417,-0.0375675985698504,NaN
-0.00344709063868608,-0.0375675985698407,NaN
-0.00345314992877799,-0.0375675985698477,NaN
-0.0034592092188699,-0.0375675985698517,NaN
-0.00346526850896181,-0.0375675985698544,NaN
-0.00347132779905372,-0.0375675985698544,NaN
-0.00347738708914564,-0.0375675985698571,NaN
-0.00348344637923755,-0.0375675985698517,NaN
-0.00348950566932946,-0.0375675985698461,NaN
-0.00349556495942137,-0.0375675985698477,NaN
-0.00350162424951328,-0.0375675985698531,NaN
-0.00350768353960519,-0.0375675985698571,NaN
-0.00351374282969711,-0.0375675985698557,NaN
-0.00351980211978902,-0.0375675985698544,NaN
-0.00352586140988093,-0.0375675985698463,NaN
-0.00353192069997284,-0.0375675985698407,NaN
-0.00353797999006475,-0.0375675985698504,NaN
-0.00354403928015666,-0.0375675985698517,NaN
-0.00355009857024857,-0.0375675985698557,NaN
-0.00355615786034049,-0.0375675985698598,NaN
-0.0035622171504324,-0.0375675985698544,NaN
-0.00356827644052431,-0.0375675985698531,NaN
-0.00357433573061622,-0.0375675985698434,NaN
-0.00358039502070813,-0.0375675985698423,NaN
-0.00358645431080004,-0.0375675985698531,NaN
-0.00359251360089196,-0.0375675985698598,NaN
-0.00359857289098387,-0.0375675985698598,NaN
-0.00360463218107578,-0.0375675985698517,NaN
-0.00361069147116769,-0.0375675985698477,NaN
-0.0036167507612596,-0.0375675985698447,NaN
-0.00362281005135151,-0.0375675985698463,NaN
-0.00362886934144342,-0.0375675985698504,NaN
-0.00363492863153534,-0.0375675985698517,NaN
-0.00364098792162725,-0.0375675985698477,NaN
-0.00364704721171916,-0.0375675985698477,NaN
-0.00365310650181107,-0.0375675985698557,NaN
-0.00365916579190298,-0.0375675985698541,NaN
-0.00366522508199489,-0.0375675985698517,NaN
-0.00367128437208681,-0.0375675985698544,NaN
-0.00367734366217872,-0.0375675985698611,NaN
-0.00368340295227063,-0.0375675985698584,NaN
-0.00368946224236254,-0.0375675985698598,NaN
-0.00369552153245446,-0.0375675985698571,NaN
-0.00370158082254637,-0.0375675985698474,NaN
-0.00370764011263828,-0.0375675985698504,NaN
-0.00371369940273019,-0.0375675985698598,NaN
-0.0037197586928221,-0.0375675985698557,NaN
-0.00372581798291401,-0.0375675985698356,NaN
-0.00373187727300592,-0.0375675985698383,NaN
-0.00373793656309783,-0.0375675985698504,NaN
-0.00374399585318975,-0.0375675985698504,NaN
-0.00375005514328166,-0.0375675985698461,NaN
-0.00375611443337357,-0.0375675985698474,NaN
-0.00376217372346548,-0.0375675985698493,NaN
-0.00376823301355739,-0.0375675985698533,NaN
-0.0037742923036493,-0.0375675985698541,NaN
-0.00378035159374121,-0.0375675985698528,NaN
-0.00378641088383313,-0.0375675985698587,NaN
-0.00379247017392504,-0.0375675985698447,NaN
-0.00379852946401695,-0.037567598569838,NaN
-0.00380458875410886,-0.0375675985698439,NaN
-0.00381064804420077,-0.0375675985698412,NaN
-0.00381670733429268,-0.0375675985698447,NaN
-0.00382276662438459,-0.0375675985698434,NaN
-0.0038288259144765,-0.0375675985698493,NaN
-0.00383488520456841,-0.0375675985698541,NaN
-0.00384094449466032,-0.0375675985698568,NaN
-0.00384700378475223,-0.0375675985698668,NaN
-0.00385306307484415,-0.0375675985698695,NaN
-0.00385912236493606,-0.0375675985698622,NaN
-0.00386518165502798,-0.0375675985698541,NaN
-0.00387124094511989,-0.037567598569856,NaN
-0.0038773002352118,-0.0375675985698595,NaN
-0.00388335952530371,-0.0375675985698582,NaN
-0.00388941881539563,-0.0375675985698574,NaN
-0.00389547810548754,-0.0375675985698399,NaN
-0.00390153739557944,-0.0375675985698205,NaN
-0.00390759668567135,-0.037567598569834,NaN
-0.00391365597576326,-0.0375675985698479,NaN
-0.00391971526585517,-0.0375675985698501,NaN
-0.00392577455594709,-0.0375675985698528,NaN
-0.003931833846039,-0.0375675985698533,NaN
-0.00393789313613091,-0.0375675985698506,NaN
-0.00394395242622282,-0.0375675985698528,NaN
-0.00395001171631473,-0.0375675985698662,NaN
-0.00395607100640665,-0.0375675985698695,NaN
-0.00396213029649856,-0.0375675985698501,NaN
-0.00396818958659047,-0.0375675985698393,NaN
-0.00397424887668238,-0.0375675985698426,NaN
-0.00398030816677429,-0.0375675985698426,NaN
-0.0039863674568662,-0.037567598569834,NaN
-0.00399242674695811,-0.0375675985698313,NaN
-0.00399848603705002,-0.0375675985698426,NaN
-0.00400454532714193,-0.0375675985698474,NaN
-0.00401060461723384,-0.0375675985698528,NaN
-0.00401666390732575,-0.0375675985698641,NaN
-0.00402272319741767,-0.0375675985698748,NaN
-0.00402878248750958,-0.0375675985698662,NaN
-0.00403484177760149,-0.0375675985698528,NaN
-0.00404090106769341,-0.0375675985698533,NaN
-0.00404696035778532,-0.0375675985698608,NaN
-0.00405301964787723,-0.0375675985698662,NaN
-0.00405907893796914,-0.0375675985698641,NaN
-0.00406513822806106,-0.0375675985698453,NaN
-0.00407119751815297,-0.0375675985698232,NaN
-0.00407725680824487,-0.0375675985698232,NaN
-0.00408331609833678,-0.0375675985698426,NaN
-0.00408937538842869,-0.0375675985698582,NaN
-0.00409543467852061,-0.0375675985698528,NaN
-0.00410149396861252,-0.0375675985698479,NaN
-0.00410755325870443,-0.0375675985698533,NaN
-0.00411361254879634,-0.0375675985698635,NaN
-0.00411967183888825,-0.0375675985698662,NaN
-0.00412573112898017,-0.0375675985698695,NaN
-0.00413179041907208,-0.0375675985698528,NaN
-0.00413784970916399,-0.0375675985698474,NaN
-0.0041439089992559,-0.0375675985698506,NaN
-0.00414996828934781,-0.0375675985698399,NaN
-0.00415602757943972,-0.0375675985698393,NaN
-0.00416208686953163,-0.0375675985698313,NaN
-0.00416814615962354,-0.0375675985698372,NaN
-0.00417420544971545,-0.037567598569842,NaN
-0.00418026473980736,-0.0375675985698555,NaN
-0.00418632402989928,-0.0375675985698695,NaN
-0.00419238331999119,-0.0375675985698721,NaN
-0.0041984426100831,-0.0375675985698662,NaN
-0.00420450190017502,-0.0375675985698501,NaN
-0.00421056119026693,-0.0375675985698533,NaN
-0.00421662048035884,-0.0375675985698555,NaN
-0.00422267977045075,-0.0375675985698662,NaN
-0.00422873906054267,-0.0375675985698587,NaN
-0.00423479835063458,-0.0375675985698426,NaN
-0.00424085764072649,-0.0375675985698366,NaN
-0.0042469169308184,-0.0375675985698259,NaN
-0.0042529762209103,-0.0375675985698426,NaN
-0.00425903551100222,-0.0375675985698555,NaN
-0.00426509480109413,-0.0375675985698528,NaN
-0.00427115409118604,-0.0375675985698533,NaN
-0.00427721338127795,-0.037567598569856,NaN
-0.00428327267136986,-0.0375675985698555,NaN
-0.00428933196146178,-0.0375675985698635,NaN
-0.00429539125155369,-0.0375675985698721,NaN
-0.00430145054164561,-0.0375675985698582,NaN
-0.00430750983173752,-0.0375675985698447,NaN
-0.00431356912182943,-0.0375675985698453,NaN
-0.00431962841192134,-0.0375675985698479,NaN
-0.00432568770201325,-0.0375675985698393,NaN
-0.00433174699210516,-0.0375675985698259,NaN
-0.00433780628219706,-0.0375675985698291,NaN
-0.00434386557228897,-0.037567598569842,NaN
-0.00434992486238088,-0.0375675985698501,NaN
-0.0043559841524728,-0.0375675985698668,NaN
-0.00436204344256471,-0.0375675985698748,NaN
-0.00436810273265663,-0.0375675985698528,NaN
-0.00437416202274853,-0.0375675985698474,NaN
-0.00438022131284045,-0.037567598569856,NaN
-0.00438628060293236,-0.0375675985698582,NaN
-0.00439233989302427,-0.0375675985698689,NaN
-0.00439839918311619,-0.0375675985698533,NaN
-0.0044044584732081,-0.0375675985698426,NaN
-0.00441051776330001,-0.0375675985698366,NaN
-0.00441657705339191,-0.037567598569834,NaN
-0.00442263634348383,-0.0375675985698453,NaN
-0.00442869563357574,-0.0375675985698474,NaN
-0.00443475492366765,-0.0375675985698555,NaN
-0.00444081421375956,-0.0375675985698506,NaN
-0.00444687350385147,-0.0375675985698479,NaN
-0.00445293279394338,-0.0375675985698635,NaN
-0.0044589920840353,-0.0375675985698743,NaN
-0.00446505137412721,-0.0375675985698695,NaN
-0.00447111066421913,-0.0375675985698608,NaN
-0.00447716995431104,-0.0375675985698528,NaN
-0.00448322924440295,-0.0375675985698453,NaN
-0.00448928853449486,-0.0375675985698506,NaN
-0.00449534782458677,-0.0375675985698447,NaN
-0.00450140711467868,-0.0375675985698286,NaN
-0.00450746640477059,-0.0375675985698291,NaN
-0.0045135256948625,-0.0375675985698399,NaN
-0.00451958498495441,-0.0375675985698501,NaN
-0.00452564427504632,-0.0375675985698608,NaN
-0.00453170356513823,-0.0375675985698695,NaN
-0.00453776285523015,-0.0375675985698582,NaN
-0.00454382214532206,-0.0375675985698555,NaN
-0.00454988143541397,-0.0375675985698506,NaN
-0.00455594072550588,-0.0375675985698506,NaN
-0.00456200001559779,-0.0375675985698635,NaN
-0.00456805930568971,-0.0375675985698528,NaN
-0.00457411859578162,-0.0375675985698479,NaN
-0.00458017788587353,-0.0375675985698474,NaN
-0.00458623717596544,-0.037567598569842,NaN
-0.00459229646605735,-0.0375675985698426,NaN
-0.00459835575614926,-0.0375675985698453,NaN
-0.00460441504624117,-0.0375675985698474,NaN
-0.00461047433633308,-0.0375675985698501,NaN
-0.00461653362642499,-0.0375675985698479,NaN
-0.0046225929165169,-0.0375675985698528,NaN
-0.00462865220660882,-0.0375675985698662,NaN
-0.00463471149670073,-0.0375675985698668,NaN
-0.00464077078679264,-0.0375675985698614,NaN
-0.00464683007688456,-0.0375675985698501,NaN
-0.00465288936697647,-0.037567598569842,NaN
-0.00465894865706838,-0.037567598569856,NaN
-0.00466500794716029,-0.0375675985698555,NaN
-0.0046710672372522,-0.037567598569834,NaN
-0.00467712652734411,-0.0375675985698211,NaN
-0.00468318581743602,-0.0375675985698318,NaN
-0.00468924510752793,-0.0375675985698474,NaN
-0.00469530439761984,-0.0375675985698582,NaN
-0.00470136368771175,-0.0375675985698668,NaN
-0.00470742297780366,-0.0375675985698555,NaN
-0.00471348226789558,-0.0375675985698501,NaN
-0.00471954155798749,-0.037567598569856,NaN
-0.0047256008480794,-0.0375675985698587,NaN
-0.00473166013817131,-0.0375675985698635,NaN
-0.00473771942826323,-0.0375675985698528,NaN
-0.00474377871835514,-0.0375675985698479,NaN
-0.00474983800844705,-0.0375675985698474,NaN
-0.00475589729853896,-0.0375675985698447,NaN
-0.00476195658863087,-0.0375675985698479,NaN
-0.00476801587872278,-0.0375675985698426,NaN
-0.00477407516881469,-0.037567598569842,NaN
-0.0047801344589066,-0.0375675985698474,NaN
-0.00478619374899851,-0.0375675985698453,NaN
-0.00479225303909042,-0.0375675985698608,NaN
-0.00479831232918234,-0.0375675985698716,NaN
-0.00480437161927425,-0.0375675985698668,NaN
-0.00481043090936617,-0.0375675985698641,NaN
-0.00481649019945808,-0.0375675985698555,NaN
-0.00482254948954999,-0.0375675985698474,NaN
-0.0048286087796419,-0.037567598569856,NaN
-0.00483466806973381,-0.0375675985698608,NaN
-0.00484072735982573,-0.0375675985698393,NaN
-0.00484678664991763,-0.0375675985698237,NaN
-0.00485284594000954,-0.0375675985698264,NaN
-0.00485890523010145,-0.037567598569842,NaN
-0.00486496452019336,-0.0375675985698582,NaN
-0.00487102381028527,-0.0375675985698721,NaN
-0.00487708310037719,-0.0375675985698501,NaN
-0.0048831423904691,-0.0375675985698501,NaN
-0.00488920168056101,-0.0375675985698587,NaN
-0.00489526097065292,-0.037567598569856,NaN
-0.00490132026074484,-0.0375675985698635,NaN
-0.00490737955083675,-0.0375675985698555,NaN
-0.00491343884092866,-0.0375675985698479,NaN
-0.00491949813102057,-0.037567598569842,NaN
-0.00492555742111248,-0.0375675985698447,NaN
-0.00493161671120439,-0.0375675985698506,NaN
-0.0049376760012963,-0.0375675985698426,NaN
-0.00494373529138821,-0.037567598569842,NaN
-0.00494979458148012,-0.0375675985698474,NaN
-0.00495585387157203,-0.0375675985698453,NaN
-0.00496191316166394,-0.0375675985698582,NaN
-0.00496797245175586,-0.0375675985698743,NaN
-0.00497403174184778,-0.0375675985698748,NaN
-0.00498009103193969,-0.0375675985698641,NaN
-0.0049861503220316,-0.0375675985698528,NaN
-0.00499220961212351,-0.0375675985698447,NaN
-0.00499826890221542,-0.0375675985698533,NaN
-0.00500432819230734,-0.0375675985698635,NaN
-0.00501038748239925,-0.0375675985698474,NaN
-0.00501644677249116,-0.0375675985698318,NaN
-0.00502250606258307,-0.0375675985698211,NaN
-0.00502856535267497,-0.0375675985698313,NaN
-0.00503462464276688,-0.0375675985698528,NaN
-0.0050406839328588,-0.0375675985698641,NaN
-0.00504674322295071,-0.0375675985698528,NaN
-0.00505280251304262,-0.0375675985698447,NaN
-0.00505886180313453,-0.0375675985698533,NaN
-0.00506492109322644,-0.0375675985698587,NaN
-0.00507098038331836,-0.0375675985698608,NaN
-0.00507703967341027,-0.0375675985698528,NaN
-0.00508309896350218,-0.0375675985698453,NaN
-0.00508915825359409,-0.0375675985698393,NaN
-0.005095217543686,-0.0375675985698528,NaN
-0.00510127683377791,-0.0375675985698506,NaN
-0.00510733612386982,-0.0375675985698345,NaN
-0.00511339541396173,-0.0375675985698393,NaN
-0.00511945470405364,-0.0375675985698501,NaN
-0.00512551399414555,-0.0375675985698533,NaN
-0.00513157328423746,-0.0375675985698555,NaN
-0.00513763257432938,-0.0375675985698608,NaN
-0.00514369186442129,-0.0375675985698695,NaN
-0.00514975115451321,-0.0375675985698668,NaN
-0.00515581044460512,-0.0375675985698528,NaN
-0.00516186973469703,-0.0375675985698501,NaN
-0.00516792902478894,-0.0375675985698587,NaN
-0.00517398831488085,-0.0375675985698608,NaN
-0.00518004760497277,-0.0375675985698501,NaN
-0.00518610689506468,-0.0375675985698345,NaN
-0.00519216618515659,-0.0375675985698264,NaN
-0.00519822547524849,-0.0375675985698286,NaN
-0.0052042847653404,-0.0375675985698501,NaN
-0.00521034405543232,-0.0375675985698668,NaN
-0.00521640334552423,-0.0375675985698582,NaN
-0.00522246263561614,-0.0375675985698501,NaN
-0.00522852192570805,-0.0375675985698506,NaN
-0.00523458121579996,-0.0375675985698614,NaN
-0.00524064050589188,-0.0375675985698662,NaN
-0.00524669979598379,-0.0375675985698555,NaN
-0.0052527590860757,-0.0375675985698479,NaN
-0.00525881837616761,-0.0375675985698447,NaN
-0.00526487766625952,-0.0375675985698555,NaN
-0.00527093695635144,-0.0375675985698506,NaN
-0.00527699624644335,-0.0375675985698426,NaN
-0.00528305553653526,-0.0375675985698393,NaN
-0.00528911482662717,-0.0375675985698393,NaN
-0.00529517411671908,-0.0375675985698506,NaN
-0.00530123340681099,-0.0375675985698501,NaN
-0.0053072926969029,-0.0375675985698608,NaN
-0.00531335198699481,-0.0375675985698748,NaN
-0.00531941127708673,-0.0375675985698668,NaN
-0.00532547056717864,-0.0375675985698447,NaN
-0.00533152985727055,-0.0375675985698474,NaN
-0.00533758914736246,-0.0375675985698668,NaN
-0.00534364843745438,-0.0375675985698608,NaN
-0.00534970772754629,-0.0375675985698447,NaN
-0.0053557670176382,-0.0375675985698372,NaN
-0.00536182630773011,-0.0375675985698291,NaN
-0.00536788559782202,-0.0375675985698259,NaN
-0.00537394488791392,-0.0375675985698501,NaN
-0.00538000417800584,-0.0375675985698695,NaN
-0.00538606346809775,-0.0375675985698528,NaN
-0.00539212275818966,-0.0375675985698447,NaN
-0.00539818204828157,-0.0375675985698533,NaN
-0.00540424133837349,-0.0375675985698695,NaN
-0.0054103006284654,-0.0375675985698635,NaN
-0.00541635991855731,-0.0375675985698528,NaN
-0.00542241920864923,-0.0375675985698533,NaN
-0.00542847849874114,-0.0375675985698447,NaN
-0.00543453778883305,-0.0375675985698555,NaN
-0.00544059707892496,-0.0375675985698587,NaN
-0.00544665636901687,-0.0375675985698479,NaN
-0.00545271565910878,-0.0375675985698393,NaN
-0.00545877494920069,-0.0375675985698286,NaN
-0.0054648342392926,-0.0375675985698372,NaN
-0.00547089352938451,-0.0375675985698555,NaN
-0.00547695281947642,-0.0375675985698635,NaN
-0.00548301210956834,-0.0375675985698668,NaN
-0.00548907139966025,-0.0375675985698614,NaN
-0.00549513068975216,-0.0375675985698528,NaN
-0.00550118997984407,-0.0375675985698474,NaN
-0.00550724926993598,-0.0375675985698506,NaN
-0.0055133085600279,-0.0375675985698582,NaN
-0.00551936785011981,-0.0375675985698528,NaN
-0.00552542714021172,-0.0375675985698399,NaN
-0.00553148643030363,-0.0375675985698264,NaN
-0.00553754572039553,-0.0375675985698286,NaN
-0.00554360501048744,-0.0375675985698474,NaN
-0.00554966430057936,-0.0375675985698614,NaN
-0.00555572359067127,-0.0375675985698474,NaN
-0.00556178288076318,-0.0375675985698474,NaN
-0.00556784217085509,-0.0375675985698506,NaN
-0.005573901460947,-0.0375675985698587,NaN
-0.00557996075103892,-0.0375675985698716,NaN
-0.00558602004113083,-0.0375675985698608,NaN
-0.00559207933122274,-0.0375675985698506,NaN
-0.00559813862131465,-0.037567598569842,NaN
-0.00560419791140656,-0.0375675985698528,NaN
-0.00561025720149848,-0.0375675985698641,NaN
-0.00561631649159039,-0.037567598569856,NaN
-0.0056223757816823,-0.037567598569842,NaN
-0.00562843507177421,-0.0375675985698259,NaN
-0.00563449436186612,-0.0375675985698291,NaN
-0.00564055365195803,-0.0375675985698555,NaN
-0.00564661294204994,-0.0375675985698743,NaN
-0.00565267223214186,-0.0375675985698721,NaN
-0.00565873152223377,-0.0375675985698587,NaN
-0.00566479081232568,-0.0375675985698501,NaN
-0.00567085010241759,-0.0375675985698474,NaN
-0.0056769093925095,-0.037567598569856,NaN
-0.00568296868260142,-0.0375675985698635,NaN
-0.00568902797269333,-0.0375675985698555,NaN
-0.00569508726278524,-0.0375675985698453,NaN
-0.00570114655287715,-0.0375675985698345,NaN
-0.00570720584296906,-0.0375675985698366,NaN
-0.00571326513306097,-0.0375675985698393,NaN
-0.00571932442315288,-0.0375675985698533,NaN
-0.00572538371324479,-0.0375675985698555,NaN
-0.0057314430033367,-0.0375675985698447,NaN
-0.00573750229342861,-0.0375675985698453,NaN
-0.00574356158352052,-0.037567598569856,NaN
-0.00574962087361244,-0.0375675985698716,NaN
-0.00575568016370435,-0.0375675985698608,NaN
-0.00576173945379627,-0.0375675985698506,NaN
-0.00576779874388818,-0.0375675985698501,NaN
-0.00577385803398009,-0.0375675985698582,NaN
-0.005779917324072,-0.0375675985698614,NaN
-0.00578597661416391,-0.0375675985698614,NaN
-0.00579203590425583,-0.0375675985698366,NaN
-0.00579809519434773,-0.0375675985698232,NaN
-0.00580415448443964,-0.0375675985698372,NaN
-0.00581021377453155,-0.0375675985698474,NaN
-0.00581627306462346,-0.0375675985698582,NaN
-0.00582233235471538,-0.0375675985698614,NaN
-0.00582839164480729,-0.0375675985698506,NaN
-0.0058344509348992,-0.0375675985698501,NaN
-0.00584051022499111,-0.0375675985698582,NaN
-0.00584656951508302,-0.0375675985698641,NaN
-0.00585262880517494,-0.0375675985698635,NaN
-0.00585868809526685,-0.0375675985698555,NaN
-0.00586474738535876,-0.0375675985698506,NaN
-0.00587080667545067,-0.0375675985698426,NaN
-0.00587686596554258,-0.0375675985698393,NaN
-0.00588292525563449,-0.0375675985698366,NaN
-0.0058889845457264,-0.0375675985698479,NaN
-0.00589504383581831,-0.0375675985698447,NaN
-0.00590110312591022,-0.037567598569842,NaN
-0.00590716241600214,-0.0375675985698614,NaN
-0.00591322170609405,-0.0375675985698614,NaN
-0.00591928099618596,-0.0375675985698635,NaN
-0.00592534028627788,-0.0375675985698582,NaN
-0.00593139957636979,-0.0375675985698479,NaN
-0.0059374588664617,-0.0375675985698474,NaN
-0.00594351815655361,-0.0375675985698555,NaN
-0.00594957744664552,-0.0375675985698668,NaN
-0.00595563673673744,-0.0375675985698668,NaN
-0.00596169602682935,-0.037567598569842,NaN
-0.00596775531692126,-0.0375675985698205,NaN
-0.00597381460701316,-0.0375675985698237,NaN
-0.00597987389710507,-0.0375675985698366,NaN
-0.00598593318719698,-0.0375675985698608,NaN
-0.0059919924772889,-0.0375675985698641,NaN
-0.00599805176738081,-0.037567598569856,NaN
-0.00600411105747272,-0.0375675985698474,NaN
-0.00601017034756463,-0.0375675985698501,NaN
-0.00601622963765654,-0.0375675985698668,NaN
-0.00602228892774846,-0.0375675985698721,NaN
-0.00602834821784037,-0.0375675985698582,NaN
-0.00603440750793228,-0.0375675985698447,NaN
-0.00604046679802419,-0.037567598569856,NaN
-0.00604652608811611,-0.0375675985698528,NaN
-0.00605258537820802,-0.0375675985698393,NaN
-0.00605864466829993,-0.0375675985698453,NaN
-0.00606470395839184,-0.0375675985698426,NaN
-0.00607076324848375,-0.037567598569842,NaN
-0.00607682253857566,-0.0375675985698501,NaN
-0.00608288182866757,-0.037567598569856,NaN
-0.00608894111875948,-0.0375675985698555,NaN
-0.0060950004088514,-0.0375675985698662,NaN
-0.00610105969894331,-0.0375675985698614,NaN
-0.00610711898903522,-0.0375675985698533,NaN
-0.00611317827912713,-0.0375675985698555,NaN
-0.00611923756921905,-0.0375675985698555,NaN
-0.00612529685931096,-0.0375675985698614,NaN
-0.00613135614940287,-0.0375675985698474,NaN
-0.00613741543949478,-0.0375675985698232,NaN
-0.00614347472958669,-0.0375675985698237,NaN
-0.00614953401967859,-0.0375675985698426,NaN
-0.00615559330977051,-0.0375675985698582,NaN
-0.00616165259986242,-0.0375675985698501,NaN
-0.00616771188995433,-0.0375675985698506,NaN
-0.00617377118004624,-0.0375675985698501,NaN
-0.00617983047013815,-0.0375675985698474,NaN
-0.00618588976023006,-0.0375675985698721,NaN
-0.00619194905032198,-0.0375675985698721,NaN
-0.00619800834041389,-0.0375675985698528,NaN
-0.0062040676305058,-0.037567598569842,NaN
-0.00621012692059771,-0.0375675985698533,NaN
-0.00621618621068963,-0.0375675985698528,NaN
-0.00622224550078154,-0.0375675985698447,NaN
-0.00622830479087345,-0.0375675985698426,NaN
-0.00623436408096536,-0.0375675985698399,NaN
-0.00624042337105727,-0.037567598569842,NaN
-0.00624648266114918,-0.037567598569842,NaN
-0.00625254195124109,-0.0375675985698506,NaN
-0.006258601241333,-0.0375675985698608,NaN
-0.00626466053142491,-0.0375675985698635,NaN
-0.00627071982151683,-0.0375675985698587,NaN
-0.00627677911160874,-0.0375675985698479,NaN
-0.00628283840170065,-0.0375675985698555,NaN
-0.00628889769179256,-0.0375675985698662,NaN
-0.00629495698188448,-0.0375675985698641,NaN
-0.00630101627197639,-0.0375675985698474,NaN
-0.0063070755620683,-0.0375675985698313,NaN
-0.00631313485216021,-0.0375675985698318,NaN
-0.00631919414225212,-0.0375675985698345,NaN
-0.00632525343234402,-0.0375675985698474,NaN
-0.00633131272243594,-0.0375675985698447,NaN
-0.00633737201252785,-0.0375675985698479,NaN
-0.00634343130261976,-0.0375675985698608,NaN
-0.00634949059271167,-0.0375675985698555,NaN
-0.00635554988280358,-0.0375675985698695,NaN
-0.0063616091728955,-0.0375675985698775,NaN
-0.00636766846298741,-0.0375675985698635,NaN
-0.00637372775307933,-0.0375675985698501,NaN
-0.00637978704317124,-0.0375675985698453,NaN
-0.00638584633326315,-0.0375675985698474,NaN
-0.00639190562335506,-0.0375675985698528,NaN
-0.00639796491344697,-0.0375675985698506,NaN
-0.00640402420353888,-0.0375675985698372,NaN
-0.00641008349363079,-0.037567598569834,NaN
-0.0064161427837227,-0.0375675985698447,NaN
-0.00642220207381461,-0.0375675985698533,NaN
-0.00642826136390652,-0.0375675985698635,NaN
-0.00643432065399844,-0.0375675985698582,NaN
-0.00644037994409035,-0.0375675985698533,NaN
-0.00644643923418226,-0.0375675985698614,NaN
-0.00645249852427417,-0.0375675985698501,NaN
-0.00645855781436609,-0.0375675985698555,NaN
-0.006464617104458,-0.0375675985698721,NaN
-0.00647067639454991,-0.0375675985698555,NaN
-0.00647673568464182,-0.0375675985698286,NaN
-0.00648279497473373,-0.0375675985698211,NaN
-0.00648885426482564,-0.0375675985698318,NaN
-0.00649491355491755,-0.0375675985698501,NaN
-0.00650097284500946,-0.0375675985698555,NaN
-0.00650703213510137,-0.0375675985698506,NaN
-0.00651309142519328,-0.0375675985698501,NaN
-0.00651915071528519,-0.0375675985698555,NaN
-0.00652521000537711,-0.0375675985698668,NaN
-0.00653126929546902,-0.0375675985698721,NaN
-0.00653732858556094,-0.0375675985698608,NaN
-0.00654338787565285,-0.0375675985698555,NaN
-0.00654944716574476,-0.037567598569856,NaN
-0.00655550645583667,-0.0375675985698528,NaN
-0.00656156574592858,-0.0375675985698608,NaN
-0.0065676250360205,-0.0375675985698506,NaN
-0.00657368432611241,-0.0375675985698237,NaN
-0.00657974361620431,-0.0375675985698259,NaN
-0.00658580290629622,-0.037567598569842,NaN
-0.00659186219638813,-0.0375675985698533,NaN
-0.00659792148648005,-0.0375675985698555,NaN
-0.00660398077657196,-0.0375675985698555,NaN
-0.00661004006666387,-0.0375675985698533,NaN
-0.00661609935675578,-0.0375675985698533,NaN
-0.00662215864684769,-0.0375675985698582,NaN
-0.00662821793693961,-0.0375675985698555,NaN
-0.00663427722703152,-0.0375675985698695,NaN
-0.00664033651712343,-0.0375675985698582,NaN
-0.00664639580721534,-0.0375675985698313,NaN
-0.00665245509730725,-0.0375675985698264,NaN
-0.00665851438739916,-0.0375675985698318,NaN
-0.00666457367749107,-0.0375675985698474,NaN
-0.00667063296758298,-0.037567598569842,NaN
-0.00667669225767489,-0.0375675985698453,NaN
-0.0066827515477668,-0.0375675985698528,NaN
-0.00668881083785871,-0.0375675985698608,NaN
-0.00669487012795063,-0.0375675985698721,NaN
-0.00670092941804254,-0.0375675985698668,NaN
-0.00670698870813445,-0.0375675985698582,NaN
-0.00671304799822637,-0.0375675985698582,NaN
-0.00671910728831828,-0.037567598569856,NaN
-0.00672516657841019,-0.0375675985698528,NaN
-0.0067312258685021,-0.0375675985698608,NaN
-0.00673728515859402,-0.037567598569856,NaN
-0.00674334444868593,-0.0375675985698372,NaN
-0.00674940373877784,-0.0375675985698259,NaN
-0.00675546302886974,-0.037567598569834,NaN
-0.00676152231896165,-0.0375675985698506,NaN
-0.00676758160905357,-0.0375675985698635,NaN
-0.00677364089914548,-0.0375675985698582,NaN
-0.00677970018923739,-0.0375675985698506,NaN
-0.0067857594793293,-0.0375675985698506,NaN
-0.00679181876942121,-0.0375675985698582,NaN
-0.00679787805951313,-0.0375675985698662,NaN
-0.00680393734960504,-0.0375675985698668,NaN
-0.00680999663969696,-0.0375675985698528,NaN
-0.00681605592978887,-0.0375675985698393,NaN
-0.00682211521988078,-0.0375675985698345,NaN
-0.00682817450997268,-0.0375675985698318,NaN
-0.00683423380006459,-0.0375675985698447,NaN
-0.0068402930901565,-0.037567598569842,NaN
-0.00684635238024841,-0.0375675985698399,NaN
-0.00685241167034032,-0.0375675985698474,NaN
-0.00685847096043223,-0.0375675985698608,NaN
-0.00686453025052415,-0.0375675985698748,NaN
-0.00687058954061606,-0.0375675985698721,NaN
-0.00687664883070798,-0.0375675985698582,NaN
-0.00688270812079989,-0.0375675985698528,NaN
-0.0068887674108918,-0.0375675985698533,NaN
-0.00689482670098371,-0.0375675985698555,NaN
-0.00690088599107563,-0.0375675985698608,NaN
-0.00690694528116754,-0.037567598569856,NaN
-0.00691300457125945,-0.0375675985698372,NaN
-0.00691906386135136,-0.0375675985698178,NaN
-0.00692512315144326,-0.037567598569834,NaN
-0.00693118244153517,-0.0375675985698587,NaN
-0.00693724173162709,-0.0375675985698635,NaN
-0.006943301021719,-0.0375675985698555,NaN
-0.00694936031181091,-0.037567598569856,NaN
-0.00695541960190283,-0.0375675985698533,NaN
-0.00696147889199474,-0.0375675985698501,NaN
-0.00696753818208665,-0.0375675985698635,NaN
-0.00697359747217856,-0.0375675985698721,NaN
-0.00697965676227048,-0.0375675985698608,NaN
-0.00698571605236239,-0.0375675985698474,NaN
-0.0069917753424543,-0.0375675985698399,NaN
-0.00699783463254621,-0.0375675985698345,NaN
-0.00700389392263812,-0.0375675985698313,NaN
-0.00700995321273003,-0.0375675985698366,NaN
-0.00701601250282194,-0.0375675985698453,NaN
-0.00702207179291385,-0.0375675985698474,NaN
-0.00702813108300576,-0.0375675985698501,NaN
-0.00703419037309767,-0.0375675985698587,NaN
-0.00704024966318958,-0.0375675985698668,NaN
-0.0070463089532815,-0.0375675985698608,NaN
-0.00705236824337341,-0.0375675985698528,NaN
-0.00705842753346532,-0.037567598569856,NaN
-0.00706448682355723,-0.0375675985698582,NaN
-0.00707054611364915,-0.0375675985698582,NaN
-0.00707660540374106,-0.0375675985698614,NaN
-0.00708266469383297,-0.0375675985698426,NaN
-0.00708872398392488,-0.0375675985698151,NaN
-0.00709478327401678,-0.0375675985698232,NaN
-0.00710084256410869,-0.0375675985698533,NaN
-0.00710690185420061,-0.0375675985698582,NaN
-0.00711296114429252,-0.0375675985698501,NaN
-0.00711902043438443,-0.0375675985698587,NaN
-0.00712507972447634,-0.0375675985698533,NaN
-0.00713113901456825,-0.0375675985698501,NaN
-0.00713719830466017,-0.0375675985698662,NaN
-0.00714325759475208,-0.0375675985698695,NaN
-0.007149316884844,-0.0375675985698608,NaN
-0.00715537617493591,-0.0375675985698447,NaN
-0.00716143546502782,-0.0375675985698426,NaN
-0.00716749475511973,-0.0375675985698453,NaN
-0.00717355404521164,-0.037567598569842,NaN
-0.00717961333530355,-0.0375675985698393,NaN
-0.00718567262539546,-0.0375675985698345,NaN
-0.00719173191548736,-0.0375675985698393,NaN
-0.00719779120557928,-0.0375675985698528,NaN
-0.00720385049567119,-0.0375675985698668,NaN
-0.0072099097857631,-0.0375675985698721,NaN
-0.00721596907585502,-0.0375675985698635,NaN
-0.00722202836594693,-0.0375675985698555,NaN
-0.00722808765603884,-0.037567598569856,NaN
-0.00723414694613075,-0.0375675985698635,NaN
-0.00724020623622267,-0.0375675985698635,NaN
-0.00724626552631458,-0.037567598569856,NaN
-0.00725232481640649,-0.0375675985698453,NaN
-0.0072583841064984,-0.0375675985698313,NaN
-0.00726444339659031,-0.0375675985698232,NaN
-0.00727050268668222,-0.0375675985698372,NaN
-0.00727656197677413,-0.0375675985698582,NaN
-0.00728262126686604,-0.0375675985698582,NaN
-0.00728868055695795,-0.0375675985698506,NaN
-0.00729473984704986,-0.0375675985698479,NaN
-0.00730079913714178,-0.0375675985698555,NaN
-0.00730685842723369,-0.0375675985698716,NaN
-0.00731291771732561,-0.0375675985698721,NaN
-0.00731897700741752,-0.0375675985698555,NaN
-0.00732503629750943,-0.0375675985698474,NaN
-0.00733109558760134,-0.0375675985698426,NaN
-0.00733715487769325,-0.0375675985698533,NaN
-0.00734321416778516,-0.037567598569842,NaN
-0.00734927345787707,-0.0375675985698205,NaN
-0.00735533274796898,-0.0375675985698372,NaN
-0.00736139203806089,-0.037567598569842,NaN
-0.0073674513281528,-0.0375675985698528,NaN
-0.00737351061824471,-0.0375675985698614,NaN
-0.00737956990833662,-0.0375675985698614,NaN
-0.00738562919842854,-0.0375675985698608,NaN
-0.00739168848852045,-0.0375675985698555,NaN
-0.00739774777861236,-0.0375675985698533,NaN
-0.00740380706870427,-0.0375675985698528,NaN
-0.00740986635879619,-0.0375675985698662,NaN
-0.0074159256488881,-0.0375675985698614,NaN
-0.00742198493898001,-0.0375675985698426,NaN
-0.00742804422907192,-0.0375675985698313,NaN
-0.00743410351916383,-0.0375675985698232,NaN
-0.00744016280925574,-0.0375675985698399,NaN
-0.00744622209934765,-0.0375675985698608,NaN
-0.00745228138943956,-0.0375675985698635,NaN
-0.00745834067953148,-0.037567598569856,NaN
-0.00746439996962339,-0.0375675985698453,NaN
-0.0074704592597153,-0.0375675985698528,NaN
-0.00747651854980721,-0.0375675985698716,NaN
-0.00748257783989913,-0.0375675985698748,NaN
-0.00748863712999104,-0.0375675985698608,NaN
-0.00749469642008295,-0.0375675985698447,NaN
-0.00750075571017486,-0.0375675985698506,NaN
-0.00750681500026677,-0.0375675985698614,NaN
-0.00751287429035869,-0.0375675985698393,NaN
-0.00751893358045059,-0.0375675985698286,NaN
-0.0075249928705425,-0.0375675985698372,NaN
-0.00753105216063441,-0.037567598569834,NaN
-0.00753711145072632,-0.0375675985698447,NaN
-0.00754317074081823,-0.0375675985698668,NaN
-0.00754923003091015,-0.0375675985698695,NaN
-0.00755528932100206,-0.0375675985698528,NaN
-0.00756134861109397,-0.0375675985698528,NaN
-0.00756740790118589,-0.0375675985698533,NaN
-0.0075734671912778,-0.0375675985698555,NaN
-0.00757952648136971,-0.0375675985698635,NaN
-0.00758558577146162,-0.0375675985698506,NaN
-0.00759164506155353,-0.0375675985698479,NaN
-0.00759770435164544,-0.037567598569834,NaN
-0.00760376364173735,-0.0375675985698366,NaN
-0.00760982293182926,-0.0375675985698479,NaN
-0.00761588222192117,-0.0375675985698533,NaN
-0.00762194151201309,-0.0375675985698582,NaN
-0.007628000802105,-0.037567598569842,NaN
-0.00763406009219691,-0.0375675985698479,NaN
-0.00764011938228882,-0.0375675985698662,NaN
-0.00764617867238073,-0.0375675985698662,NaN
-0.00765223796247265,-0.0375675985698721,NaN
-0.00765829725256456,-0.0375675985698695,NaN
-0.00766435654265648,-0.037567598569842,NaN
-0.00767041583274838,-0.0375675985698474,NaN
-0.0076764751228403,-0.0375675985698587,NaN
-0.00768253441293221,-0.0375675985698501,NaN
-0.00768859370302412,-0.0375675985698366,NaN
-0.00769465299311603,-0.0375675985698237,NaN
-0.00770071228320793,-0.0375675985698291,NaN
-0.00770677157329984,-0.0375675985698393,NaN
-0.00771283086339175,-0.0375675985698635,NaN
-0.00771889015348367,-0.0375675985698668,NaN
-0.00772494944357558,-0.0375675985698474,NaN
-0.00773100873366749,-0.0375675985698447,NaN
-0.0077370680237594,-0.0375675985698533,NaN
-0.00774312731385132,-0.0375675985698533,NaN
-0.00774918660394323,-0.0375675985698582,NaN
-0.00775524589403514,-0.0375675985698528,NaN
-0.00776130518412705,-0.0375675985698453,NaN
-0.00776736447421896,-0.0375675985698555,NaN
-0.00777342376431087,-0.0375675985698555,NaN
-0.00777948305440279,-0.0375675985698479,NaN
-0.0077855423444947,-0.0375675985698587,NaN
-0.00779160163458661,-0.0375675985698689,NaN
-0.00779766092467852,-0.0375675985698635,NaN
-0.00780372021477044,-0.0375675985698614,NaN
-0.00780977950486235,-0.0375675985698582,NaN
-0.00781583879495426,-0.0375675985698635,NaN
-0.00782189808504618,-0.0375675985698587,NaN
-0.00782795737513809,-0.0375675985698479,NaN
-0.00783401666523,-0.037567598569834,NaN
-0.00784007595532191,-0.0375675985698447,NaN
-0.00784613524541382,-0.0375675985698479,NaN
-0.00785219453550573,-0.0375675985698447,NaN
-0.00785825382559764,-0.0375675985698447,NaN
-0.00786431311568955,-0.0375675985698533,NaN
-0.00787037240578146,-0.0375675985698372,NaN
-0.00787643169587337,-0.0375675985698286,NaN
-0.00788249098596528,-0.0375675985698501,NaN
-0.00788855027605719,-0.0375675985698479,NaN
-0.0078946095661491,-0.0375675985698447,NaN
-0.00790066885624101,-0.037567598569834,NaN
-0.00790672814633292,-0.0375675985698479,NaN
-0.00791278743642483,-0.0375675985698426,NaN
-0.00791884672651674,-0.0375675985698393,NaN
-0.00792490601660865,-0.0375675985698608,NaN
-0.00793096530670057,-0.0375675985698641,NaN
-0.00793702459679248,-0.0375675985698447,NaN
-0.00794308388688439,-0.0375675985698608,NaN
-0.00794914317697631,-0.0375675985698641,NaN
-0.00795520246706821,-0.0375675985698641,NaN
-0.00796126175716013,-0.0375675985698662,NaN
-0.00796732104725204,-0.0375675985698555,NaN
-0.00797338033734396,-0.0375675985698587,NaN
-0.00797943962743587,-0.0375675985698447,NaN
-0.00798549891752778,-0.0375675985698501,NaN
-0.00799155820761969,-0.0375675985698372,NaN
-0.0079976174977116,-0.0375675985698426,NaN
-0.00800367678780351,-0.0375675985698286,NaN
-0.00800973607789541,-0.0375675985698286,NaN
-0.00801579536798733,-0.0375675985698641,NaN
-0.00802185465807924,-0.0375675985698662,NaN
-0.00802791394817115,-0.0375675985698608,NaN
-0.00803397323826307,-0.0375675985698641,NaN
-0.00804003252835498,-0.0375675985698587,NaN
-0.00804609181844689,-0.0375675985698662,NaN
-0.00805215110853881,-0.0375675985698501,NaN
-0.00805821039863071,-0.0375675985698479,NaN
-0.00806426968872263,-0.0375675985698662,NaN
-0.00807032897881454,-0.0375675985698447,NaN
-0.00807638826890645,-0.0375675985698479,NaN
-0.00808244755899836,-0.0375675985698318,NaN
-0.00808850684909027,-0.0375675985698393,NaN
-0.00809456613918218,-0.0375675985698447,NaN
-0.00810062542927409,-0.0375675985698587,NaN
-0.00810668471936601,-0.0375675985698662,NaN
-0.00811274400945792,-0.0375675985698555,NaN
-0.00811880329954983,-0.0375675985698641,NaN
-0.00812486258964174,-0.0375675985698641,NaN
-0.00813092187973366,-0.0375675985698608,NaN
-0.00813698116982557,-0.0375675985698608,NaN
-0.00814304045991748,-0.0375675985698587,NaN
-0.00814909975000939,-0.0375675985698555,NaN
-0.00815515904010131,-0.0375675985698393,NaN
-0.00816121833019321,-0.0375675985698211,NaN
-0.00816727762028512,-0.0375675985698372,NaN
-0.00817333691037703,-0.0375675985698447,NaN
-0.00817939620046894,-0.0375675985698555,NaN
-0.00818545549056086,-0.0375675985698426,NaN
-0.00819151478065276,-0.0375675985698393,NaN
-0.00819757407074468,-0.0375675985698555,NaN
-0.00820363336083659,-0.0375675985698695,NaN
-0.0082096926509285,-0.0375675985698748,NaN
-0.00821575194102042,-0.0375675985698501,NaN
-0.00822181123111233,-0.0375675985698501,NaN
-0.00822787052120424,-0.0375675985698479,NaN
-0.00823392981129615,-0.0375675985698447,NaN
-0.00823998910138806,-0.0375675985698555,NaN
-0.00824604839147997,-0.0375675985698426,NaN
-0.00825210768157188,-0.0375675985698372,NaN
-0.00825816697166379,-0.0375675985698286,NaN
-0.0082642262617557,-0.037567598569834,NaN
-0.00827028555184761,-0.0375675985698641,NaN
-0.00827634484193952,-0.0375675985698501,NaN
-0.00828240413203143,-0.0375675985698555,NaN
-0.00828846342212335,-0.0375675985698426,NaN
-0.00829452271221525,-0.0375675985698372,NaN
-0.00830058200230717,-0.0375675985698716,NaN
-0.00830664129239908,-0.0375675985698662,NaN
-0.008312700582491,-0.0375675985698587,NaN
-0.00831875987258291,-0.0375675985698501,NaN
-0.00832481916267482,-0.0375675985698393,NaN
-0.00833087845276673,-0.0375675985698318,NaN
-0.00833693774285863,-0.0375675985698318,NaN
-0.00834299703295054,-0.0375675985698393,NaN
-0.00834905632304245,-0.0375675985698501,NaN
-0.00835511561313437,-0.0375675985698533,NaN
-0.00836117490322628,-0.0375675985698501,NaN
-0.00836723419331819,-0.0375675985698608,NaN
-0.0083732934834101,-0.0375675985698748,NaN
-0.00837935277350202,-0.0375675985698695,NaN
-0.00838541206359393,-0.0375675985698716,NaN
-0.00839147135368585,-0.0375675985698501,NaN
-0.00839753064377776,-0.0375675985698587,NaN
-0.00840358993386967,-0.0375675985698716,NaN
-0.00840964922396159,-0.0375675985698662,NaN
-0.0084157085140535,-0.0375675985698641,NaN
-0.00842176780414541,-0.0375675985698318,NaN
-0.00842782709423732,-0.0375675985698286,NaN
-0.00843388638432923,-0.0375675985698286,NaN
-0.00843994567442113,-0.0375675985698501,NaN
-0.00844600496451305,-0.0375675985698641,NaN
-0.00845206425460496,-0.0375675985698479,NaN
-0.00845812354469687,-0.0375675985698469,NaN
-0.00846418283478878,-0.0375675985698533,NaN
-0.0084702421248807,-0.0375675985698533,NaN
-0.00847630141497261,-0.0375675985698641,NaN
-0.00848236070506452,-0.0375675985698641,NaN
-0.00848841999515643,-0.037567598569863,NaN
-0.00849447928524835,-0.0375675985698426,NaN
-0.00850053857534025,-0.0375675985698264,NaN
-0.00850659786543216,-0.0375675985698361,NaN
-0.00851265715552407,-0.0375675985698372,NaN
-0.00851871644561598,-0.0375675985698587,NaN
-0.0085247757357079,-0.0375675985698253,NaN
-0.0085308350257998,-0.0375675985698372,NaN
-0.00853689431589172,-0.0375675985698641,NaN
-0.00854295360598363,-0.0375675985698522,NaN
-0.00854901289607554,-0.0375675985698695,NaN
-0.00855507218616745,-0.0375675985698587,NaN
-0.00856113147625936,-0.0375675985698479,NaN
-0.00856719076635127,-0.0375675985698533,NaN
-0.00857325005644319,-0.0375675985698522,NaN
-0.0085793093465351,-0.0375675985698533,NaN
-0.00858536863662701,-0.0375675985698533,NaN
-0.00859142792671892,-0.0375675985698361,NaN
-0.00859748721681083,-0.0375675985698318,NaN
-0.00860354650690274,-0.0375675985698264,NaN
-0.00860960579699464,-0.0375675985698361,NaN
-0.00861566508708656,-0.0375675985698695,NaN
-0.00862172437717847,-0.0375675985698695,NaN
-0.00862778366727039,-0.0375675985698415,NaN
-0.00863384295736229,-0.0375675985698641,NaN
-0.00863990224745421,-0.0375675985698695,NaN
-0.00864596153754612,-0.0375675985698695,NaN
-0.00865202082763804,-0.0375675985698748,NaN
-0.00865808011772995,-0.0375675985698469,NaN
-0.00866413940782186,-0.0375675985698533,NaN
-0.00867019869791378,-0.0375675985698426,NaN
-0.00867625798800568,-0.0375675985698361,NaN
-0.0086823172780976,-0.0375675985698533,NaN
-0.00868837656818951,-0.0375675985698318,NaN
-0.00869443585828141,-0.03756759856982,NaN
-0.00870049514837332,-0.0375675985698533,NaN
-0.00870655443846523,-0.0375675985698641,NaN
-0.00871261372855715,-0.0375675985698522,NaN
-0.00871867301864906,-0.0375675985698587,NaN
-0.00872473230874097,-0.0375675985698695,NaN
-0.00873079159883289,-0.0375675985698641,NaN
-0.0087368508889248,-0.0375675985698533,NaN
-0.00874291017901671,-0.0375675985698522,NaN
-0.00874896946910862,-0.0375675985698748,NaN
-0.00875502875920054,-0.0375675985698641,NaN
-0.00876108804929245,-0.03756759856982,NaN
-0.00876714733938436,-0.0375675985698318,NaN
-0.00877320662947627,-0.0375675985698372,NaN
-0.00877926591956817,-0.0375675985698415,NaN
-0.00878532520966009,-0.0375675985698641,NaN
-0.008791384499752,-0.0375675985698479,NaN
-0.00879744378984391,-0.0375675985698576,NaN
-0.00880350307993583,-0.0375675985698695,NaN
-0.00880956237002774,-0.0375675985698479,NaN
-0.00881562166011965,-0.0375675985698695,NaN
-0.00882168095021157,-0.0375675985698802,NaN
-0.00882774024030348,-0.037567598569863,NaN
-0.00883379953039539,-0.0375675985698372,NaN
-0.0088398588204873,-0.0375675985698426,NaN
-0.00884591811057921,-0.0375675985698522,NaN
-0.00885197740067112,-0.0375675985698426,NaN
-0.00885803669076303,-0.0375675985698426,NaN
-0.00886409598085494,-0.0375675985698146,NaN
-0.00887015527094685,-0.0375675985698318,NaN
-0.00887621456103876,-0.0375675985698587,NaN
-0.00888227385113067,-0.0375675985698576,NaN
-0.00888833314122258,-0.0375675985698748,NaN
-0.0088943924313145,-0.0375675985698641,NaN
-0.00890045172140641,-0.0375675985698479,NaN
-0.00890651101149832,-0.0375675985698479,NaN
-0.00891257030159023,-0.0375675985698415,NaN
-0.00891862959168214,-0.0375675985698641,NaN
-0.00892468888177406,-0.0375675985698479,NaN
-0.00893074817186596,-0.0375675985698469,NaN
-0.00893680746195788,-0.0375675985698318,NaN
-0.00894286675204978,-0.0375675985698103,NaN
-0.00894892604214169,-0.0375675985698576,NaN
-0.00895498533223361,-0.0375675985698695,NaN
-0.00896104462232552,-0.0375675985698695,NaN
-0.00896710391241744,-0.0375675985698307,NaN
-0.00897316320250934,-0.0375675985698479,NaN
-0.00897922249260126,-0.0375675985698748,NaN
-0.00898528178269317,-0.0375675985698748,NaN
-0.00899134107278509,-0.0375675985698802,NaN
-0.008997400362877,-0.0375675985698415,NaN
-0.00900345965296891,-0.0375675985698587,NaN
-0.00900951894306082,-0.0375675985698641,NaN
-0.00901557823315273,-0.0375675985698253,NaN
-0.00902163752324464,-0.0375675985698372,NaN
-0.00902769681333655,-0.0375675985698318,NaN
-0.00903375610342846,-0.03756759856982,NaN
-0.00903981539352037,-0.0375675985698641,NaN
-0.00904587468361228,-0.0375675985698533,NaN
-0.00905193397370419,-0.0375675985698415,NaN
-0.0090579932637961,-0.0375675985698695,NaN
-0.00906405255388802,-0.0375675985698748,NaN
-0.00907011184397993,-0.0375675985698587,NaN
-0.00907617113407184,-0.0375675985698533,NaN
-0.00908223042416376,-0.037567598569863,NaN
-0.00908828971425567,-0.0375675985698802,NaN
-0.00909434900434759,-0.0375675985698479,NaN
-0.00910040829443949,-0.03756759856982,NaN
-0.0091064675845314,-0.0375675985698587,NaN
-0.00911252687462332,-0.0375675985698479,NaN
-0.00911858616471522,-0.03756759856982,NaN
-0.00912464545480713,-0.0375675985698372,NaN
-0.00913070474489904,-0.0375675985698426,NaN
-0.00913676403499095,-0.0375675985698522,NaN
-0.00914282332508287,-0.0375675985698641,NaN
-0.00914888261517478,-0.0375675985698587,NaN
-0.00915494190526669,-0.0375675985698641,NaN
-0.0091610011953586,-0.0375675985698533,NaN
-0.00916706048545051,-0.0375675985698469,NaN
-0.00917311977554243,-0.0375675985698533,NaN
-0.00917917906563434,-0.0375675985698533,NaN
-0.00918523835572625,-0.0375675985698415,NaN
-0.00919129764581816,-0.0375675985698426,NaN
-0.00919735693591007,-0.0375675985698426,NaN
-0.00920341622600198,-0.0375675985698146,NaN
-0.00920947551609388,-0.0375675985698426,NaN
-0.0092155348061858,-0.0375675985698533,NaN
-0.00922159409627771,-0.0375675985698576,NaN
-0.00922765338636962,-0.0375675985698802,NaN
-0.00923371267646154,-0.0375675985698587,NaN
-0.00923977196655345,-0.0375675985698587,NaN
-0.00924583125664536,-0.0375675985698587,NaN
-0.00925189054673727,-0.0375675985698522,NaN
-0.00925794983682919,-0.0375675985698802,NaN
-0.00926400912692111,-0.0375675985698533,NaN
-0.00927006841701301,-0.0375675985698415,NaN
-0.00927612770710493,-0.0375675985698587,NaN
-0.00928218699719684,-0.0375675985698318,NaN
-0.00928824628728874,-0.0375675985698415,NaN
-0.00929430557738066,-0.0375675985698479,NaN
-0.00930036486747256,-0.0375675985698587,NaN
-0.00930642415756448,-0.0375675985698469,NaN
-0.00931248344765639,-0.0375675985698426,NaN
-0.0093185427377483,-0.0375675985698641,NaN
-0.00932460202784021,-0.0375675985698748,NaN
-0.00933066131793213,-0.0375675985698695,NaN
-0.00933672060802404,-0.0375675985698469,NaN
-0.00934277989811595,-0.0375675985698587,NaN
-0.00934883918820787,-0.0375675985698533,NaN
-0.00935489847829978,-0.0375675985698361,NaN
-0.00936095776839169,-0.0375675985698533,NaN
-0.0093670170584836,-0.0375675985698372,NaN
-0.0093730763485755,-0.0375675985698146,NaN
-0.00937913563866741,-0.0375675985698426,NaN
-0.00938519492875932,-0.0375675985698533,NaN
-0.00939125421885124,-0.0375675985698522,NaN
-0.00939731350894315,-0.0375675985698533,NaN
-0.00940337279903506,-0.0375675985698587,NaN
-0.00940943208912697,-0.0375675985698533,NaN
-0.00941549137921888,-0.0375675985698533,NaN
-0.0094215506693108,-0.037567598569863,NaN
-0.00942760995940271,-0.0375675985698587,NaN
-0.00943366924949462,-0.0375675985698479,NaN
-0.00943972853958653,-0.0375675985698307,NaN
-0.00944578782967844,-0.0375675985698533,NaN
-0.00945184711977035,-0.0375675985698479,NaN
-0.00945790640986226,-0.0375675985698253,NaN
-0.00946396569995417,-0.0375675985698479,NaN
-0.00947002499004608,-0.0375675985698533,NaN
-0.00947608428013799,-0.0375675985698361,NaN
-0.0094821435702299,-0.0375675985698426,NaN
-0.00948820286032181,-0.0375675985698695,NaN
-0.00949426215041373,-0.0375675985698802,NaN
-0.00950032144050564,-0.0375675985698587,NaN
-0.00950638073059755,-0.0375675985698737,NaN
-0.00951244002068948,-0.0375675985698587,NaN
-0.00951849931078138,-0.0375675985698426,NaN
-0.0095245586008733,-0.0375675985698469,NaN
-0.0095306178909652,-0.0375675985698641,NaN
-0.00953667718105712,-0.0375675985698641,NaN
-0.00954273647114903,-0.0375675985698038,NaN
-0.00954879576124093,-0.0375675985698211,NaN
-0.00955485505133284,-0.0375675985698479,NaN
-0.00956091434142475,-0.0375675985698576,NaN
-0.00956697363151667,-0.0375675985698641,NaN
-0.00957303292160858,-0.0375675985698641,NaN
-0.00957909221170049,-0.0375675985698587,NaN
-0.0095851515017924,-0.0375675985698426,NaN
-0.00959121079188431,-0.0375675985698415,NaN
-0.00959727008197623,-0.0375675985698748,NaN
-0.00960332937206814,-0.0375675985698587,NaN
-0.00960938866216005,-0.0375675985698415,NaN
-0.00961544795225197,-0.0375675985698372,NaN
-0.00962150724234387,-0.0375675985698372,NaN
-0.00962756653243578,-0.0375675985698576,NaN
-0.0096336258225277,-0.0375675985698426,NaN
-0.0096396851126196,-0.0375675985698587,NaN
-0.00964574440271152,-0.0375675985698361,NaN
-0.00965180369280342,-0.0375675985698426,NaN
-0.00965786298289534,-0.0375675985698587,NaN
-0.00966392227298725,-0.0375675985698748,NaN
-0.00966998156307917,-0.0375675985698695,NaN
-0.00967604085317108,-0.0375675985698469,NaN
-0.00968210014326299,-0.0375675985698641,NaN
-0.0096881594333549,-0.0375675985698533,NaN
-0.00969421872344682,-0.0375675985698415,NaN
-0.00970027801353872,-0.0375675985698641,NaN
-0.00970633730363064,-0.0375675985698533,NaN
-0.00971239659372255,-0.0375675985698146,NaN
-0.00971845588381445,-0.0375675985698264,NaN
-0.00972451517390636,-0.0375675985698372,NaN
-0.00973057446399827,-0.037567598569863,NaN
-0.00973663375409019,-0.0375675985698641,NaN
-0.0097426930441821,-0.0375675985698533,NaN
-0.00974875233427401,-0.0375675985698479,NaN
-0.00975481162436592,-0.0375675985698641,NaN
-0.00976087091445784,-0.037567598569863,NaN
-0.00976693020454975,-0.0375675985698587,NaN
-0.00977298949464166,-0.0375675985698641,NaN
-0.00977904878473358,-0.0375675985698415,NaN
-0.00978510807482549,-0.0375675985698479,NaN
-0.0097911673649174,-0.0375675985698695,NaN
-0.00979722665500931,-0.037567598569863,NaN
-0.00980328594510122,-0.0375675985698426,NaN
-0.00980934523519313,-0.0375675985698211,NaN
-0.00981540452528504,-0.03756759856982,NaN
-0.00982146381537695,-0.0375675985698587,NaN
-0.00982752310546886,-0.0375675985698641,NaN
-0.00983358239556077,-0.0375675985698533,NaN
-0.00983964168565269,-0.0375675985698479,NaN
-0.0098457009757446,-0.037567598569863,NaN
-0.00985176026583651,-0.0375675985698533,NaN
-0.00985781955592842,-0.0375675985698426,NaN
-0.00986387884602033,-0.0375675985698522,NaN
-0.00986993813611224,-0.0375675985698695,NaN
-0.00987599742620416,-0.0375675985698533,NaN
-0.00988205671629607,-0.0375675985698038,NaN
-0.00988811600638797,-0.0375675985698211,NaN
-0.00989417529647988,-0.0375675985698479,NaN
-0.00990023458657179,-0.0375675985698684,NaN
-0.00990629387666371,-0.0375675985698641,NaN
-0.00991235316675562,-0.0375675985698587,NaN
-0.00991841245684753,-0.0375675985698533,NaN
-0.00992447174693944,-0.0375675985698533,NaN
-0.00993053103703136,-0.0375675985698522,NaN
-0.00993659032712327,-0.0375675985698748,NaN
-0.00994264961721519,-0.0375675985698479,NaN
-0.00994870890730709,-0.0375675985698469,NaN
-0.00995476819739901,-0.0375675985698641,NaN
-0.00996082748749091,-0.0375675985698587,NaN
-0.00996688677758283,-0.037567598569863,NaN
-0.00997294606767474,-0.0375675985698426,NaN
-0.00997900535776665,-0.0375675985698533,NaN
-0.00998506464785857,-0.0375675985698264,NaN
-0.00999112393795047,-0.0375675985698426,NaN
-0.00999718322804239,-0.0375675985698576,NaN
-0.0100032425181343,-0.0375675985698641,NaN
-0.0100093018082262,-0.0375675985698748,NaN
-0.0100153610983181,-0.0375675985698522,NaN
-0.01002142038841,-0.0375675985698641,NaN
-0.010027479678502,-0.0375675985698587,NaN
-0.0100335389685939,-0.0375675985698361,NaN
-0.0100395982586858,-0.0375675985698587,NaN
-0.0100456575487777,-0.0375675985698533,NaN
-0.0100517168388696,-0.0375675985698307,NaN
-0.0100577761289615,-0.0375675985698372,NaN
-0.0100638354190534,-0.0375675985698264,NaN
-0.0100698947091453,-0.0375675985698426,NaN
-0.0100759539992372,-0.0375675985698479,NaN
-0.0100820132893291,-0.0375675985698576,NaN
-0.0100880725794211,-0.0375675985698533,NaN
-0.010094131869513,-0.0375675985698426,NaN
-0.0101001911596049,-0.0375675985698469,NaN
-0.0101062504496968,-0.0375675985698748,NaN
-0.0101123097397887,-0.0375675985698695,NaN
-0.0101183690298806,-0.0375675985698307,NaN
-0.0101244283199725,-0.0375675985698479,NaN
-0.0101304876100644,-0.0375675985698641,NaN
-0.0101365469001564,-0.037567598569863,NaN
-0.0101426061902483,-0.0375675985698318,NaN
-0.0101486654803402,-0.0375675985698049,NaN
-0.0101547247704321,-0.0375675985698372,NaN
-0.010160784060524,-0.0375675985698641,NaN
-0.0101668433506159,-0.0375675985698469,NaN
-0.0101729026407078,-0.0375675985698695,NaN
-0.0101789619307997,-0.0375675985698641,NaN
-0.0101850212208916,-0.0375675985698522,NaN
-0.0101910805109836,-0.0375675985698479,NaN
-0.0101971398010755,-0.0375675985698533,NaN
-0.0102031990911674,-0.037567598569863,NaN
-0.0102092583812593,-0.0375675985698748,NaN
-0.0102153176713512,-0.0375675985698641,NaN
-0.0102213769614431,-0.0375675985698361,NaN
-0.010227436251535,-0.0375675985698479,NaN
-0.0102334955416269,-0.0375675985698372,NaN
-0.0102395548317188,-0.0375675985698426,NaN
-0.0102456141218108,-0.0375675985698533,NaN
-0.0102516734119027,-0.0375675985698469,NaN
-0.0102577327019946,-0.0375675985698479,NaN
-0.0102637919920865,-0.0375675985698479,NaN
-0.0102698512821784,-0.0375675985698469,NaN
-0.0102759105722703,-0.0375675985698695,NaN
-0.0102819698623622,-0.0375675985698426,NaN
-0.0102880291524541,-0.0375675985698522,NaN
-0.0102940884425461,-0.0375675985698587,NaN
-0.010300147732638,-0.0375675985698479,NaN
-0.0103062070227299,-0.037567598569863,NaN
-0.0103122663128218,-0.0375675985698426,NaN
-0.0103183256029137,-0.0375675985698479,NaN
-0.0103243848930056,-0.0375675985698211,NaN
-0.0103304441830975,-0.0375675985698426,NaN
-0.0103365034731894,-0.037567598569863,NaN
-0.0103425627632813,-0.0375675985698695,NaN
-0.0103486220533733,-0.0375675985698802,NaN
-0.0103546813434652,-0.0375675985698469,NaN
-0.0103607406335571,-0.0375675985698641,NaN
-0.010366799923649,-0.0375675985698802,NaN
-0.0103728592137409,-0.0375675985698522,NaN
-0.0103789185038328,-0.0375675985698533,NaN
-0.0103849777939247,-0.0375675985698479,NaN
-0.0103910370840166,-0.0375675985698576,NaN
-0.0103970963741086,-0.0375675985698587,NaN
-0.0104031556642005,-0.0375675985698264,NaN
-0.0104092149542924,-0.0375675985698372,NaN
-0.0104152742443843,-0.0375675985698479,NaN
-0.0104213335344762,-0.0375675985698522,NaN
-0.0104273928245681,-0.0375675985698318,NaN
-0.01043345211466,-0.0375675985698372,NaN
-0.0104395114047519,-0.0375675985698576,NaN
-0.0104455706948438,-0.0375675985698748,NaN
-0.0104516299849358,-0.0375675985698695,NaN
-0.0104576892750277,-0.0375675985698307,NaN
-0.0104637485651196,-0.0375675985698372,NaN
-0.0104698078552115,-0.0375675985698695,NaN
-0.0104758671453034,-0.0375675985698576,NaN
-0.0104819264353953,-0.0375675985698479,NaN
-0.0104879857254872,-0.0375675985698372,NaN
-0.0104940450155791,-0.0375675985698318,NaN
-0.010500104305671,-0.0375675985698318,NaN
-0.0105061635957629,-0.0375675985698307,NaN
-0.0105122228858549,-0.0375675985698856,NaN
-0.0105182821759468,-0.0375675985698587,NaN
-0.0105243414660387,-0.0375675985698361,NaN
-0.0105304007561306,-0.0375675985698372,NaN
-0.0105364600462225,-0.0375675985698587,NaN
-0.0105425193363144,-0.0375675985698684,NaN
-0.0105485786264063,-0.0375675985698641,NaN
-0.0105546379164982,-0.0375675985698748,NaN
-0.0105606972065902,-0.0375675985698522,NaN
-0.0105667564966821,-0.0375675985698479,NaN
-0.010572815786774,-0.0375675985698372,NaN
-0.0105788750768659,-0.0375675985698479,NaN
-0.0105849343669578,-0.0375675985698426,NaN
-0.0105909936570497,-0.0375675985698415,NaN
-0.0105970529471416,-0.0375675985698533,NaN
-0.0106031122372335,-0.0375675985698587,NaN
-0.0106091715273254,-0.0375675985698522,NaN
-0.0106152308174174,-0.0375675985698748,NaN
-0.0106212901075093,-0.0375675985698533,NaN
-0.0106273493976012,-0.0375675985698576,NaN
-0.0106334086876931,-0.0375675985698587,NaN
-0.010639467977785,-0.0375675985698372,NaN
-0.0106455272678769,-0.0375675985698684,NaN
-0.0106515865579688,-0.0375675985698802,NaN
-0.0106576458480608,-0.0375675985698641,NaN
-0.0106637051381527,-0.0375675985698211,NaN
-0.0106697644282446,-0.0375675985698103,NaN
-0.0106758237183365,-0.0375675985698146,NaN
-0.0106818830084284,-0.0375675985698587,NaN
-0.0106879422985203,-0.0375675985698695,NaN
-0.0106940015886122,-0.0375675985698469,NaN
-0.0107000608787041,-0.0375675985698479,NaN
-0.010706120168796,-0.0375675985698641,NaN
-0.0107121794588879,-0.037567598569863,NaN
-0.0107182387489799,-0.0375675985698641,NaN
-0.0107242980390718,-0.0375675985698426,NaN
-0.0107303573291637,-0.0375675985698522,NaN
-0.0107364166192556,-0.0375675985698533,NaN
-0.0107424759093475,-0.0375675985698264,NaN
-0.0107485351994394,-0.0375675985698426,NaN
-0.0107545944895313,-0.0375675985698533,NaN
-0.0107606537796232,-0.0375675985698576,NaN
-0.0107667130697151,-0.0375675985698426,NaN
-0.0107727723598071,-0.0375675985698372,NaN
-0.010778831649899,-0.0375675985698469,NaN
-0.0107848909399909,-0.0375675985698695,NaN
-0.0107909502300828,-0.0375675985698748,NaN
-0.0107970095201747,-0.0375675985698576,NaN
-0.0108030688102666,-0.0375675985698426,NaN
-0.0108091281003585,-0.0375675985698587,NaN
-0.0108151873904504,-0.037567598569863,NaN
-0.0108212466805424,-0.0375675985698641,NaN
-0.0108273059706343,-0.0375675985698426,NaN
-0.0108333652607262,-0.0375675985698372,NaN
-0.0108394245508181,-0.0375675985698372,NaN
-0.01084548384091,-0.03756759856982,NaN
-0.0108515431310019,-0.0375675985698587,NaN
-0.0108576024210938,-0.0375675985698426,NaN
-0.0108636617111857,-0.0375675985698576,NaN
-0.0108697210012776,-0.0375675985698587,NaN
-0.0108757802913695,-0.0375675985698426,NaN
-0.0108818395814615,-0.0375675985698684,NaN
-0.0108878988715534,-0.0375675985698802,NaN
-0.0108939581616453,-0.0375675985698641,NaN
-0.0109000174517372,-0.0375675985698415,NaN
-0.0109060767418291,-0.0375675985698533,NaN
-0.010912136031921,-0.0375675985698695,NaN
-0.0109181953220129,-0.0375675985698533,NaN
-0.0109242546121048,-0.0375675985698264,NaN
-0.0109303139021968,-0.0375675985698307,NaN
-0.0109363731922887,-0.0375675985698426,NaN
-0.0109424324823806,-0.0375675985698533,NaN
-0.0109484917724725,-0.0375675985698415,NaN
-0.0109545510625644,-0.0375675985698587,NaN
-0.0109606103526563,-0.0375675985698533,NaN
-0.0109666696427482,-0.037567598569863,NaN
-0.0109727289328401,-0.0375675985698479,NaN
-0.010978788222932,-0.0375675985698318,NaN
-0.010984847513024,-0.0375675985698684,NaN
-0.0109909068031159,-0.0375675985698856,NaN
-0.0109969660932078,-0.0375675985698641,NaN
-0.0110030253832997,-0.0375675985698157,NaN
-0.0110090846733916,-0.0375675985698211,NaN
-0.0110151439634835,-0.0375675985698307,NaN
-0.0110212032535754,-0.0375675985698479,NaN
-0.0110272625436673,-0.0375675985698641,NaN
-0.0110333218337592,-0.0375675985698522,NaN
-0.0110393811238512,-0.0375675985698479,NaN
-0.0110454404139431,-0.0375675985698695,NaN
-0.011051499704035,-0.0375675985698737,NaN
-0.0110575589941269,-0.0375675985698748,NaN
-0.0110636182842188,-0.0375675985698533,NaN
-0.0110696775743107,-0.0375675985698415,NaN
-0.0110757368644026,-0.0375675985698641,NaN
-0.0110817961544945,-0.0375675985698533,NaN
-0.0110878554445865,-0.0375675985698318,NaN
-0.0110939147346784,-0.0375675985698372,NaN
-0.0110999740247703,-0.0375675985698469,NaN
-0.0111060333148622,-0.0375675985698318,NaN
-0.0111120926049541,-0.0375675985698318,NaN
-0.011118151895046,-0.0375675985698361,NaN
-0.0111242111851379,-0.0375675985698695,NaN
-0.0111302704752298,-0.0375675985698695,NaN
-0.0111363297653217,-0.0375675985698469,NaN
-0.0111423890554137,-0.0375675985698479,NaN
-0.0111484483455056,-0.0375675985698587,NaN
-0.0111545076355975,-0.0375675985698576,NaN
-0.0111605669256894,-0.0375675985698748,NaN
-0.0111666262157813,-0.0375675985698533,NaN
-0.0111726855058732,-0.0375675985698211,NaN
-0.0111787447959651,-0.0375675985698264,NaN
-0.011184804086057,-0.0375675985698253,NaN
-0.0111908633761489,-0.0375675985698641,NaN
-0.0111969226662409,-0.0375675985698533,NaN
-0.0112029819563328,-0.0375675985698576,NaN
-0.0112090412464247,-0.0375675985698533,NaN
-0.0112151005365166,-0.0375675985698533,NaN
-0.0112211598266085,-0.0375675985698737,NaN
-0.0112272191167004,-0.0375675985698802,NaN
-0.0112332784067923,-0.0375675985698641,NaN
-0.0112393376968842,-0.0375675985698415,NaN
-0.0112453969869762,-0.0375675985698695,NaN
-0.0112514562770681,-0.0375675985698695,NaN
-0.01125751556716,-0.0375675985698587,NaN
-0.0112635748572519,-0.0375675985698426,NaN
-0.0112696341473438,-0.0375675985698253,NaN
-0.0112756934374357,-0.0375675985698426,NaN
-0.0112817527275276,-0.0375675985698372,NaN
-0.0112878120176195,-0.0375675985698307,NaN
-0.0112938713077114,-0.0375675985698802,NaN
-0.0112999305978034,-0.0375675985698641,NaN
-0.0113059898878953,-0.0375675985698522,NaN
-0.0113120491779872,-0.0375675985698533,NaN
-0.0113181084680791,-0.0375675985698426,NaN
-0.011324167758171,-0.0375675985698576,NaN
-0.0113302270482629,-0.0375675985698587,NaN
-0.0113362863383548,-0.0375675985698587,NaN
-0.0113423456284467,-0.0375675985698479,NaN
-0.0113484049185387,-0.0375675985698264,NaN
-0.0113544642086306,-0.03756759856982,NaN
-0.0113605234987225,-0.0375675985698641,NaN
-0.0113665827888144,-0.0375675985698426,NaN
-0.0113726420789063,-0.0375675985698253,NaN
-0.0113787013689982,-0.0375675985698426,NaN
-0.0113847606590901,-0.0375675985698641,NaN
-0.011390819949182,-0.037567598569863,NaN
-0.0113968792392739,-0.0375675985698587,NaN
-0.0114029385293658,-0.0375675985698587,NaN
-0.0114089978194578,-0.0375675985698576,NaN
-0.0114150571095497,-0.0375675985698479,NaN
-0.0114211163996416,-0.0375675985698318,NaN
-0.0114271756897335,-0.0375675985698641,NaN
-0.0114332349798254,-0.0375675985698641,NaN
-0.0114392942699173,-0.0375675985698307,NaN
-0.0114453535600092,-0.0375675985698049,NaN
-0.0114514128501011,-0.0375675985698426,NaN
-0.011457472140193,-0.0375675985698684,NaN
-0.011463531430285,-0.0375675985698695,NaN
-0.0114695907203769,-0.0375675985698533,NaN
-0.0114756500104688,-0.0375675985698415,NaN
-0.0114817093005607,-0.0375675985698587,NaN
-0.0114877685906526,-0.0375675985698748,NaN
-0.0114938278807445,-0.0375675985698695,NaN
-0.0114998871708364,-0.0375675985698641,NaN
-0.0115059464609283,-0.0375675985698522,NaN
-0.0115120057510203,-0.0375675985698587,NaN
-0.0115180650411122,-0.0375675985698426,NaN
-0.0115241243312041,-0.0375675985698146,NaN
-0.011530183621296,-0.0375675985698533,NaN
-0.0115362429113879,-0.0375675985698479,NaN
-0.0115423022014798,-0.0375675985698469,NaN
-0.0115483614915717,-0.0375675985698372,NaN
-0.0115544207816636,-0.0375675985698479,NaN
-0.0115604800717555,-0.0375675985698684,NaN
-0.0115665393618475,-0.0375675985698695,NaN
-0.0115725986519394,-0.0375675985698641,NaN
-0.0115786579420313,-0.0375675985698479,NaN
-0.0115847172321232,-0.0375675985698479,NaN
-0.0115907765222151,-0.0375675985698576,NaN
-0.011596835812307,-0.0375675985698695,NaN
-0.0116028951023989,-0.0375675985698748,NaN
-0.0116089543924909,-0.0375675985698361,NaN
-0.0116150136825828,-0.0375675985698103,NaN
-0.0116210729726747,-0.0375675985698318,NaN
-0.0116271322627666,-0.0375675985698361,NaN
-0.0116331915528585,-0.0375675985698856,NaN
-0.0116392508429504,-0.0375675985698479,NaN
-0.0116453101330423,-0.0375675985698361,NaN
-0.0116513694231342,-0.0375675985698641,NaN
-0.0116574287132261,-0.0375675985698533,NaN
-0.011663488003318,-0.0375675985698372,NaN
-0.0116695472934099,-0.0375675985698695,NaN
-0.0116756065835019,-0.0375675985698845,NaN
-0.0116816658735938,-0.0375675985698318,NaN
-0.0116877251636857,-0.0375675985698372,NaN
-0.0116937844537776,-0.0375675985698415,NaN
-0.0116998437438695,-0.0375675985698426,NaN
-0.0117059030339614,-0.0375675985698372,NaN
-0.0117119623240533,-0.0375675985698307,NaN
-0.0117180216141452,-0.0375675985698426,NaN
-0.0117240809042371,-0.0375675985698695,NaN
-0.0117301401943291,-0.0375675985698522,NaN
-0.011736199484421,-0.0375675985698641,NaN
-0.0117422587745129,-0.0375675985698695,NaN
-0.0117483180646048,-0.0375675985698641,NaN
-0.0117543773546967,-0.0375675985698641,NaN
-0.0117604366447886,-0.0375675985698522,NaN
-0.0117664959348805,-0.0375675985698587,NaN
-0.0117725552249725,-0.0375675985698587,NaN
-0.0117786145150644,-0.0375675985698522,NaN
-0.0117846738051563,-0.0375675985698264,NaN
-0.0117907330952482,-0.0375675985698211,NaN
-0.0117967923853401,-0.0375675985698307,NaN
-0.011802851675432,-0.0375675985698587,NaN
-0.0118089109655239,-0.0375675985698533,NaN
-0.0118149702556158,-0.0375675985698361,NaN
-0.0118210295457077,-0.0375675985698479,NaN
-0.0118270888357996,-0.0375675985698695,NaN
-0.0118331481258916,-0.0375675985698641,NaN
-0.0118392074159835,-0.0375675985698748,NaN
-0.0118452667060754,-0.0375675985698415,NaN
-0.0118513259961673,-0.0375675985698533,NaN
-0.0118573852862592,-0.0375675985698587,NaN
-0.0118634445763511,-0.0375675985698146,NaN
-0.011869503866443,-0.0375675985698426,NaN
-0.0118755631565349,-0.0375675985698211,NaN
-0.0118816224466268,-0.0375675985698469,NaN
-0.0118876817367188,-0.0375675985698695,NaN
-0.0118937410268107,-0.0375675985698587,NaN
-0.0118998003169026,-0.0375675985698576,NaN
-0.0119058596069945,-0.0375675985698695,NaN
-0.0119119188970864,-0.0375675985698695,NaN
-0.0119179781871783,-0.0375675985698587,NaN
-0.0119240374772702,-0.0375675985698641,NaN
-0.0119300967673621,-0.037567598569863,NaN
-0.0119361560574541,-0.0375675985698641,NaN
-0.011942215347546,-0.0375675985698748,NaN
-0.0119482746376379,-0.0375675985698469,NaN
-0.0119543339277298,-0.0375675985698479,NaN
-0.0119603932178217,-0.0375675985698264,NaN
-0.0119664525079136,-0.0375675985698092,NaN
-0.0119725117980055,-0.0375675985698695,NaN
-0.0119785710880974,-0.0375675985698479,NaN
-0.0119846303781893,-0.0375675985698576,NaN
-0.0119906896682813,-0.0375675985698587,NaN
-0.0119967489583732,-0.0375675985698372,NaN
-0.0120028082484651,-0.0375675985698587,NaN
-0.012008867538557,-0.0375675985698748,NaN
-0.0120149268286489,-0.037567598569863,NaN
-0.0120209861187408,-0.0375675985698426,NaN
-0.0120270454088327,-0.0375675985698426,NaN
-0.0120331046989246,-0.0375675985698415,NaN
-0.0120391639890166,-0.0375675985698533,NaN
-0.0120452232791085,-0.0375675985698264,NaN
-0.0120512825692004,-0.0375675985698146,NaN
-0.0120573418592923,-0.0375675985698426,NaN
-0.0120634011493842,-0.0375675985698587,NaN
-0.0120694604394761,-0.0375675985698469,NaN
-0.012075519729568,-0.0375675985698748,NaN
-0.0120815790196599,-0.0375675985698695,NaN
-0.0120876383097518,-0.0375675985698479,NaN
-0.0120936975998438,-0.0375675985698533,NaN
-0.0120997568899357,-0.0375675985698576,NaN
-0.0121058161800276,-0.0375675985698587,NaN
-0.0121118754701195,-0.0375675985698264,NaN
-0.0121179347602114,-0.0375675985698307,NaN
-0.0121239940503033,-0.0375675985698479,NaN
-0.0121300533403952,-0.0375675985698372,NaN
-0.0121361126304871,-0.0375675985698361,NaN
-0.012142171920579,-0.0375675985698748,NaN
-0.012148231210671,-0.0375675985698695,NaN
-0.0121542905007629,-0.0375675985698469,NaN
-0.0121603497908548,-0.0375675985698426,NaN
-0.0121664090809467,-0.0375675985698695,NaN
-0.0121724683710386,-0.0375675985698856,NaN
-0.0121785276611305,-0.0375675985698748,NaN
-0.0121845869512224,-0.0375675985698469,NaN
-0.0121906462413143,-0.0375675985698641,NaN
-0.0121967055314063,-0.0375675985698641,NaN
-0.0122027648214982,-0.0375675985698415,NaN
-0.0122088241115901,-0.0375675985698587,NaN
-0.012214883401682,-0.0375675985698264,NaN
-0.0122209426917739,-0.03756759856982,NaN
-0.0122270019818658,-0.0375675985698372,NaN
-0.0122330612719577,-0.0375675985698533,NaN
-0.0122391205620496,-0.0375675985698576,NaN
-0.0122451798521415,-0.0375675985698695,NaN
-0.0122512391422335,-0.0375675985698587,NaN
-0.0122572984323254,-0.0375675985698372,NaN
-0.0122633577224173,-0.0375675985698479,NaN
-0.0122694170125092,-0.0375675985698684,NaN
-0.0122754763026011,-0.0375675985698641,NaN
-0.012281535592693,-0.0375675985698533,NaN
-0.0122875948827849,-0.0375675985698415,NaN
-0.0122936541728768,-0.0375675985698264,NaN
-0.0122997134629687,-0.0375675985698372,NaN
-0.0123057727530607,-0.0375675985698361,NaN
-0.0123118320431526,-0.0375675985698641,NaN
-0.0123178913332445,-0.0375675985698533,NaN
-0.0123239506233364,-0.0375675985698522,NaN
-0.0123300099134283,-0.0375675985698426,NaN
-0.0123360692035202,-0.0375675985698426,NaN
-0.0123421284936121,-0.037567598569891,NaN
-0.012348187783704,-0.0375675985698695,NaN
-0.012354247073796,-0.0375675985698522,NaN
-0.0123603063638879,-0.0375675985698695,NaN
-0.0123663656539798,-0.0375675985698426,NaN
-0.0123724249440717,-0.0375675985698415,NaN
-0.0123784842341636,-0.0375675985698587,NaN
-0.0123845435242555,-0.0375675985698426,NaN
-0.0123906028143474,-0.0375675985698307,NaN
-0.0123966621044393,-0.0375675985698103,NaN
-0.0124027213945312,-0.0375675985698479,NaN
-0.0124087806846232,-0.0375675985698737,NaN
-0.0124148399747151,-0.0375675985698748,NaN
-0.012420899264807,-0.0375675985698479,NaN
-0.0124269585548989,-0.0375675985698372,NaN
-0.0124330178449908,-0.0375675985698533,NaN
-0.0124390771350827,-0.037567598569863,NaN
-0.0124451364251746,-0.0375675985698587,NaN
-0.0124511957152665,-0.0375675985698318,NaN
-0.0124572550053584,-0.0375675985698469,NaN
-0.0124633142954504,-0.0375675985698641,NaN
-0.0124693735855423,-0.0375675985698372,NaN
-0.0124754328756342,-0.0375675985698253,NaN
-0.0124814921657261,-0.0375675985698695,NaN
-0.012487551455818,-0.0375675985698533,NaN
-0.0124936107459099,-0.0375675985698361,NaN
-0.0124996700360018,-0.0375675985698533,NaN
-0.0125057293260937,-0.0375675985698695,NaN
-0.0125117886161857,-0.0375675985698641,NaN
-0.0125178479062776,-0.0375675985698479,NaN
-0.0125239071963695,-0.037567598569863,NaN
-0.0125299664864614,-0.0375675985698695,NaN
-0.0125360257765533,-0.0375675985698426,NaN
-0.0125420850666452,-0.0375675985698576,NaN
-0.0125481443567371,-0.0375675985698695,NaN
-0.012554203646829,-0.0375675985698264,NaN
-0.0125602629369209,-0.0375675985698253,NaN
-0.0125663222270129,-0.0375675985698049,NaN
-0.0125723815171047,-0.0375675985698372,NaN
-0.0125784408071967,-0.0375675985698791,NaN
-0.0125845000972886,-0.0375675985698748,NaN
-0.0125905593873805,-0.0375675985698641,NaN
-0.0125966186774724,-0.0375675985698426,NaN
-0.0126026779675643,-0.0375675985698479,NaN
-0.0126087372576562,-0.0375675985698737,NaN
-0.0126147965477481,-0.0375675985698695,NaN
-0.0126208558378401,-0.0375675985698748,NaN
-0.012626915127932,-0.0375675985698415,NaN
-0.0126329744180239,-0.0375675985698318,NaN
-0.0126390337081158,-0.0375675985698641,NaN
-0.0126450929982077,-0.0375675985698415,NaN
-0.0126511522882996,-0.0375675985698426,NaN
-0.0126572115783915,-0.0375675985698264,NaN
-0.0126632708684834,-0.0375675985698361,NaN
-0.0126693301585753,-0.0375675985698587,NaN
-0.0126753894486673,-0.0375675985698587,NaN
-0.0126814487387592,-0.0375675985698587,NaN
-0.0126875080288511,-0.0375675985698533,NaN
-0.012693567318943,-0.0375675985698684,NaN
-0.0126996266090349,-0.0375675985698587,NaN
-0.0127056858991268,-0.0375675985698211,NaN
-0.0127117451892187,-0.0375675985698522,NaN
-0.0127178044793106,-0.0375675985698695,NaN
-0.0127238637694026,-0.0375675985698587,NaN
-0.0127299230594945,-0.0375675985698253,NaN
-0.0127359823495864,-0.0375675985698103,NaN
-0.0127420416396783,-0.0375675985698533,NaN
-0.0127481009297702,-0.0375675985698415,NaN
-0.0127541602198621,-0.0375675985698533,NaN
-0.012760219509954,-0.0375675985698587,NaN
-0.0127662788000459,-0.0375675985698641,NaN
-0.0127723380901378,-0.0375675985698426,NaN
-0.0127783973802297,-0.0375675985698469,NaN
-0.0127844566703217,-0.0375675985698695,NaN
-0.0127905159604136,-0.0375675985698479,NaN
-0.0127965752505055,-0.0375675985698576,NaN
-0.0128026345405974,-0.0375675985698372,NaN
-0.0128086938306893,-0.0375675985698372,NaN
-0.0128147531207812,-0.0375675985698576,NaN
-0.0128208124108731,-0.0375675985698587,NaN
-0.012826871700965,-0.0375675985698318,NaN
-0.0128329309910569,-0.0375675985698253,NaN
-0.0128389902811489,-0.0375675985698641,NaN
-0.0128450495712408,-0.0375675985698748,NaN
-0.0128511088613327,-0.0375675985698641,NaN
-0.0128571681514246,-0.0375675985698856,NaN
-0.0128632274415165,-0.037567598569863,NaN
-0.0128692867316084,-0.0375675985698641,NaN
-0.0128753460217003,-0.0375675985698587,NaN
-0.0128814053117923,-0.0375675985698415,NaN
-0.0128874646018842,-0.0375675985698641,NaN
-0.0128935238919761,-0.0375675985698533,NaN
-0.012899583182068,-0.0375675985698415,NaN
-0.0129056424721599,-0.0375675985698318,NaN
-0.0129117017622518,-0.0375675985698264,NaN
-0.0129177610523437,-0.0375675985698415,NaN
-0.0129238203424356,-0.0375675985698695,NaN
-0.0129298796325275,-0.0375675985698641,NaN
-0.0129359389226195,-0.0375675985698372,NaN
-0.0129419982127114,-0.0375675985698479,NaN
-0.0129480575028033,-0.0375675985698576,NaN
-0.0129541167928952,-0.0375675985698479,NaN
-0.0129601760829871,-0.0375675985698695,NaN
-0.012966235373079,-0.0375675985698469,NaN
-0.0129722946631709,-0.0375675985698426,NaN
-0.0129783539532628,-0.0375675985698587,NaN
-0.0129844132433547,-0.03756759856982,NaN
-0.0129904725334466,-0.0375675985698426,NaN
-0.0129965318235386,-0.0375675985698533,NaN
-0.0130025911136305,-0.0375675985698372,NaN
-0.0130086504037224,-0.0375675985698426,NaN
-0.0130147096938143,-0.0375675985698522,NaN
-0.0130207689839062,-0.0375675985698695,NaN
-0.0130268282739981,-0.0375675985698695,NaN
-0.01303288756409,-0.0375675985698684,NaN
-0.013038946854182,-0.0375675985698533,NaN
-0.0130450061442739,-0.0375675985698533,NaN
-0.0130510654343658,-0.037567598569863,NaN
-0.0130571247244577,-0.0375675985698587,NaN
-0.0130631840145496,-0.0375675985698641,NaN
-0.0130692433046415,-0.0375675985698253,NaN
-0.0130753025947334,-0.0375675985698264,NaN
-0.0130813618848253,-0.0375675985698587,NaN
-0.0130874211749172,-0.0375675985698372,NaN
-0.0130934804650091,-0.0375675985698479,NaN
-0.0130995397551011,-0.0375675985698469,NaN
-0.013105599045193,-0.0375675985698479,NaN
-0.0131116583352849,-0.0375675985698587,NaN
-0.0131177176253768,-0.0375675985698415,NaN
-0.0131237769154687,-0.0375675985698587,NaN
-0.0131298362055606,-0.0375675985698641,NaN
-0.0131358954956525,-0.0375675985698522,NaN
-0.0131419547857444,-0.0375675985698641,NaN
-0.0131480140758364,-0.0375675985698479,NaN
-0.0131540733659283,-0.0375675985698415,NaN
-0.0131601326560202,-0.0375675985698533,NaN
-0.0131661919461121,-0.0375675985698318,NaN
-0.013172251236204,-0.0375675985698318,NaN
-0.0131783105262959,-0.0375675985698479,NaN
-0.0131843698163878,-0.0375675985698576,NaN
-0.0131904291064797,-0.0375675985698856,NaN
-0.0131964883965716,-0.0375675985698695,NaN
-0.0132025476866636,-0.0375675985698253,NaN
-0.0132086069767555,-0.0375675985698641,NaN
-0.0132146662668474,-0.0375675985698748,NaN
-0.0132207255569393,-0.0375675985698469,NaN
-0.0132267848470312,-0.0375675985698587,NaN
-0.0132328441371231,-0.0375675985698372,NaN
-0.013238903427215,-0.0375675985698307,NaN
-0.0132449627173069,-0.0375675985698479,NaN
-0.0132510220073988,-0.0375675985698318,NaN
-0.0132570812974908,-0.0375675985698372,NaN
-0.0132631405875827,-0.0375675985698748,NaN
-0.0132691998776746,-0.0375675985698522,NaN
-0.0132752591677665,-0.0375675985698318,NaN
-0.0132813184578584,-0.0375675985698479,NaN
-0.0132873777479503,-0.037567598569863,NaN
-0.0132934370380422,-0.0375675985698802,NaN
-0.0132994963281341,-0.0375675985698641,NaN
-0.0133055556182261,-0.0375675985698415,NaN
-0.013311614908318,-0.0375675985698587,NaN
-0.0133176741984099,-0.0375675985698641,NaN
-0.0133237334885018,-0.0375675985698576,NaN
-0.0133297927785937,-0.0375675985698641,NaN
-0.0133358520686856,-0.0375675985698264,NaN
-0.0133419113587775,-0.0375675985698211,NaN
-0.0133479706488694,-0.0375675985698318,NaN
-0.0133540299389613,-0.03756759856982,NaN
-0.0133600892290532,-0.0375675985698695,NaN
-0.0133661485191452,-0.0375675985698748,NaN
-0.0133722078092371,-0.0375675985698576,NaN
-0.013378267099329,-0.0375675985698641,NaN
-0.0133843263894209,-0.0375675985698318,NaN
-0.0133903856795128,-0.0375675985698522,NaN
-0.0133964449696047,-0.0375675985698748,NaN
-0.0134025042596966,-0.0375675985698479,NaN
-0.0134085635497885,-0.0375675985698307,NaN
-0.0134146228398805,-0.0375675985698372,NaN
-0.0134206821299724,-0.0375675985698426,NaN
-0.0134267414200643,-0.0375675985698426,NaN
-0.0134328007101562,-0.0375675985698641,NaN
-0.0134388600002481,-0.0375675985698522,NaN
-0.01344491929034,-0.0375675985698641,NaN
-0.0134509785804319,-0.0375675985698479,NaN
-0.0134570378705238,-0.0375675985698469,NaN
-0.0134630971606158,-0.0375675985698748,NaN
-0.0134691564507077,-0.0375675985698372,NaN
-0.0134752157407996,-0.0375675985698469,NaN
-0.0134812750308915,-0.0375675985698748,NaN
-0.0134873343209834,-0.0375675985698641,NaN
-0.0134933936110753,-0.0375675985698576,NaN
-0.0134994529011672,-0.0375675985698587,NaN
-0.0135055121912591,-0.0375675985698479,NaN
-0.013511571481351,-0.0375675985698318,NaN
-0.013517630771443,-0.0375675985698264,NaN
-0.0135236900615349,-0.0375675985698791,NaN
-0.0135297493516268,-0.0375675985698695,NaN
-0.0135358086417187,-0.0375675985698426,NaN
-0.0135418679318106,-0.0375675985698469,NaN
-0.0135479272219025,-0.0375675985698641,NaN
-0.0135539865119944,-0.0375675985698587,NaN
-0.0135600458020863,-0.0375675985698469,NaN
-0.0135661050921783,-0.0375675985698587,NaN
-0.0135721643822702,-0.0375675985698479,NaN
-0.0135782236723621,-0.0375675985698469,NaN
-0.013584282962454,-0.0375675985698372,NaN
-0.0135903422525459,-0.0375675985698426,NaN
-0.0135964015426378,-0.0375675985698479,NaN
-0.0136024608327297,-0.0375675985698587,NaN
-0.0136085201228216,-0.0375675985698361,NaN
-0.0136145794129135,-0.0375675985698264,NaN
-0.0136206387030054,-0.0375675985698479,NaN
-0.0136266979930974,-0.037567598569863,NaN
-0.0136327572831893,-0.0375675985698533,NaN
-0.0136388165732812,-0.0375675985698641,NaN
-0.0136448758633731,-0.0375675985698469,NaN
-0.013650935153465,-0.0375675985698372,NaN
-0.0136569944435569,-0.0375675985698641,NaN
-0.0136630537336488,-0.0375675985698576,NaN
-0.0136691130237407,-0.0375675985698641,NaN
-0.0136751723138327,-0.0375675985698264,NaN
-0.0136812316039246,-0.0375675985698318,NaN
-0.0136872908940165,-0.0375675985698264,NaN
-0.0136933501841084,-0.0375675985698253,NaN
-0.0136994094742003,-0.0375675985698802,NaN
-0.0137054687642922,-0.0375675985698641,NaN
-0.0137115280543841,-0.0375675985698361,NaN
-0.013717587344476,-0.0375675985698695,NaN
-0.0137236466345679,-0.0375675985698641,NaN
-0.0137297059246598,-0.0375675985698576,NaN
-0.0137357652147518,-0.0375675985698802,NaN
-0.0137418245048437,-0.0375675985698748,NaN
-0.0137478837949356,-0.0375675985698522,NaN
-0.0137539430850275,-0.0375675985698479,NaN
-0.0137600023751194,-0.0375675985698641,NaN
-0.0137660616652113,-0.0375675985698641,NaN
-0.0137721209553032,-0.0375675985698426,NaN
-0.0137781802453952,-0.0375675985698146,NaN
-0.0137842395354871,-0.0375675985698587,NaN
-0.013790298825579,-0.0375675985698479,NaN
-0.0137963581156709,-0.0375675985698415,NaN
-0.0138024174057628,-0.0375675985698641,NaN
-0.0138084766958547,-0.0375675985698426,NaN
-0.0138145359859466,-0.0375675985698522,NaN
-0.0138205952760385,-0.0375675985698533,NaN
-0.0138266545661304,-0.0375675985698533,NaN
-0.0138327138562224,-0.037567598569863,NaN
-0.0138387731463143,-0.0375675985698533,NaN
-0.0138448324364062,-0.0375675985698479,NaN
-0.0138508917264981,-0.0375675985698264,NaN
-0.01385695101659,-0.0375675985698264,NaN
-0.0138630103066819,-0.0375675985698576,NaN
-0.0138690695967738,-0.0375675985698533,NaN
-0.0138751288868657,-0.0375675985698479,NaN
-0.0138811881769576,-0.0375675985698361,NaN
-0.0138872474670495,-0.0375675985698695,NaN
-0.0138933067571415,-0.0375675985698695,NaN
-0.0138993660472334,-0.037567598569863,NaN
-0.0139054253373253,-0.0375675985698748,NaN
-0.0139114846274172,-0.0375675985698533,NaN
-0.0139175439175091,-0.037567598569863,NaN
-0.013923603207601,-0.0375675985698479,NaN
-0.0139296624976929,-0.0375675985698426,NaN
-0.0139357217877849,-0.0375675985698533,NaN
-0.0139417810778768,-0.0375675985698318,NaN
-0.0139478403679687,-0.0375675985698253,NaN
-0.0139538996580606,-0.0375675985698479,NaN
-0.0139599589481525,-0.0375675985698479,NaN
-0.0139660182382444,-0.0375675985698469,NaN
-0.0139720775283363,-0.0375675985698587,NaN
-0.0139781368184282,-0.0375675985698695,NaN
-0.0139841961085201,-0.0375675985698415,NaN
-0.013990255398612,-0.0375675985698426,NaN
-0.013996314688704,-0.0375675985698695,NaN
-0.0140023739787959,-0.037567598569863,NaN
-0.0140084332688878,-0.0375675985698479,NaN
-0.0140144925589797,-0.0375675985698318,NaN
-0.0140205518490716,-0.0375675985698641,NaN
-0.0140266111391635,-0.0375675985698211,NaN
-0.0140326704292554,-0.0375675985698253,NaN
-0.0140387297193473,-0.0375675985698641,NaN
-0.0140447890094392,-0.0375675985698426,NaN
-0.0140508482995312,-0.0375675985698522,NaN
-0.0140569075896231,-0.0375675985698426,NaN
-0.014062966879715,-0.0375675985698479,NaN
-0.0140690261698069,-0.0375675985698684,NaN
-0.0140750854598988,-0.0375675985698641,NaN
-0.0140811447499907,-0.0375675985698695,NaN
-0.0140872040400826,-0.0375675985698522,NaN
-0.0140932633301745,-0.0375675985698533,NaN
-0.0140993226202665,-0.0375675985698587,NaN
-0.0141053819103584,-0.0375675985698479,NaN
-0.0141114412004503,-0.0375675985698372,NaN
-0.0141175004905422,-0.0375675985698253,NaN
-0.0141235597806341,-0.0375675985698533,NaN
-0.014129619070726,-0.0375675985698587,NaN
-0.0141356783608179,-0.0375675985698522,NaN
-0.0141417376509098,-0.0375675985698533,NaN
-0.0141477969410017,-0.0375675985698533,NaN
-0.0141538562310937,-0.0375675985698684,NaN
-0.0141599155211856,-0.0375675985698695,NaN
-0.0141659748112775,-0.0375675985698587,NaN
-0.0141720341013694,-0.0375675985698684,NaN
-0.0141780933914613,-0.0375675985698533,NaN
-0.0141841526815532,-0.0375675985698587,NaN
-0.0141902119716451,-0.0375675985698426,NaN
-0.014196271261737,-0.0375675985698264,NaN
-0.014202330551829,-0.0375675985698361,NaN
-0.0142083898419209,-0.0375675985698372,NaN
-0.0142144491320128,-0.0375675985698695,NaN
-0.0142205084221047,-0.0375675985698307,NaN
-0.0142265677121966,-0.0375675985698211,NaN
-0.0142326270022885,-0.0375675985698748,NaN
-0.0142386862923804,-0.0375675985698684,NaN
-0.0142447455824723,-0.0375675985698695,NaN
-0.0142508048725642,-0.0375675985698587,NaN
-0.0142568641626562,-0.0375675985698361,NaN
-0.0142629234527481,-0.0375675985698479,NaN
-0.01426898274284,-0.0375675985698533,NaN
-0.0142750420329319,-0.0375675985698479,NaN
-0.0142811013230238,-0.0375675985698318,NaN
-0.0142871606131157,-0.0375675985698253,NaN
-0.0142932199032076,-0.0375675985698533,NaN
-0.0142992791932995,-0.0375675985698533,NaN
-0.0143053384833914,-0.0375675985698469,NaN
-0.0143113977734834,-0.0375675985698748,NaN
-0.0143174570635753,-0.0375675985698802,NaN
-0.0143235163536672,-0.0375675985698253,NaN
-0.0143295756437591,-0.0375675985698426,NaN
-0.014335634933851,-0.0375675985698856,NaN
-0.0143416942239429,-0.0375675985698684,NaN
-0.0143477535140348,-0.0375675985698695,NaN
-0.0143538128041267,-0.0375675985698587,NaN
-0.0143598720942187,-0.0375675985698372,NaN
-0.0143659313843106,-0.0375675985698157,NaN
-0.0143719906744025,-0.0375675985698361,NaN
-0.0143780499644944,-0.0375675985698587,NaN
-0.0143841092545863,-0.0375675985698318,NaN
-0.0143901685446782,-0.0375675985698307,NaN
-0.0143962278347701,-0.0375675985698533,NaN
-0.014402287124862,-0.0375675985698695,NaN
-0.0144083464149539,-0.0375675985698576,NaN
-0.0144144057050458,-0.0375675985698533,NaN
-0.0144204649951378,-0.0375675985698748,NaN
-0.0144265242852297,-0.0375675985698522,NaN
-0.0144325835753216,-0.0375675985698533,NaN
-0.0144386428654135,-0.0375675985698641,NaN
-0.0144447021555054,-0.0375675985698587,NaN
-0.0144507614455973,-0.0375675985698533,NaN
-0.0144568207356892,-0.0375675985698038,NaN
-0.0144628800257811,-0.0375675985698426,NaN
-0.0144689393158731,-0.0375675985698533,NaN
-0.014474998605965,-0.0375675985698415,NaN
-0.0144810578960569,-0.0375675985698748,NaN
-0.0144871171861488,-0.0375675985698479,NaN
-0.0144931764762407,-0.0375675985698415,NaN
-0.0144992357663326,-0.0375675985698641,NaN
-0.0145052950564245,-0.0375675985698533,NaN
-0.0145113543465164,-0.037567598569863,NaN
-0.0145174136366084,-0.0375675985698695,NaN
-0.0145234729267003,-0.0375675985698479,NaN
-0.0145295322167922,-0.0375675985698479,NaN
-0.0145355915068841,-0.0375675985698372,NaN
-0.014541650796976,-0.0375675985698307,NaN
-0.0145477100870679,-0.0375675985698264,NaN
-0.0145537693771598,-0.0375675985698533,NaN
-0.0145598286672517,-0.0375675985698307,NaN
-0.0145658879573436,-0.0375675985698479,NaN
-0.0145719472474355,-0.0375675985698856,NaN
-0.0145780065375275,-0.0375675985698576,NaN
-0.0145840658276194,-0.0375675985698533,NaN
-0.0145901251177113,-0.0375675985698587,NaN
-0.0145961844078032,-0.0375675985698695,NaN
-0.0146022436978951,-0.0375675985698533,NaN
-0.014608302987987,-0.0375675985698415,NaN
-0.0146143622780789,-0.0375675985698695,NaN
-0.0146204215681708,-0.0375675985698695,NaN
-0.0146264808582628,-0.0375675985698415,NaN
-0.0146325401483547,-0.0375675985698157,NaN
-0.0146385994384466,-0.0375675985698211,NaN
-0.0146446587285385,-0.037567598569863,NaN
-0.0146507180186304,-0.0375675985698587,NaN
-0.0146567773087223,-0.0375675985698641,NaN
-0.0146628365988142,-0.0375675985698415,NaN
-0.0146688958889061,-0.0375675985698533,NaN
-0.014674955178998,-0.0375675985698479,NaN
-0.01468101446909,-0.0375675985698533,NaN
-0.0146870737591819,-0.037567598569891,NaN
-0.0146931330492738,-0.0375675985698469,NaN
-0.0146991923393657,-0.0375675985698372,NaN
-0.0147052516294576,-0.0375675985698264,NaN
-0.0147113109195495,-0.0375675985698361,NaN
-0.0147173702096414,-0.0375675985698533,NaN
-0.0147234294997333,-0.0375675985698372,NaN
-0.0147294887898252,-0.0375675985698253,NaN
-0.0147355480799171,-0.0375675985698479,NaN
-0.0147416073700091,-0.0375675985698479,NaN
-0.014747666660101,-0.0375675985698576,NaN
-0.0147537259501929,-0.0375675985698802,NaN
-0.0147597852402848,-0.0375675985698856,NaN
-0.0147658445303767,-0.0375675985698533,NaN
-0.0147719038204686,-0.0375675985698372,NaN
-0.0147779631105605,-0.0375675985698522,NaN
-0.0147840224006524,-0.0375675985698748,NaN
-0.0147900816907444,-0.0375675985698695,NaN
-0.0147961409808363,-0.0375675985698092,NaN
-0.0148022002709282,-0.0375675985698318,NaN
-0.0148082595610201,-0.0375675985698372,NaN
-0.014814318851112,-0.0375675985698522,NaN
-0.0148203781412039,-0.0375675985698695,NaN
-0.0148264374312958,-0.0375675985698426,NaN
-0.0148324967213877,-0.0375675985698576,NaN
-0.0148385560114797,-0.0375675985698641,NaN
-0.0148446153015716,-0.0375675985698479,NaN
-0.0148506745916635,-0.0375675985698748,NaN
-0.0148567338817554,-0.0375675985698695,NaN
-0.0148627931718473,-0.0375675985698522,NaN
-0.0148688524619392,-0.0375675985698479,NaN
-0.0148749117520311,-0.0375675985698479,NaN
-0.014880971042123,-0.0375675985698469,NaN
-0.0148870303322149,-0.0375675985698426,NaN
-0.0148930896223069,-0.0375675985698479,NaN
-0.0148991489123988,-0.0375675985697985,NaN
-0.0149052082024907,-0.0375675985698372,NaN
-0.0149112674925826,-0.0375675985698802,NaN
-0.0149173267826745,-0.0375675985698684,NaN
-0.0149233860727664,-0.0375675985698695,NaN
-0.0149294453628583,-0.0375675985698533,NaN
-0.0149355046529502,-0.0375675985698479,NaN
-0.0149415639430421,-0.0375675985698479,NaN
-0.0149476232331341,-0.0375675985698469,NaN
-0.014953682523226,-0.0375675985698695,NaN
-0.0149597418133179,-0.0375675985698533,NaN
-0.0149658011034098,-0.0375675985698307,NaN
-0.0149718603935017,-0.0375675985698372,NaN
-0.0149779196835936,-0.0375675985698372,NaN
-0.0149839789736855,-0.0375675985698576,NaN
-0.0149900382637774,-0.0375675985698372,NaN
-0.0149960975538693,-0.0375675985698479,NaN
-0.0150021568439613,-0.0375675985698576,NaN
-0.0150082161340532,-0.0375675985698587,NaN
-0.0150142754241451,-0.0375675985698641,NaN
-0.015020334714237,-0.0375675985698695,NaN
-0.0150263940043289,-0.0375675985698802,NaN
-0.0150324532944208,-0.0375675985698469,NaN
-0.0150385125845127,-0.0375675985698533,NaN
-0.0150445718746047,-0.0375675985698641,NaN
-0.0150506311646966,-0.0375675985698361,NaN
-0.0150566904547885,-0.0375675985698318,NaN
-0.0150627497448804,-0.0375675985698211,NaN
-0.0150688090349723,-0.0375675985698307,NaN
-0.0150748683250642,-0.0375675985698641,NaN
-0.0150809276151561,-0.0375675985698533,NaN
-0.015086986905248,-0.0375675985698576,NaN
-0.0150930461953399,-0.0375675985698748,NaN
-0.0150991054854319,-0.0375675985698695,NaN
-0.0151051647755238,-0.0375675985698479,NaN
-0.0151112240656157,-0.0375675985698426,NaN
-0.0151172833557076,-0.0375675985698469,NaN
-0.0151233426457995,-0.0375675985698695,NaN
-0.0151294019358914,-0.0375675985698748,NaN
-0.0151354612259833,-0.0375675985698361,NaN
-0.0151415205160752,-0.0375675985698372,NaN
-0.0151475798061671,-0.0375675985698264,NaN
-0.015153639096259,-0.0375675985698469,NaN
-0.015159698386351,-0.0375675985698587,NaN
-0.0151657576764429,-0.0375675985698318,NaN
-0.0151718169665348,-0.0375675985698469,NaN
-0.0151778762566267,-0.0375675985698479,NaN
-0.0151839355467186,-0.0375675985698533,NaN
-0.0151899948368105,-0.0375675985698748,NaN
-0.0151960541269024,-0.0375675985698533,NaN
-0.0152021134169943,-0.0375675985698469,NaN
-0.0152081727070863,-0.0375675985698641,NaN
-0.0152142319971782,-0.0375675985698533,NaN
-0.0152202912872701,-0.0375675985698522,NaN
-0.015226350577362,-0.0375675985698426,NaN
-0.0152324098674539,-0.0375675985698318,NaN
-0.0152384691575458,-0.0375675985698092,NaN
-0.0152445284476377,-0.0375675985698426,NaN
-0.0152505877377296,-0.0375675985698641,NaN
-0.0152566470278215,-0.037567598569863,NaN
-0.0152627063179135,-0.0375675985698695,NaN
-0.0152687656080054,-0.0375675985698479,NaN
-0.0152748248980973,-0.0375675985698533,NaN
-0.0152808841881892,-0.0375675985698641,NaN
-0.0152869434782811,-0.037567598569863,NaN
-0.015293002768373,-0.0375675985698748,NaN
-0.0152990620584649,-0.0375675985698479,NaN
-0.0153051213485568,-0.0375675985698469,NaN
-0.0153111806386488,-0.0375675985698479,NaN
-0.0153172399287407,-0.0375675985698264,NaN
-0.0153232992188326,-0.0375675985698469,NaN
-0.0153293585089245,-0.0375675985698533,NaN
-0.0153354177990164,-0.0375675985698695,NaN
-0.0153414770891083,-0.0375675985698361,NaN
-0.0153475363792002,-0.0375675985698372,NaN
-0.0153535956692921,-0.0375675985698748,NaN
-0.015359654959384,-0.0375675985698856,NaN
-0.015365714249476,-0.0375675985698695,NaN
-0.0153717735395679,-0.0375675985698415,NaN
-0.0153778328296598,-0.0375675985698641,NaN
-0.0153838921197517,-0.0375675985698479,NaN
-0.0153899514098436,-0.0375675985698361,NaN
-0.0153960106999355,-0.0375675985698426,NaN
-0.0154020699900274,-0.0375675985698264,NaN
-0.0154081292801193,-0.0375675985698361,NaN
-0.0154141885702112,-0.0375675985698372,NaN
-0.0154202478603031,-0.0375675985698587,NaN
-0.0154263071503951,-0.037567598569863,NaN
-0.015432366440487,-0.0375675985698533,NaN
-0.0154384257305789,-0.0375675985698748,NaN
-0.0154444850206708,-0.0375675985698587,NaN
-0.0154505443107627,-0.0375675985698533,NaN
-0.0154566036008546,-0.0375675985698469,NaN
-0.0154626628909465,-0.0375675985698479,NaN
-0.0154687221810385,-0.0375675985698748,NaN
-0.0154747814711304,-0.0375675985698737,NaN
-0.0154808407612223,-0.0375675985698587,NaN
-0.0154869000513142,-0.0375675985698211,NaN
-0.0154929593414061,-0.03756759856982,NaN
-0.015499018631498,-0.0375675985698479,NaN
-0.0155050779215899,-0.0375675985698372,NaN
-0.0155111372116818,-0.0375675985698415,NaN
-0.0155171965017737,-0.0375675985698641,NaN
-0.0155232557918657,-0.0375675985698479,NaN
-0.0155293150819576,-0.0375675985698695,NaN
-0.0155353743720495,-0.0375675985698641,NaN
-0.0155414336621414,-0.0375675985698469,NaN
-0.0155474929522333,-0.0375675985698479,NaN
-0.0155535522423252,-0.0375675985698533,NaN
-0.0155596115324171,-0.0375675985698415,NaN
-0.015565670822509,-0.0375675985698587,NaN
-0.015571730112601,-0.0375675985698587,NaN
-0.0155777894026929,-0.0375675985697823,NaN
-0.0155838486927848,-0.0375675985698318,NaN
-0.0155899079828767,-0.0375675985698641,NaN
-0.0155959672729686,-0.0375675985698522,NaN
-0.0156020265630605,-0.0375675985698533,NaN
-0.0156080858531524,-0.0375675985698479,NaN
-0.0156141451432443,-0.0375675985698695,NaN
-0.0156202044333362,-0.0375675985698695,NaN
-0.0156262637234281,-0.0375675985698522,NaN
-0.0156323230135201,-0.0375675985698641,NaN
-0.015638382303612,-0.0375675985698426,NaN
-0.0156444415937039,-0.0375675985698469,NaN
-0.0156505008837958,-0.0375675985698533,NaN
-0.0156565601738877,-0.0375675985698103,NaN
-0.0156626194639796,-0.0375675985698469,NaN
-0.0156686787540715,-0.0375675985698641,NaN
-0.0156747380441634,-0.0375675985698641,NaN
-0.0156807973342553,-0.0375675985698361,NaN
-0.0156868566243473,-0.0375675985698426,NaN
-0.0156929159144392,-0.0375675985698856,NaN
-0.0156989752045311,-0.0375675985698748,NaN
-0.015705034494623,-0.0375675985698641,NaN
-0.0157110937847149,-0.0375675985698469,NaN
-0.0157171530748068,-0.0375675985698641,NaN
-0.0157232123648987,-0.0375675985698641,NaN
-0.0157292716549906,-0.0375675985698469,NaN
-0.0157353309450826,-0.0375675985698748,NaN
-0.0157413902351745,-0.0375675985698533,NaN
-0.0157474495252664,-0.0375675985698146,NaN
-0.0157535088153583,-0.0375675985698318,NaN
-0.0157595681054502,-0.0375675985698426,NaN
-0.0157656273955421,-0.0375675985698469,NaN
-0.015771686685634,-0.0375675985698748,NaN
-0.0157777459757259,-0.0375675985698641,NaN
-0.0157838052658178,-0.0375675985698211,NaN
-0.0157898645559098,-0.0375675985698533,NaN
-0.0157959238460017,-0.0375675985698576,NaN
-0.0158019831360936,-0.0375675985698748,NaN
-0.0158080424261855,-0.0375675985698641,NaN
-0.0158141017162774,-0.0375675985698253,NaN
-0.0158201610063693,-0.0375675985698533,NaN
-0.0158262202964612,-0.0375675985698533,NaN
-0.0158322795865531,-0.0375675985698361,NaN
-0.015838338876645,-0.0375675985698211,NaN
-0.015844398166737,-0.0375675985698318,NaN
-0.0158504574568289,-0.0375675985698469,NaN
-0.0158565167469208,-0.0375675985698533,NaN
-0.0158625760370127,-0.0375675985698533,NaN
-0.0158686353271046,-0.0375675985698748,NaN
-0.0158746946171965,-0.0375675985698641,NaN
-0.0158807539072884,-0.0375675985698576,NaN
-0.0158868131973803,-0.0375675985698426,NaN
-0.0158928724874722,-0.0375675985698426,NaN
-0.0158989317775642,-0.0375675985698576,NaN
-0.0159049910676561,-0.0375675985698426,NaN
-0.015911050357748,-0.0375675985698533,NaN
-0.0159171096478399,-0.0375675985698469,NaN
-0.0159231689379318,-0.0375675985698426,NaN
-0.0159292282280237,-0.0375675985698211,NaN
-0.0159352875181156,-0.0375675985698576,NaN
-0.0159413468082075,-0.0375675985698856,NaN
-0.0159474060982995,-0.0375675985698533,NaN
-0.0159534653883914,-0.0375675985698641,NaN
-0.0159595246784833,-0.0375675985698533,NaN
-0.0159655839685752,-0.0375675985698469,NaN
-0.0159716432586671,-0.0375675985698641,NaN
-0.015977702548759,-0.0375675985698318,NaN
-0.0159837618388509,-0.0375675985698576,NaN
-0.0159898211289428,-0.0375675985699071,NaN
-0.0159958804190348,-0.0375675985698641,NaN
-0.0160019397091267,-0.0375675985698253,NaN
-0.0160079989992186,-0.0375675985698533,NaN
-0.0160140582893105,-0.0375675985698426,NaN
-0.0160201175794024,-0.0375675985698146,NaN
-0.0160261768694943,-0.0375675985698533,NaN
-0.0160322361595862,-0.0375675985698748,NaN
-0.0160382954496781,-0.0375675985698533,NaN
-0.01604435473977,-0.0375675985698533,NaN
-0.016050414029862,-0.0375675985698576,NaN
-0.0160564733199539,-0.0375675985698641,NaN
-0.0160625326100458,-0.0375675985698641,NaN
-0.0160685919001377,-0.0375675985698253,NaN
-0.0160746511902296,-0.0375675985698426,NaN
-0.0160807104803215,-0.0375675985698318,NaN
-0.0160867697704134,-0.0375675985698361,NaN
-0.0160928290605053,-0.0375675985698641,NaN
-0.0160988883505972,-0.0375675985698426,NaN
-0.0161049476406892,-0.0375675985698146,NaN
-0.0161110069307811,-0.0375675985698426,NaN
-0.016117066220873,-0.0375675985698748,NaN
-0.0161231255109649,-0.0375675985698533,NaN
-0.0161291848010568,-0.0375675985698318,NaN
-0.0161352440911487,-0.0375675985698361,NaN
-0.0161413033812406,-0.0375675985698963,NaN
-0.0161473626713325,-0.0375675985698856,NaN
-0.0161534219614244,-0.0375675985698038,NaN
-0.0161594812515163,-0.0375675985698211,NaN
-0.0161655405416083,-0.0375675985698856,NaN
-0.0161715998317002,-0.0375675985698469,NaN
-0.0161776591217921,-0.0375675985698103,NaN
-0.016183718411884,-0.0375675985698426,NaN
-0.0161897777019759,-0.0375675985698748,NaN
-0.0161958369920678,-0.0375675985698426,NaN
-0.0162018962821597,-0.0375675985698469,NaN
-0.0162079555722516,-0.0375675985698963,NaN
-0.0162140148623436,-0.0375675985698748,NaN
-0.0162200741524355,-0.0375675985698361,NaN
-0.0162261334425274,-0.0375675985698641,NaN
-0.0162321927326193,-0.0375675985698963,NaN
-0.0162382520227112,-0.0375675985698791,NaN
-0.0162443113128031,-0.0375675985698426,NaN
-0.016250370602895,-0.0375675985698318,NaN
-0.0162564298929869,-0.0375675985698684,NaN
-0.0162624891830789,-0.0375675985698641,NaN
-0.0162685484731708,-0.0375675985698211,NaN
-0.0162746077632627,-0.0375675985698426,NaN
-0.0162806670533546,-0.0375675985699071,NaN
-0.0162867263434465,-0.0375675985698576,NaN
-0.0162927856335384,-0.0375675985698533,NaN
-0.0162988449236303,-0.0375675985698856,NaN
-0.0163049042137223,-0.0375675985698469,NaN
-0.0163109635038142,-0.0375675985698318,NaN
-0.0163170227939061,-0.0375675985698426,NaN
-0.016323082083998,-0.0375675985698576,NaN
-0.0163291413740899,-0.0375675985698533,NaN
-0.0163352006641818,-0.0375675985698103,NaN
-0.0163412599542737,-0.0375675985698146,NaN
-0.0163473192443656,-0.0375675985698641,NaN
-0.0163533785344575,-0.0375675985698211,NaN
-0.0163594378245494,-0.0375675985698103,NaN
-0.0163654971146413,-0.0375675985698211,NaN
-0.0163715564047332,-0.0375675985698684,NaN
-0.0163776156948252,-0.0375675985698856,NaN
-0.0163836749849171,-0.0375675985698211,NaN
-0.016389734275009,-0.0375675985698253,NaN
-0.0163957935651009,-0.0375675985698641,NaN
-0.0164018528551928,-0.0375675985698426,NaN
-0.0164079121452847,-0.0375675985698469,NaN
-0.0164139714353766,-0.0375675985698641,NaN
-0.0164200307254685,-0.0375675985698533,NaN
-0.0164260900155605,-0.0375675985698146,NaN
-0.0164321493056524,-0.0375675985698426,NaN
-0.0164382085957443,-0.0375675985699179,NaN
-0.0164442678858362,-0.0375675985698426,NaN
-0.0164503271759281,-0.0375675985698103,NaN
-0.01645638646602,-0.0375675985698469,NaN
-0.0164624457561119,-0.0375675985699071,NaN
-0.0164685050462038,-0.0375675985698748,NaN
-0.0164745643362957,-0.0375675985698146,NaN
-0.0164806236263877,-0.0375675985698748,NaN
-0.0164866829164796,-0.0375675985698748,NaN
-0.0164927422065715,-0.0375675985698576,NaN
-0.0164988014966634,-0.0375675985698856,NaN
-0.0165048607867553,-0.0375675985698533,NaN
-0.0165109200768472,-0.0375675985698361,NaN
-0.0165169793669391,-0.0375675985698641,NaN
-0.0165230386570311,-0.0375675985698856,NaN
-0.016529097947123,-0.0375675985698748,NaN
-0.0165351572372149,-0.0375675985697888,NaN
-0.0165412165273068,-0.0375675985697931,NaN
-0.0165472758173987,-0.0375675985698856,NaN
-0.0165533351074906,-0.0375675985698963,NaN
-0.0165593943975825,-0.0375675985698253,NaN
-0.0165654536876744,-0.0375675985698103,NaN
-0.0165715129777663,-0.0375675985698318,NaN
-0.0165775722678582,-0.0375675985698791,NaN
-0.0165836315579502,-0.0375675985698856,NaN
-0.0165896908480421,-0.0375675985698318,NaN
-0.016595750138134,-0.0375675985698146,NaN
-0.0166018094282259,-0.0375675985697995,NaN
-0.0166078687183178,-0.0375675985698103,NaN
-0.0166139280084097,-0.0375675985698748,NaN
-0.0166199872985016,-0.0375675985698748,NaN
-0.0166260465885935,-0.0375675985697823,NaN
-0.0166321058786854,-0.0375675985698103,NaN
-0.0166381651687773,-0.0375675985698856,NaN
-0.0166442244588693,-0.0375675985699114,NaN
-0.0166502837489612,-0.0375675985698641,NaN
-0.0166563430390531,-0.0375675985698103,NaN
-0.016662402329145,-0.0375675985698576,NaN
-0.0166684616192369,-0.0375675985699179,NaN
-0.0166745209093288,-0.0375675985698856,NaN
-0.0166805801994207,-0.0375675985698576,NaN
-0.0166866394895127,-0.0375675985698748,NaN
-0.0166926987796046,-0.0375675985698318,NaN
-0.0166987580696965,-0.0375675985698426,NaN
-0.0167048173597884,-0.0375675985698641,NaN
-0.0167108766498803,-0.0375675985698684,NaN
-0.0167169359399722,-0.0375675985698533,NaN
-0.0167229952300641,-0.0375675985698211,NaN
-0.016729054520156,-0.0375675985698791,NaN
-0.016735113810248,-0.0375675985699179,NaN
-0.0167411731003399,-0.0375675985698426,NaN
-0.0167472323904318,-0.0375675985698253,NaN
-0.0167532916805237,-0.0375675985698963,NaN
-0.0167593509706156,-0.0375675985699286,NaN
-0.0167654102607075,-0.0375675985698361,NaN
-0.0167714695507994,-0.0375675985697888,NaN
-0.0167775288408913,-0.0375675985698426,NaN
-0.0167835881309833,-0.0375675985698318,NaN
-0.0167896474210752,-0.0375675985698533,NaN
-0.0167957067111671,-0.0375675985698791,NaN
-0.016801766001259,-0.0375675985698318,NaN
-0.0168078252913509,-0.0375675985697995,NaN
-0.0168138845814428,-0.0375675985698361,NaN
-0.0168199438715347,-0.0375675985699071,NaN
-0.0168260031616266,-0.0375675985698748,NaN
-0.0168320624517185,-0.0375675985697716,NaN
-0.0168381217418104,-0.0375675985697995,NaN
-0.0168441810319024,-0.0375675985698641,NaN
-0.0168502403219943,-0.0375675985698791,NaN
-0.0168562996120862,-0.0375675985698426,NaN
-0.0168623589021781,-0.0375675985697888,NaN
-0.01686841819227,-0.0375675985697995,NaN
-0.0168744774823619,-0.0375675985698211,NaN
-0.0168805367724538,-0.0375675985698469,NaN
-0.0168865960625457,-0.0375675985698856,NaN
-0.0168926553526376,-0.0375675985698641,NaN
-0.0168987146427295,-0.0375675985698038,NaN
-0.0169047739328214,-0.0375675985698533,NaN
-0.0169108332229134,-0.0375675985699394,NaN
-0.0169168925130053,-0.0375675985699006,NaN
-0.0169229518030972,-0.0375675985698211,NaN
-0.0169290110931891,-0.0375675985698211,NaN
-0.016935070383281,-0.0375675985699006,NaN
-0.0169411296733729,-0.0375675985699179,NaN
-0.0169471889634649,-0.0375675985698318,NaN
-0.0169532482535568,-0.0375675985698211,NaN
-0.0169593075436487,-0.0375675985698748,NaN
-0.0169653668337406,-0.0375675985698684,NaN
-0.0169714261238325,-0.0375675985698426,NaN
-0.0169774854139244,-0.0375675985698318,NaN
-0.0169835447040163,-0.0375675985698469,NaN
-0.0169896039941082,-0.0375675985698641,NaN
-0.0169956632842001,-0.0375675985698748,NaN
-0.0170017225742921,-0.0375675985698469,NaN
-0.017007781864384,-0.0375675985698211,NaN
-0.0170138411544759,-0.0375675985698103,NaN
-0.0170199004445678,-0.0375675985698469,NaN
-0.0170259597346597,-0.0375675985699179,NaN
-0.0170320190247516,-0.0375675985698856,NaN
-0.0170380783148435,-0.0375675985697888,NaN
-0.0170441376049354,-0.0375675985697673,NaN
-0.0170501968950273,-0.0375675985698361,NaN
-0.0170562561851192,-0.0375675985698426,NaN
-0.0170623154752111,-0.0375675985698318,NaN
-0.0170683747653031,-0.0375675985698253,NaN
-0.017074434055395,-0.0375675985698318,NaN
-0.0170804933454869,-0.0375675985698533,NaN
-0.0170865526355788,-0.0375675985698684,NaN
-0.0170926119256707,-0.0375675985698748,NaN
-0.0170986712157626,-0.0375675985698426,NaN
-0.0171047305058545,-0.0375675985698146,NaN
-0.0171107897959464,-0.0375675985698641,NaN
-0.0171168490860384,-0.0375675985699286,NaN
-0.0171229083761303,-0.0375675985698641,NaN
-0.0171289676662222,-0.0375675985697888,NaN
-0.0171350269563141,-0.0375675985698361,NaN
-0.017141086246406,-0.0375675985699071,NaN
-0.0171471455364979,-0.0375675985698533,NaN
-0.0171532048265898,-0.0375675985698146,NaN
-0.0171592641166817,-0.0375675985698748,NaN
-0.0171653234067737,-0.0375675985698963,NaN
-0.0171713826968656,-0.0375675985698899,NaN
-0.0171774419869575,-0.0375675985698748,NaN
-0.0171835012770494,-0.0375675985698748,NaN
-0.0171895605671413,-0.0375675985698791,NaN
-0.0171956198572332,-0.0375675985698641,NaN
-0.0172016791473251,-0.0375675985698856,NaN
-0.0172077384374171,-0.0375675985698856,NaN
-0.017213797727509,-0.0375675985697995,NaN
-0.0172198570176009,-0.0375675985697823,NaN
-0.0172259163076928,-0.0375675985698533,NaN
-0.0172319755977847,-0.0375675985699071,NaN
-0.0172380348878766,-0.0375675985698361,NaN
-0.0172440941779685,-0.0375675985698211,NaN
-0.0172501534680604,-0.0375675985698533,NaN
-0.0172562127581523,-0.0375675985698469,NaN
-0.0172622720482443,-0.0375675985698641,NaN
-0.0172683313383362,-0.0375675985698426,NaN
-0.0172743906284281,-0.0375675985698361,NaN
-0.01728044991852,-0.0375675985698318,NaN
-0.0172865092086119,-0.0375675985698318,NaN
-0.0172925684987038,-0.0375675985698533,NaN
-0.0172986277887957,-0.0375675985698426,NaN
-0.0173046870788876,-0.0375675985697823,NaN
-0.0173107463689795,-0.0375675985697888,NaN
-0.0173168056590714,-0.0375675985698641,NaN
-0.0173228649491633,-0.0375675985699114,NaN
-0.0173289242392553,-0.0375675985698641,NaN
-0.0173349835293472,-0.0375675985698103,NaN
-0.0173410428194391,-0.0375675985698146,NaN
-0.017347102109531,-0.0375675985698963,NaN
-0.0173531613996229,-0.0375675985698963,NaN
-0.0173592206897148,-0.0375675985698576,NaN
-0.0173652799798067,-0.0375675985698641,NaN
-0.0173713392698986,-0.0375675985698533,NaN
-0.0173773985599906,-0.0375675985698641,NaN
-0.0173834578500825,-0.0375675985698533,NaN
-0.0173895171401744,-0.0375675985698469,NaN
-0.0173955764302663,-0.0375675985698211,NaN
-0.0174016357203582,-0.0375675985698211,NaN
-0.0174076950104501,-0.0375675985698899,NaN
-0.017413754300542,-0.0375675985699071,NaN
-0.017419813590634,-0.0375675985698426,NaN
-0.0174258728807259,-0.0375675985698361,NaN
-0.0174319321708178,-0.0375675985698963,NaN
-0.0174379914609097,-0.0375675985699179,NaN
-0.0174440507510016,-0.0375675985698361,NaN
-0.0174501100410935,-0.0375675985697995,NaN
-0.0174561693311854,-0.0375675985698426,NaN
-0.0174622286212773,-0.0375675985698963,NaN
-0.0174682879113693,-0.0375675985698641,NaN
-0.0174743472014612,-0.0375675985698038,NaN
-0.0174804064915531,-0.0375675985698318,NaN
-0.017486465781645,-0.0375675985698103,NaN
-0.0174925250717369,-0.0375675985698146,NaN
-0.0174985843618288,-0.0375675985698856,NaN
-0.0175046436519207,-0.0375675985698641,NaN
-0.0175107029420126,-0.0375675985697716,NaN
-0.0175167622321045,-0.0375675985698103,NaN
-0.0175228215221964,-0.0375675985698963,NaN
-0.0175288808122883,-0.0375675985699006,NaN
-0.0175349401023803,-0.0375675985698318,NaN
-0.0175409993924722,-0.0375675985697995,NaN
-0.0175470586825641,-0.0375675985698426,NaN
-0.017553117972656,-0.0375675985698426,NaN
-0.0175591772627479,-0.0375675985698146,NaN
-0.0175652365528398,-0.0375675985698641,NaN
-0.0175712958429317,-0.0375675985698641,NaN
-0.0175773551330236,-0.0375675985697931,NaN
-0.0175834144231155,-0.0375675985698748,NaN
-0.0175894737132074,-0.0375675985699501,NaN
-0.0175955330032994,-0.0375675985699006,NaN
-0.0176015922933913,-0.0375675985698426,NaN
-0.0176076515834832,-0.0375675985698426,NaN
-0.0176137108735751,-0.0375675985699006,NaN
-0.017619770163667,-0.0375675985699071,NaN
-0.0176258294537589,-0.0375675985698426,NaN
-0.0176318887438509,-0.0375675985698426,NaN
-0.0176379480339428,-0.0375675985699071,NaN
-0.0176440073240347,-0.0375675985698899,NaN
-0.0176500666141266,-0.0375675985698211,NaN
-0.0176561259042185,-0.0375675985698211,NaN
-0.0176621851943104,-0.0375675985698361,NaN
-0.0176682444844023,-0.0375675985698211,NaN
-0.0176743037744942,-0.0375675985698641,NaN
-0.0176803630645862,-0.0375675985698576,NaN
-0.0176864223546781,-0.0375675985698426,NaN
-0.01769248164477,-0.0375675985698318,NaN
-0.0176985409348619,-0.0375675985698211,NaN
-0.0177046002249538,-0.0375675985699071,NaN
-0.0177106595150457,-0.0375675985698576,NaN
-0.0177167188051376,-0.0375675985697673,NaN
-0.0177227780952295,-0.0375675985697888,NaN
-0.0177288373853214,-0.0375675985698684,NaN
-0.0177348966754133,-0.0375675985698641,NaN
-0.0177409559655052,-0.0375675985698318,NaN
-0.0177470152555972,-0.0375675985698038,NaN
-0.0177530745456891,-0.0375675985698103,NaN
-0.017759133835781,-0.0375675985698426,NaN
-0.0177651931258729,-0.0375675985698791,NaN
-0.0177712524159648,-0.0375675985699071,NaN
-0.0177773117060567,-0.0375675985698426,NaN
-0.0177833709961486,-0.0375675985698211,NaN
-0.0177894302862405,-0.0375675985698533,NaN
-0.0177954895763324,-0.0375675985699221,NaN
-0.0178015488664244,-0.0375675985699071,NaN
-0.0178076081565163,-0.037567598569778,NaN
-0.0178136674466082,-0.0375675985698038,NaN
-0.0178197267367001,-0.0375675985699394,NaN
-0.017825786026792,-0.0375675985698641,NaN
-0.0178318453168839,-0.0375675985697888,NaN
-0.0178379046069758,-0.0375675985698469,NaN
-0.0178439638970677,-0.0375675985698576,NaN
-0.0178500231871596,-0.0375675985698598,NaN
-0.0178560824772516,-0.0375675985698791,NaN
-0.0178621417673435,-0.0375675985698791,NaN
-0.0178682010574354,-0.0375675985698813,NaN
-0.0178742603475273,-0.0375675985698791,NaN
-0.0178803196376192,-0.0375675985699006,NaN
-0.0178863789277112,-0.0375675985698705,NaN
-0.0178924382178031,-0.0375675985698038,NaN
-0.017898497507895,-0.0375675985698038,NaN
-0.0179045567979869,-0.037567598569849,NaN
-0.0179106160880788,-0.0375675985699028,NaN
-0.0179166753781707,-0.0375675985698146,NaN
-0.0179227346682626,-0.0375675985697823,NaN
-0.0179287939583545,-0.0375675985698383,NaN
-0.0179348532484464,-0.0375675985698576,NaN
-0.0179409125385383,-0.0375675985698791,NaN
-0.0179469718286302,-0.037567598569849,NaN
-0.0179530311187222,-0.0375675985698576,NaN
-0.0179590904088141,-0.0375675985698361,NaN
-0.017965149698906,-0.037567598569806,NaN
-0.0179712089889979,-0.0375675985698469,NaN
-0.0179772682790898,-0.0375675985698576,NaN
-0.0179833275691817,-0.0375675985698383,NaN
-0.0179893868592736,-0.0375675985697716,NaN
-0.0179954461493655,-0.0375675985697931,NaN
-0.0180015054394574,-0.0375675985699136,NaN
-0.0180075647295493,-0.0375675985698576,NaN
-0.0180136240196412,-0.0375675985698038,NaN
-0.0180196833097332,-0.0375675985698813,NaN
-0.0180257425998251,-0.0375675985699114,NaN
-0.018031801889917,-0.0375675985698684,NaN
-0.0180378611800089,-0.0375675985698598,NaN
-0.0180439204701008,-0.0375675985698791,NaN
-0.0180499797601927,-0.0375675985698791,NaN
-0.0180560390502847,-0.0375675985698705,NaN
-0.0180620983403766,-0.0375675985698684,NaN
-0.0180681576304685,-0.0375675985698684,NaN
-0.0180742169205604,-0.0375675985698598,NaN
-0.0180802762106523,-0.037567598569806,NaN
-0.0180863355007442,-0.0375675985698576,NaN
-0.0180923947908361,-0.0375675985699329,NaN
-0.018098454080928,-0.0375675985698383,NaN
-0.0181045133710199,-0.0375675985698038,NaN
-0.0181105726611119,-0.0375675985698899,NaN
-0.0181166319512038,-0.0375675985699566,NaN
-0.0181226912412957,-0.0375675985698361,NaN
-0.0181287505313876,-0.0375675985697716,NaN
-0.0181348098214795,-0.0375675985698383,NaN
-0.0181408691115714,-0.0375675985698684,NaN
-0.0181469284016633,-0.0375675985698791,NaN
-0.0181529876917553,-0.037567598569849,NaN
-0.0181590469818472,-0.0375675985698361,NaN
-0.0181651062719391,-0.0375675985697823,NaN
-0.018171165562031,-0.0375675985698168,NaN
-0.0181772248521229,-0.0375675985699221,NaN
-0.0181832841422148,-0.0375675985698684,NaN
-0.0181893434323067,-0.037567598569763,NaN
-0.0181954027223986,-0.0375675985697823,NaN
-0.0182014620124905,-0.0375675985698684,NaN
-0.0182075213025824,-0.0375675985699243,NaN
-0.0182135805926744,-0.0375675985698253,NaN
-0.0182196398827662,-0.0375675985697716,NaN
-0.0182256991728582,-0.037567598569849,NaN
-0.0182317584629501,-0.0375675985698684,NaN
-0.018237817753042,-0.0375675985698791,NaN
-0.0182438770431339,-0.0375675985698598,NaN
-0.0182499363332258,-0.0375675985698168,NaN
-0.0182559956233177,-0.0375675985697716,NaN
-0.0182620549134096,-0.0375675985698469,NaN
-0.0182681142035015,-0.0375675985699243,NaN
-0.0182741734935935,-0.0375675985698899,NaN
-0.0182802327836854,-0.0375675985698361,NaN
-0.0182862920737773,-0.0375675985698275,NaN
-0.0182923513638692,-0.0375675985699006,NaN
-0.0182984106539611,-0.0375675985699221,NaN
-0.018304469944053,-0.0375675985698383,NaN
-0.0183105292341449,-0.0375675985698038,NaN
-0.0183165885242368,-0.0375675985698576,NaN
-0.0183226478143288,-0.0375675985699243,NaN
-0.0183287071044207,-0.0375675985698469,NaN
-0.0183347663945126,-0.0375675985698038,NaN
-0.0183408256846045,-0.0375675985698705,NaN
-0.0183468849746964,-0.0375675985698253,NaN
-0.0183529442647883,-0.0375675985698791,NaN
-0.0183590035548802,-0.0375675985699028,NaN
-0.0183650628449721,-0.0375675985698253,NaN
-0.0183711221350641,-0.0375675985698146,NaN
-0.018377181425156,-0.0375675985698598,NaN
-0.0183832407152479,-0.0375675985699006,NaN
-0.0183893000053398,-0.0375675985698899,NaN
-0.0183953592954317,-0.0375675985698168,NaN
-0.0184014185855236,-0.0375675985697716,NaN
-0.0184074778756155,-0.0375675985698684,NaN
-0.0184135371657074,-0.0375675985698813,NaN
-0.0184195964557993,-0.0375675985698275,NaN
-0.0184256557458913,-0.0375675985697823,NaN
-0.0184317150359831,-0.0375675985697931,NaN
-0.0184377743260751,-0.0375675985698598,NaN
-0.018443833616167,-0.0375675985698791,NaN
-0.0184498929062589,-0.0375675985698791,NaN
-0.0184559521963508,-0.037567598569849,NaN
-0.0184620114864427,-0.0375675985698038,NaN
-0.0184680707765346,-0.0375675985698361,NaN
-0.0184741300666265,-0.0375675985699458,NaN
-0.0184801893567185,-0.0375675985699006,NaN
-0.0184862486468104,-0.0375675985697823,NaN
-0.0184923079369023,-0.037567598569806,NaN
-0.0184983672269942,-0.0375675985698899,NaN
-0.0185044265170861,-0.0375675985699221,NaN
-0.018510485807178,-0.0375675985698383,NaN
-0.0185165450972699,-0.0375675985697931,NaN
-0.0185226043873618,-0.0375675985698576,NaN
-0.0185286636774537,-0.0375675985698921,NaN
-0.0185347229675457,-0.0375675985698791,NaN
-0.0185407822576376,-0.0375675985698576,NaN
-0.0185468415477295,-0.0375675985698705,NaN
-0.0185529008378214,-0.0375675985698576,NaN
-0.0185589601279133,-0.0375675985698576,NaN
-0.0185650194180052,-0.0375675985698813,NaN
-0.0185710787080971,-0.0375675985698576,NaN
-0.0185771379981891,-0.0375675985698038,NaN
-0.018583197288281,-0.0375675985698275,NaN
-0.0185892565783729,-0.0375675985699028,NaN
-0.0185953158684648,-0.0375675985698146,NaN
-0.0186013751585567,-0.0375675985697823,NaN
-0.0186074344486486,-0.0375675985698383,NaN
-0.0186134937387405,-0.0375675985698684,NaN
-0.0186195530288324,-0.0375675985698791,NaN
-0.0186256123189243,-0.0375675985698383,NaN
-0.0186316716090162,-0.0375675985698253,NaN
-0.0186377308991081,-0.0375675985698361,NaN
-0.0186437901892001,-0.037567598569849,NaN
-0.018649849479292,-0.0375675985698469,NaN
-0.0186559087693839,-0.0375675985698576,NaN
-0.0186619680594758,-0.0375675985698598,NaN
-0.0186680273495677,-0.0375675985697823,NaN
-0.0186740866396596,-0.0375675985698146,NaN
-0.0186801459297515,-0.0375675985699243,NaN
-0.0186862052198434,-0.0375675985698361,NaN
-0.0186922645099353,-0.0375675985697716,NaN
-0.0186983238000272,-0.0375675985698383,NaN
-0.0187043830901192,-0.0375675985698791,NaN
-0.0187104423802111,-0.0375675985698684,NaN
-0.018716501670303,-0.0375675985698921,NaN
-0.0187225609603949,-0.0375675985698684,NaN
-0.0187286202504868,-0.0375675985698576,NaN
-0.0187346795405787,-0.0375675985698921,NaN
-0.0187407388306706,-0.0375675985698361,NaN
-0.0187467981207626,-0.0375675985698469,NaN
-0.0187528574108545,-0.0375675985698813,NaN
-0.0187589167009464,-0.0375675985698275,NaN
-0.0187649759910383,-0.0375675985698684,NaN
-0.0187710352811302,-0.0375675985698899,NaN
-0.0187770945712221,-0.0375675985698275,NaN
-0.018783153861314,-0.0375675985698253,NaN
-0.0187892131514059,-0.0375675985698899,NaN
-0.0187952724414979,-0.0375675985699243,NaN
-0.0188013317315898,-0.0375675985698146,NaN
-0.0188073910216817,-0.0375675985698146,NaN
-0.0188134503117736,-0.0375675985698705,NaN
-0.0188195096018655,-0.0375675985698576,NaN
-0.0188255688919574,-0.0375675985698684,NaN
-0.0188316281820493,-0.0375675985698383,NaN
-0.0188376874721412,-0.0375675985698146,NaN
-0.0188437467622331,-0.0375675985698038,NaN
-0.018849806052325,-0.0375675985698275,NaN
-0.018855865342417,-0.0375675985698899,NaN
-0.0188619246325089,-0.0375675985698576,NaN
-0.0188679839226008,-0.0375675985697845,NaN
-0.0188740432126927,-0.0375675985698038,NaN
-0.0188801025027846,-0.0375675985698791,NaN
-0.0188861617928765,-0.0375675985699243,NaN
-0.0188922210829684,-0.0375675985698361,NaN
-0.0188982803730603,-0.0375675985697931,NaN
-0.0189043396631522,-0.0375675985698598,NaN
-0.0189103989532442,-0.0375675985698899,NaN
-0.0189164582433361,-0.0375675985698791,NaN
-0.018922517533428,-0.0375675985698598,NaN
-0.0189285768235199,-0.0375675985698383,NaN
-0.0189346361136118,-0.0375675985697931,NaN
-0.0189406954037037,-0.0375675985698469,NaN
-0.0189467546937956,-0.0375675985699136,NaN
-0.0189528139838875,-0.0375675985698684,NaN
-0.0189588732739795,-0.0375675985698146,NaN
-0.0189649325640714,-0.0375675985698383,NaN
-0.0189709918541633,-0.0375675985699114,NaN
-0.0189770511442552,-0.0375675985699221,NaN
-0.0189831104343471,-0.0375675985698383,NaN
-0.018989169724439,-0.0375675985698253,NaN
-0.0189952290145309,-0.0375675985698684,NaN
-0.0190012883046228,-0.0375675985699028,NaN
-0.0190073475947148,-0.0375675985698469,NaN
-0.0190134068848067,-0.0375675985698038,NaN
-0.0190194661748986,-0.0375675985698598,NaN
-0.0190255254649905,-0.0375675985698469,NaN
-0.0190315847550824,-0.0375675985698684,NaN
-0.0190376440451743,-0.0375675985698813,NaN
-0.0190437033352662,-0.0375675985698576,NaN
-0.0190497626253582,-0.0375675985698038,NaN
-0.01905582191545,-0.0375675985698383,NaN
-0.019061881205542,-0.0375675985699006,NaN
-0.0190679404956339,-0.0375675985698791,NaN
-0.0190739997857258,-0.0375675985698275,NaN
-0.0190800590758177,-0.0375675985697931,NaN
-0.0190861183659096,-0.0375675985698684,NaN
-0.0190921776560015,-0.0375675985699136,NaN
-0.0190982369460934,-0.0375675985698275,NaN
-0.0191042962361853,-0.0375675985697608,NaN
-0.0191103555262772,-0.0375675985697823,NaN
-0.0191164148163691,-0.0375675985698383,NaN
-0.0191224741064611,-0.0375675985698684,NaN
-0.019128533396553,-0.0375675985698469,NaN
-0.0191345926866449,-0.0375675985698275,NaN
-0.0191406519767368,-0.0375675985698038,NaN
-0.0191467112668287,-0.0375675985698576,NaN
-0.0191527705569206,-0.0375675985699351,NaN
-0.0191588298470125,-0.0375675985698791,NaN
-0.0191648891371044,-0.0375675985697608,NaN
-0.0191709484271963,-0.0375675985698168,NaN
-0.0191770077172883,-0.0375675985699006,NaN
-0.0191830670073802,-0.0375675985699114,NaN
-0.0191891262974721,-0.0375675985698598,NaN
-0.019195185587564,-0.0375675985698038,NaN
-0.0192012448776559,-0.0375675985698361,NaN
-0.0192073041677478,-0.0375675985698598,NaN
-0.0192133634578397,-0.0375675985698576,NaN
-0.0192194227479316,-0.0375675985698576,NaN
-0.0192254820380236,-0.0375675985698813,NaN
-0.0192315413281155,-0.0375675985698684,NaN
-0.0192376006182074,-0.0375675985699006,NaN
-0.0192436599082993,-0.0375675985698921,NaN
-0.0192497191983912,-0.0375675985698383,NaN
-0.0192557784884831,-0.0375675985697931,NaN
-0.019261837778575,-0.0375675985698469,NaN
-0.019267897068667,-0.0375675985699351,NaN
-0.0192739563587589,-0.0375675985698253,NaN
-0.0192800156488508,-0.0375675985697501,NaN
-0.0192860749389427,-0.0375675985698275,NaN
-0.0192921342290346,-0.0375675985698899,NaN
-0.0192981935191265,-0.0375675985698576,NaN
-0.0193042528092184,-0.0375675985698275,NaN
-0.0193103120993103,-0.0375675985698361,NaN
-0.0193163713894022,-0.0375675985698469,NaN
-0.0193224306794941,-0.0375675985698383,NaN
-0.019328489969586,-0.0375675985698576,NaN
-0.019334549259678,-0.0375675985698899,NaN
-0.0193406085497699,-0.0375675985698598,NaN
-0.0193466678398618,-0.0375675985698038,NaN
-0.0193527271299537,-0.0375675985698469,NaN
-0.0193587864200456,-0.0375675985699458,NaN
-0.0193648457101375,-0.0375675985698469,NaN
-0.0193709050002294,-0.0375675985697285,NaN
-0.0193769642903213,-0.0375675985698168,NaN
-0.0193830235804132,-0.0375675985699006,NaN
-0.0193890828705052,-0.0375675985698791,NaN
-0.0193951421605971,-0.0375675985698705,NaN
-0.019401201450689,-0.0375675985698791,NaN
-0.0194072607407809,-0.0375675985698469,NaN
-0.0194133200308728,-0.0375675985698598,NaN
-0.0194193793209647,-0.037567598569849,NaN
-0.0194254386110566,-0.0375675985698576,NaN
-0.0194314979011486,-0.0375675985698791,NaN
-0.0194375571912405,-0.0375675985698383,NaN
-0.0194436164813324,-0.0375675985698576,NaN
-0.0194496757714243,-0.0375675985699006,NaN
-0.0194557350615162,-0.0375675985698275,NaN
-0.0194617943516081,-0.0375675985698038,NaN
-0.0194678536417,-0.0375675985699006,NaN
-0.0194739129317919,-0.0375675985699136,NaN
-0.0194799722218839,-0.0375675985698361,NaN
-0.0194860315119758,-0.0375675985697931,NaN
-0.0194920908020677,-0.037567598569849,NaN
-0.0194981500921596,-0.0375675985698899,NaN
-0.0195042093822515,-0.0375675985698576,NaN
-0.0195102686723434,-0.037567598569849,NaN
-0.0195163279624353,-0.0375675985698576,NaN
-0.0195223872525272,-0.0375675985698361,NaN
-0.0195284465426191,-0.0375675985698275,NaN
-0.0195345058327111,-0.0375675985698469,NaN
-0.019540565122803,-0.0375675985698361,NaN
-0.0195466244128949,-0.0375675985697737,NaN
-0.0195526837029868,-0.0375675985697823,NaN
-0.0195587429930787,-0.0375675985698791,NaN
-0.0195648022831706,-0.0375675985699243,NaN
-0.0195708615732625,-0.0375675985698253,NaN
-0.0195769208633544,-0.0375675985698038,NaN
-0.0195829801534463,-0.0375675985698275,NaN
-0.0195890394435382,-0.0375675985698705,NaN
-0.0195950987336302,-0.0375675985699006,NaN
-0.0196011580237221,-0.0375675985698576,NaN
-0.019607217313814,-0.037567598569849,NaN
-0.0196132766039059,-0.0375675985698146,NaN
-0.0196193358939978,-0.0375675985698361,NaN
-0.0196253951840897,-0.0375675985698921,NaN
-0.0196314544741816,-0.0375675985698576,NaN
-0.0196375137642735,-0.0375675985697931,NaN
-0.0196435730543654,-0.0375675985698275,NaN
-0.0196496323444573,-0.0375675985699221,NaN
-0.0196556916345493,-0.0375675985699221,NaN
-0.0196617509246412,-0.0375675985698275,NaN
-0.0196678102147331,-0.0375675985698146,NaN
-0.019673869504825,-0.0375675985698576,NaN
-0.0196799287949169,-0.0375675985698921,NaN
-0.0196859880850088,-0.0375675985698684,NaN
-0.0196920473751007,-0.0375675985698361,NaN
-0.0196981066651927,-0.0375675985698705,NaN
-0.0197041659552846,-0.0375675985698684,NaN
-0.0197102252453765,-0.0375675985698684,NaN
-0.0197162845354684,-0.0375675985698598,NaN
-0.0197223438255603,-0.0375675985698361,NaN
-0.0197284031156522,-0.0375675985697931,NaN
-0.0197344624057441,-0.0375675985698168,NaN
-0.019740521695836,-0.0375675985699114,NaN
-0.019746580985928,-0.0375675985698791,NaN
-0.0197526402760199,-0.037567598569806,NaN
-0.0197586995661118,-0.0375675985698168,NaN
-0.0197647588562037,-0.0375675985698576,NaN
-0.0197708181462956,-0.0375675985698899,NaN
-0.0197768774363875,-0.0375675985698275,NaN
-0.0197829367264794,-0.0375675985697931,NaN
-0.0197889960165713,-0.0375675985698469,NaN
-0.0197950553066632,-0.0375675985698383,NaN
-0.0198011145967551,-0.0375675985698361,NaN
-0.0198071738868471,-0.0375675985698576,NaN
-0.019813233176939,-0.0375675985698383,NaN
-0.0198192924670309,-0.0375675985697823,NaN
-0.0198253517571228,-0.0375675985698253,NaN
-0.0198314110472147,-0.0375675985699351,NaN
-0.0198374703373066,-0.0375675985699114,NaN
-0.0198435296273985,-0.0375675985698038,NaN
-0.0198495889174904,-0.0375675985698275,NaN
-0.0198556482075823,-0.0375675985699006,NaN
-0.0198617074976743,-0.0375675985699114,NaN
-0.0198677667877662,-0.0375675985698598,NaN
-0.0198738260778581,-0.0375675985698253,NaN
-0.01987988536795,-0.0375675985698791,NaN
-0.0198859446580419,-0.0375675985698921,NaN
-0.0198920039481338,-0.0375675985698469,NaN
-0.0198980632382257,-0.0375675985698469,NaN
-0.0199041225283177,-0.0375675985698705,NaN
-0.0199101818184096,-0.0375675985698038,NaN
-0.0199162411085015,-0.0375675985698576,NaN
-0.0199223003985934,-0.0375675985699028,NaN
-0.0199283596886853,-0.0375675985698813,NaN
-0.0199344189787772,-0.0375675985698469,NaN
-0.0199404782688691,-0.0375675985698469,NaN
-0.019946537558961,-0.0375675985699136,NaN
-0.019952596849053,-0.0375675985698684,NaN
-0.0199586561391449,-0.0375675985698253,NaN
-0.0199647154292368,-0.0375675985698168,NaN
-0.0199707747193287,-0.0375675985698469,NaN
-0.0199768340094206,-0.0375675985698469,NaN
-0.0199828932995125,-0.0375675985698383,NaN
-0.0199889525896044,-0.0375675985698361,NaN
-0.0199950118796963,-0.0375675985698253,NaN
-0.0200010711697882,-0.037567598569806,NaN
-0.0200071304598801,-0.0375675985698576,NaN
-0.0200131897499721,-0.0375675985699006,NaN
-0.020019249040064,-0.0375675985698598,NaN
-0.0200253083301559,-0.0375675985697931,NaN
-0.0200313676202478,-0.0375675985698146,NaN
-0.0200374269103397,-0.0375675985698921,NaN
-0.0200434862004316,-0.0375675985698576,NaN
-0.0200495454905235,-0.0375675985697931,NaN
-0.0200556047806154,-0.0375675985697953,NaN
-0.0200616640707073,-0.0375675985698684,NaN
-0.0200677233607993,-0.0375675985698576,NaN
-0.0200737826508912,-0.0375675985698275,NaN
-0.0200798419409831,-0.0375675985698253,NaN
-0.020085901231075,-0.0375675985698253,NaN
-0.0200919605211669,-0.0375675985698598,NaN
-0.0200980198112588,-0.0375675985699351,NaN
-0.0201040791013507,-0.0375675985699006,NaN
-0.0201101383914426,-0.0375675985698361,NaN
-0.0201161976815345,-0.0375675985698383,NaN
-0.0201222569716265,-0.0375675985698684,NaN
-0.0201283162617184,-0.0375675985699114,NaN
-0.0201343755518103,-0.0375675985698705,NaN
-0.0201404348419022,-0.0375675985697931,NaN
-0.0201464941319941,-0.0375675985698576,NaN
-0.020152553422086,-0.0375675985699243,NaN
-0.0201586127121779,-0.0375675985698253,NaN
-0.0201646720022698,-0.0375675985697931,NaN
-0.0201707312923618,-0.0375675985698383,NaN
-0.0201767905824537,-0.0375675985698791,NaN
-0.0201828498725456,-0.0375675985698684,NaN
-0.0201889091626375,-0.037567598569849,NaN
-0.0201949684527294,-0.0375675985698469,NaN
-0.0202010277428213,-0.0375675985698361,NaN
-0.0202070870329132,-0.0375675985698275,NaN
-0.0202131463230051,-0.0375675985698684,NaN
-0.0202192056130971,-0.0375675985698684,NaN
-0.020225264903189,-0.0375675985697953,NaN
-0.0202313241932809,-0.0375675985697716,NaN
-0.0202373834833728,-0.0375675985698361,NaN
-0.0202434427734647,-0.0375675985698921,NaN
-0.0202495020635566,-0.0375675985698253,NaN
-0.0202555613536485,-0.0375675985698253,NaN
-0.0202616206437404,-0.0375675985698705,NaN
-0.0202676799338323,-0.0375675985698813,NaN
-0.0202737392239242,-0.0375675985698899,NaN
-0.0202797985140162,-0.0375675985698576,NaN
-0.0202858578041081,-0.037567598569849,NaN
-0.0202919170942,-0.0375675985698576,NaN
-0.0202979763842919,-0.0375675985698469,NaN
-0.0203040356743838,-0.0375675985698705,NaN
-0.0203100949644757,-0.0375675985698899,NaN
-0.0203161542545676,-0.0375675985698253,NaN
-0.0203222135446595,-0.0375675985698168,NaN
-0.0203282728347514,-0.0375675985698791,NaN
-0.0203343321248434,-0.0375675985698791,NaN
-0.0203403914149353,-0.037567598569849,NaN
-0.0203464507050272,-0.0375675985698146,NaN
-0.0203525099951191,-0.0375675985698469,NaN
-0.020358569285211,-0.0375675985699458,NaN
-0.0203646285753029,-0.0375675985698684,NaN
-0.0203706878653948,-0.0375675985698146,NaN
-0.0203767471554868,-0.0375675985698813,NaN
-0.0203828064455787,-0.0375675985699006,NaN
-0.0203888657356706,-0.0375675985698791,NaN
-0.0203949250257625,-0.0375675985698275,NaN
-0.0204009843158544,-0.0375675985698253,NaN
-0.0204070436059463,-0.0375675985697931,NaN
-0.0204131028960382,-0.0375675985698275,NaN
-0.0204191621861301,-0.0375675985699006,NaN
-0.0204252214762221,-0.0375675985698899,NaN
-0.020431280766314,-0.037567598569806,NaN
-0.0204373400564059,-0.037567598569806,NaN
-0.0204433993464978,-0.0375675985698576,NaN
-0.0204494586365897,-0.0375675985698899,NaN
-0.0204555179266816,-0.0375675985698598,NaN
-0.0204615772167735,-0.0375675985697716,NaN
-0.0204676365068654,-0.0375675985698146,NaN
-0.0204736957969573,-0.0375675985699028,NaN
-0.0204797550870492,-0.0375675985698469,NaN
-0.0204858143771411,-0.0375675985698038,NaN
-0.0204918736672331,-0.0375675985698275,NaN
-0.020497932957325,-0.0375675985697823,NaN
-0.0205039922474169,-0.0375675985698576,NaN
-0.0205100515375088,-0.0375675985699028,NaN
-0.0205161108276007,-0.0375675985698576,NaN
-0.0205221701176926,-0.0375675985698146,NaN
-0.0205282294077845,-0.037567598569806,NaN
-0.0205342886978764,-0.0375675985698899,NaN
-0.0205403479879683,-0.0375675985699221,NaN
-0.0205464072780603,-0.0375675985698598,NaN
-0.0205524665681522,-0.0375675985698253,NaN
-0.0205585258582441,-0.0375675985698791,NaN
-0.020564585148336,-0.0375675985699243,NaN
-0.0205706444384279,-0.0375675985698576,NaN
-0.0205767037285198,-0.0375675985698038,NaN
-0.0205827630186117,-0.0375675985698275,NaN
-0.0205888223087036,-0.0375675985698253,NaN
-0.0205948815987955,-0.0375675985698684,NaN
-0.0206009408888875,-0.0375675985698813,NaN
-0.0206070001789794,-0.037567598569849,NaN
-0.0206130594690713,-0.0375675985698253,NaN
-0.0206191187591632,-0.0375675985698791,NaN
-0.0206251780492551,-0.0375675985699243,NaN
-0.020631237339347,-0.0375675985698791,NaN
-0.020637296629439,-0.0375675985698469,NaN
-0.0206433559195309,-0.0375675985697953,NaN
-0.0206494152096228,-0.0375675985698576,NaN
-0.0206554744997147,-0.0375675985698791,NaN
-0.0206615337898066,-0.0375675985698168,NaN
-0.0206675930798985,-0.0375675985698038,NaN
-0.0206736523699904,-0.0375675985698038,NaN
-0.0206797116600823,-0.0375675985698705,NaN
-0.0206857709501742,-0.0375675985698899,NaN
-0.0206918302402661,-0.0375675985698684,NaN
-0.0206978895303581,-0.037567598569849,NaN
-0.02070394882045,-0.0375675985697823,NaN
-0.0207100081105419,-0.0375675985698361,NaN
-0.0207160674006338,-0.0375675985699351,NaN
-0.0207221266907257,-0.0375675985698899,NaN
-0.0207281859808176,-0.0375675985698038,NaN
-0.0207342452709095,-0.0375675985698168,NaN
-0.0207403045610014,-0.0375675985698684,NaN
-0.0207463638510933,-0.0375675985698684,NaN
-0.0207524231411853,-0.0375675985698275,NaN
-0.0207584824312772,-0.0375675985698038,NaN
-0.0207645417213691,-0.0375675985698361,NaN
-0.020770601011461,-0.0375675985698705,NaN
-0.0207766603015529,-0.0375675985699028,NaN
-0.0207827195916448,-0.0375675985698899,NaN
-0.0207887788817367,-0.0375675985698684,NaN
-0.0207948381718286,-0.0375675985698275,NaN
-0.0208008974619205,-0.0375675985698576,NaN
-0.0208069567520125,-0.0375675985699006,NaN
-0.0208130160421044,-0.0375675985698705,NaN
-0.0208190753321963,-0.0375675985698253,NaN
-0.0208251346222882,-0.0375675985698253,NaN
-0.0208311939123801,-0.0375675985699028,NaN
-0.020837253202472,-0.0375675985698253,NaN
-0.0208433124925639,-0.0375675985698038,NaN
-0.0208493717826558,-0.0375675985698705,NaN
-0.0208554310727478,-0.0375675985698684,NaN
-0.0208614903628397,-0.0375675985698576,NaN
-0.0208675496529316,-0.0375675985698598,NaN
-0.0208736089430235,-0.0375675985698253,NaN
-0.0208796682331154,-0.0375675985698146,NaN
-0.0208857275232073,-0.037567598569849,NaN
-0.0208917868132992,-0.0375675985698791,NaN
-0.0208978461033911,-0.0375675985698684,NaN
-0.020903905393483,-0.0375675985698275,NaN
-0.020909964683575,-0.0375675985697716,NaN
-0.0209160239736668,-0.0375675985698038,NaN
-0.0209220832637588,-0.0375675985698921,NaN
-0.0209281425538507,-0.0375675985698383,NaN
-0.0209342018439426,-0.0375675985697716,NaN
-0.0209402611340345,-0.0375675985698469,NaN
-0.0209463204241264,-0.0375675985699136,NaN
-0.0209523797142183,-0.0375675985698576,NaN
-0.0209584390043102,-0.0375675985698469,NaN
-0.0209644982944021,-0.0375675985698383,NaN
-0.020970557584494,-0.0375675985698146,NaN
-0.020976616874586,-0.0375675985698684,NaN
-0.0209826761646779,-0.0375675985699028,NaN
-0.0209887354547698,-0.0375675985698684,NaN
-0.0209947947448617,-0.0375675985698576,NaN
-0.0210008540349536,-0.0375675985698275,NaN
-0.0210069133250455,-0.0375675985698469,NaN
-0.0210129726151374,-0.0375675985698791,NaN
-0.0210190319052294,-0.0375675985698275,NaN
-0.0210250911953213,-0.0375675985698253,NaN
-0.0210311504854132,-0.0375675985698791,NaN
-0.0210372097755051,-0.0375675985699028,NaN
-0.021043269065597,-0.0375675985698361,NaN
-0.0210493283556889,-0.0375675985698361,NaN
-0.0210553876457808,-0.0375675985698921,NaN
-0.0210614469358727,-0.0375675985698899,NaN
-0.0210675062259647,-0.0375675985698684,NaN
-0.0210735655160566,-0.0375675985698383,NaN
-0.0210796248061485,-0.0375675985698469,NaN
-0.0210856840962404,-0.0375675985698146,NaN
-0.0210917433863323,-0.0375675985698383,NaN
-0.0210978026764242,-0.0375675985698921,NaN
-0.0211038619665161,-0.0375675985698469,NaN
-0.021109921256608,-0.0375675985698253,NaN
-0.0211159805466999,-0.0375675985698275,NaN
-0.0211220398367918,-0.0375675985698576,NaN
-0.0211280991268838,-0.0375675985698899,NaN
-0.0211341584169757,-0.037567598569849,NaN
-0.0211402177070676,-0.0375675985698253,NaN
-0.0211462769971595,-0.0375675985698361,NaN
-0.0211523362872514,-0.0375675985698705,NaN
-0.0211583955773433,-0.0375675985699006,NaN
-0.0211644548674352,-0.0375675985698361,NaN
-0.0211705141575271,-0.0375675985698383,NaN
-0.0211765734476191,-0.0375675985698253,NaN
-0.021182632737711,-0.0375675985697931,NaN
-0.0211886920278029,-0.0375675985698813,NaN
-0.0211947513178948,-0.0375675985698576,NaN
-0.0212008106079867,-0.0375675985697823,NaN
-0.0212068698980786,-0.037567598569849,NaN
-0.0212129291881705,-0.0375675985698899,NaN
-0.0212189884782624,-0.0375675985699006,NaN
-0.0212250477683544,-0.0375675985698705,NaN
-0.0212311070584463,-0.0375675985698038,NaN
-0.0212371663485382,-0.0375675985698576,NaN
-0.0212432256386301,-0.0375675985699243,NaN
-0.021249284928722,-0.0375675985698576,NaN
-0.0212553442188139,-0.0375675985698146,NaN
-0.0212614035089058,-0.0375675985698705,NaN
-0.0212674627989977,-0.0375675985698168,NaN
-0.0212735220890896,-0.0375675985698361,NaN
-0.0212795813791816,-0.0375675985699006,NaN
-0.0212856406692735,-0.0375675985698813,NaN
-0.0212916999593654,-0.0375675985698038,NaN
-0.0212977592494573,-0.0375675985698576,NaN
-0.0213038185395492,-0.0375675985699566,NaN
-0.0213098778296411,-0.0375675985698791,NaN
-0.021315937119733,-0.0375675985698146,NaN
-0.0213219964098249,-0.037567598569806,NaN
-0.0213280556999169,-0.0375675985698684,NaN
-0.0213341149900088,-0.0375675985699114,NaN
-0.0213401742801007,-0.0375675985698275,NaN
-0.0213462335701926,-0.0375675985697931,NaN
-0.0213522928602845,-0.0375675985698146,NaN
-0.0213583521503764,-0.037567598569806,NaN
-0.0213644114404683,-0.0375675985698576,NaN
-0.0213704707305602,-0.0375675985698684,NaN
-0.0213765300206521,-0.0375675985698275,NaN
-0.021382589310744,-0.0375675985698038,NaN
-0.0213886486008359,-0.0375675985698253,NaN
-0.0213947078909279,-0.0375675985699351,NaN
-0.0214007671810198,-0.0375675985698899,NaN
-0.0214068264711117,-0.0375675985697608,NaN
-0.0214128857612036,-0.037567598569806,NaN
-0.0214189450512955,-0.0375675985698684,NaN
-0.0214250043413874,-0.0375675985698899,NaN
-0.0214310636314793,-0.037567598569849,NaN
-0.0214371229215712,-0.0375675985698168,NaN
-0.0214431822116631,-0.0375675985698361,NaN
-0.0214492415017551,-0.0375675985698361,NaN
-0.021455300791847,-0.0375675985698598,NaN
-0.0214613600819389,-0.0375675985698684,NaN
-0.0214674193720308,-0.0375675985698791,NaN
-0.0214734786621227,-0.0375675985698383,NaN
-0.0214795379522146,-0.0375675985698576,NaN
-0.0214855972423065,-0.0375675985699114,NaN
-0.0214916565323985,-0.0375675985698705,NaN
-0.0214977158224904,-0.0375675985698469,NaN
-0.0215037751125823,-0.0375675985698361,NaN
-0.0215098344026742,-0.0375675985698921,NaN
-0.0215158936927661,-0.0375675985698361,NaN
-0.021521952982858,-0.0375675985697931,NaN
-0.0215280122729499,-0.0375675985698813,NaN
-0.0215340715630418,-0.0375675985698899,NaN
-0.0215401308531338,-0.0375675985698684,NaN
-0.0215461901432257,-0.0375675985698705,NaN
-0.0215522494333176,-0.0375675985698684,NaN
-0.0215583087234095,-0.0375675985698469,NaN
-0.0215643680135014,-0.037567598569849,NaN
-0.0215704273035933,-0.0375675985698791,NaN
-0.0215764865936852,-0.0375675985698684,NaN
-0.0215825458837771,-0.037567598569849,NaN
-0.0215886051738691,-0.0375675985698146,NaN
-0.021594664463961,-0.0375675985698469,NaN
-0.0216007237540529,-0.0375675985699028,NaN
-0.0216067830441448,-0.0375675985698275,NaN
-0.0216128423342367,-0.0375675985697608,NaN
-0.0216189016243286,-0.0375675985697931,NaN
-0.0216249609144205,-0.0375675985698813,NaN
-0.0216310202045124,-0.0375675985698791,NaN
-0.0216370794946043,-0.0375675985698361,NaN
-0.0216431387846962,-0.037567598569849,NaN
-0.0216491980747882,-0.0375675985698146,NaN
-0.0216552573648801,-0.0375675985698253,NaN
-0.021661316654972,-0.0375675985699028,NaN
-0.0216673759450639,-0.0375675985698791,NaN
-0.0216734352351558,-0.0375675985698253,NaN
-0.0216794945252477,-0.0375675985697845,NaN
-0.0216855538153396,-0.0375675985698361,NaN
-0.0216916131054315,-0.0375675985699329,NaN
-0.0216976723955235,-0.0375675985698275,NaN
-0.0217037316856153,-0.0375675985698038,NaN
-0.0217097909757073,-0.0375675985699006,NaN
-0.0217158502657992,-0.0375675985699243,NaN
-0.0217219095558911,-0.0375675985698469,NaN
-0.021727968845983,-0.0375675985698253,NaN
-0.0217340281360749,-0.0375675985698813,NaN
-0.0217400874261668,-0.0375675985698684,NaN
-0.0217461467162588,-0.0375675985698684,NaN
-0.0217522060063507,-0.0375675985698598,NaN
-0.0217582652964426,-0.0375675985698576,NaN
-0.0217643245865345,-0.0375675985698469,NaN
-0.0217703838766264,-0.0375675985698275,NaN
-0.0217764431667183,-0.0375675985698813,NaN
-0.0217825024568102,-0.0375675985698469,NaN
-0.0217885617469021,-0.0375675985697608,NaN
-0.021794621036994,-0.037567598569806,NaN
-0.0218006803270859,-0.0375675985698791,NaN
-0.0218067396171779,-0.0375675985699006,NaN
-0.0218127989072698,-0.0375675985698275,NaN
-0.0218188581973617,-0.0375675985697823,NaN
-0.0218249174874536,-0.0375675985698361,NaN
-0.0218309767775455,-0.0375675985698813,NaN
-0.0218370360676374,-0.0375675985698791,NaN
-0.0218430953577293,-0.0375675985698146,NaN
-0.0218491546478212,-0.0375675985698168,NaN
-0.0218552139379131,-0.0375675985698576,NaN
-0.021861273228005,-0.0375675985698253,NaN
-0.0218673325180969,-0.0375675985698705,NaN
-0.0218733918081889,-0.0375675985698684,NaN
-0.0218794510982808,-0.0375675985697716,NaN
-0.0218855103883727,-0.0375675985697845,NaN
-0.0218915696784646,-0.0375675985699006,NaN
-0.0218976289685565,-0.0375675985699437,NaN
-0.0219036882586484,-0.0375675985698383,NaN
-0.0219097475487403,-0.0375675985697931,NaN
-0.0219158068388322,-0.0375675985698684,NaN
-0.0219218661289242,-0.0375675985699566,NaN
-0.0219279254190161,-0.0375675985698791,NaN
-0.021933984709108,-0.0375675985698146,NaN
-0.0219400439991999,-0.0375675985698813,NaN
-0.0219461032892918,-0.037567598569849,NaN
-0.0219521625793837,-0.0375675985698146,NaN
-0.0219582218694756,-0.0375675985698576,NaN
-0.0219642811595675,-0.0375675985698921,NaN
-0.0219703404496595,-0.0375675985698146,NaN
-0.0219763997397514,-0.0375675985698361,NaN
-0.0219824590298433,-0.0375675985699566,NaN
-0.0219885183199352,-0.0375675985699221,NaN
-0.0219945776100271,-0.0375675985698146,NaN
-0.022000636900119,-0.0375675985698168,NaN
-0.0220066961902109,-0.0375675985698684,NaN
-0.0220127554803029,-0.0375675985699114,NaN
-0.0220188147703948,-0.0375675985698598,NaN
-0.0220248740604867,-0.0375675985698038,NaN
-0.0220309333505786,-0.0375675985698469,NaN
-0.0220369926406705,-0.0375675985698383,NaN
-0.0220430519307624,-0.0375675985698038,NaN
-0.0220491112208543,-0.0375675985698361,NaN
-0.0220551705109462,-0.0375675985698383,NaN
-0.0220612298010381,-0.0375675985698146,NaN
-0.02206728909113,-0.0375675985698469,NaN
-0.022073348381222,-0.0375675985698921,NaN
-0.0220794076713139,-0.0375675985698684,NaN
-0.0220854669614058,-0.0375675985698146,NaN
-0.0220915262514977,-0.037567598569806,NaN
-0.0220975855415896,-0.0375675985698469,NaN
-0.0221036448316815,-0.0375675985699221,NaN
-0.0221097041217734,-0.0375675985698598,NaN
-0.0221157634118653,-0.0375675985697953,NaN
-0.0221218227019572,-0.0375675985697931,NaN
-0.0221278819920491,-0.0375675985698146,NaN
-0.0221339412821411,-0.0375675985699028,NaN
-0.022140000572233,-0.0375675985699114,NaN
-0.0221460598623249,-0.0375675985698684,NaN
-0.0221521191524168,-0.0375675985697953,NaN
-0.0221581784425087,-0.0375675985698576,NaN
-0.0221642377326006,-0.0375675985699437,NaN
-0.0221702970226926,-0.0375675985698813,NaN
-0.0221763563127845,-0.0375675985698038,NaN
-0.0221824156028764,-0.0375675985698146,NaN
-0.0221884748929683,-0.0375675985699243,NaN
-0.0221945341830602,-0.0375675985699221,NaN
-0.0222005934731521,-0.0375675985698146,NaN
-0.022206652763244,-0.0375675985697953,NaN
-0.0222127120533359,-0.0375675985698791,NaN
-0.0222187713434279,-0.0375675985698791,NaN
-0.0222248306335198,-0.037567598569849,NaN
-0.0222308899236117,-0.0375675985698469,NaN
-0.0222369492137036,-0.0375675985698253,NaN
-0.0222430085037955,-0.0375675985698383,NaN
-0.0222490677938874,-0.0375675985698791,NaN
-0.0222551270839793,-0.0375675985698791,NaN
-0.0222611863740712,-0.037567598569849,NaN
-0.0222672456641631,-0.0375675985697823,NaN
-0.022273304954255,-0.0375675985698361,NaN
-0.022279364244347,-0.0375675985699136,NaN
-0.0222854235344389,-0.0375675985698275,NaN
-0.0222914828245308,-0.0375675985697716,NaN
-0.0222975421146227,-0.0375675985698038,NaN
-0.0223036014047146,-0.0375675985698598,NaN
-0.0223096606948065,-0.0375675985698684,NaN
-0.0223157199848984,-0.0375675985698361,NaN
-0.0223217792749903,-0.0375675985698275,NaN
-0.0223278385650822,-0.0375675985698361,NaN
-0.0223338978551741,-0.0375675985698253,NaN
-0.022339957145266,-0.0375675985698598,NaN
-0.022346016435358,-0.0375675985698684,NaN
-0.0223520757254499,-0.0375675985698469,NaN
-0.0223581350155418,-0.0375675985698383,NaN
-0.0223641943056337,-0.0375675985698361,NaN
-0.0223702535957256,-0.0375675985699006,NaN
-0.0223763128858175,-0.0375675985699136,NaN
-0.0223823721759094,-0.0375675985697931,NaN
-0.0223884314660013,-0.0375675985697823,NaN
-0.0223944907560932,-0.0375675985699351,NaN
-0.0224005500461852,-0.0375675985698684,NaN
-0.0224066093362771,-0.0375675985698253,NaN
-0.022412668626369,-0.0375675985698813,NaN
-0.0224187279164609,-0.0375675985698791,NaN
-0.0224247872065528,-0.0375675985699114,NaN
-0.0224308464966447,-0.0375675985698813,NaN
-0.0224369057867367,-0.0375675985698813,NaN
-0.0224429650768286,-0.0375675985698684,NaN
-0.0224490243669205,-0.0375675985698253,NaN
-0.0224550836570124,-0.0375675985698705,NaN
-0.0224611429471043,-0.0375675985698791,NaN
-0.0224672022371962,-0.0375675985698146,NaN
-0.0224732615272881,-0.0375675985697953,NaN
-0.02247932081738,-0.0375675985698146,NaN
-0.0224853801074719,-0.0375675985698791,NaN
-0.0224914393975639,-0.0375675985698598,NaN
-0.0224974986876558,-0.0375675985697931,NaN
-0.0225035579777477,-0.0375675985698253,NaN
-0.0225096172678396,-0.0375675985698705,NaN
-0.0225156765579315,-0.0375675985698791,NaN
-0.0225217358480234,-0.0375675985698361,NaN
-0.0225277951381153,-0.0375675985698168,NaN
-0.0225338544282072,-0.0375675985698361,NaN
-0.0225399137182991,-0.0375675985698469,NaN
-0.022545973008391,-0.0375675985698705,NaN
-0.022552032298483,-0.0375675985698576,NaN
-0.0225580915885749,-0.0375675985697823,NaN
-0.0225641508786668,-0.037567598569806,NaN
-0.0225702101687587,-0.0375675985698899,NaN
-0.0225762694588506,-0.0375675985699006,NaN
-0.0225823287489425,-0.0375675985698813,NaN
-0.0225883880390344,-0.0375675985698253,NaN
-0.0225944473291263,-0.0375675985698361,NaN
-0.0226005066192182,-0.0375675985699351,NaN
-0.0226065659093102,-0.0375675985698921,NaN
-0.0226126251994021,-0.0375675985698146,NaN
-0.022618684489494,-0.0375675985698361,NaN
-0.0226247437795859,-0.0375675985698598,NaN
-0.0226308030696778,-0.0375675985698576,NaN
-0.0226368623597697,-0.0375675985698469,NaN
-0.0226429216498616,-0.0375675985698705,NaN
-0.0226489809399536,-0.0375675985698038,NaN
-0.0226550402300454,-0.0375675985698361,NaN
-0.0226610995201374,-0.0375675985699243,NaN
-0.0226671588102293,-0.0375675985698899,NaN
-0.0226732181003212,-0.0375675985697931,NaN
-0.0226792773904131,-0.0375675985697953,NaN
-0.022685336680505,-0.0375675985699114,NaN
-0.0226913959705969,-0.0375675985699221,NaN
-0.0226974552606889,-0.0375675985698383,NaN
-0.0227035145507808,-0.0375675985698146,NaN
-0.0227095738408727,-0.0375675985698361,NaN
-0.0227156331309646,-0.0375675985698598,NaN
-0.0227216924210565,-0.0375675985698469,NaN
-0.0227277517111484,-0.0375675985698038,NaN
-0.0227338110012403,-0.0375675985698168,NaN
-0.0227398702913322,-0.0375675985697823,NaN
-0.0227459295814241,-0.0375675985698469,NaN
-0.022751988871516,-0.0375675985699351,NaN
-0.022758048161608,-0.0375675985698253,NaN
-0.0227641074516998,-0.0375675985697716,NaN
-0.0227701667417918,-0.0375675985698168,NaN
-0.0227762260318837,-0.0375675985699028,NaN
-0.0227822853219756,-0.0375675985699221,NaN
-0.0227883446120675,-0.0375675985698146,NaN
-0.0227944039021594,-0.0375675985698275,NaN
-0.0228004631922513,-0.0375675985698469,NaN
-0.0228065224823432,-0.0375675985698361,NaN
-0.0228125817724351,-0.0375675985698598,NaN
-0.0228186410625271,-0.0375675985698469,NaN
-0.022824700352619,-0.0375675985698684,NaN
-0.0228307596427109,-0.0375675985698598,NaN
-0.0228368189328028,-0.0375675985698684,NaN
-0.0228428782228947,-0.0375675985699221,NaN
-0.0228489375129866,-0.0375675985699028,NaN
-0.0228549968030785,-0.0375675985698038,NaN
-0.0228610560931704,-0.0375675985698361,NaN
-0.0228671153832624,-0.0375675985699243,NaN
-0.0228731746733543,-0.0375675985699006,NaN
-0.0228792339634462,-0.0375675985698576,NaN
-0.0228852932535381,-0.0375675985698275,NaN
-0.02289135254363,-0.0375675985698469,NaN
-0.0228974118337219,-0.0375675985699006,NaN
-0.0229034711238139,-0.0375675985698598,NaN
-0.0229095304139058,-0.0375675985698038,NaN
-0.0229155897039977,-0.0375675985698361,NaN
-0.0229216489940896,-0.0375675985698383,NaN
-0.0229277082841815,-0.0375675985698684,NaN
-0.0229337675742734,-0.0375675985698899,NaN
-0.0229398268643653,-0.037567598569849,NaN
-0.0229458861544572,-0.037567598569806,NaN
-0.0229519454445491,-0.0375675985698469,NaN
-0.022958004734641,-0.0375675985698899,NaN
-0.022964064024733,-0.037567598569849,NaN
-0.0229701233148249,-0.0375675985697823,NaN
-0.0229761826049168,-0.0375675985697716,NaN
-0.0229822418950087,-0.0375675985698705,NaN
-0.0229883011851006,-0.0375675985698469,NaN
-0.0229943604751925,-0.0375675985698038,NaN
-0.0230004197652844,-0.0375675985698598,NaN
-0.0230064790553763,-0.0375675985698576,NaN
-0.0230125383454682,-0.0375675985698469,NaN
-0.0230185976355601,-0.0375675985698705,NaN
-0.0230246569256521,-0.0375675985698576,NaN
-0.023030716215744,-0.0375675985698253,NaN
-0.0230367755058359,-0.0375675985698168,NaN
-0.0230428347959278,-0.0375675985698684,NaN
-0.0230488940860197,-0.0375675985699114,NaN
-0.0230549533761116,-0.0375675985698921,NaN
-0.0230610126662035,-0.0375675985698361,NaN
-0.0230670719562954,-0.0375675985698038,NaN
-0.0230731312463873,-0.0375675985698921,NaN
-0.0230791905364793,-0.0375675985698361,NaN
-0.0230852498265712,-0.0375675985697823,NaN
-0.0230913091166631,-0.0375675985698921,NaN
-0.023097368406755,-0.0375675985698684,NaN
-0.0231034276968469,-0.0375675985698469,NaN
-0.0231094869869388,-0.0375675985698921,NaN
-0.0231155462770307,-0.0375675985698813,NaN
-0.0231216055671227,-0.0375675985698684,NaN
-0.0231276648572146,-0.0375675985698576,NaN
-0.0231337241473065,-0.0375675985699136,NaN
-0.0231397834373984,-0.0375675985699114,NaN
-0.0231458427274903,-0.0375675985698361,NaN
-0.0231519020175822,-0.0375675985697845,NaN
-0.0231579613076741,-0.0375675985698038,NaN
-0.023164020597766,-0.0375675985698684,NaN
-0.023170079887858,-0.037567598569849,NaN
-0.0231761391779499,-0.0375675985698146,NaN
-0.0231821984680418,-0.0375675985698038,NaN
-0.0231882577581337,-0.037567598569849,NaN
-0.0231943170482256,-0.0375675985698791,NaN
-0.0232003763383175,-0.0375675985698469,NaN
-0.0232064356284094,-0.0375675985698275,NaN
-0.0232124949185013,-0.0375675985698253,NaN
-0.0232185542085932,-0.0375675985698361,NaN
-0.0232246134986851,-0.0375675985698813,NaN
-0.0232306727887771,-0.0375675985698684,NaN
-0.023236732078869,-0.0375675985698253,NaN
-0.0232427913689609,-0.0375675985697953,NaN
-0.0232488506590528,-0.0375675985698253,NaN
-0.0232549099491447,-0.0375675985698899,NaN
-0.0232609692392366,-0.0375675985698168,NaN
-0.0232670285293285,-0.0375675985697716,NaN
-0.0232730878194204,-0.0375675985698469,NaN
-0.0232791471095123,-0.0375675985699028,NaN
-0.0232852063996042,-0.0375675985698705,NaN
-0.0232912656896961,-0.0375675985698469,NaN
-0.0232973249797881,-0.0375675985698899,NaN
-0.02330338426988,-0.0375675985698921,NaN
-0.0233094435599719,-0.0375675985698576,NaN
-0.0233155028500638,-0.0375675985698684,NaN
-0.0233215621401557,-0.0375675985698813,NaN
-0.0233276214302476,-0.0375675985698038,NaN
-0.0233336807203395,-0.0375675985698361,NaN
-0.0233397400104315,-0.0375675985699136,NaN
-0.0233457993005234,-0.0375675985698791,NaN
-0.0233518585906153,-0.0375675985698146,NaN
-0.0233579178807072,-0.0375675985698168,NaN
-0.0233639771707991,-0.0375675985698899,NaN
-0.023370036460891,-0.0375675985699329,NaN
-0.0233760957509829,-0.0375675985698598,NaN
-0.0233821550410748,-0.0375675985697931,NaN
-0.0233882143311668,-0.0375675985698469,NaN
-0.0233942736212587,-0.0375675985698705,NaN
-0.0234003329113506,-0.0375675985698684,NaN
-0.0234063922014425,-0.0375675985698469,NaN
-0.0234124514915344,-0.037567598569849,NaN
-0.0234185107816263,-0.0375675985698038,NaN
-0.0234245700717182,-0.0375675985698038,NaN
-0.0234306293618101,-0.0375675985698705,NaN
-0.023436688651902,-0.0375675985698361,NaN
-0.0234427479419939,-0.0375675985697931,NaN
-0.0234488072320858,-0.0375675985698383,NaN
-0.0234548665221778,-0.0375675985698813,NaN
-0.0234609258122697,-0.0375675985698791,NaN
-0.0234669851023616,-0.0375675985698469,NaN
-0.0234730443924535,-0.0375675985698168,NaN
-0.0234791036825454,-0.0375675985698361,NaN
-0.0234851629726373,-0.0375675985698791,NaN
-0.0234912222627292,-0.0375675985699028,NaN
-0.0234972815528212,-0.0375675985698469,NaN
-0.0235033408429131,-0.0375675985698361,NaN
-0.023509400133005,-0.0375675985698275,NaN
-0.0235154594230969,-0.0375675985698469,NaN
-0.0235215187131888,-0.0375675985698899,NaN
-0.0235275780032807,-0.0375675985698813,NaN
-0.0235336372933726,-0.0375675985698361,NaN
-0.0235396965834645,-0.0375675985698038,NaN
-0.0235457558735564,-0.0375675985699136,NaN
-0.0235518151636484,-0.0375675985699006,NaN
-0.0235578744537403,-0.0375675985698146,NaN
-0.0235639337438322,-0.037567598569849,NaN
-0.0235699930339241,-0.0375675985698684,NaN
-0.023576052324016,-0.0375675985699221,NaN
-0.0235821116141079,-0.0375675985698813,NaN
-0.0235881709041998,-0.0375675985697823,NaN
-0.0235942301942917,-0.0375675985698146,NaN
-0.0236002894843837,-0.0375675985698275,NaN
-0.0236063487744756,-0.0375675985698469,NaN
-0.0236124080645675,-0.0375675985698791,NaN
-0.0236184673546594,-0.037567598569849,NaN
-0.0236245266447513,-0.037567598569806,NaN
-0.0236305859348432,-0.0375675985698576,NaN
-0.0236366452249351,-0.0375675985699114,NaN
-0.023642704515027,-0.0375675985698598,NaN
-0.0236487638051189,-0.0375675985698038,NaN
-0.0236548230952109,-0.0375675985697931,NaN
-0.0236608823853028,-0.037567598569849,NaN
-0.0236669416753947,-0.0375675985699006,NaN
-0.0236730009654866,-0.0375675985698361,NaN
-0.0236790602555785,-0.037567598569806,NaN
-0.0236851195456704,-0.0375675985698146,NaN
-0.0236911788357623,-0.0375675985697931,NaN
-0.0236972381258542,-0.0375675985698705,NaN
-0.0237032974159461,-0.0375675985698684,NaN
-0.023709356706038,-0.0375675985698361,NaN
-0.0237154159961299,-0.0375675985698383,NaN
-0.0237214752862219,-0.0375675985698361,NaN
-0.0237275345763138,-0.0375675985699114,NaN
-0.0237335938664057,-0.0375675985698921,NaN
-0.0237396531564976,-0.0375675985698253,NaN
-0.0237457124465895,-0.0375675985698361,NaN
-0.0237517717366814,-0.0375675985699243,NaN
-0.0237578310267734,-0.0375675985699006,NaN
-0.0237638903168653,-0.0375675985697716,NaN
-0.0237699496069572,-0.0375675985698275,NaN
-0.0237760088970491,-0.0375675985698684,NaN
-0.023782068187141,-0.0375675985698469,NaN
-0.0237881274772329,-0.0375675985698813,NaN
-0.0237941867673248,-0.0375675985699028,NaN
-0.0238002460574167,-0.0375675985698791,NaN
-0.0238063053475086,-0.0375675985698576,NaN
-0.0238123646376006,-0.0375675985699136,NaN
-0.0238184239276925,-0.0375675985698791,NaN
-0.0238244832177844,-0.0375675985698469,NaN
-0.0238305425078763,-0.0375675985698275,NaN
-0.0238366017979682,-0.0375675985698361,NaN
-0.0238426610880601,-0.0375675985699221,NaN
-0.0238487203781521,-0.0375675985698275,NaN
-0.0238547796682439,-0.0375675985697716,NaN
-0.0238608389583359,-0.0375675985698038,NaN
-0.0238668982484278,-0.0375675985698813,NaN
-0.0238729575385197,-0.0375675985698791,NaN
-0.0238790168286116,-0.0375675985698146,NaN
-0.0238850761187035,-0.0375675985698598,NaN
-0.0238911354087954,-0.0375675985698361,NaN
-0.0238971946988873,-0.0375675985698038,NaN
-0.0239032539889792,-0.0375675985698705,NaN
-0.0239093132790711,-0.0375675985698899,NaN
-0.0239153725691631,-0.0375675985698146,NaN
-0.023921431859255,-0.0375675985697737,NaN
-0.0239274911493468,-0.0375675985698146,NaN
-0.0239335504394388,-0.0375675985699006,NaN
-0.0239396097295307,-0.0375675985698383,NaN
-0.0239456690196226,-0.037567598569806,NaN
-0.0239517283097145,-0.0375675985698469,NaN
-0.0239577875998064,-0.0375675985698791,NaN
-0.0239638468898983,-0.0375675985698921,NaN
-0.0239699061799902,-0.0375675985698576,NaN
-0.0239759654700822,-0.0375675985698684,NaN
-0.0239820247601741,-0.0375675985698813,NaN
-0.023988084050266,-0.0375675985698684,NaN
-0.0239941433403579,-0.0375675985698684,NaN
-0.0240002026304498,-0.0375675985698598,NaN
-0.0240062619205417,-0.0375675985698253,NaN
-0.0240123212106336,-0.0375675985698576,NaN
-0.0240183805007256,-0.0375675985699136,NaN
-0.0240244397908175,-0.0375675985698361,NaN
-0.0240304990809094,-0.0375675985697931,NaN
-0.0240365583710013,-0.037567598569849,NaN
-0.0240426176610932,-0.0375675985698576,NaN
-0.0240486769511851,-0.0375675985699006,NaN
-0.024054736241277,-0.0375675985698275,NaN
-0.0240607955313689,-0.0375675985697823,NaN
-0.0240668548214608,-0.0375675985698684,NaN
-0.0240729141115527,-0.0375675985698813,NaN
-0.0240789734016447,-0.0375675985698576,NaN
-0.0240850326917366,-0.0375675985698361,NaN
-0.0240910919818285,-0.0375675985698168,NaN
-0.0240971512719204,-0.0375675985698146,NaN
-0.0241032105620123,-0.0375675985698253,NaN
-0.0241092698521042,-0.0375675985698598,NaN
-0.0241153291421961,-0.0375675985698813,NaN
-0.024121388432288,-0.0375675985697823,NaN
-0.0241274477223799,-0.0375675985697608,NaN
-0.0241335070124718,-0.0375675985698813,NaN
-0.0241395663025637,-0.0375675985698899,NaN
-0.0241456255926557,-0.0375675985698361,NaN
-0.0241516848827476,-0.037567598569849,NaN
-0.0241577441728395,-0.0375675985698253,NaN
-0.0241638034629314,-0.0375675985698791,NaN
-0.0241698627530233,-0.0375675985699028,NaN
-0.0241759220431152,-0.0375675985698576,NaN
-0.0241819813332071,-0.0375675985698791,NaN
-0.0241880406232991,-0.0375675985698383,NaN
-0.024194099913391,-0.0375675985698253,NaN
-0.0242001592034829,-0.0375675985698684,NaN
-0.0242062184935748,-0.0375675985698921,NaN
-0.0242122777836667,-0.0375675985698146,NaN
-0.0242183370737586,-0.0375675985697823,NaN
-0.0242243963638505,-0.0375675985699243,NaN
-0.0242304556539424,-0.0375675985699544,NaN
-0.0242365149440344,-0.0375675985698253,NaN
-0.0242425742341263,-0.037567598569806,NaN
-0.0242486335242182,-0.0375675985699544,NaN
-0.0242546928143101,-0.0375675985699867,NaN
-0.024260752104402,-0.0375675985698275,NaN
-0.0242668113944939,-0.0375675985697716,NaN
-0.0242728706845858,-0.0375675985698253,NaN
-0.0242789299746777,-0.0375675985698598,NaN
-0.0242849892647697,-0.0375675985698813,NaN
-0.0242910485548616,-0.0375675985698576,NaN
-0.0242971078449535,-0.0375675985698253,NaN
-0.0243031671350454,-0.0375675985697845,NaN
-0.0243092264251373,-0.0375675985698469,NaN
-0.0243152857152292,-0.0375675985699006,NaN
-0.0243213450053211,-0.037567598569849,NaN
-0.024327404295413,-0.0375675985697931,NaN
-0.0243334635855049,-0.0375675985697931,NaN
-0.0243395228755968,-0.0375675985699028,NaN
-0.0243455821656888,-0.0375675985699221,NaN
-0.0243516414557807,-0.0375675985698253,NaN
-0.0243577007458726,-0.0375675985697845,NaN
-0.0243637600359645,-0.0375675985698253,NaN
-0.0243698193260564,-0.0375675985698146,NaN
-0.0243758786161483,-0.0375675985698275,NaN
-0.0243819379062402,-0.0375675985698469,NaN
-0.0243879971963321,-0.0375675985698469,NaN
-0.024394056486424,-0.0375675985698275,NaN
-0.0244001157765159,-0.0375675985698361,NaN
-0.0244061750666079,-0.0375675985699221,NaN
-0.0244122343566998,-0.0375675985699566,NaN
-0.0244182936467917,-0.0375675985698038,NaN
-0.0244243529368836,-0.0375675985697716,NaN
-0.0244304122269755,-0.0375675985699458,NaN
-0.0244364715170674,-0.0375675985699329,NaN
-0.0244425308071594,-0.0375675985698038,NaN
-0.0244485900972513,-0.0375675985697953,NaN
-0.0244546493873432,-0.0375675985698705,NaN
-0.0244607086774351,-0.0375675985698576,NaN
-0.024466767967527,-0.0375675985698361,NaN
-0.0244728272576189,-0.0375675985698813,NaN
-0.0244788865477108,-0.0375675985698684,NaN
-0.0244849458378027,-0.0375675985698469,NaN
-0.0244910051278946,-0.0375675985698813,NaN
-0.0244970644179866,-0.0375675985698791,NaN
-0.0245031237080785,-0.0375675985698684,NaN
-0.0245091829981704,-0.037567598569806,NaN
-0.0245152422882623,-0.0375675985698253,NaN
-0.0245213015783542,-0.0375675985699221,NaN
-0.0245273608684461,-0.0375675985699028,NaN
-0.024533420158538,-0.0375675985697823,NaN
-0.0245394794486299,-0.0375675985697501,NaN
-0.0245455387387218,-0.0375675985698705,NaN
-0.0245515980288138,-0.0375675985698684,NaN
-0.0245576573189057,-0.0375675985698146,NaN
-0.0245637166089976,-0.0375675985698168,NaN
-0.0245697758990895,-0.0375675985698361,NaN
-0.0245758351891814,-0.0375675985698469,NaN
-0.0245818944792733,-0.0375675985698705,NaN
-0.0245879537693652,-0.0375675985698576,NaN
-0.0245940130594571,-0.0375675985698253,NaN
-0.024600072349549,-0.037567598569806,NaN
-0.0246061316396409,-0.0375675985698253,NaN
-0.0246121909297328,-0.0375675985699114,NaN
-0.0246182502198248,-0.0375675985698813,NaN
-0.0246243095099167,-0.0375675985697737,NaN
-0.0246303688000086,-0.0375675985697823,NaN
-0.0246364280901005,-0.0375675985699006,NaN
-0.0246424873801924,-0.0375675985699028,NaN
-0.0246485466702843,-0.0375675985698684,NaN
-0.0246546059603762,-0.0375675985698791,NaN
-0.0246606652504682,-0.0375675985698598,NaN
-0.0246667245405601,-0.0375675985698899,NaN
-0.024672783830652,-0.0375675985699006,NaN
-0.0246788431207439,-0.037567598569849,NaN
-0.0246849024108358,-0.0375675985698684,NaN
-0.0246909617009277,-0.0375675985698469,NaN
-0.0246970209910196,-0.0375675985698598,NaN
-0.0247030802811116,-0.0375675985699221,NaN
-0.0247091395712035,-0.0375675985698469,NaN
-0.0247151988612954,-0.0375675985697737,NaN
-0.0247212581513873,-0.0375675985698576,NaN
-0.0247273174414792,-0.0375675985699329,NaN
-0.0247333767315711,-0.0375675985698598,NaN
-0.024739436021663,-0.0375675985697931,NaN
-0.0247454953117549,-0.0375675985698576,NaN
-0.0247515546018469,-0.0375675985699243,NaN
-0.0247576138919388,-0.0375675985698576,NaN
-0.0247636731820307,-0.0375675985698146,NaN
-0.0247697324721226,-0.0375675985698275,NaN
-0.0247757917622145,-0.0375675985698146,NaN
-0.0247818510523064,-0.0375675985698253,NaN
-0.0247879103423983,-0.0375675985698705,NaN
-0.0247939696324902,-0.0375675985698705,NaN
-0.0248000289225821,-0.0375675985697716,NaN
-0.024806088212674,-0.0375675985697716,NaN
-0.0248121475027659,-0.0375675985698813,NaN
-0.0248182067928579,-0.0375675985699006,NaN
-0.0248242660829498,-0.0375675985698146,NaN
-0.0248303253730417,-0.037567598569806,NaN
-0.0248363846631336,-0.0375675985698361,NaN
-0.0248424439532255,-0.0375675985698684,NaN
-0.0248485032433174,-0.0375675985698921,NaN
-0.0248545625334093,-0.0375675985698361,NaN
-0.0248606218235012,-0.0375675985698253,NaN
-0.0248666811135931,-0.0375675985698705,NaN
-0.0248727404036851,-0.0375675985698469,NaN
-0.024878799693777,-0.0375675985698576,NaN
-0.0248848589838689,-0.0375675985698813,NaN
-0.0248909182739608,-0.0375675985698038,NaN
-0.0248969775640527,-0.0375675985698253,NaN
-0.0249030368541446,-0.0375675985698813,NaN
-0.0249090961442365,-0.0375675985699006,NaN
-0.0249151554343284,-0.0375675985698576,NaN
-0.0249212147244203,-0.0375675985698168,NaN
-0.0249272740145123,-0.0375675985698791,NaN
-0.0249333333046042,-0.0375675985699221,NaN
-0.0249393925946961,-0.0375675985698705,NaN
-0.024945451884788,-0.0375675985698361,NaN
-0.0249515111748799,-0.0375675985698253,NaN
-0.0249575704649718,-0.0375675985698921,NaN
-0.0249636297550638,-0.0375675985698813,NaN
-0.0249696890451557,-0.0375675985697931,NaN
-0.0249757483352476,-0.0375675985698146,NaN
-0.0249818076253395,-0.0375675985697953,NaN
-0.0249878669154314,-0.0375675985698361,NaN
-0.0249939262055233,-0.0375675985698899,NaN
-0.0249999854956152,-0.037567598569849,NaN
-0.0250060447857071,-0.0375675985697716,NaN
-0.025012104075799,-0.0375675985698253,NaN
-0.0250181633658909,-0.0375675985699028,NaN
-0.0250242226559828,-0.0375675985698899,NaN
-0.0250302819460748,-0.0375675985698361,NaN
-0.0250363412361667,-0.037567598569806,NaN
-0.0250424005262586,-0.0375675985698253,NaN
-0.0250484598163505,-0.0375675985698253,NaN
-0.0250545191064424,-0.0375675985698705,NaN
-0.0250605783965343,-0.0375675985698361,NaN
-0.0250666376866262,-0.0375675985698146,NaN
-0.0250726969767181,-0.0375675985698383,NaN
-0.02507875626681,-0.0375675985698684,NaN
-0.0250848155569019,-0.0375675985699329,NaN
-0.0250908748469939,-0.0375675985699243,NaN
-0.0250969341370858,-0.0375675985697931,NaN
-0.0251029934271777,-0.0375675985698253,NaN
-0.0251090527172696,-0.0375675985699673,NaN
-0.0251151120073615,-0.0375675985699114,NaN
-0.0251211712974534,-0.0375675985698038,NaN
-0.0251272305875453,-0.0375675985698383,NaN
-0.0251332898776373,-0.0375675985698705,NaN
-0.0251393491677292,-0.0375675985698684,NaN
-0.0251454084578211,-0.0375675985698576,NaN
-0.025151467747913,-0.0375675985698275,NaN
-0.0251575270380049,-0.0375675985698576,NaN
-0.0251635863280968,-0.0375675985698576,NaN
-0.0251696456181887,-0.0375675985698813,NaN
-0.0251757049082806,-0.0375675985699006,NaN
-0.0251817641983726,-0.0375675985698576,NaN
-0.0251878234884645,-0.0375675985698275,NaN
-0.0251938827785564,-0.0375675985698469,NaN
-0.0251999420686483,-0.0375675985698576,NaN
-0.0252060013587402,-0.0375675985698598,NaN
-0.0252120606488321,-0.0375675985698146,NaN
-0.025218119938924,-0.0375675985697931,NaN
-0.0252241792290159,-0.0375675985698383,NaN
-0.0252302385191078,-0.0375675985698576,NaN
-0.0252362978091998,-0.0375675985698469,NaN
-0.0252423570992917,-0.0375675985698383,NaN
-0.0252484163893836,-0.0375675985698038,NaN
-0.0252544756794755,-0.0375675985698253,NaN
-0.0252605349695674,-0.0375675985698705,NaN
-0.0252665942596593,-0.0375675985698469,NaN
-0.0252726535497512,-0.0375675985698576,NaN
-0.0252787128398431,-0.037567598569849,NaN
-0.025284772129935,-0.0375675985698361,NaN
-0.0252908314200269,-0.0375675985698791,NaN
-0.0252968907101189,-0.0375675985698705,NaN
-0.0253029500002108,-0.0375675985697953,NaN
-0.0253090092903027,-0.0375675985698038,NaN
-0.0253150685803946,-0.0375675985698791,NaN
-0.0253211278704865,-0.0375675985698921,NaN
-0.0253271871605784,-0.0375675985698469,NaN
-0.0253332464506703,-0.0375675985698469,NaN
-0.0253393057407622,-0.0375675985698813,NaN
-0.0253453650308542,-0.0375675985698469,NaN
-0.0253514243209461,-0.0375675985698469,NaN
-0.025357483611038,-0.0375675985698598,NaN
-0.0253635429011299,-0.0375675985698684,NaN
-0.0253696021912218,-0.0375675985698469,NaN
-0.0253756614813137,-0.0375675985698598,NaN
-0.0253817207714056,-0.0375675985699114,NaN
-0.0253877800614975,-0.0375675985698791,NaN
-0.0253938393515895,-0.0375675985698168,NaN
-0.0253998986416814,-0.0375675985698576,NaN
-0.0254059579317733,-0.0375675985699221,NaN
-0.0254120172218652,-0.0375675985698383,NaN
-0.0254180765119571,-0.0375675985697823,NaN
-0.025424135802049,-0.0375675985698146,NaN
-0.0254301950921409,-0.0375675985698705,NaN
-0.0254362543822328,-0.0375675985698684,NaN
-0.0254423136723247,-0.0375675985698146,NaN
-0.0254483729624166,-0.0375675985698598,NaN
-0.0254544322525086,-0.0375675985698705,NaN
-0.0254604915426005,-0.0375675985698253,NaN
-0.0254665508326924,-0.0375675985698899,NaN
-0.0254726101227843,-0.0375675985698705,NaN
-0.0254786694128762,-0.0375675985697716,NaN
-0.0254847287029681,-0.0375675985697716,NaN
-0.02549078799306,-0.037567598569849,NaN
-0.0254968472831519,-0.0375675985699006,NaN
-0.0255029065732439,-0.0375675985698253,NaN
-0.0255089658633357,-0.0375675985698383,NaN
-0.0255150251534277,-0.0375675985698576,NaN
-0.0255210844435196,-0.0375675985698361,NaN
-0.0255271437336115,-0.0375675985698921,NaN
-0.0255332030237034,-0.0375675985698576,NaN
-0.0255392623137953,-0.0375675985698146,NaN
-0.0255453216038872,-0.0375675985698598,NaN
-0.0255513808939791,-0.0375675985698791,NaN
-0.0255574401840711,-0.0375675985699006,NaN
-0.025563499474163,-0.0375675985698921,NaN
-0.0255695587642549,-0.0375675985698146,NaN
-0.0255756180543468,-0.0375675985698361,NaN
-0.0255816773444387,-0.0375675985699028,NaN
-0.0255877366345306,-0.0375675985698684,NaN
-0.0255937959246225,-0.0375675985698038,NaN
-0.0255998552147144,-0.037567598569849,NaN
-0.0256059145048064,-0.0375675985698899,NaN
-0.0256119737948983,-0.0375675985699221,NaN
-0.0256180330849902,-0.0375675985698705,NaN
-0.0256240923750821,-0.037567598569806,NaN
-0.025630151665174,-0.0375675985698576,NaN
-0.0256362109552659,-0.0375675985698684,NaN
-0.0256422702453578,-0.0375675985698383,NaN
-0.0256483295354497,-0.0375675985698253,NaN
-0.0256543888255417,-0.0375675985698146,NaN
-0.0256604481156336,-0.0375675985697845,NaN
-0.0256665074057255,-0.0375675985698361,NaN
-0.0256725666958174,-0.0375675985699114,NaN
-0.0256786259859093,-0.0375675985698813,NaN
-0.0256846852760012,-0.0375675985697931,NaN
-0.0256907445660931,-0.0375675985697823,NaN
-0.025696803856185,-0.0375675985699028,NaN
-0.0257028631462769,-0.0375675985699006,NaN
-0.0257089224363688,-0.0375675985697931,NaN
-0.0257149817264607,-0.0375675985698168,NaN
-0.0257210410165527,-0.0375675985698361,NaN
-0.0257271003066446,-0.0375675985698684,NaN
-0.0257331595967365,-0.0375675985698813,NaN
-0.0257392188868284,-0.0375675985698361,NaN
-0.0257452781769203,-0.0375675985698146,NaN
-0.0257513374670122,-0.0375675985697737,NaN
-0.0257573967571041,-0.0375675985698361,NaN
-0.025763456047196,-0.0375675985699221,NaN
-0.0257695153372879,-0.0375675985699243,NaN
-0.0257755746273799,-0.0375675985698253,NaN
-0.0257816339174718,-0.0375675985697823,NaN
-0.0257876932075637,-0.0375675985699243,NaN
-0.0257937524976556,-0.0375675985699673,NaN
-0.0257998117877475,-0.0375675985698146,NaN
-0.0258058710778394,-0.0375675985697823,NaN
-0.0258119303679313,-0.0375675985698813,NaN
-0.0258179896580232,-0.0375675985698791,NaN
-0.0258240489481152,-0.0375675985698576,NaN
-0.0258301082382071,-0.037567598569849,NaN
-0.025836167528299,-0.0375675985698253,NaN
-0.0258422268183909,-0.0375675985698361,NaN
-0.0258482861084828,-0.0375675985698921,NaN
-0.0258543453985747,-0.0375675985698899,NaN
-0.0258604046886666,-0.0375675985698469,NaN
-0.0258664639787585,-0.037567598569806,NaN
-0.0258725232688504,-0.0375675985698469,NaN
-0.0258785825589424,-0.0375675985699006,NaN
-0.0258846418490343,-0.0375675985698598,NaN
-0.0258907011391262,-0.0375675985698146,NaN
-0.0258967604292181,-0.0375675985698146,NaN
-0.02590281971931,-0.0375675985698813,NaN
-0.0259088790094019,-0.0375675985698899,NaN
-0.0259149382994938,-0.0375675985698146,NaN
-0.0259209975895857,-0.0375675985697953,NaN
-0.0259270568796776,-0.0375675985698038,NaN
-0.0259331161697696,-0.0375675985697823,NaN
-0.0259391754598614,-0.0375675985698705,NaN
-0.0259452347499534,-0.0375675985699006,NaN
-0.0259512940400453,-0.0375675985698361,NaN
-0.0259573533301372,-0.0375675985697953,NaN
-0.0259634126202291,-0.0375675985698598,NaN
-0.025969471910321,-0.0375675985699114,NaN
-0.0259755312004129,-0.0375675985698469,NaN
-0.0259815904905048,-0.037567598569806,NaN
-0.0259876497805967,-0.0375675985698146,NaN
-0.0259937090706887,-0.0375675985699006,NaN
-0.0259997683607806,-0.0375675985699028,NaN
-0.0260058276508725,-0.0375675985698253,NaN
-0.0260118869409644,-0.0375675985698253,NaN
-0.0260179462310563,-0.0375675985698813,NaN
-0.0260240055211482,-0.0375675985698576,NaN
-0.0260300648112401,-0.0375675985698576,NaN
-0.0260361241013321,-0.0375675985699028,NaN
-0.026042183391424,-0.0375675985698576,NaN
-0.0260482426815159,-0.0375675985698146,NaN
-0.0260543019716078,-0.0375675985699136,NaN
-0.0260603612616997,-0.0375675985699329,NaN
-0.0260664205517916,-0.0375675985698576,NaN
-0.0260724798418835,-0.037567598569806,NaN
-0.0260785391319754,-0.0375675985698361,NaN
-0.0260845984220674,-0.0375675985699437,NaN
-0.0260906577121593,-0.0375675985698813,NaN
-0.0260967170022512,-0.0375675985697931,NaN
-0.0261027762923431,-0.0375675985698146,NaN
-0.026108835582435,-0.0375675985698813,NaN
-0.0261148948725269,-0.0375675985698469,NaN
-0.0261209541626188,-0.0375675985698146,NaN
-0.0261270134527107,-0.0375675985698705,NaN
-0.0261330727428027,-0.0375675985698598,NaN
-0.0261391320328946,-0.0375675985698146,NaN
-0.0261451913229865,-0.0375675985698469,NaN
-0.0261512506130784,-0.0375675985699028,NaN
-0.0261573099031703,-0.0375675985698469,NaN
-0.0261633691932622,-0.0375675985697716,NaN
-0.0261694284833541,-0.0375675985698275,NaN
-0.026175487773446,-0.0375675985698684,NaN
-0.0261815470635379,-0.0375675985697931,NaN
-0.0261876063536298,-0.0375675985698168,NaN
-0.0261936656437217,-0.0375675985698146,NaN
-0.0261997249338136,-0.0375675985698576,NaN
-0.0262057842239056,-0.0375675985699136,NaN
-0.0262118435139975,-0.0375675985698361,NaN
-0.0262179028040894,-0.0375675985698361,NaN
-0.0262239620941813,-0.0375675985698705,NaN
-0.0262300213842732,-0.0375675985698791,NaN
-0.0262360806743651,-0.0375675985698791,NaN
-0.0262421399644571,-0.0375675985698598,NaN
-0.026248199254549,-0.0375675985698576,NaN
-0.0262542585446409,-0.0375675985698038,NaN
-0.0262603178347328,-0.0375675985698705,NaN
-0.0262663771248247,-0.0375675985699221,NaN
-0.0262724364149166,-0.0375675985697823,NaN
-0.0262784957050085,-0.0375675985698168,NaN
-0.0262845549951004,-0.0375675985698684,NaN
-0.0262906142851923,-0.0375675985699006,NaN
-0.0262966735752843,-0.0375675985698813,NaN
-0.0263027328653762,-0.0375675985698168,NaN
-0.0263087921554681,-0.0375675985698684,NaN
-0.02631485144556,-0.0375675985699114,NaN
-0.0263209107356519,-0.0375675985698705,NaN
-0.0263269700257438,-0.0375675985698469,NaN
-0.0263330293158357,-0.0375675985698684,NaN
-0.0263390886059277,-0.0375675985698275,NaN
-0.0263451478960196,-0.0375675985698253,NaN
-0.0263512071861115,-0.0375675985698576,NaN
-0.0263572664762034,-0.037567598569849,NaN
-0.0263633257662953,-0.0375675985697931,NaN
-0.0263693850563872,-0.0375675985697823,NaN
-0.0263754443464791,-0.037567598569849,NaN
-0.026381503636571,-0.0375675985698899,NaN
-0.0263875629266629,-0.0375675985698684,NaN
-0.0263936222167548,-0.0375675985698275,NaN
-0.0263996815068467,-0.0375675985698253,NaN
-0.0264057407969387,-0.0375675985698684,NaN
-0.0264118000870306,-0.037567598569849,NaN
-0.0264178593771225,-0.0375675985698038,NaN
-0.0264239186672144,-0.0375675985698361,NaN
-0.0264299779573063,-0.0375675985698383,NaN
-0.0264360372473982,-0.0375675985698038,NaN
-0.0264420965374901,-0.0375675985698469,NaN
-0.026448155827582,-0.0375675985698921,NaN
-0.0264542151176739,-0.0375675985698253,NaN
-0.0264602744077658,-0.0375675985698038,NaN
-0.0264663336978577,-0.0375675985698921,NaN
-0.0264723929879497,-0.0375675985699781,NaN
-0.0264784522780416,-0.0375675985698576,NaN
-0.0264845115681335,-0.0375675985698253,NaN
-0.0264905708582254,-0.0375675985699136,NaN
-0.0264966301483173,-0.0375675985699114,NaN
-0.0265026894384093,-0.0375675985698684,NaN
-0.0265087487285012,-0.0375675985698275,NaN
-0.0265148080185931,-0.0375675985698469,NaN
-0.026520867308685,-0.0375675985698791,NaN
-0.0265269265987769,-0.0375675985699028,NaN
-0.0265329858888688,-0.0375675985698253,NaN
-0.0265390451789607,-0.0375675985698253,NaN
-0.0265451044690526,-0.0375675985698275,NaN
-0.0265511637591445,-0.0375675985698469,NaN
-0.0265572230492365,-0.0375675985698899,NaN
-0.0265632823393284,-0.0375675985698598,NaN
-0.0265693416294203,-0.0375675985698038,NaN
-0.0265754009195122,-0.0375675985697931,NaN
-0.0265814602096041,-0.0375675985698813,NaN
-0.026587519499696,-0.0375675985699006,NaN
-0.0265935787897879,-0.0375675985698146,NaN
-0.0265996380798798,-0.0375675985697953,NaN
-0.0266056973699717,-0.0375675985698253,NaN
-0.0266117566600636,-0.0375675985698146,NaN
-0.0266178159501556,-0.0375675985698705,NaN
-0.0266238752402475,-0.0375675985698791,NaN
-0.0266299345303394,-0.0375675985698361,NaN
-0.0266359938204313,-0.0375675985697845,NaN
-0.0266420531105232,-0.0375675985698275,NaN
-0.0266481124006151,-0.0375675985698791,NaN
-0.026654171690707,-0.0375675985698791,NaN
-0.0266602309807989,-0.0375675985698383,NaN
-0.0266662902708908,-0.0375675985698038,NaN
-0.0266723495609827,-0.0375675985698899,NaN
-0.0266784088510747,-0.0375675985699458,NaN
-0.0266844681411666,-0.0375675985698361,NaN
-0.0266905274312585,-0.0375675985697716,NaN
-0.0266965867213504,-0.0375675985698705,NaN
-0.0267026460114423,-0.0375675985698899,NaN
-0.0267087053015342,-0.0375675985698469,NaN
-0.0267147645916261,-0.0375675985698275,NaN
-0.026720823881718,-0.0375675985698684,NaN
-0.02672688317181,-0.0375675985698576,NaN
-0.0267329424619019,-0.037567598569849,NaN
-0.0267390017519938,-0.0375675985698791,NaN
-0.0267450610420857,-0.0375675985698684,NaN
-0.0267511203321776,-0.037567598569849,NaN
-0.0267571796222695,-0.0375675985698684,NaN
-0.0267632389123614,-0.0375675985699221,NaN
-0.0267692982024534,-0.0375675985699028,NaN
-0.0267753574925453,-0.0375675985697823,NaN
-0.0267814167826372,-0.0375675985697608,NaN
-0.0267874760727291,-0.0375675985698921,NaN
-0.026793535362821,-0.0375675985698791,NaN
-0.0267995946529129,-0.0375675985698469,NaN
-0.0268056539430048,-0.0375675985698275,NaN
-0.0268117132330967,-0.037567598569806,NaN
-0.0268177725231886,-0.0375675985698469,NaN
-0.0268238318132805,-0.0375675985698684,NaN
-0.0268298911033725,-0.0375675985698813,NaN
-0.0268359503934644,-0.0375675985698253,NaN
-0.0268420096835563,-0.0375675985697931,NaN
-0.0268480689736482,-0.037567598569849,NaN
-0.0268541282637401,-0.0375675985698576,NaN
-0.026860187553832,-0.0375675985698361,NaN
-0.0268662468439239,-0.037567598569806,NaN
-0.0268723061340158,-0.0375675985697716,NaN
-0.0268783654241077,-0.0375675985698684,NaN
-0.0268844247141996,-0.0375675985699136,NaN
-0.0268904840042916,-0.0375675985698576,NaN
-0.0268965432943835,-0.0375675985698361,NaN
-0.0269026025844754,-0.0375675985698705,NaN
-0.0269086618745673,-0.0375675985698791,NaN
-0.0269147211646592,-0.0375675985698899,NaN
-0.0269207804547511,-0.0375675985698921,NaN
-0.026926839744843,-0.0375675985698899,NaN
-0.026932899034935,-0.0375675985698361,NaN
-0.0269389583250269,-0.037567598569849,NaN
-0.0269450176151188,-0.0375675985698899,NaN
-0.0269510769052107,-0.0375675985698253,NaN
-0.0269571361953026,-0.0375675985698168,NaN
-0.0269631954853945,-0.037567598569849,NaN
-0.0269692547754864,-0.0375675985698899,NaN
-0.0269753140655784,-0.0375675985698684,NaN
-0.0269813733556703,-0.037567598569849,NaN
-0.0269874326457622,-0.0375675985698469,NaN
-0.0269934919358541,-0.0375675985699114,NaN
-0.026999551225946,-0.0375675985698921,NaN
-0.0270056105160379,-0.0375675985698361,NaN
-0.0270116698061298,-0.0375675985698469,NaN
-0.0270177290962217,-0.0375675985698168,NaN
-0.0270237883863136,-0.0375675985698361,NaN
-0.0270298476764056,-0.0375675985698899,NaN
-0.0270359069664975,-0.0375675985698705,NaN
-0.0270419662565894,-0.0375675985697716,NaN
-0.0270480255466813,-0.0375675985697716,NaN
-0.0270540848367732,-0.0375675985698598,NaN
-0.0270601441268651,-0.0375675985699329,NaN
-0.027066203416957,-0.0375675985698469,NaN
-0.0270722627070489,-0.0375675985697737,NaN
-0.0270783219971408,-0.0375675985698038,NaN
-0.0270843812872327,-0.0375675985698576,NaN
-0.0270904405773247,-0.0375675985699028,NaN
-0.0270964998674166,-0.0375675985698361,NaN
-0.0271025591575085,-0.0375675985698146,NaN
-0.0271086184476004,-0.037567598569849,NaN
-0.0271146777376923,-0.0375675985698146,NaN
-0.0271207370277842,-0.0375675985698684,NaN
-0.0271267963178761,-0.0375675985698813,NaN
-0.027132855607968,-0.037567598569763,NaN
-0.0271389148980599,-0.0375675985698038,NaN
-0.0271449741881518,-0.0375675985699006,NaN
-0.0271510334782438,-0.0375675985699458,NaN
-0.0271570927683357,-0.0375675985698684,NaN
-0.0271631520584276,-0.0375675985698146,NaN
-0.0271692113485195,-0.0375675985698705,NaN
-0.0271752706386114,-0.0375675985698899,NaN
-0.0271813299287033,-0.0375675985698684,NaN
-0.0271873892187952,-0.0375675985698598,NaN
-0.0271934485088872,-0.0375675985698576,NaN
-0.0271995077989791,-0.0375675985698684,NaN
-0.027205567089071,-0.0375675985698921,NaN
-0.0272116263791629,-0.0375675985698576,NaN
-0.0272176856692548,-0.0375675985698146,NaN
-0.0272237449593467,-0.0375675985697953,NaN
-0.0272298042494386,-0.0375675985698253,NaN
-0.0272358635395305,-0.0375675985698684,NaN
-0.0272419228296224,-0.0375675985698813,NaN
-0.0272479821197144,-0.0375675985698253,NaN
-0.0272540414098063,-0.0375675985698146,NaN
-0.0272601006998982,-0.0375675985698598,NaN
-0.0272661599899901,-0.0375675985698576,NaN
-0.027272219280082,-0.0375675985698469,NaN
-0.0272782785701739,-0.0375675985698168,NaN
-0.0272843378602658,-0.0375675985698038,NaN
-0.0272903971503577,-0.0375675985698576,NaN
-0.0272964564404496,-0.0375675985698598,NaN
-0.0273025157305415,-0.037567598569849,NaN
-0.0273085750206335,-0.0375675985698361,NaN
-0.0273146343107254,-0.0375675985697716,NaN
-0.0273206936008173,-0.0375675985698598,NaN
-0.0273267528909092,-0.0375675985699221,NaN
-0.0273328121810011,-0.0375675985698791,NaN
-0.027338871471093,-0.0375675985698383,NaN
-0.0273449307611849,-0.0375675985698038,NaN
-0.0273509900512768,-0.0375675985698899,NaN
-0.0273570493413688,-0.0375675985699566,NaN
-0.0273631086314607,-0.0375675985698361,NaN
-0.0273691679215526,-0.0375675985698253,NaN
-0.0273752272116445,-0.0375675985698705,NaN
-0.0273812865017364,-0.0375675985698684,NaN
-0.0273873457918283,-0.0375675985698684,NaN
-0.0273934050819202,-0.0375675985698168,NaN
-0.0273994643720121,-0.0375675985698361,NaN
-0.0274055236621041,-0.0375675985698146,NaN
-0.027411582952196,-0.0375675985698705,NaN
-0.0274176422422879,-0.0375675985699329,NaN
-0.0274237015323798,-0.0375675985698684,NaN
-0.0274297608224717,-0.037567598569849,NaN
-0.0274358201125636,-0.0375675985698899,NaN
-0.0274418794026555,-0.0375675985699114,NaN
-0.0274479386927475,-0.0375675985698705,NaN
-0.0274539979828394,-0.0375675985697931,NaN
-0.0274600572729313,-0.0375675985697931,NaN
-0.0274661165630232,-0.0375675985698813,NaN
-0.0274721758531151,-0.037567598569849,NaN
-0.027478235143207,-0.0375675985698146,NaN
-0.0274842944332989,-0.0375675985698469,NaN
-0.0274903537233908,-0.0375675985698275,NaN
-0.0274964130134827,-0.0375675985698146,NaN
-0.0275024723035746,-0.0375675985699006,NaN
-0.0275085315936666,-0.0375675985698921,NaN
-0.0275145908837585,-0.0375675985698038,NaN
-0.0275206501738504,-0.0375675985698146,NaN
-0.0275267094639423,-0.0375675985698383,NaN
-0.0275327687540342,-0.0375675985698684,NaN
-0.0275388280441261,-0.0375675985698576,NaN
-0.027544887334218,-0.0375675985697953,NaN
-0.0275509466243099,-0.0375675985698038,NaN
-0.0275570059144018,-0.0375675985698576,NaN
-0.0275630652044937,-0.0375675985698813,NaN
-0.0275691244945857,-0.0375675985698253,NaN
-0.0275751837846776,-0.0375675985698038,NaN
-0.0275812430747695,-0.037567598569849,NaN
-0.0275873023648614,-0.0375675985698469,NaN
-0.0275933616549533,-0.0375675985698899,NaN
-0.0275994209450452,-0.0375675985699028,NaN
-0.0276054802351371,-0.0375675985698899,NaN
-0.027611539525229,-0.0375675985698361,NaN
-0.0276175988153209,-0.0375675985698598,NaN
-0.0276236581054129,-0.0375675985698791,NaN
-0.0276297173955048,-0.0375675985698469,NaN
-0.0276357766855967,-0.0375675985698168,NaN
-0.0276418359756886,-0.0375675985698275,NaN
-0.0276478952657805,-0.0375675985699114,NaN
-0.0276539545558724,-0.0375675985698576,NaN
-0.0276600138459643,-0.0375675985698275,NaN
-0.0276660731360562,-0.0375675985698684,NaN
-0.0276721324261482,-0.0375675985698899,NaN
-0.0276781917162401,-0.0375675985698598,NaN
-0.027684251006332,-0.0375675985698361,NaN
-0.0276903102964239,-0.0375675985698684,NaN
-0.0276963695865158,-0.0375675985698598,NaN
-0.0277024288766077,-0.0375675985698038,NaN
-0.0277084881666996,-0.0375675985698684,NaN
-0.0277145474567916,-0.0375675985699351,NaN
-0.0277206067468835,-0.0375675985697931,NaN
-0.0277266660369754,-0.0375675985697285,NaN
-0.0277327253270673,-0.037567598569849,NaN
-0.0277387846171592,-0.0375675985699114,NaN
-0.0277448439072511,-0.0375675985698361,NaN
-0.027750903197343,-0.0375675985698275,NaN
-0.0277569624874349,-0.0375675985698469,NaN
-0.0277630217775268,-0.0375675985698576,NaN
-0.0277690810676187,-0.0375675985698813,NaN
-0.0277751403577107,-0.0375675985698253,NaN
-0.0277811996478026,-0.0375675985698361,NaN
-0.0277872589378945,-0.0375675985698705,NaN
-0.0277933182279864,-0.0375675985698576,NaN
-0.0277993775180783,-0.0375675985698899,NaN
-0.0278054368081702,-0.0375675985698813,NaN
-0.0278114960982621,-0.0375675985698168,NaN
-0.027817555388354,-0.0375675985697608,NaN
-0.0278236146784459,-0.0375675985698576,NaN
-0.0278296739685379,-0.0375675985699243,NaN
-0.0278357332586298,-0.0375675985698253,NaN
-0.0278417925487217,-0.0375675985698469,NaN
-0.0278478518388136,-0.0375675985699028,NaN
-0.0278539111289055,-0.0375675985699006,NaN
-0.0278599704189974,-0.0375675985698791,NaN
-0.0278660297090893,-0.0375675985698275,NaN
-0.0278720889991812,-0.0375675985698576,NaN
-0.0278781482892732,-0.0375675985698469,NaN
-0.0278842075793651,-0.0375675985698383,NaN
-0.027890266869457,-0.0375675985698684,NaN
-0.0278963261595489,-0.0375675985698361,NaN
-0.0279023854496408,-0.0375675985698383,NaN
-0.0279084447397327,-0.0375675985698469,NaN
-0.0279145040298246,-0.0375675985698899,NaN
-0.0279205633199166,-0.0375675985699028,NaN
-0.0279266226100085,-0.0375675985698146,NaN
-0.0279326819001004,-0.0375675985698038,NaN
-0.0279387411901923,-0.0375675985699028,NaN
-0.0279448004802842,-0.0375675985698899,NaN
-0.0279508597703761,-0.0375675985698038,NaN
-0.027956919060468,-0.0375675985698168,NaN
-0.0279629783505599,-0.0375675985698469,NaN
-0.0279690376406518,-0.0375675985698576,NaN
-0.0279750969307437,-0.0375675985698705,NaN
-0.0279811562208357,-0.037567598569849,NaN
-0.0279872155109276,-0.0375675985697931,NaN
-0.0279932748010195,-0.0375675985697501,NaN
-0.0279993340911114,-0.0375675985698598,NaN
-0.0280053933812033,-0.0375675985699329,NaN
-0.0280114526712952,-0.0375675985698576,NaN
-0.0280175119613871,-0.0375675985697737,NaN
-0.028023571251479,-0.0375675985697716,NaN
-0.0280296305415709,-0.0375675985698791,NaN
-0.0280356898316628,-0.0375675985699351,NaN
-0.0280417491217548,-0.0375675985698576,NaN
-0.0280478084118467,-0.0375675985698038,NaN
-0.0280538677019386,-0.0375675985698383,NaN
-0.0280599269920305,-0.0375675985698791,NaN
-0.0280659862821224,-0.0375675985698791,NaN
-0.0280720455722143,-0.0375675985698705,NaN
-0.0280781048623062,-0.0375675985698361,NaN
-0.0280841641523981,-0.0375675985697716,NaN
-0.02809022344249,-0.0375675985698705,NaN
-0.028096282732582,-0.0375675985699221,NaN
-0.0281023420226739,-0.0375675985698576,NaN
-0.0281084013127658,-0.0375675985698275,NaN
-0.0281144606028577,-0.0375675985698361,NaN
-0.0281205198929496,-0.0375675985699221,NaN
-0.0281265791830415,-0.0375675985698921,NaN
-0.0281326384731334,-0.0375675985698038,NaN
-0.0281386977632253,-0.0375675985698253,NaN
-0.0281447570533173,-0.0375675985699136,NaN
-0.0281508163434092,-0.0375675985699028,NaN
-0.0281568756335011,-0.0375675985697716,NaN
-0.028162934923593,-0.0375675985697823,NaN
-0.0281689942136849,-0.0375675985698598,NaN
-0.0281750535037768,-0.0375675985698146,NaN
-0.0281811127938687,-0.0375675985698684,NaN
-0.0281871720839606,-0.0375675985699136,NaN
-0.0281932313740525,-0.0375675985698361,NaN
-0.0281992906641445,-0.0375675985698146,NaN
-0.0282053499542364,-0.037567598569849,NaN
-0.0282114092443283,-0.0375675985698899,NaN
-0.0282174685344202,-0.0375675985698899,NaN
-0.0282235278245121,-0.037567598569806,NaN
-0.028229587114604,-0.0375675985697931,NaN
-0.0282356464046959,-0.0375675985699006,NaN
-0.0282417056947878,-0.0375675985698921,NaN
-0.0282477649848798,-0.0375675985697716,NaN
-0.0282538242749716,-0.0375675985697716,NaN
-0.0282598835650636,-0.0375675985698813,NaN
-0.0282659428551555,-0.0375675985698899,NaN
-0.0282720021452474,-0.0375675985698899,NaN
-0.0282780614353393,-0.0375675985699028,NaN
-0.0282841207254312,-0.0375675985698576,NaN
-0.0282901800155231,-0.0375675985697931,NaN
-0.028296239305615,-0.0375675985698705,NaN
-0.028302298595707,-0.0375675985699114,NaN
-0.0283083578857989,-0.0375675985698791,NaN
-0.0283144171758908,-0.0375675985698168,NaN
-0.0283204764659827,-0.0375675985697845,NaN
-0.0283265357560746,-0.0375675985699006,NaN
-0.0283325950461665,-0.0375675985698576,NaN
-0.0283386543362584,-0.0375675985698383,NaN
-0.0283447136263503,-0.0375675985698684,NaN
-0.0283507729164423,-0.0375675985698791,NaN
-0.0283568322065342,-0.0375675985698705,NaN
-0.0283628914966261,-0.0375675985698684,NaN
-0.028368950786718,-0.0375675985698576,NaN
-0.0283750100768099,-0.0375675985698383,NaN
-0.0283810693669018,-0.0375675985698361,NaN
-0.0283871286569937,-0.0375675985698361,NaN
-0.0283931879470856,-0.0375675985699028,NaN
-0.0283992472371776,-0.0375675985698253,NaN
-0.0284053065272695,-0.0375675985697716,NaN
-0.0284113658173614,-0.0375675985698598,NaN
-0.0284174251074533,-0.0375675985698684,NaN
-0.0284234843975452,-0.0375675985698038,NaN
-0.0284295436876371,-0.0375675985698168,NaN
-0.028435602977729,-0.0375675985698361,NaN
-0.0284416622678209,-0.0375675985698684,NaN
-0.0284477215579128,-0.037567598569849,NaN
-0.0284537808480047,-0.0375675985698146,NaN
-0.0284598401380966,-0.0375675985698361,NaN
-0.0284658994281885,-0.0375675985698598,NaN
-0.0284719587182805,-0.0375675985698361,NaN
-0.0284780180083724,-0.0375675985698469,NaN
-0.0284840772984643,-0.0375675985698813,NaN
-0.0284901365885562,-0.0375675985698921,NaN
-0.0284961958786481,-0.0375675985698361,NaN
-0.02850225516874,-0.0375675985698253,NaN
-0.0285083144588319,-0.0375675985698921,NaN
-0.0285143737489238,-0.0375675985698253,NaN
-0.0285204330390158,-0.0375675985698038,NaN
-0.0285264923291077,-0.037567598569849,NaN
-0.0285325516191996,-0.0375675985699221,NaN
-0.0285386109092915,-0.0375675985698899,NaN
-0.0285446701993834,-0.0375675985698383,NaN
-0.0285507294894753,-0.0375675985698469,NaN
-0.0285567887795672,-0.0375675985698361,NaN
-0.0285628480696591,-0.0375675985698598,NaN
-0.0285689073597511,-0.0375675985698899,NaN
-0.028574966649843,-0.0375675985698576,NaN
-0.0285810259399349,-0.0375675985698383,NaN
-0.0285870852300268,-0.0375675985698576,NaN
-0.0285931445201187,-0.0375675985698899,NaN
-0.0285992038102106,-0.0375675985699028,NaN
-0.0286052631003025,-0.0375675985697931,NaN
-0.0286113223903944,-0.0375675985697823,NaN
-0.0286173816804863,-0.0375675985698921,NaN
-0.0286234409705783,-0.0375675985699437,NaN
-0.0286295002606702,-0.0375675985698469,NaN
-0.0286355595507621,-0.0375675985697953,NaN
-0.028641618840854,-0.0375675985698598,NaN
-0.0286476781309459,-0.0375675985698791,NaN
-0.0286537374210378,-0.0375675985698684,NaN
-0.0286597967111297,-0.037567598569849,NaN
-0.0286658560012217,-0.0375675985698361,NaN
-0.0286719152913136,-0.0375675985697931,NaN
-0.0286779745814055,-0.0375675985698168,NaN
-0.0286840338714974,-0.0375675985698684,NaN
-0.0286900931615893,-0.0375675985698576,NaN
-0.0286961524516812,-0.037567598569806,NaN
-0.0287022117417731,-0.0375675985697931,NaN
-0.028708271031865,-0.0375675985698791,NaN
-0.0287143303219569,-0.0375675985699351,NaN
-0.0287203896120489,-0.0375675985698576,NaN
-0.0287264489021408,-0.0375675985697931,NaN
-0.0287325081922327,-0.0375675985698383,NaN
-0.0287385674823246,-0.0375675985698899,NaN
-0.0287446267724165,-0.0375675985698361,NaN
-0.0287506860625084,-0.0375675985698275,NaN
-0.0287567453526003,-0.0375675985698576,NaN
-0.0287628046426922,-0.0375675985698361,NaN
-0.0287688639327841,-0.0375675985698705,NaN
-0.028774923222876,-0.0375675985698684,NaN
-0.028780982512968,-0.0375675985698684,NaN
-0.0287870418030599,-0.0375675985698598,NaN
-0.0287931010931518,-0.0375675985698469,NaN
-0.0287991603832437,-0.0375675985699006,NaN
-0.0288052196733356,-0.0375675985699243,NaN
-0.0288112789634275,-0.0375675985698598,NaN
-0.0288173382535194,-0.0375675985697823,NaN
-0.0288233975436113,-0.0375675985698469,NaN
-0.0288294568337033,-0.0375675985699028,NaN
-0.0288355161237952,-0.0375675985698253,NaN
-0.0288415754138871,-0.0375675985697823,NaN
-0.028847634703979,-0.0375675985698383,NaN
-0.0288536939940709,-0.0375675985698253,NaN
-0.0288597532841628,-0.0375675985698361,NaN
-0.0288658125742547,-0.0375675985698705,NaN
-0.0288718718643466,-0.0375675985698469,NaN
-0.0288779311544385,-0.0375675985698038,NaN
-0.0288839904445304,-0.0375675985698168,NaN
-0.0288900497346224,-0.0375675985698899,NaN
-0.0288961090247143,-0.0375675985698791,NaN
-0.0289021683148062,-0.0375675985698168,NaN
-0.0289082276048981,-0.0375675985697931,NaN
-0.02891428689499,-0.0375675985698576,NaN
-0.0289203461850819,-0.0375675985699136,NaN
-0.0289264054751738,-0.0375675985698146,NaN
-0.0289324647652657,-0.0375675985697608,NaN
-0.0289385240553576,-0.0375675985698598,NaN
-0.0289445833454495,-0.0375675985698791,NaN
-0.0289506426355415,-0.0375675985698684,NaN
-0.0289567019256334,-0.0375675985698598,NaN
-0.0289627612157253,-0.0375675985698684,NaN
-0.0289688205058172,-0.0375675985698361,NaN
-0.0289748797959091,-0.0375675985698705,NaN
-0.028980939086001,-0.0375675985699351,NaN
-0.028986998376093,-0.0375675985698576,NaN
-0.0289930576661849,-0.0375675985698253,NaN
-0.0289991169562768,-0.037567598569849,NaN
-0.0290051762463687,-0.0375675985698899,NaN
-0.0290112355364606,-0.0375675985698684,NaN
-0.0290172948265525,-0.037567598569806,NaN
-0.0290233541166444,-0.0375675985698361,NaN
-0.0290294134067363,-0.0375675985698899,NaN
-0.0290354726968282,-0.0375675985698598,NaN
-0.0290415319869202,-0.0375675985698684,NaN
-0.0290475912770121,-0.0375675985698684,NaN
-0.029053650567104,-0.0375675985698168,NaN
-0.0290597098571959,-0.0375675985698469,NaN
-0.0290657691472878,-0.0375675985699006,NaN
-0.0290718284373797,-0.0375675985699028,NaN
-0.0290778877274716,-0.0375675985698469,NaN
-0.0290839470175636,-0.0375675985698038,NaN
-0.0290900063076555,-0.037567598569849,NaN
-0.0290960655977474,-0.0375675985699114,NaN
-0.0291021248878393,-0.0375675985698469,NaN
-0.0291081841779312,-0.0375675985697737,NaN
-0.0291142434680231,-0.0375675985698146,NaN
-0.029120302758115,-0.0375675985698361,NaN
-0.0291263620482069,-0.0375675985698275,NaN
-0.0291324213382988,-0.0375675985698361,NaN
-0.0291384806283907,-0.0375675985698576,NaN
-0.0291445399184826,-0.0375675985698598,NaN
-0.0291505992085746,-0.037567598569849,NaN
-0.0291566584986665,-0.0375675985698791,NaN
-0.0291627177887584,-0.0375675985698684,NaN
-0.0291687770788503,-0.037567598569849,NaN
-0.0291748363689422,-0.0375675985698253,NaN
-0.0291808956590341,-0.0375675985698361,NaN
-0.029186954949126,-0.0375675985698813,NaN
-0.0291930142392179,-0.0375675985698361,NaN
-0.0291990735293098,-0.0375675985698253,NaN
-0.0292051328194018,-0.0375675985698705,NaN
-0.0292111921094937,-0.0375675985698899,NaN
-0.0292172513995856,-0.0375675985698469,NaN
-0.0292233106896775,-0.0375675985698168,NaN
-0.0292293699797694,-0.0375675985698684,NaN
-0.0292354292698613,-0.0375675985698899,NaN
-0.0292414885599532,-0.0375675985698705,NaN
-0.0292475478500452,-0.0375675985698684,NaN
-0.0292536071401371,-0.0375675985698791,NaN
-0.029259666430229,-0.0375675985698705,NaN
-0.0292657257203209,-0.0375675985698469,NaN
-0.0292717850104128,-0.0375675985698576,NaN
-0.0292778443005047,-0.0375675985698598,NaN
-0.0292839035905966,-0.0375675985698038,NaN
-0.0292899628806885,-0.0375675985698146,NaN
-0.0292960221707804,-0.0375675985698705,NaN
-0.0293020814608724,-0.0375675985699006,NaN
-0.0293081407509643,-0.0375675985698469,NaN
-0.0293142000410562,-0.0375675985698168,NaN
-0.0293202593311481,-0.0375675985697953,NaN
-0.02932631862124,-0.0375675985698253,NaN
-0.0293323779113319,-0.0375675985698684,NaN
-0.0293384372014238,-0.037567598569849,NaN
-0.0293444964915157,-0.0375675985698684,NaN
-0.0293505557816076,-0.0375675985698469,NaN
-0.0293566150716996,-0.0375675985698275,NaN
-0.0293626743617915,-0.0375675985698361,NaN
-0.0293687336518834,-0.0375675985698253,NaN
-0.0293747929419753,-0.037567598569806,NaN
-0.0293808522320672,-0.0375675985698038,NaN
-0.0293869115221591,-0.0375675985698469,NaN
-0.029392970812251,-0.0375675985699136,NaN
-0.0293990301023429,-0.0375675985698469,NaN
-0.0294050893924348,-0.0375675985698146,NaN
-0.0294111486825267,-0.037567598569849,NaN
-0.0294172079726186,-0.0375675985698899,NaN
-0.0294232672627106,-0.0375675985699114,NaN
-0.0294293265528025,-0.0375675985698168,NaN
-0.0294353858428944,-0.0375675985698146,NaN
-0.0294414451329863,-0.0375675985698899,NaN
-0.0294475044230782,-0.0375675985698921,NaN
-0.0294535637131701,-0.0375675985698576,NaN
-0.029459623003262,-0.0375675985698361,NaN
-0.029465682293354,-0.0375675985698168,NaN
-0.0294717415834459,-0.0375675985698469,NaN
-0.0294778008735378,-0.0375675985699006,NaN
-0.0294838601636297,-0.0375675985699028,NaN
-0.0294899194537216,-0.0375675985698168,NaN
-0.0294959787438135,-0.0375675985698253,NaN
-0.0295020380339054,-0.0375675985699114,NaN
-0.0295080973239973,-0.0375675985698813,NaN
-0.0295141566140893,-0.0375675985698576,NaN
-0.0295202159041812,-0.0375675985698576,NaN
-0.0295262751942731,-0.037567598569849,NaN
-0.029532334484365,-0.0375675985698253,NaN
-0.0295383937744569,-0.0375675985698253,NaN
-0.0295444530645488,-0.0375675985698598,NaN
-0.0295505123546407,-0.0375675985698576,NaN
-0.0295565716447326,-0.0375675985697716,NaN
-0.0295626309348245,-0.0375675985698383,NaN
-0.0295686902249165,-0.0375675985699437,NaN
-0.0295747495150084,-0.0375675985698576,NaN
-0.0295808088051003,-0.037567598569806,NaN
-0.0295868680951922,-0.0375675985698253,NaN
-0.0295929273852841,-0.0375675985698684,NaN
-0.029598986675376,-0.0375675985699243,NaN
-0.0296050459654679,-0.0375675985698146,NaN
-0.0296111052555598,-0.0375675985697823,NaN
-0.0296171645456517,-0.0375675985698598,NaN
-0.0296232238357436,-0.0375675985698361,NaN
-0.0296292831258356,-0.0375675985698469,NaN
-0.0296353424159275,-0.0375675985698598,NaN
-0.0296414017060194,-0.0375675985698361,NaN
-0.0296474609961113,-0.0375675985698038,NaN
-0.0296535202862032,-0.0375675985698813,NaN
-0.0296595795762951,-0.0375675985699243,NaN
-0.029665638866387,-0.0375675985698899,NaN
-0.029671698156479,-0.0375675985698253,NaN
-0.0296777574465709,-0.0375675985698168,NaN
-0.0296838167366628,-0.0375675985699114,NaN
-0.0296898760267547,-0.0375675985699006,NaN
-0.0296959353168466,-0.0375675985698168,NaN
-0.0297019946069385,-0.0375675985698146,NaN
-0.0297080538970304,-0.0375675985698684,NaN
-0.0297141131871223,-0.0375675985698705,NaN
-0.0297201724772142,-0.0375675985698469,NaN
-0.0297262317673062,-0.0375675985698361,NaN
-0.0297322910573981,-0.037567598569849,NaN
-0.02973835034749,-0.0375675985698361,NaN
-0.0297444096375819,-0.0375675985699006,NaN
-0.0297504689276738,-0.0375675985699136,NaN
-0.0297565282177657,-0.0375675985698038,NaN
-0.0297625875078576,-0.0375675985697931,NaN
-0.0297686467979495,-0.037567598569849,NaN
-0.0297747060880414,-0.0375675985699114,NaN
-0.0297807653781334,-0.0375675985698684,NaN
-0.0297868246682253,-0.0375675985697953,NaN
-0.0297928839583172,-0.0375675985697931,NaN
-0.0297989432484091,-0.0375675985698253,NaN
-0.029805002538501,-0.037567598569849,NaN
-0.0298110618285929,-0.0375675985698361,NaN
-0.0298171211186848,-0.0375675985698038,NaN
-0.0298231804087767,-0.037567598569806,NaN
-0.0298292396988686,-0.0375675985698598,NaN
-0.0298352989889605,-0.0375675985699006,NaN
-0.0298413582790525,-0.0375675985698899,NaN
-0.0298474175691444,-0.0375675985698383,NaN
-0.0298534768592363,-0.0375675985697823,NaN
-0.0298595361493282,-0.0375675985698469,NaN
-0.0298655954394201,-0.0375675985699136,NaN
-0.029871654729512,-0.0375675985698791,NaN
-0.0298777140196039,-0.0375675985698361,NaN
-0.0298837733096958,-0.037567598569849,NaN
-0.0298898325997878,-0.0375675985698791,NaN
-0.0298958918898797,-0.0375675985698469,NaN
-0.0299019511799716,-0.0375675985698275,NaN
-0.0299080104700635,-0.0375675985698361,NaN
-0.0299140697601554,-0.0375675985698684,NaN
-0.0299201290502473,-0.0375675985698813,NaN
-0.0299261883403392,-0.0375675985698791,NaN
-0.0299322476304311,-0.0375675985698899,NaN
-0.0299383069205231,-0.0375675985698598,NaN
-0.029944366210615,-0.0375675985698253,NaN
-0.0299504255007069,-0.0375675985698684,NaN
-0.0299564847907988,-0.0375675985698813,NaN
-0.0299625440808907,-0.0375675985698038,NaN
-0.0299686033709826,-0.0375675985697931,NaN
-0.0299746626610745,-0.0375675985698813,NaN
-0.0299807219511664,-0.0375675985699114,NaN
-0.0299867812412584,-0.0375675985698253,NaN
-0.0299928405313503,-0.0375675985698168,NaN
-0.0299988998214422,-0.037567598569849,NaN
-0.0300049591115341,-0.0375675985698791,NaN
-0.030011018401626,-0.0375675985698899,NaN
-0.0300170776917179,-0.0375675985698598,NaN
-0.0300231369818098,-0.0375675985698576,NaN
-0.0300291962719017,-0.0375675985698361,NaN
-0.0300352555619936,-0.0375675985698383,NaN
-0.0300413148520856,-0.0375675985698469,NaN
-0.0300473741421775,-0.0375675985698469,NaN
-0.0300534334322694,-0.0375675985698383,NaN
-0.0300594927223613,-0.0375675985697608,NaN
-0.0300655520124532,-0.0375675985698253,NaN
-0.0300716113025451,-0.0375675985699243,NaN
-0.030077670592637,-0.0375675985698361,NaN
-0.0300837298827289,-0.0375675985698038,NaN
-0.0300897891728208,-0.0375675985698598,NaN
-0.0300958484629127,-0.0375675985698899,NaN
-0.0301019077530047,-0.0375675985698899,NaN
-0.0301079670430966,-0.0375675985698705,NaN
-0.0301140263331885,-0.0375675985698469,NaN
-0.0301200856232804,-0.0375675985698361,NaN
-0.0301261449133723,-0.0375675985698598,NaN
-0.0301322042034642,-0.0375675985698576,NaN
-0.0301382634935561,-0.0375675985698469,NaN
-0.030144322783648,-0.0375675985698275,NaN
-0.0301503820737399,-0.037567598569849,NaN
-0.0301564413638319,-0.0375675985698899,NaN
-0.0301625006539238,-0.0375675985698791,NaN
-0.0301685599440157,-0.0375675985698383,NaN
-0.0301746192341076,-0.0375675985698361,NaN
-0.0301806785241995,-0.0375675985699114,NaN
-0.0301867378142914,-0.0375675985699566,NaN
-0.0301927971043834,-0.0375675985698253,NaN
-0.0301988563944753,-0.0375675985697608,NaN
-0.0302049156845672,-0.037567598569849,NaN
-0.0302109749746591,-0.0375675985698469,NaN
-0.030217034264751,-0.0375675985698684,NaN
-0.0302230935548429,-0.0375675985698598,NaN
-0.0302291528449348,-0.0375675985698146,NaN
-0.0302352121350267,-0.0375675985697931,NaN
-0.0302412714251186,-0.037567598569849,NaN
-0.0302473307152105,-0.0375675985699006,NaN
-0.0302533900053025,-0.0375675985698361,NaN
-0.0302594492953944,-0.037567598569763,NaN
-0.0302655085854863,-0.0375675985698038,NaN
-0.0302715678755782,-0.0375675985698899,NaN
-0.0302776271656701,-0.0375675985699351,NaN
-0.030283686455762,-0.0375675985698576,NaN
-0.0302897457458539,-0.0375675985697823,NaN
-0.0302958050359458,-0.0375675985698275,NaN
-0.0303018643260377,-0.0375675985698684,NaN
-0.0303079236161296,-0.0375675985698576,NaN
-0.0303139829062216,-0.0375675985698383,NaN
-0.0303200421963135,-0.0375675985698168,NaN
-0.0303261014864054,-0.0375675985697823,NaN
-0.0303321607764973,-0.0375675985698576,NaN
-0.0303382200665892,-0.0375675985699243,NaN
-0.0303442793566811,-0.0375675985698791,NaN
-0.030350338646773,-0.0375675985698361,NaN
-0.0303563979368649,-0.0375675985698383,NaN
-0.0303624572269568,-0.0375675985698899,NaN
-0.0303685165170488,-0.0375675985699006,NaN
-0.0303745758071407,-0.0375675985698598,NaN
-0.0303806350972326,-0.0375675985698253,NaN
-0.0303866943873245,-0.0375675985698576,NaN
-0.0303927536774164,-0.0375675985699136,NaN
-0.0303988129675083,-0.0375675985698469,NaN
-0.0304048722576002,-0.0375675985697931,NaN
-0.0304109315476921,-0.0375675985698705,NaN
-0.0304169908377841,-0.0375675985698469,NaN
-0.030423050127876,-0.0375675985698684,NaN
-0.0304291094179679,-0.0375675985698921,NaN
-0.0304351687080598,-0.0375675985698361,NaN
-0.0304412279981517,-0.0375675985698146,NaN
-0.0304472872882436,-0.0375675985698598,NaN
-0.0304533465783355,-0.0375675985698899,NaN
-0.0304594058684274,-0.0375675985698684,NaN
-0.0304654651585194,-0.0375675985698168,NaN
-0.0304715244486113,-0.0375675985698038,NaN
-0.0304775837387032,-0.0375675985698899,NaN
-0.0304836430287951,-0.037567598569849,NaN
-0.030489702318887,-0.0375675985697845,NaN
-0.0304957616089789,-0.0375675985697931,NaN
-0.0305018208990708,-0.0375675985698361,NaN
-0.0305078801891627,-0.0375675985698598,NaN
-0.0305139394792546,-0.0375675985698576,NaN
-0.0305199987693465,-0.0375675985698576,NaN
-0.0305260580594385,-0.0375675985698813,NaN
-0.0305321173495304,-0.0375675985698361,NaN
-0.0305381766396223,-0.0375675985698469,NaN
-0.0305442359297142,-0.0375675985699351,NaN
-0.0305502952198061,-0.0375675985698899,NaN
-0.030556354509898,-0.0375675985697823,NaN
-0.0305624137999899,-0.037567598569806,NaN
-0.0305684730900818,-0.0375675985698899,NaN
-0.0305745323801738,-0.0375675985698684,NaN
-0.0305805916702657,-0.0375675985698168,NaN
-0.0305866509603576,-0.0375675985698253,NaN
-0.0305927102504495,-0.0375675985699006,NaN
-0.0305987695405414,-0.0375675985698598,NaN
-0.0306048288306333,-0.0375675985698146,NaN
-0.0306108881207252,-0.0375675985699329,NaN
-0.0306169474108172,-0.0375675985699136,NaN
-0.0306230067009091,-0.0375675985698146,NaN
-0.030629065991001,-0.0375675985698469,NaN
-0.0306351252810929,-0.0375675985699136,NaN
-0.0306411845711848,-0.0375675985698684,NaN
-0.0306472438612767,-0.0375675985697716,NaN
-0.0306533031513686,-0.037567598569849,NaN
-0.0306593624414605,-0.0375675985699136,NaN
-0.0306654217315524,-0.0375675985698038,NaN
-0.0306714810216443,-0.0375675985697716,NaN
-0.0306775403117362,-0.0375675985698168,NaN
-0.0306835996018282,-0.0375675985699006,NaN
-0.0306896588919201,-0.0375675985698899,NaN
-0.030695718182012,-0.037567598569806,NaN
-0.0307017774721039,-0.0375675985698146,NaN
-0.0307078367621958,-0.0375675985698469,NaN
-0.0307138960522877,-0.0375675985698598,NaN
-0.0307199553423796,-0.0375675985698684,NaN
-0.0307260146324715,-0.0375675985698576,NaN
-0.0307320739225635,-0.0375675985698275,NaN
-0.0307381332126554,-0.0375675985697716,NaN
-0.0307441925027473,-0.0375675985698253,NaN
-0.0307502517928392,-0.0375675985699458,NaN
-0.0307563110829311,-0.0375675985698361,NaN
-0.030762370373023,-0.0375675985697501,NaN
-0.0307684296631149,-0.037567598569849,NaN
-0.0307744889532068,-0.0375675985698899,NaN
-0.0307805482432987,-0.0375675985698684,NaN
-0.0307866075333906,-0.0375675985698813,NaN
-0.0307926668234826,-0.0375675985698576,NaN
-0.0307987261135745,-0.0375675985698576,NaN
-0.0308047854036664,-0.0375675985698598,NaN
-0.0308108446937583,-0.0375675985698576,NaN
-0.0308169039838502,-0.0375675985698899,NaN
-0.0308229632739421,-0.0375675985698275,NaN
-0.030829022564034,-0.0375675985697953,NaN
-0.0308350818541259,-0.0375675985699006,NaN
-0.0308411411442179,-0.0375675985699114,NaN
-0.0308472004343098,-0.0375675985698168,NaN
-0.0308532597244017,-0.0375675985698361,NaN
-0.0308593190144936,-0.0375675985699221,NaN
-0.0308653783045855,-0.0375675985699351,NaN
-0.0308714375946774,-0.0375675985698361,NaN
-0.0308774968847693,-0.0375675985697931,NaN
-0.0308835561748612,-0.0375675985698705,NaN
-0.0308896154649532,-0.0375675985699114,NaN
-0.0308956747550451,-0.0375675985698576,NaN
-0.030901734045137,-0.0375675985698598,NaN
-0.0309077933352289,-0.0375675985698684,NaN
-0.0309138526253208,-0.0375675985697823,NaN
-0.0309199119154127,-0.037567598569806,NaN
-0.0309259712055046,-0.0375675985698684,NaN
-0.0309320304955965,-0.0375675985698469,NaN
-0.0309380897856885,-0.0375675985697845,NaN
-0.0309441490757803,-0.0375675985697931,NaN
-0.0309502083658723,-0.0375675985698791,NaN
-0.0309562676559642,-0.0375675985699243,NaN
-0.0309623269460561,-0.0375675985698361,NaN
-0.030968386236148,-0.0375675985697931,NaN
-0.0309744455262399,-0.037567598569849,NaN
-0.0309805048163318,-0.0375675985698576,NaN
-0.0309865641064237,-0.0375675985698684,NaN
-0.0309926233965157,-0.037567598569849,NaN
-0.0309986826866076,-0.0375675985698275,NaN
-0.0310047419766995,-0.0375675985697823,NaN
-0.0310108012667914,-0.0375675985698361,NaN
-0.0310168605568833,-0.0375675985699458,NaN
-0.0310229198469752,-0.0375675985698684,NaN
-0.0310289791370671,-0.0375675985697823,NaN
-0.031035038427159,-0.0375675985698383,NaN
-0.0310410977172509,-0.0375675985699329,NaN
-0.0310471570073429,-0.0375675985699006,NaN
-0.0310532162974348,-0.0375675985698168,NaN
-0.0310592755875267,-0.0375675985698361,NaN
-0.0310653348776186,-0.0375675985698684,NaN
-0.0310713941677105,-0.0375675985699136,NaN
-0.0310774534578024,-0.0375675985698791,NaN
-0.0310835127478943,-0.0375675985698038,NaN
-0.0310895720379862,-0.0375675985698383,NaN
-0.0310956313280782,-0.0375675985698469,NaN
-0.0311016906181701,-0.0375675985698469,NaN
-0.031107749908262,-0.0375675985699028,NaN
-0.0311138091983539,-0.0375675985698684,NaN
-0.0311198684884458,-0.0375675985697823,NaN
-0.0311259277785377,-0.0375675985698598,NaN
-0.0311319870686296,-0.0375675985699221,NaN
-0.0311380463587215,-0.0375675985698791,NaN
-0.0311441056488135,-0.0375675985698168,NaN
-0.0311501649389054,-0.0375675985697716,NaN
-0.0311562242289973,-0.0375675985698469,NaN
-0.0311622835190892,-0.0375675985699136,NaN
-0.0311683428091811,-0.0375675985698168,NaN
-0.031174402099273,-0.0375675985698038,NaN
-0.0311804613893649,-0.0375675985698469,NaN
-0.0311865206794568,-0.037567598569763,NaN
-0.0311925799695487,-0.0375675985698469,NaN
-0.0311986392596406,-0.0375675985699006,NaN
-0.0312046985497325,-0.0375675985698598,NaN
-0.0312107578398245,-0.0375675985697931,NaN
-0.0312168171299163,-0.0375675985698253,NaN
-0.0312228764200083,-0.0375675985699351,NaN
-0.0312289357101002,-0.0375675985698684,NaN
-0.0312349950001921,-0.0375675985697931,NaN
-0.031241054290284,-0.0375675985697845,NaN
-0.0312471135803759,-0.0375675985698791,NaN
-0.0312531728704678,-0.0375675985699221,NaN
-0.0312592321605598,-0.0375675985698383,NaN
-0.0312652914506516,-0.0375675985698038,NaN
-0.0312713507407436,-0.0375675985698684,NaN
-0.0312774100308355,-0.0375675985699028,NaN
-0.0312834693209274,-0.0375675985698469,NaN
-0.0312895286110193,-0.0375675985698469,NaN
-0.0312955879011112,-0.0375675985699028,NaN
-0.0313016471912031,-0.0375675985698899,NaN
-0.0313077064812951,-0.0375675985698899,NaN
-0.031313765771387,-0.0375675985698813,NaN
-0.0313198250614789,-0.0375675985698684,NaN
-0.0313258843515708,-0.0375675985698253,NaN
-0.0313319436416627,-0.0375675985698598,NaN
-0.0313380029317546,-0.0375675985698813,NaN
-0.0313440622218465,-0.0375675985698253,NaN
-0.0313501215119384,-0.0375675985698038,NaN
-0.0313561808020303,-0.0375675985698168,NaN
-0.0313622400921223,-0.0375675985698684,NaN
-0.0313682993822142,-0.0375675985698253,NaN
-0.0313743586723061,-0.0375675985698383,NaN
-0.031380417962398,-0.0375675985698469,NaN
-0.0313864772524899,-0.0375675985698253,NaN
-0.0313925365425818,-0.0375675985698598,NaN
-0.0313985958326737,-0.0375675985698469,NaN
-0.0314046551227656,-0.0375675985698684,NaN
-0.0314107144128575,-0.0375675985698813,NaN
-0.0314167737029495,-0.0375675985697823,NaN
-0.0314228329930413,-0.0375675985697608,NaN
-0.0314288922831333,-0.0375675985698813,NaN
-0.0314349515732252,-0.0375675985698684,NaN
-0.0314410108633171,-0.0375675985698038,NaN
-0.031447070153409,-0.0375675985698383,NaN
-0.0314531294435009,-0.0375675985699114,NaN
-0.0314591887335928,-0.0375675985698899,NaN
-0.0314652480236847,-0.0375675985698383,NaN
-0.0314713073137766,-0.0375675985698684,NaN
-0.0314773666038686,-0.0375675985698684,NaN
-0.0314834258939605,-0.0375675985698813,NaN
-0.0314894851840524,-0.0375675985698253,NaN
-0.0314955444741443,-0.0375675985698469,NaN
-0.0315016037642362,-0.0375675985699028,NaN
-0.0315076630543281,-0.0375675985698383,NaN
-0.03151372234442,-0.0375675985698469,NaN
-0.031519781634512,-0.0375675985698899,NaN
-0.0315258409246039,-0.0375675985698168,NaN
-0.0315319002146958,-0.0375675985697823,NaN
-0.0315379595047877,-0.0375675985699114,NaN
-0.0315440187948796,-0.0375675985699888,NaN
-0.0315500780849715,-0.0375675985698253,NaN
-0.0315561373750634,-0.0375675985698038,NaN
-0.0315621966651553,-0.0375675985698813,NaN
-0.0315682559552473,-0.0375675985698469,NaN
-0.0315743152453392,-0.0375675985698469,NaN
-0.0315803745354311,-0.0375675985698383,NaN
-0.031586433825523,-0.0375675985698253,NaN
-0.0315924931156149,-0.0375675985698253,NaN
-0.0315985524057068,-0.0375675985698383,NaN
-0.0316046116957987,-0.0375675985698469,NaN
-0.0316106709858906,-0.0375675985698469,NaN
-0.0316167302759825,-0.0375675985698168,NaN
-0.0316227895660744,-0.0375675985697823,NaN
-0.0316288488561663,-0.0375675985698038,NaN
-0.0316349081462582,-0.0375675985699458,NaN
-0.0316409674363502,-0.0375675985698469,NaN
-0.0316470267264421,-0.0375675985697823,NaN
-0.031653086016534,-0.0375675985698383,NaN
-0.0316591453066259,-0.0375675985698598,NaN
-0.0316652045967178,-0.0375675985698899,NaN
-0.0316712638868097,-0.0375675985698469,NaN
-0.0316773231769016,-0.0375675985698598,NaN
-0.0316833824669935,-0.0375675985698038,NaN
-0.0316894417570854,-0.0375675985698038,NaN
-0.0316955010471774,-0.0375675985698813,NaN
-0.0317015603372693,-0.0375675985698899,NaN
-0.0317076196273612,-0.0375675985698684,NaN
-0.0317136789174531,-0.0375675985698598,NaN
-0.031719738207545,-0.0375675985698899,NaN
-0.0317257974976369,-0.0375675985699114,NaN
-0.0317318567877289,-0.0375675985698598,NaN
-0.0317379160778208,-0.0375675985698253,NaN
-0.0317439753679127,-0.0375675985698684,NaN
-0.0317500346580046,-0.0375675985699243,NaN
-0.0317560939480965,-0.0375675985698684,NaN
-0.0317621532381884,-0.0375675985698253,NaN
-0.0317682125282803,-0.0375675985698598,NaN
-0.0317742718183722,-0.0375675985698899,NaN
-0.0317803311084642,-0.0375675985698469,NaN
-0.0317863903985561,-0.0375675985698168,NaN
-0.031792449688648,-0.0375675985698469,NaN
-0.0317985089787399,-0.0375675985698253,NaN
-0.0318045682688318,-0.0375675985698598,NaN
-0.0318106275589237,-0.0375675985699329,NaN
-0.0318166868490156,-0.0375675985698899,NaN
-0.0318227461391076,-0.0375675985697953,NaN
-0.0318288054291994,-0.0375675985698168,NaN
-0.0318348647192914,-0.0375675985698469,NaN
-0.0318409240093833,-0.0375675985698684,NaN
-0.0318469832994752,-0.0375675985698383,NaN
-0.0318530425895671,-0.0375675985697823,NaN
-0.031859101879659,-0.0375675985698038,NaN
-0.0318651611697509,-0.0375675985698168,NaN
-0.0318712204598428,-0.0375675985698469,NaN
-0.0318772797499347,-0.0375675985698684,NaN
-0.0318833390400266,-0.0375675985698383,NaN
-0.0318893983301185,-0.0375675985698038,NaN
-0.0318954576202104,-0.0375675985698469,NaN
-0.0319015169103024,-0.0375675985699028,NaN
-0.0319075762003943,-0.0375675985698899,NaN
-0.0319136354904862,-0.0375675985697823,NaN
-0.0319196947805781,-0.0375675985697953,NaN
-0.03192575407067,-0.0375675985699544,NaN
-0.0319318133607619,-0.0375675985699114,NaN
-0.0319378726508538,-0.0375675985698168,NaN
-0.0319439319409457,-0.0375675985698253,NaN
-0.0319499912310377,-0.0375675985698469,NaN
-0.0319560505211296,-0.0375675985698598,NaN
-0.0319621098112215,-0.0375675985698253,NaN
-0.0319681691013134,-0.0375675985698684,NaN
-0.0319742283914053,-0.0375675985699028,NaN
-0.0319802876814972,-0.0375675985698469,NaN
-0.0319863469715891,-0.0375675985698684,NaN
-0.0319924062616811,-0.0375675985698813,NaN
-0.031998465551773,-0.0375675985698813,NaN
-0.0320045248418649,-0.0375675985698038,NaN
-0.0320105841319568,-0.0375675985698253,NaN
-0.0320166434220487,-0.0375675985699458,NaN
-0.0320227027121406,-0.0375675985698684,NaN
-0.0320287620022325,-0.0375675985697608,NaN
-0.0320348212923244,-0.0375675985697953,NaN
-0.0320408805824163,-0.0375675985698684,NaN
-0.0320469398725082,-0.0375675985698253,NaN
-0.0320529991626001,-0.0375675985698383,NaN
-0.0320590584526921,-0.0375675985698253,NaN
-0.032065117742784,-0.0375675985698038,NaN
-0.0320711770328759,-0.0375675985698168,NaN
-0.0320772363229678,-0.0375675985698684,NaN
-0.0320832956130597,-0.0375675985698899,NaN
-0.0320893549031516,-0.0375675985698383,NaN
-0.0320954141932435,-0.0375675985698038,NaN
-0.0321014734833354,-0.0375675985698469,NaN
-0.0321075327734273,-0.0375675985699458,NaN
-0.0321135920635193,-0.0375675985698684,NaN
-0.0321196513536112,-0.0375675985698038,NaN
-0.0321257106437031,-0.0375675985697737,NaN
-0.032131769933795,-0.0375675985698253,NaN
-0.0321378292238869,-0.0375675985698899,NaN
-0.0321438885139788,-0.0375675985699028,NaN
-0.0321499478040707,-0.0375675985698684,NaN
-0.0321560070941626,-0.0375675985698253,NaN
-0.0321620663842545,-0.0375675985698598,NaN
-0.0321681256743465,-0.0375675985698598,NaN
-0.0321741849644384,-0.0375675985698684,NaN
-0.0321802442545303,-0.0375675985698684,NaN
-0.0321863035446222,-0.0375675985698598,NaN
-0.0321923628347141,-0.0375675985698684,NaN
-0.032198422124806,-0.0375675985698899,NaN
-0.0322044814148979,-0.0375675985698383,NaN
-0.0322105407049898,-0.0375675985697823,NaN
-0.0322165999950818,-0.0375675985698684,NaN
-0.0322226592851737,-0.0375675985699458,NaN
-0.0322287185752656,-0.0375675985698469,NaN
-0.0322347778653575,-0.0375675985698038,NaN
-0.0322408371554494,-0.0375675985698598,NaN
-0.0322468964455413,-0.0375675985698899,NaN
-0.0322529557356332,-0.0375675985698899,NaN
-0.0322590150257252,-0.0375675985698813,NaN
-0.0322650743158171,-0.0375675985698469,NaN
-0.032271133605909,-0.0375675985697823,NaN
-0.0322771928960009,-0.0375675985698168,NaN
-0.0322832521860928,-0.0375675985698899,NaN
-0.0322893114761847,-0.0375675985698899,NaN
-0.0322953707662766,-0.0375675985698813,NaN
-0.0323014300563685,-0.0375675985698253,NaN
-0.0323074893464604,-0.0375675985697608,NaN
-0.0323135486365523,-0.0375675985698383,NaN
-0.0323196079266443,-0.0375675985698253,NaN
-0.0323256672167362,-0.0375675985698253,NaN
-0.0323317265068281,-0.0375675985698813,NaN
-0.03233778579692,-0.0375675985698598,NaN
-0.0323438450870119,-0.0375675985698899,NaN
-0.0323499043771038,-0.0375675985699329,NaN
-0.0323559636671958,-0.0375675985698383,NaN
-0.0323620229572876,-0.0375675985696963,NaN
-0.0323680822473795,-0.0375675985698469,NaN
-0.0323741415374715,-0.0375675985699243,NaN
-0.0323802008275634,-0.0375675985698684,NaN
-0.0323862601176553,-0.0375675985698899,NaN
-0.0323923194077472,-0.0375675985698598,NaN
-0.0323983786978391,-0.0375675985698469,NaN
-0.032404437987931,-0.0375675985698038,NaN
-0.0324104972780229,-0.0375675985697953,NaN
-0.0324165565681148,-0.0375675985698038,NaN
-0.0324226158582067,-0.0375675985698684,NaN
-0.0324286751482987,-0.0375675985699458,NaN
-0.0324347344383906,-0.0375675985699114,NaN
-0.0324407937284825,-0.0375675985699329,NaN
-0.0324468530185744,-0.0375675985698383,NaN
-0.0324529123086663,-0.0375675985697393,NaN
-0.0324589715987582,-0.0375675985698684,NaN
-0.0324650308888502,-0.0375675985699243,NaN
-0.0324710901789421,-0.0375675985698469,NaN
-0.032477149469034,-0.0375675985698253,NaN
-0.0324832087591259,-0.0375675985698168,NaN
-0.0324892680492178,-0.0375675985697823,NaN
-0.0324953273393097,-0.0375675985698038,NaN
-0.0325013866294016,-0.0375675985698383,NaN
-0.0325074459194935,-0.0375675985698598,NaN
-0.0325135052095854,-0.0375675985698899,NaN
-0.0325195644996773,-0.0375675985699544,NaN
-0.0325256237897693,-0.0375675985699028,NaN
-0.0325316830798612,-0.0375675985698038,NaN
-0.0325377423699531,-0.0375675985697178,NaN
-0.032543801660045,-0.0375675985697953,NaN
-0.0325498609501369,-0.0375675985699114,NaN
-0.0325559202402288,-0.0375675985698684,NaN
-0.0325619795303207,-0.0375675985698383,NaN
-0.0325680388204126,-0.0375675985698253,NaN
-0.0325740981105045,-0.0375675985698899,NaN
-0.0325801574005965,-0.0375675985698168,NaN
-0.0325862166906883,-0.0375675985697608,NaN
-0.0325922759807803,-0.0375675985698253,NaN
-0.0325983352708722,-0.0375675985698383,NaN
-0.0326043945609641,-0.0375675985698899,NaN
-0.032610453851056,-0.0375675985699544,NaN
-0.0326165131411479,-0.0375675985699243,NaN
-0.0326225724312398,-0.0375675985698253,NaN
-0.0326286317213317,-0.0375675985697608,NaN
-0.0326346910114236,-0.0375675985698383,NaN
-0.0326407503015156,-0.0375675985698899,NaN
-0.0326468095916075,-0.0375675985698469,NaN
-0.0326528688816994,-0.0375675985698813,NaN
-0.0326589281717913,-0.0375675985698684,NaN
-0.0326649874618832,-0.0375675985698684,NaN
-0.0326710467519751,-0.0375675985698168,NaN
-0.032677106042067,-0.0375675985697953,NaN
-0.0326831653321589,-0.0375675985698469,NaN
-0.0326892246222508,-0.0375675985699114,NaN
-0.0326952839123428,-0.0375675985699673,NaN
-0.0327013432024347,-0.0375675985699114,NaN
-0.0327074024925266,-0.0375675985698684,NaN
-0.0327134617826185,-0.0375675985698383,NaN
-0.0327195210727104,-0.0375675985697608,NaN
-0.0327255803628023,-0.0375675985698253,NaN
-0.0327316396528943,-0.0375675985698813,NaN
-0.0327376989429862,-0.0375675985698253,NaN
-0.0327437582330781,-0.0375675985698253,NaN
-0.03274981752317,-0.0375675985698813,NaN
-0.0327558768132619,-0.0375675985698899,NaN
-0.0327619361033538,-0.0375675985697393,NaN
-0.0327679953934457,-0.0375675985697522,NaN
-0.0327740546835376,-0.0375675985698469,NaN
-0.0327801139736295,-0.0375675985698684,NaN
-0.0327861732637214,-0.0375675985699028,NaN
-0.0327922325538133,-0.0375675985698899,NaN
-0.0327982918439053,-0.0375675985698684,NaN
-0.0328043511339972,-0.0375675985697522,NaN
-0.0328104104240891,-0.0375675985697393,NaN
-0.032816469714181,-0.0375675985698684,NaN
-0.0328225290042729,-0.0375675985699028,NaN
-0.0328285882943648,-0.0375675985698684,NaN
-0.0328346475844567,-0.0375675985698684,NaN
-0.0328407068745486,-0.0375675985699028,NaN
-0.0328467661646406,-0.0375675985699028,NaN
-0.0328528254547325,-0.0375675985698253,NaN
-0.0328588847448244,-0.0375675985698684,NaN
-0.0328649440349163,-0.0375675985699243,NaN
-0.0328710033250082,-0.0375675985699329,NaN
-0.0328770626151001,-0.0375675985699329,NaN
-0.0328831219051921,-0.0375675985699028,NaN
-0.032889181195284,-0.0375675985698469,NaN
-0.0328952404853759,-0.0375675985697608,NaN
-0.0329012997754678,-0.0375675985697737,NaN
-0.0329073590655597,-0.0375675985697823,NaN
-0.0329134183556516,-0.0375675985698469,NaN
-0.0329194776457435,-0.0375675985699458,NaN
-0.0329255369358354,-0.0375675985699544,NaN
-0.0329315962259274,-0.0375675985699329,NaN
-0.0329376555160193,-0.0375675985698598,NaN
-0.0329437148061112,-0.0375675985697393,NaN
-0.0329497740962031,-0.0375675985697608,NaN
-0.032955833386295,-0.0375675985697953,NaN
-0.0329618926763869,-0.0375675985698253,NaN
-0.0329679519664788,-0.0375675985698469,NaN
-0.0329740112565707,-0.0375675985698813,NaN
-0.0329800705466626,-0.0375675985699114,NaN
-0.0329861298367545,-0.0375675985698038,NaN
-0.0329921891268464,-0.0375675985698168,NaN
-0.0329982484169384,-0.0375675985698684,NaN
-0.0330043077070303,-0.0375675985698684,NaN
-0.0330103669971222,-0.0375675985698813,NaN
-0.0330164262872141,-0.0375675985698813,NaN
-0.033022485577306,-0.0375675985698684,NaN
-0.0330285448673979,-0.0375675985698899,NaN
-0.0330346041574898,-0.0375675985699243,NaN
-0.0330406634475818,-0.0375675985698684,NaN
-0.0330467227376737,-0.0375675985698253,NaN
-0.0330527820277656,-0.0375675985698168,NaN
-0.0330588413178575,-0.0375675985698038,NaN
-0.0330649006079494,-0.0375675985698038,NaN
-0.0330709598980413,-0.0375675985698383,NaN
-0.0330770191881332,-0.0375675985696748,NaN
-0.0330830784782251,-0.0375675985697178,NaN
-0.033089137768317,-0.0375675985699673,NaN
-0.0330951970584089,-0.0375675985699974,NaN
-0.0331012563485009,-0.0375675985699544,NaN
-0.0331073156385928,-0.0375675985698813,NaN
-0.0331133749286847,-0.0375675985698253,NaN
-0.0331194342187766,-0.0375675985697823,NaN
-0.0331254935088685,-0.0375675985697092,NaN
-0.0331315527989604,-0.0375675985697178,NaN
-0.0331376120890523,-0.0375675985698253,NaN
-0.0331436713791442,-0.0375675985698813,NaN
-0.0331497306692361,-0.0375675985699114,NaN
-0.033155789959328,-0.0375675985699974,NaN
-0.03316184924942,-0.0375675985700104,NaN
-0.0331679085395119,-0.0375675985697608,NaN
-0.0331739678296038,-0.0375675985696963,NaN
-0.0331800271196957,-0.0375675985698383,NaN
-0.0331860864097876,-0.0375675985698598,NaN
-0.0331921456998795,-0.0375675985698684,NaN
-0.0331982049899714,-0.0375675985698899,NaN
-0.0332042642800633,-0.0375675985698813,NaN
-0.0332103235701552,-0.0375675985699329,NaN
-0.0332163828602472,-0.0375675985698899,NaN
-0.0332224421503391,-0.0375675985698598,NaN
-0.033228501440431,-0.0375675985698469,NaN
-0.0332345607305229,-0.0375675985697608,NaN
-0.0332406200206148,-0.0375675985698168,NaN
-0.0332466793107067,-0.0375675985698684,NaN
-0.0332527386007986,-0.0375675985698469,NaN
-0.0332587978908905,-0.0375675985697307,NaN
-0.0332648571809824,-0.0375675985698469,NaN
-0.0332709164710744,-0.0375675985700405,NaN
-0.0332769757611663,-0.0375675985699673,NaN
-0.0332830350512582,-0.0375675985698469,NaN
-0.0332890943413501,-0.0375675985698469,NaN
-0.033295153631442,-0.0375675985698813,NaN
-0.033301212921534,-0.0375675985697823,NaN
-0.0333072722116258,-0.0375675985697178,NaN
-0.0333133315017177,-0.0375675985697522,NaN
-0.0333193907918096,-0.0375675985698253,NaN
-0.0333254500819016,-0.0375675985699114,NaN
-0.0333315093719935,-0.0375675985699673,NaN
-0.0333375686620854,-0.0375675985699243,NaN
-0.0333436279521773,-0.0375675985698469,NaN
-0.0333496872422692,-0.0375675985696963,NaN
-0.0333557465323611,-0.0375675985696877,NaN
-0.033361805822453,-0.0375675985698469,NaN
-0.0333678651125449,-0.0375675985698469,NaN
-0.0333739244026368,-0.0375675985698813,NaN
-0.0333799836927288,-0.0375675985698684,NaN
-0.0333860429828207,-0.0375675985699114,NaN
-0.0333921022729126,-0.0375675985699888,NaN
-0.0333981615630045,-0.0375675985698253,NaN
-0.0334042208530964,-0.0375675985697608,NaN
-0.0334102801431883,-0.0375675985698383,NaN
-0.0334163394332802,-0.0375675985698253,NaN
-0.0334223987233721,-0.0375675985698684,NaN
-0.0334284580134641,-0.0375675985698598,NaN
-0.033434517303556,-0.0375675985698253,NaN
-0.0334405765936479,-0.0375675985697823,NaN
-0.0334466358837398,-0.0375675985699028,NaN
-0.0334526951738317,-0.0375675985699974,NaN
-0.0334587544639236,-0.0375675985698684,NaN
-0.0334648137540155,-0.0375675985698598,NaN
-0.0334708730441075,-0.0375675985698684,NaN
-0.0334769323341994,-0.0375675985698469,NaN
-0.0334829916242913,-0.0375675985698383,NaN
-0.0334890509143832,-0.0375675985697393,NaN
-0.0334951102044751,-0.0375675985697608,NaN
-0.033501169494567,-0.0375675985699458,NaN
-0.0335072287846589,-0.0375675985700319,NaN
-0.0335132880747509,-0.0375675985699544,NaN
-0.0335193473648428,-0.0375675985698038,NaN
-0.0335254066549347,-0.0375675985698168,NaN
-0.0335314659450266,-0.0375675985697393,NaN
-0.0335375252351185,-0.0375675985697178,NaN
-0.0335435845252104,-0.0375675985698383,NaN
-0.0335496438153023,-0.0375675985698038,NaN
-0.0335557031053942,-0.0375675985698469,NaN
-0.0335617623954861,-0.0375675985699888,NaN
-0.033567821685578,-0.0375675985699759,NaN
-0.03357388097567,-0.0375675985699329,NaN
-0.0335799402657619,-0.0375675985697522,NaN
-0.0335859995558538,-0.0375675985696748,NaN
-0.0335920588459457,-0.0375675985697823,NaN
-0.0335981181360376,-0.0375675985698168,NaN
-0.0336041774261295,-0.0375675985698469,NaN
-0.0336102367162214,-0.0375675985698253,NaN
-0.0336162960063133,-0.0375675985698168,NaN
-0.0336223552964052,-0.0375675985698469,NaN
-0.0336284145864971,-0.0375675985699329,NaN
-0.033634473876589,-0.0375675985699458,NaN
-0.033640533166681,-0.0375675985698684,NaN
-0.0336465924567729,-0.0375675985698684,NaN
-0.0336526517468648,-0.0375675985698813,NaN
-0.0336587110369567,-0.0375675985698469,NaN
-0.0336647703270486,-0.0375675985697608,NaN
-0.0336708296171405,-0.0375675985697307,NaN
-0.0336768889072324,-0.0375675985698598,NaN
-0.0336829481973243,-0.0375675985699974,NaN
-0.0336890074874163,-0.0375675985699759,NaN
-0.0336950667775082,-0.0375675985699028,NaN
-0.0337011260676001,-0.0375675985699114,NaN
-0.033707185357692,-0.0375675985698469,NaN
-0.0337132446477839,-0.0375675985697307,NaN
-0.0337193039378758,-0.0375675985697823,NaN
-0.0337253632279677,-0.0375675985698469,NaN
-0.0337314225180596,-0.0375675985699243,NaN
-0.0337374818081516,-0.0375675985699974,NaN
-0.0337435410982435,-0.0375675985700189,NaN
-0.0337496003883354,-0.0375675985699458,NaN
-0.0337556596784273,-0.0375675985697608,NaN
-0.0337617189685192,-0.0375675985696963,NaN
-0.0337677782586111,-0.0375675985697522,NaN
-0.033773837548703,-0.0375675985698253,NaN
-0.0337798968387949,-0.0375675985698469,NaN
-0.0337859561288869,-0.0375675985698598,NaN
-0.0337920154189788,-0.0375675985698684,NaN
-0.0337980747090707,-0.0375675985699329,NaN
-0.0338041339991626,-0.0375675985698813,NaN
-0.0338101932892545,-0.0375675985697823,NaN
-0.0338162525793464,-0.0375675985698253,NaN
-0.0338223118694383,-0.0375675985698813,NaN
-0.0338283711595302,-0.0375675985698038,NaN
-0.0338344304496221,-0.0375675985697608,NaN
-0.033840489739714,-0.0375675985698383,NaN
-0.033846549029806,-0.0375675985697522,NaN
-0.0338526083198978,-0.0375675985697178,NaN
-0.0338586676099897,-0.0375675985699329,NaN
-0.0338647269000817,-0.0375675985700319,NaN
-0.0338707861901736,-0.0375675985699544,NaN
-0.0338768454802655,-0.0375675985698899,NaN
-0.0338829047703574,-0.0375675985698383,NaN
-0.0338889640604494,-0.0375675985698684,NaN
-0.0338950233505413,-0.0375675985697823,NaN
-0.0339010826406332,-0.0375675985696877,NaN
-0.033907141930725,-0.0375675985698038,NaN
-0.033913201220817,-0.0375675985699114,NaN
-0.0339192605109089,-0.0375675985700104,NaN
-0.0339253198010008,-0.0375675985699759,NaN
-0.0339313790910928,-0.0375675985698684,NaN
-0.0339374383811847,-0.0375675985697737,NaN
-0.0339434976712766,-0.0375675985697393,NaN
-0.0339495569613685,-0.0375675985698038,NaN
-0.0339556162514604,-0.0375675985698813,NaN
-0.0339616755415523,-0.0375675985698899,NaN
-0.0339677348316442,-0.0375675985698684,NaN
-0.0339737941217361,-0.0375675985699458,NaN
-0.033979853411828,-0.0375675985699544,NaN
-0.03398591270192,-0.0375675985698038,NaN
-0.0339919719920119,-0.0375675985698168,NaN
-0.0339980312821038,-0.0375675985698253,NaN
-0.0340040905721957,-0.0375675985697823,NaN
-0.0340101498622876,-0.0375675985698383,NaN
-0.0340162091523795,-0.0375675985698168,NaN
-0.0340222684424714,-0.0375675985698038,NaN
-0.0340283277325633,-0.0375675985697393,NaN
-0.0340343870226552,-0.0375675985698168,NaN
-0.0340404463127471,-0.0375675985699974,NaN
-0.0340465056028391,-0.0375675985699544,NaN
-0.034052564892931,-0.0375675985698598,NaN
-0.0340586241830229,-0.0375675985698469,NaN
-0.0340646834731148,-0.0375675985698253,NaN
-0.0340707427632067,-0.0375675985698168,NaN
-0.0340768020532986,-0.0375675985697178,NaN
-0.0340828613433905,-0.0375675985697178,NaN
-0.0340889206334824,-0.0375675985698598,NaN
-0.0340949799235743,-0.0375675985699329,NaN
-0.0341010392136662,-0.0375675985699974,NaN
-0.0341070985037582,-0.0375675985699458,NaN
-0.0341131577938501,-0.0375675985698469,NaN
-0.034119217083942,-0.0375675985697178,NaN
-0.0341252763740339,-0.0375675985697307,NaN
-0.0341313356641258,-0.0375675985698469,NaN
-0.0341373949542177,-0.0375675985698469,NaN
-0.0341434542443096,-0.0375675985698813,NaN
-0.0341495135344015,-0.0375675985699544,NaN
-0.0341555728244935,-0.0375675985700405,NaN
-0.0341616321145854,-0.0375675985699458,NaN
-0.0341676914046773,-0.0375675985697608,NaN
-0.0341737506947692,-0.0375675985697178,NaN
-0.0341798099848611,-0.0375675985697953,NaN
-0.034185869274953,-0.0375675985698168,NaN
-0.0341919285650449,-0.0375675985698253,NaN
-0.0341979878551368,-0.0375675985698253,NaN
-0.0342040471452287,-0.0375675985698168,NaN
-0.0342101064353206,-0.0375675985698469,NaN
-0.0342161657254125,-0.0375675985698899,NaN
-0.0342222250155045,-0.0375675985699243,NaN
-0.0342282843055964,-0.0375675985698684,NaN
-0.0342343435956883,-0.0375675985698253,NaN
-0.0342404028857802,-0.0375675985698813,NaN
-0.0342464621758721,-0.0375675985698469,NaN
-0.034252521465964,-0.0375675985697608,NaN
-0.0342585807560559,-0.0375675985697737,NaN
-0.0342646400461478,-0.0375675985697393,NaN
-0.0342706993362397,-0.0375675985698038,NaN
-0.0342767586263316,-0.0375675985700319,NaN
-0.0342828179164236,-0.0375675985700189,NaN
-0.0342888772065155,-0.0375675985698469,NaN
-0.0342949364966074,-0.0375675985698168,NaN
-0.0343009957866993,-0.0375675985697178,NaN
-0.0343070550767912,-0.0375675985697393,NaN
-0.0343131143668831,-0.0375675985698813,NaN
-0.034319173656975,-0.0375675985698684,NaN
-0.0343252329470669,-0.0375675985698899,NaN
-0.0343312922371589,-0.0375675985699888,NaN
-0.0343373515272508,-0.0375675985699544,NaN
-0.0343434108173427,-0.0375675985698899,NaN
-0.0343494701074346,-0.0375675985698168,NaN
-0.0343555293975265,-0.0375675985697522,NaN
-0.0343615886876184,-0.0375675985697823,NaN
-0.0343676479777103,-0.0375675985698469,NaN
-0.0343737072678022,-0.0375675985698598,NaN
-0.0343797665578941,-0.0375675985698469,NaN
-0.0343858258479861,-0.0375675985699114,NaN
-0.034391885138078,-0.0375675985699458,NaN
-0.0343979444281699,-0.0375675985698899,NaN
-0.0344040037182618,-0.0375675985698038,NaN
-0.0344100630083537,-0.0375675985698383,NaN
-0.0344161222984456,-0.0375675985698469,NaN
-0.0344221815885375,-0.0375675985698253,NaN
-0.0344282408786295,-0.0375675985698168,NaN
-0.0344343001687214,-0.0375675985698253,NaN
-0.0344403594588133,-0.0375675985697393,NaN
-0.0344464187489051,-0.0375675985698168,NaN
-0.0344524780389971,-0.0375675985699759,NaN
-0.034458537329089,-0.0375675985698899,NaN
-0.0344645966191809,-0.0375675985698813,NaN
-0.0344706559092728,-0.0375675985698469,NaN
-0.0344767151993647,-0.0375675985697823,NaN
-0.0344827744894566,-0.0375675985697307,NaN
-0.0344888337795485,-0.0375675985696963,NaN
-0.0344948930696404,-0.0375675985698038,NaN
-0.0345009523597323,-0.0375675985699028,NaN
-0.0345070116498243,-0.0375675985699329,NaN
-0.0345130709399162,-0.037567598570062,NaN
-0.0345191302300081,-0.0375675985699673,NaN
-0.0345251895201,-0.0375675985698168,NaN
-0.034531248810192,-0.0375675985697608,NaN
-0.0345373081002838,-0.0375675985697393,NaN
-0.0345433673903757,-0.0375675985698383,NaN
-0.0345494266804677,-0.0375675985698469,NaN
-0.0345554859705596,-0.0375675985698469,NaN
-0.0345615452606515,-0.0375675985699028,NaN
-0.0345676045507434,-0.0375675985699544,NaN
-0.0345736638408353,-0.0375675985698899,NaN
-0.0345797231309272,-0.0375675985698383,NaN
-0.0345857824210192,-0.0375675985698038,NaN
-0.0345918417111111,-0.0375675985698253,NaN
-0.034597901001203,-0.0375675985698813,NaN
-0.0346039602912949,-0.0375675985698469,NaN
-0.0346100195813868,-0.0375675985698684,NaN
-0.0346160788714787,-0.0375675985697737,NaN
-0.0346221381615706,-0.0375675985698038,NaN
-0.0346281974516625,-0.0375675985699974,NaN
-0.0346342567417545,-0.0375675985699673,NaN
-0.0346403160318464,-0.0375675985698899,NaN
-0.0346463753219383,-0.0375675985698253,NaN
-0.0346524346120302,-0.0375675985698168,NaN
-0.0346584939021221,-0.0375675985698253,NaN
-0.034664553192214,-0.0375675985697393,NaN
-0.0346706124823059,-0.0375675985697092,NaN
-0.0346766717723978,-0.0375675985698253,NaN
-0.0346827310624897,-0.0375675985699974,NaN
-0.0346887903525817,-0.0375675985700534,NaN
-0.0346948496426736,-0.0375675985699673,NaN
-0.0347009089327655,-0.0375675985698899,NaN
-0.0347069682228574,-0.0375675985697823,NaN
-0.0347130275129493,-0.0375675985696877,NaN
-0.0347190868030412,-0.0375675985697178,NaN
-0.0347251460931331,-0.0375675985697823,NaN
-0.034731205383225,-0.0375675985699028,NaN
-0.0347372646733169,-0.0375675985698899,NaN
-0.0347433239634088,-0.0375675985699114,NaN
-0.0347493832535008,-0.0375675985700319,NaN
-0.0347554425435927,-0.0375675985698038,NaN
-0.0347615018336846,-0.0375675985697178,NaN
-0.0347675611237765,-0.0375675985698383,NaN
-0.0347736204138684,-0.0375675985698469,NaN
-0.0347796797039603,-0.0375675985698899,NaN
-0.0347857389940522,-0.0375675985698383,NaN
-0.0347917982841441,-0.0375675985698469,NaN
-0.0347978575742361,-0.0375675985697823,NaN
-0.0348039168643279,-0.0375675985698383,NaN
-0.0348099761544199,-0.0375675985699974,NaN
-0.0348160354445118,-0.0375675985699329,NaN
-0.0348220947346037,-0.0375675985699028,NaN
-0.0348281540246956,-0.0375675985698253,NaN
-0.0348342133147875,-0.0375675985698038,NaN
-0.0348402726048795,-0.0375675985698813,NaN
-0.0348463318949714,-0.0375675985697737,NaN
-0.0348523911850633,-0.0375675985697178,NaN
-0.0348584504751552,-0.0375675985699114,NaN
-0.0348645097652471,-0.0375675985700319,NaN
-0.034870569055339,-0.0375675985699329,NaN
-0.0348766283454309,-0.0375675985698469,NaN
-0.0348826876355229,-0.0375675985698168,NaN
-0.0348887469256148,-0.0375675985697178,NaN
-0.0348948062157066,-0.0375675985697178,NaN
-0.0349008655057985,-0.0375675985698383,NaN
-0.0349069247958905,-0.0375675985698684,NaN
-0.0349129840859824,-0.0375675985698469,NaN
-0.0349190433760743,-0.0375675985699028,NaN
-0.0349251026661662,-0.0375675985699974,NaN
-0.0349311619562582,-0.0375675985699329,NaN
-0.0349372212463501,-0.0375675985697522,NaN
-0.0349432805364419,-0.0375675985697178,NaN
-0.0349493398265338,-0.0375675985697608,NaN
-0.0349553991166257,-0.0375675985698168,NaN
-0.0349614584067176,-0.0375675985698469,NaN
-0.0349675176968096,-0.0375675985698038,NaN
-0.0349735769869015,-0.0375675985698598,NaN
-0.0349796362769934,-0.0375675985698469,NaN
-0.0349856955670853,-0.0375675985698899,NaN
-0.0349917548571772,-0.0375675985699458,NaN
-0.0349978141472691,-0.0375675985698684,NaN
-0.035003873437361,-0.0375675985698684,NaN
-0.035009932727453,-0.0375675985698813,NaN
-0.0350159920175449,-0.0375675985698813,NaN
-0.0350220513076368,-0.0375675985698469,NaN
-0.0350281105977287,-0.0375675985697608,NaN
-0.0350341698878206,-0.0375675985697953,NaN
-0.0350402291779125,-0.0375675985699329,NaN
-0.0350462884680044,-0.0375675985699329,NaN
-0.0350523477580964,-0.0375675985698813,NaN
-0.0350584070481883,-0.0375675985698684,NaN
-0.0350644663382802,-0.0375675985698253,NaN
-0.0350705256283721,-0.0375675985697092,NaN
-0.035076584918464,-0.0375675985697393,NaN
-0.0350826442085559,-0.0375675985698684,NaN
-0.0350887034986478,-0.0375675985699028,NaN
-0.0350947627887397,-0.0375675985699759,NaN
-0.0351008220788317,-0.037567598570062,NaN
-0.0351068813689236,-0.0375675985699673,NaN
-0.0351129406590155,-0.0375675985698469,NaN
-0.0351189999491074,-0.0375675985697178,NaN
-0.0351250592391993,-0.0375675985697092,NaN
-0.0351311185292912,-0.0375675985698038,NaN
-0.0351371778193831,-0.0375675985697823,NaN
-0.035143237109475,-0.0375675985697953,NaN
-0.0351492963995669,-0.0375675985698684,NaN
-0.0351553556896588,-0.0375675985699114,NaN
-0.0351614149797507,-0.0375675985698598,NaN
-0.0351674742698427,-0.0375675985698253,NaN
-0.0351735335599346,-0.0375675985698469,NaN
-0.0351795928500265,-0.0375675985698813,NaN
-0.0351856521401184,-0.0375675985698598,NaN
-0.0351917114302103,-0.0375675985698469,NaN
-0.0351977707203022,-0.0375675985698038,NaN
-0.0352038300103941,-0.0375675985697737,NaN
-0.035209889300486,-0.0375675985697393,NaN
-0.0352159485905779,-0.0375675985698469,NaN
-0.0352220078806698,-0.0375675985700104,NaN
-0.0352280671707618,-0.0375675985699114,NaN
-0.0352341264608537,-0.0375675985698469,NaN
-0.0352401857509456,-0.0375675985699028,NaN
-0.0352462450410375,-0.0375675985698469,NaN
-0.0352523043311294,-0.0375675985697178,NaN
-0.0352583636212213,-0.0375675985697092,NaN
-0.0352644229113132,-0.0375675985698469,NaN
-0.0352704822014051,-0.0375675985699544,NaN
-0.035276541491497,-0.0375675985699673,NaN
-0.035282600781589,-0.0375675985700189,NaN
-0.0352886600716809,-0.0375675985699329,NaN
-0.0352947193617728,-0.0375675985697953,NaN
-0.0353007786518647,-0.0375675985696963,NaN
-0.0353068379419566,-0.0375675985697608,NaN
-0.0353128972320485,-0.0375675985698813,NaN
-0.0353189565221404,-0.0375675985698253,NaN
-0.0353250158122323,-0.0375675985698684,NaN
-0.0353310751023243,-0.0375675985699673,NaN
-0.0353371343924162,-0.0375675985699759,NaN
-0.0353431936825081,-0.0375675985698038,NaN
-0.0353492529726,-0.0375675985697522,NaN
-0.0353553122626919,-0.0375675985698383,NaN
-0.0353613715527838,-0.0375675985698253,NaN
-0.0353674308428757,-0.0375675985698469,NaN
-0.0353734901329676,-0.0375675985698813,NaN
-0.0353795494230596,-0.0375675985698469,NaN
-0.0353856087131515,-0.0375675985698038,NaN
-0.0353916680032434,-0.0375675985698383,NaN
-0.0353977272933353,-0.0375675985699114,NaN
-0.0354037865834272,-0.0375675985698899,NaN
-0.0354098458735191,-0.0375675985698383,NaN
-0.035415905163611,-0.0375675985698253,NaN
-0.0354219644537029,-0.0375675985697823,NaN
-0.0354280237437948,-0.0375675985697737,NaN
-0.0354340830338867,-0.0375675985697178,NaN
-0.0354401423239786,-0.0375675985697608,NaN
-0.0354462016140705,-0.0375675985698813,NaN
-0.0354522609041624,-0.0375675985699544,NaN
-0.0354583201942544,-0.0375675985699974,NaN
-0.0354643794843463,-0.0375675985699458,NaN
-0.0354704387744382,-0.0375675985699114,NaN
-0.0354764980645302,-0.0375675985697823,NaN
-0.035482557354622,-0.0375675985697092,NaN
-0.0354886166447139,-0.0375675985697823,NaN
-0.0354946759348058,-0.0375675985698684,NaN
-0.0355007352248978,-0.0375675985699243,NaN
-0.0355067945149897,-0.0375675985699114,NaN
-0.0355128538050816,-0.0375675985699974,NaN
-0.0355189130951736,-0.0375675985699673,NaN
-0.0355249723852655,-0.0375675985697737,NaN
-0.0355310316753574,-0.0375675985697608,NaN
-0.0355370909654493,-0.0375675985698899,NaN
-0.0355431502555412,-0.0375675985698813,NaN
-0.0355492095456331,-0.0375675985698684,NaN
-0.035555268835725,-0.0375675985698899,NaN
-0.0355613281258169,-0.0375675985698813,NaN
-0.0355673874159088,-0.0375675985698469,NaN
-0.0355734467060008,-0.0375675985698253,NaN
-0.0355795059960927,-0.0375675985699028,NaN
-0.0355855652861846,-0.0375675985699114,NaN
-0.0355916245762765,-0.0375675985698684,NaN
-0.0355976838663684,-0.0375675985698168,NaN
-0.0356037431564603,-0.0375675985698038,NaN
-0.0356098024465522,-0.0375675985698038,NaN
-0.0356158617366441,-0.0375675985697522,NaN
-0.035621921026736,-0.0375675985697393,NaN
-0.0356279803168279,-0.0375675985699114,NaN
-0.0356340396069199,-0.0375675985699888,NaN
-0.0356400988970118,-0.0375675985698899,NaN
-0.0356461581871037,-0.0375675985698899,NaN
-0.0356522174771956,-0.0375675985698598,NaN
-0.0356582767672875,-0.0375675985696748,NaN
-0.0356643360573794,-0.0375675985696748,NaN
-0.0356703953474713,-0.0375675985698383,NaN
-0.0356764546375632,-0.0375675985698469,NaN
-0.0356825139276551,-0.0375675985698684,NaN
-0.035688573217747,-0.0375675985699458,NaN
-0.035694632507839,-0.0375675985700104,NaN
-0.0357006917979309,-0.0375675985699329,NaN
-0.0357067510880228,-0.0375675985697608,NaN
-0.0357128103781147,-0.0375675985697737,NaN
-0.0357188696682066,-0.0375675985698038,NaN
-0.0357249289582985,-0.0375675985698469,NaN
-0.0357309882483904,-0.0375675985699028,NaN
-0.0357370475384823,-0.0375675985698038,NaN
-0.0357431068285742,-0.0375675985699329,NaN
-0.0357491661186662,-0.0375675985699458,NaN
-0.0357552254087581,-0.0375675985697823,NaN
-0.03576128469885,-0.0375675985698469,NaN
-0.0357673439889419,-0.0375675985698813,NaN
-0.0357734032790338,-0.0375675985698469,NaN
-0.0357794625691257,-0.0375675985698038,NaN
-0.0357855218592176,-0.0375675985698383,NaN
-0.0357915811493096,-0.0375675985698038,NaN
-0.0357976404394014,-0.0375675985697178,NaN
-0.0358036997294933,-0.0375675985698598,NaN
-0.0358097590195853,-0.0375675985699759,NaN
-0.0358158183096772,-0.0375675985699329,NaN
-0.0358218775997691,-0.0375675985698598,NaN
-0.035827936889861,-0.0375675985698038,NaN
-0.0358339961799529,-0.0375675985697608,NaN
-0.0358400554700448,-0.0375675985697092,NaN
-0.0358461147601367,-0.0375675985697608,NaN
-0.0358521740502286,-0.0375675985698038,NaN
-0.0358582333403205,-0.0375675985698598,NaN
-0.0358642926304124,-0.0375675985699673,NaN
-0.0358703519205044,-0.0375675985700405,NaN
-0.0358764112105963,-0.0375675985699759,NaN
-0.0358824705006882,-0.0375675985698598,NaN
-0.0358885297907801,-0.0375675985697393,NaN
-0.035894589080872,-0.0375675985697393,NaN
-0.0359006483709639,-0.0375675985698168,NaN
-0.0359067076610558,-0.0375675985698038,NaN
-0.0359127669511477,-0.0375675985698899,NaN
-0.0359188262412397,-0.0375675985699243,NaN
-0.0359248855313316,-0.0375675985699544,NaN
-0.0359309448214235,-0.0375675985698469,NaN
-0.0359370041115154,-0.0375675985697737,NaN
-0.0359430634016073,-0.0375675985698469,NaN
-0.0359491226916992,-0.0375675985699114,NaN
-0.0359551819817912,-0.0375675985698813,NaN
-0.0359612412718831,-0.0375675985698038,NaN
-0.035967300561975,-0.0375675985698253,NaN
-0.0359733598520669,-0.0375675985698813,NaN
-0.0359794191421588,-0.0375675985698684,NaN
-0.0359854784322507,-0.0375675985698899,NaN
-0.0359915377223426,-0.0375675985699028,NaN
-0.0359975970124345,-0.0375675985698684,NaN
-0.0360036563025265,-0.0375675985698038,NaN
-0.0360097155926184,-0.0375675985698168,NaN
-0.0360157748827103,-0.0375675985698684,NaN
-0.0360218341728022,-0.0375675985697178,NaN
-0.0360278934628941,-0.0375675985697092,NaN
-0.036033952752986,-0.0375675985697953,NaN
-0.0360400120430779,-0.0375675985699329,NaN
-0.0360460713331698,-0.0375675985700405,NaN
-0.0360521306232617,-0.0375675985699888,NaN
-0.0360581899133537,-0.0375675985698253,NaN
-0.0360642492034456,-0.0375675985698253,NaN
-0.0360703084935375,-0.0375675985697737,NaN
-0.0360763677836294,-0.0375675985696533,NaN
-0.0360824270737213,-0.0375675985697823,NaN
-0.0360884863638132,-0.0375675985698168,NaN
-0.0360945456539051,-0.0375675985698684,NaN
-0.036100604943997,-0.0375675985699759,NaN
-0.0361066642340889,-0.0375675985699458,NaN
-0.0361127235241808,-0.0375675985698253,NaN
-0.0361187828142727,-0.0375675985697823,NaN
-0.0361248421043646,-0.0375675985698383,NaN
-0.0361309013944566,-0.0375675985698469,NaN
-0.0361369606845485,-0.0375675985698469,NaN
-0.0361430199746404,-0.0375675985698813,NaN
-0.0361490792647323,-0.0375675985698684,NaN
-0.0361551385548242,-0.0375675985698469,NaN
-0.0361611978449161,-0.0375675985699028,NaN
-0.036167257135008,-0.0375675985699114,NaN
-0.0361733164251,-0.0375675985698469,NaN
-0.0361793757151919,-0.0375675985698813,NaN
-0.0361854350052838,-0.0375675985698684,NaN
-0.0361914942953757,-0.0375675985698469,NaN
-0.0361975535854676,-0.0375675985698383,NaN
-0.0362036128755595,-0.0375675985697092,NaN
-0.0362096721656514,-0.0375675985697608,NaN
-0.0362157314557433,-0.0375675985699114,NaN
-0.0362217907458352,-0.0375675985700319,NaN
-0.0362278500359272,-0.0375675985700189,NaN
-0.0362339093260191,-0.0375675985698684,NaN
-0.036239968616111,-0.0375675985697953,NaN
-0.0362460279062029,-0.0375675985697823,NaN
-0.0362520871962948,-0.0375675985697178,NaN
-0.0362581464863867,-0.0375675985697307,NaN
-0.0362642057764786,-0.0375675985698253,NaN
-0.0362702650665705,-0.0375675985698253,NaN
-0.0362763243566624,-0.0375675985699243,NaN
-0.0362823836467544,-0.0375675985700189,NaN
-0.0362884429368463,-0.0375675985699329,NaN
-0.0362945022269382,-0.0375675985697522,NaN
-0.0363005615170301,-0.0375675985696963,NaN
-0.036306620807122,-0.0375675985697823,NaN
-0.0363126800972139,-0.0375675985698383,NaN
-0.0363187393873058,-0.0375675985698469,NaN
-0.0363247986773977,-0.0375675985698253,NaN
-0.0363308579674896,-0.0375675985698598,NaN
-0.0363369172575815,-0.0375675985698469,NaN
-0.0363429765476734,-0.0375675985698899,NaN
-0.0363490358377654,-0.0375675985699243,NaN
-0.0363550951278573,-0.0375675985698598,NaN
-0.0363611544179492,-0.0375675985699114,NaN
-0.0363672137080411,-0.0375675985698899,NaN
-0.036373272998133,-0.0375675985698383,NaN
-0.0363793322882249,-0.0375675985698253,NaN
-0.0363853915783168,-0.0375675985698038,NaN
-0.0363914508684088,-0.0375675985698383,NaN
-0.0363975101585007,-0.0375675985699759,NaN
-0.0364035694485926,-0.0375675985699759,NaN
-0.0364096287386845,-0.0375675985699458,NaN
-0.0364156880287765,-0.0375675985698684,NaN
-0.0364217473188684,-0.0375675985698469,NaN
-0.0364278066089603,-0.0375675985698383,NaN
-0.0364338658990522,-0.0375675985696963,NaN
-0.0364399251891441,-0.0375675985697608,NaN
-0.036445984479236,-0.0375675985698383,NaN
-0.0364520437693279,-0.0375675985699544,NaN
-0.0364581030594198,-0.0375675985700835,NaN
-0.0364641623495118,-0.0375675985699673,NaN
-0.0364702216396037,-0.0375675985697823,NaN
-0.0364762809296956,-0.0375675985697823,NaN
-0.0364823402197875,-0.0375675985697307,NaN
-0.0364883995098794,-0.0375675985697608,NaN
-0.0364944587999713,-0.0375675985698253,NaN
-0.0365005180900632,-0.0375675985698168,NaN
-0.0365065773801551,-0.0375675985698684,NaN
-0.036512636670247,-0.0375675985699114,NaN
-0.0365186959603389,-0.0375675985698598,NaN
-0.0365247552504308,-0.0375675985698168,NaN
-0.0365308145405227,-0.0375675985698469,NaN
-0.0365368738306147,-0.0375675985698469,NaN
-0.0365429331207066,-0.0375675985698383,NaN
-0.0365489924107985,-0.0375675985698469,NaN
-0.0365550517008904,-0.0375675985698253,NaN
-0.0365611109909823,-0.0375675985697953,NaN
-0.0365671702810742,-0.0375675985697393,NaN
-0.0365732295711661,-0.0375675985698684,NaN
-0.036579288861258,-0.0375675985700534,NaN
-0.03658534815135,-0.0375675985698899,NaN
-0.0365914074414419,-0.0375675985698038,NaN
-0.0365974667315338,-0.0375675985698813,NaN
-0.0366035260216257,-0.0375675985698253,NaN
-0.0366095853117176,-0.0375675985696963,NaN
-0.0366156446018095,-0.0375675985697608,NaN
-0.0366217038919014,-0.0375675985699028,NaN
-0.0366277631819933,-0.0375675985698813,NaN
-0.0366338224720852,-0.0375675985699845,NaN
-0.0366398817621772,-0.0375675985700319,NaN
-0.0366459410522691,-0.0375675985699028,NaN
-0.036652000342361,-0.0375675985698339,NaN
-0.0366580596324529,-0.0375675985697737,NaN
-0.0366641189225448,-0.0375675985697307,NaN
-0.0366701782126367,-0.0375675985697909,NaN
-0.0366762375027286,-0.0375675985698813,NaN
-0.0366822967928205,-0.0375675985698598,NaN
-0.0366883560829124,-0.0375675985698985,NaN
-0.0366944153730044,-0.0375675985700104,NaN
-0.0367004746630963,-0.0375675985698598,NaN
-0.0367065339531882,-0.0375675985697264,NaN
-0.0367125932432801,-0.0375675985698168,NaN
-0.036718652533372,-0.0375675985698168,NaN
-0.0367247118234639,-0.0375675985698124,NaN
-0.0367307711135558,-0.0375675985698813,NaN
-0.0367368304036477,-0.0375675985698168,NaN
-0.0367428896937396,-0.0375675985698124,NaN
-0.0367489489838316,-0.0375675985699028,NaN
-0.0367550082739235,-0.0375675985699028,NaN
-0.0367610675640154,-0.0375675985698985,NaN
-0.0367671268541073,-0.0375675985698813,NaN
-0.0367731861441992,-0.0375675985698168,NaN
-0.0367792454342911,-0.0375675985697953,NaN
-0.036785304724383,-0.0375675985698383,NaN
-0.0367913640144749,-0.0375675985697049,NaN
-0.0367974233045668,-0.0375675985697307,NaN
-0.0368034825946587,-0.0375675985698383,NaN
-0.0368095418847506,-0.03756759856992,NaN
-0.0368156011748426,-0.0375675985700749,NaN
-0.0368216604649345,-0.0375675985699458,NaN
-0.0368277197550264,-0.0375675985698554,NaN
-0.0368337790451183,-0.0375675985698598,NaN
-0.0368398383352102,-0.0375675985697092,NaN
-0.0368458976253021,-0.0375675985697264,NaN
-0.036851956915394,-0.0375675985698598,NaN
-0.0368580162054859,-0.0375675985698598,NaN
-0.0368640754955779,-0.0375675985698554,NaN
-0.0368701347856698,-0.0375675985699888,NaN
-0.0368761940757617,-0.0375675985699673,NaN
-0.0368822533658536,-0.0375675985698124,NaN
-0.0368883126559455,-0.0375675985697953,NaN
-0.0368943719460374,-0.0375675985697522,NaN
-0.0369004312361293,-0.0375675985698124,NaN
-0.0369064905262212,-0.0375675985698813,NaN
-0.0369125498163132,-0.0375675985698598,NaN
-0.0369186091064051,-0.0375675985698985,NaN
-0.036924668396497,-0.0375675985699673,NaN
-0.0369307276865889,-0.0375675985698813,NaN
-0.0369367869766808,-0.0375675985698339,NaN
-0.0369428462667728,-0.0375675985698598,NaN
-0.0369489055568646,-0.0375675985698383,NaN
-0.0369549648469566,-0.0375675985698339,NaN
-0.0369610241370485,-0.0375675985698168,NaN
-0.0369670834271404,-0.0375675985697737,NaN
-0.0369731427172323,-0.0375675985696834,NaN
-0.0369792020073242,-0.0375675985697737,NaN
-0.0369852612974161,-0.0375675985699243,NaN
-0.036991320587508,-0.0375675985699845,NaN
-0.0369973798775999,-0.0375675985699458,NaN
-0.0370034391676918,-0.0375675985699028,NaN
-0.0370094984577838,-0.0375675985698124,NaN
-0.0370155577478757,-0.0375675985697737,NaN
-0.0370216170379676,-0.0375675985697522,NaN
-0.0370276763280595,-0.0375675985696834,NaN
-0.0370337356181513,-0.0375675985697953,NaN
-0.0370397949082433,-0.0375675985699028,NaN
-0.0370458541983352,-0.03756759856992,NaN
-0.0370519134884271,-0.0375675985700104,NaN
-0.037057972778519,-0.0375675985699888,NaN
-0.037064032068611,-0.0375675985697264,NaN
-0.0370700913587028,-0.0375675985697092,NaN
-0.0370761506487947,-0.0375675985698598,NaN
-0.0370822099388867,-0.0375675985698554,NaN
-0.0370882692289786,-0.0375675985698598,NaN
-0.0370943285190705,-0.0375675985698813,NaN
-0.0371003878091624,-0.03756759856992,NaN
-0.0371064470992543,-0.0375675985699673,NaN
-0.0371125063893463,-0.0375675985698383,NaN
-0.0371185656794382,-0.0375675985698383,NaN
-0.0371246249695301,-0.0375675985698598,NaN
-0.037130684259622,-0.0375675985698124,NaN
-0.0371367435497139,-0.0375675985698598,NaN
-0.0371428028398058,-0.0375675985698383,NaN
-0.0371488621298977,-0.0375675985698554,NaN
-0.0371549214199896,-0.0375675985697522,NaN
-0.0371609807100815,-0.0375675985698383,NaN
-0.0371670400001734,-0.0375675985699845,NaN
-0.0371730992902654,-0.0375675985699458,NaN
-0.0371791585803573,-0.0375675985699243,NaN
-0.0371852178704492,-0.0375675985697909,NaN
-0.0371912771605411,-0.0375675985698168,NaN
-0.037197336450633,-0.0375675985699028,NaN
-0.0372033957407249,-0.0375675985696834,NaN
-0.0372094550308168,-0.0375675985696877,NaN
-0.0372155143209087,-0.0375675985698598,NaN
-0.0372215736110006,-0.037567598569877,NaN
-0.0372276329010925,-0.0375675985699888,NaN
-0.0372336921911845,-0.0375675985699673,NaN
-0.0372397514812764,-0.0375675985698339,NaN
-0.0372458107713683,-0.0375675985697522,NaN
-0.0372518700614602,-0.0375675985696877,NaN
-0.0372579293515521,-0.0375675985697479,NaN
-0.037263988641644,-0.0375675985698168,NaN
-0.0372700479317359,-0.0375675985698598,NaN
-0.0372761072218278,-0.037567598569877,NaN
-0.0372821665119197,-0.0375675985699673,NaN
-0.0372882258020117,-0.0375675985699458,NaN
-0.0372942850921036,-0.0375675985697909,NaN
-0.0373003443821955,-0.0375675985698598,NaN
-0.0373064036722874,-0.0375675985698598,NaN
-0.0373124629623793,-0.0375675985698124,NaN
-0.0373185222524712,-0.0375675985698598,NaN
-0.0373245815425631,-0.0375675985698598,NaN
-0.037330640832655,-0.0375675985698985,NaN
-0.037336700122747,-0.0375675985699028,NaN
-0.0373427594128389,-0.0375675985699028,NaN
-0.0373488187029308,-0.037567598569963,NaN
-0.0373548779930227,-0.0375675985698813,NaN
-0.0373609372831146,-0.0375675985698813,NaN
-0.0373669965732066,-0.0375675985698339,NaN
-0.0373730558632985,-0.0375675985698168,NaN
-0.0373791151533904,-0.0375675985697737,NaN
-0.0373851744434823,-0.0375675985696618,NaN
-0.0373912337335741,-0.0375675985697953,NaN
-0.0373972930236661,-0.0375675985699673,NaN
-0.037403352313758,-0.0375675985700275,NaN
-0.0374094116038499,-0.0375675985699458,NaN
-0.0374154708939419,-0.0375675985698168,NaN
-0.0374215301840337,-0.0375675985697909,NaN
-0.0374275894741257,-0.0375675985697737,NaN
-0.0374336487642175,-0.0375675985696877,NaN
-0.0374397080543094,-0.0375675985697264,NaN
-0.0374457673444013,-0.0375675985699243,NaN
-0.0374518266344933,-0.0375675985699028,NaN
-0.0374578859245852,-0.0375675985698813,NaN
-0.0374639452146771,-0.0375675985699888,NaN
-0.037470004504769,-0.0375675985698339,NaN
-0.0374760637948609,-0.0375675985697522,NaN
-0.0374821230849528,-0.0375675985698383,NaN
-0.0374881823750447,-0.037567598569877,NaN
-0.0374942416651367,-0.0375675985698598,NaN
-0.0375003009552286,-0.0375675985698598,NaN
-0.0375063602453205,-0.0375675985698339,NaN
-0.0375124195354124,-0.0375675985699028,NaN
-0.0375184788255043,-0.0375675985699028,NaN
-0.0375245381155962,-0.0375675985698554,NaN
-0.0375305974056881,-0.0375675985699243,NaN
-0.0375366566957801,-0.0375675985697953,NaN
-0.037542715985872,-0.0375675985698554,NaN
-0.0375487752759639,-0.0375675985699243,NaN
-0.0375548345660558,-0.0375675985697953,NaN
-0.0375608938561477,-0.0375675985696834,NaN
-0.0375669531462396,-0.0375675985697737,NaN
-0.0375730124363315,-0.0375675985699673,NaN
-0.0375790717264234,-0.0375675985699845,NaN
-0.0375851310165154,-0.0375675985700319,NaN
-0.0375911903066073,-0.0375675985698383,NaN
-0.0375972495966992,-0.0375675985697909,NaN
-0.0376033088867911,-0.0375675985698598,NaN
-0.037609368176883,-0.0375675985697092,NaN
-0.0376154274669749,-0.0375675985697264,NaN
-0.0376214867570668,-0.0375675985697953,NaN
-0.0376275460471587,-0.0375675985698383,NaN
-0.0376336053372506,-0.0375675985698985,NaN
-0.0376396646273425,-0.0375675985699888,NaN
-0.0376457239174345,-0.0375675985699243,NaN
-0.0376517832075264,-0.0375675985697264,NaN
-0.0376578424976183,-0.0375675985697522,NaN
-0.0376639017877102,-0.0375675985697953,NaN
-0.0376699610778021,-0.0375675985698339,NaN
-0.037676020367894,-0.0375675985698598,NaN
-0.0376820796579859,-0.0375675985698598,NaN
-0.0376881389480778,-0.0375675985698124,NaN
-0.0376941982381697,-0.0375675985699243,NaN
-0.0377002575282617,-0.0375675985699673,NaN
-0.0377063168183536,-0.0375675985697909,NaN
-0.0377123761084455,-0.0375675985698813,NaN
-0.0377184353985374,-0.0375675985698813,NaN
-0.0377244946886293,-0.0375675985698124,NaN
-0.0377305539787212,-0.0375675985698383,NaN
-0.0377366132688131,-0.0375675985698168,NaN
-0.037742672558905,-0.0375675985697479,NaN
-0.0377487318489969,-0.0375675985697953,NaN
-0.0377547911390888,-0.0375675985700104,NaN
-0.0377608504291808,-0.0375675985699845,NaN
-0.0377669097192727,-0.0375675985698598,NaN
-0.0377729690093646,-0.0375675985698813,NaN
-0.0377790282994565,-0.037567598569877,NaN
-0.0377850875895484,-0.0375675985698598,NaN
-0.0377911468796403,-0.0375675985697522,NaN
-0.0377972061697322,-0.0375675985697307,NaN
-0.0378032654598241,-0.0375675985697953,NaN
-0.037809324749916,-0.0375675985699415,NaN
-0.037815384040008,-0.0375675985700534,NaN
-0.0378214433300999,-0.0375675985699243,NaN
-0.0378275026201918,-0.0375675985698339,NaN
-0.0378335619102837,-0.0375675985697522,NaN
-0.0378396212003756,-0.0375675985697307,NaN
-0.0378456804904675,-0.0375675985697694,NaN
-0.0378517397805594,-0.0375675985698168,NaN
-0.0378577990706513,-0.0375675985698813,NaN
-0.0378638583607432,-0.0375675985698985,NaN
-0.0378699176508352,-0.0375675985699243,NaN
-0.0378759769409271,-0.0375675985699673,NaN
-0.037882036231019,-0.0375675985697909,NaN
-0.0378880955211109,-0.0375675985697522,NaN
-0.0378941548112028,-0.0375675985698383,NaN
-0.0379002141012947,-0.0375675985697909,NaN
-0.0379062733913866,-0.0375675985698383,NaN
-0.0379123326814785,-0.0375675985697953,NaN
-0.0379183919715704,-0.0375675985697909,NaN
-0.0379244512616623,-0.0375675985697737,NaN
-0.0379305105517542,-0.0375675985698598,NaN
-0.0379365698418462,-0.037567598569963,NaN
-0.0379426291319381,-0.0375675985699673,NaN
-0.03794868842203,-0.0375675985699243,NaN
-0.0379547477121219,-0.0375675985698339,NaN
-0.0379608070022138,-0.0375675985698598,NaN
-0.0379668662923058,-0.0375675985698383,NaN
-0.0379729255823977,-0.0375675985697479,NaN
-0.0379789848724896,-0.0375675985697737,NaN
-0.0379850441625815,-0.0375675985699028,NaN
-0.0379911034526734,-0.0375675985699415,NaN
-0.0379971627427653,-0.0375675985699243,NaN
-0.0380032220328572,-0.0375675985699243,NaN
-0.0380092813229492,-0.037567598569877,NaN
-0.0380153406130411,-0.0375675985697092,NaN
-0.0380213999031329,-0.0375675985697307,NaN
-0.0380274591932249,-0.0375675985698554,NaN
-0.0380335184833168,-0.0375675985698598,NaN
-0.0380395777734087,-0.0375675985699028,NaN
-0.0380456370635006,-0.0375675985699845,NaN
-0.0380516963535925,-0.0375675985699888,NaN
-0.0380577556436845,-0.0375675985698813,NaN
-0.0380638149337764,-0.0375675985697479,NaN
-0.0380698742238683,-0.0375675985697737,NaN
-0.0380759335139602,-0.0375675985697737,NaN
-0.0380819928040521,-0.0375675985697694,NaN
-0.038088052094144,-0.0375675985698813,NaN
-0.0380941113842359,-0.0375675985698168,NaN
-0.0381001706743278,-0.0375675985697909,NaN
-0.0381062299644197,-0.0375675985698383,NaN
-0.0381122892545116,-0.0375675985699028,NaN
-0.0381183485446035,-0.0375675985699243,NaN
-0.0381244078346954,-0.0375675985698813,NaN
-0.0381304671247874,-0.0375675985698339,NaN
-0.0381365264148793,-0.0375675985698168,NaN
-0.0381425857049712,-0.0375675985698383,NaN
-0.0381486449950631,-0.0375675985697694,NaN
-0.038154704285155,-0.0375675985696877,NaN
-0.0381607635752469,-0.0375675985697953,NaN
-0.0381668228653388,-0.0375675985699415,NaN
-0.0381728821554307,-0.0375675985700319,NaN
-0.0381789414455227,-0.0375675985700104,NaN
-0.0381850007356146,-0.0375675985698554,NaN
-0.0381910600257065,-0.0375675985698168,NaN
-0.0381971193157984,-0.0375675985697737,NaN
-0.0382031786058903,-0.0375675985697694,NaN
-0.0382092378959822,-0.0375675985698813,NaN
-0.0382152971860741,-0.0375675985699028,NaN
-0.038221356476166,-0.0375675985699415,NaN
-0.038227415766258,-0.0375675985699888,NaN
-0.0382334750563499,-0.0375675985699243,NaN
-0.0382395343464418,-0.0375675985698339,NaN
-0.0382455936365337,-0.0375675985697307,NaN
-0.0382516529266256,-0.0375675985697737,NaN
-0.0382577122167175,-0.037567598569877,NaN
-0.0382637715068094,-0.0375675985698598,NaN
-0.0382698307969013,-0.0375675985698813,NaN
-0.0382758900869933,-0.0375675985698985,NaN
-0.0382819493770852,-0.0375675985699458,NaN
-0.0382880086671771,-0.0375675985699243,NaN
-0.038294067957269,-0.0375675985698124,NaN
-0.0383001272473609,-0.0375675985698383,NaN
-0.0383061865374528,-0.0375675985698383,NaN
-0.0383122458275447,-0.0375675985698124,NaN
-0.0383183051176367,-0.0375675985698168,NaN
-0.0383243644077286,-0.0375675985698383,NaN
-0.0383304236978205,-0.0375675985697264,NaN
-0.0383364829879123,-0.0375675985696877,NaN
-0.0383425422780042,-0.0375675985699243,NaN
-0.0383486015680962,-0.037567598570006,NaN
-0.0383546608581881,-0.0375675985699458,NaN
-0.03836072014828,-0.0375675985698813,NaN
-0.0383667794383719,-0.0375675985698124,NaN
-0.0383728387284639,-0.0375675985697953,NaN
-0.0383788980185557,-0.0375675985696877,NaN
-0.0383849573086476,-0.0375675985697264,NaN
-0.0383910165987395,-0.0375675985698168,NaN
-0.0383970758888314,-0.0375675985699028,NaN
-0.0384031351789234,-0.03756759856992,NaN
-0.0384091944690153,-0.0375675985699888,NaN
-0.0384152537591072,-0.0375675985700104,NaN
-0.0384213130491992,-0.0375675985697049,NaN
-0.038427372339291,-0.0375675985697307,NaN
-0.0384334316293829,-0.0375675985698383,NaN
-0.0384394909194748,-0.0375675985698124,NaN
-0.0384455502095667,-0.0375675985698813,NaN
-0.0384516094996587,-0.0375675985699028,NaN
-0.0384576687897506,-0.0375675985699243,NaN
-0.0384637280798425,-0.0375675985700104,NaN
-0.0384697873699345,-0.037567598569877,NaN
-0.0384758466600263,-0.0375675985697737,NaN
-0.0384819059501183,-0.0375675985698598,NaN
-0.0384879652402102,-0.037567598569877,NaN
-0.0384940245303021,-0.0375675985698383,NaN
-0.038500083820394,-0.0375675985698168,NaN
-0.0385061431104859,-0.0375675985698124,NaN
-0.0385122024005778,-0.0375675985697092,NaN
-0.0385182616906697,-0.0375675985698383,NaN
-0.0385243209807616,-0.0375675985700275,NaN
-0.0385303802708536,-0.0375675985699673,NaN
-0.0385364395609455,-0.0375675985698813,NaN
-0.0385424988510374,-0.0375675985698124,NaN
-0.0385485581411293,-0.0375675985698383,NaN
-0.0385546174312212,-0.0375675985697953,NaN
-0.0385606767213131,-0.0375675985696834,NaN
-0.038566736011405,-0.0375675985697953,NaN
-0.0385727953014969,-0.0375675985698168,NaN
-0.0385788545915888,-0.037567598569877,NaN
-0.0385849138816807,-0.0375675985700749,NaN
-0.0385909731717727,-0.0375675985699458,NaN
-0.0385970324618646,-0.0375675985697909,NaN
-0.0386030917519565,-0.0375675985697307,NaN
-0.0386091510420484,-0.0375675985697092,NaN
-0.0386152103321403,-0.0375675985697479,NaN
-0.0386212696222322,-0.0375675985698598,NaN
-0.0386273289123241,-0.0375675985698813,NaN
-0.038633388202416,-0.0375675985698339,NaN
-0.0386394474925079,-0.0375675985699888,NaN
-0.0386455067825999,-0.0375675985699888,NaN
-0.0386515660726918,-0.0375675985697909,NaN
-0.0386576253627837,-0.0375675985697953,NaN
-0.0386636846528756,-0.0375675985698813,NaN
-0.0386697439429675,-0.0375675985698339,NaN
-0.0386758032330594,-0.0375675985697953,NaN
-0.0386818625231513,-0.0375675985698598,NaN
-0.0386879218132432,-0.0375675985698554,NaN
-0.0386939811033351,-0.0375675985697522,NaN
-0.038700040393427,-0.0375675985699028,NaN
-0.038706099683519,-0.0375675985699845,NaN
-0.0387121589736109,-0.0375675985699028,NaN
-0.0387182182637028,-0.0375675985698813,NaN
-0.0387242775537947,-0.0375675985698339,NaN
-0.0387303368438866,-0.0375675985698383,NaN
-0.0387363961339785,-0.0375675985698598,NaN
-0.0387424554240704,-0.0375675985697479,NaN
-0.0387485147141623,-0.0375675985697307,NaN
-0.0387545740042542,-0.0375675985698813,NaN
-0.0387606332943462,-0.0375675985700275,NaN
-0.0387666925844381,-0.0375675985699888,NaN
-0.03877275187453,-0.0375675985698598,NaN
-0.0387788111646219,-0.0375675985697909,NaN
-0.0387848704547138,-0.0375675985697092,NaN
-0.0387909297448057,-0.0375675985697737,NaN
-0.0387969890348976,-0.0375675985698168,NaN
-0.0388030483249895,-0.0375675985698383,NaN
-0.0388091076150814,-0.0375675985698554,NaN
-0.0388151669051734,-0.0375675985699458,NaN
-0.0388212261952653,-0.0375675985700104,NaN
-0.0388272854853572,-0.0375675985698554,NaN
-0.0388333447754491,-0.0375675985697737,NaN
-0.038839404065541,-0.0375675985697092,NaN
-0.0388454633556329,-0.0375675985697479,NaN
-0.0388515226457248,-0.0375675985698598,NaN
-0.0388575819358167,-0.0375675985698168,NaN
-0.0388636412259086,-0.0375675985698124,NaN
-0.0388697005160005,-0.0375675985698598,NaN
-0.0388757598060924,-0.0375675985698383,NaN
-0.0388818190961844,-0.0375675985698985,NaN
-0.0388878783862763,-0.0375675985699673,NaN
-0.0388939376763682,-0.0375675985698813,NaN
-0.0388999969664601,-0.0375675985698339,NaN
-0.038906056256552,-0.0375675985698383,NaN
-0.0389121155466439,-0.0375675985698813,NaN
-0.0389181748367359,-0.037567598569877,NaN
-0.0389242341268278,-0.0375675985697307,NaN
-0.0389302934169196,-0.0375675985698598,NaN
-0.0389363527070116,-0.0375675985700275,NaN
-0.0389424119971035,-0.0375675985699028,NaN
-0.0389484712871954,-0.0375675985698598,NaN
-0.0389545305772874,-0.0375675985697909,NaN
-0.0389605898673792,-0.0375675985697953,NaN
-0.0389666491574712,-0.0375675985697522,NaN
-0.038972708447563,-0.0375675985696834,NaN
-0.0389787677376549,-0.0375675985698598,NaN
-0.0389848270277469,-0.0375675985698598,NaN
-0.0389908863178388,-0.0375675985698554,NaN
-0.0389969456079307,-0.0375675985700534,NaN
-0.0390030048980226,-0.0375675985699458,NaN
-0.0390090641881145,-0.0375675985697694,NaN
-0.0390151234782064,-0.0375675985697522,NaN
-0.0390211827682983,-0.0375675985697092,NaN
-0.0390272420583902,-0.0375675985698339,NaN
-0.0390333013484821,-0.0375675985698813,NaN
-0.039039360638574,-0.0375675985698383,NaN
-0.039045419928666,-0.03756759856992,NaN
-0.0390514792187579,-0.0375675985699673,NaN
-0.0390575385088498,-0.0375675985699243,NaN
-0.0390635977989417,-0.0375675985698124,NaN
-0.0390696570890336,-0.0375675985698598,NaN
-0.0390757163791256,-0.0375675985699028,NaN
-0.0390817756692175,-0.0375675985698339,NaN
-0.0390878349593094,-0.0375675985698598,NaN
-0.0390938942494013,-0.0375675985699028,NaN
-0.0390999535394932,-0.0375675985697909,NaN
-0.0391060128295851,-0.0375675985697307,NaN
-0.039112072119677,-0.0375675985699243,NaN
-0.0391181314097689,-0.0375675985699415,NaN
-0.0391241906998609,-0.0375675985699243,NaN
-0.0391302499899528,-0.0375675985699458,NaN
-0.0391363092800447,-0.0375675985698598,NaN
-0.0391423685701366,-0.0375675985698383,NaN
-0.0391484278602285,-0.0375675985697694,NaN
-0.0391544871503204,-0.0375675985697092,NaN
-0.0391605464404123,-0.0375675985698383,NaN
-0.0391666057305042,-0.037567598569963,NaN
-0.0391726650205962,-0.0375675985700104,NaN
-0.0391787243106881,-0.0375675985699243,NaN
-0.03918478360078,-0.0375675985697909,NaN
-0.0391908428908719,-0.0375675985697737,NaN
-0.0391969021809638,-0.0375675985697307,NaN
-0.0392029614710557,-0.0375675985697694,NaN
-0.0392090207611476,-0.0375675985698598,NaN
-0.0392150800512395,-0.0375675985697953,NaN
-0.0392211393413314,-0.0375675985698339,NaN
-0.0392271986314233,-0.0375675985700104,NaN
-0.0392332579215153,-0.0375675985699888,NaN
-0.0392393172116072,-0.0375675985698124,NaN
-0.0392453765016991,-0.0375675985697522,NaN
-0.039251435791791,-0.0375675985697953,NaN
-0.0392574950818829,-0.0375675985698124,NaN
-0.0392635543719748,-0.0375675985698813,NaN
-0.0392696136620667,-0.0375675985697737,NaN
-0.0392756729521586,-0.0375675985697479,NaN
-0.0392817322422505,-0.0375675985697737,NaN
-0.0392877915323424,-0.0375675985698598,NaN
-0.0392938508224343,-0.037567598570006,NaN
-0.0392999101125263,-0.0375675985699458,NaN
-0.0393059694026182,-0.0375675985699028,NaN
-0.0393120286927101,-0.0375675985698554,NaN
-0.039318087982802,-0.0375675985698598,NaN
-0.0393241472728939,-0.0375675985698598,NaN
-0.0393302065629859,-0.0375675985696834,NaN
-0.0393362658530777,-0.0375675985697522,NaN
-0.0393423251431696,-0.0375675985698813,NaN
-0.0393483844332615,-0.037567598569963,NaN
-0.0393544437233535,-0.0375675985700534,NaN
-0.0393605030134454,-0.0375675985699028,NaN
-0.0393665623035373,-0.0375675985698339,NaN
-0.0393726215936293,-0.0375675985697092,NaN
-0.0393786808837211,-0.0375675985697092,NaN
-0.039384740173813,-0.0375675985698554,NaN
-0.0393907994639049,-0.0375675985698813,NaN
-0.0393968587539969,-0.0375675985698813,NaN
-0.0394029180440888,-0.037567598569963,NaN
-0.0394089773341807,-0.0375675985700319,NaN
-0.0394150366242727,-0.0375675985699458,NaN
-0.0394210959143646,-0.0375675985697479,NaN
-0.0394271552044565,-0.0375675985697092,NaN
-0.0394332144945483,-0.0375675985697737,NaN
-0.0394392737846402,-0.0375675985697909,NaN
-0.0394453330747322,-0.0375675985698168,NaN
-0.0394513923648241,-0.0375675985698383,NaN
-0.039457451654916,-0.0375675985698813,NaN
-0.0394635109450079,-0.0375675985697953,NaN
-0.0394695702350998,-0.037567598569877,NaN
-0.0394756295251917,-0.0375675985699673,NaN
-0.0394816888152836,-0.0375675985698168,NaN
-0.0394877481053755,-0.0375675985698339,NaN
-0.0394938073954675,-0.0375675985699028,NaN
-0.0394998666855594,-0.0375675985697953,NaN
-0.0395059259756513,-0.0375675985697694,NaN
-0.0395119852657432,-0.0375675985697737,NaN
-0.0395180445558351,-0.0375675985697522,NaN
-0.039524103845927,-0.037567598569877,NaN
-0.0395301631360189,-0.0375675985700534,NaN
-0.0395362224261108,-0.0375675985699888,NaN
-0.0395422817162028,-0.0375675985698554,NaN
-0.0395483410062947,-0.0375675985698168,NaN
-0.0395544002963866,-0.0375675985696877,NaN
-0.0395604595864784,-0.0375675985697479,NaN
-0.0395665188765704,-0.0375675985698598,NaN
-0.0395725781666623,-0.0375675985699028,NaN
-0.0395786374567542,-0.0375675985699415,NaN
-0.0395846967468461,-0.0375675985699888,NaN
-0.0395907560369381,-0.0375675985699243,NaN
-0.03959681532703,-0.0375675985698554,NaN
-0.0396028746171219,-0.0375675985697953,NaN
-0.0396089339072138,-0.0375675985697522,NaN
-0.0396149931973057,-0.0375675985697909,NaN
-0.0396210524873976,-0.0375675985698383,NaN
-0.0396271117774895,-0.0375675985698598,NaN
-0.0396331710675814,-0.0375675985698339,NaN
-0.0396392303576733,-0.0375675985699458,NaN
-0.0396452896477653,-0.0375675985699458,NaN
-0.0396513489378572,-0.0375675985698339,NaN
-0.0396574082279491,-0.0375675985698168,NaN
-0.039663467518041,-0.0375675985698383,NaN
-0.0396695268081329,-0.0375675985698554,NaN
-0.0396755860982248,-0.0375675985698813,NaN
-0.0396816453883167,-0.0375675985697953,NaN
-0.0396877046784086,-0.0375675985697694,NaN
-0.0396937639685005,-0.0375675985697522,NaN
-0.0396998232585924,-0.0375675985698383,NaN
-0.0397058825486843,-0.037567598570006,NaN
-0.0397119418387763,-0.0375675985699028,NaN
-0.0397180011288682,-0.0375675985698168,NaN
-0.0397240604189601,-0.0375675985698339,NaN
-0.039730119709052,-0.0375675985698168,NaN
-0.0397361789991439,-0.0375675985696662,NaN
-0.0397422382892358,-0.0375675985697264,NaN
-0.0397482975793277,-0.0375675985698598,NaN
-0.0397543568694196,-0.0375675985698168,NaN
-0.0397604161595115,-0.0375675985699845,NaN
-0.0397664754496035,-0.0375675985700534,NaN
-0.0397725347396954,-0.0375675985699458,NaN
-0.0397785940297873,-0.0375675985698554,NaN
-0.0397846533198792,-0.0375675985697953,NaN
-0.0397907126099711,-0.0375675985697307,NaN
-0.039796771900063,-0.0375675985697737,NaN
-0.0398028311901549,-0.0375675985698598,NaN
-0.0398088904802468,-0.0375675985698554,NaN
-0.0398149497703387,-0.0375675985699243,NaN
-0.0398210090604307,-0.0375675985699673,NaN
-0.0398270683505226,-0.037567598569877,NaN
-0.0398331276406145,-0.0375675985697522,NaN
-0.0398391869307064,-0.0375675985698598,NaN
-0.0398452462207983,-0.0375675985698985,NaN
-0.0398513055108902,-0.0375675985698598,NaN
-0.0398573648009821,-0.0375675985698813,NaN
-0.0398634240910741,-0.0375675985698339,NaN
-0.039869483381166,-0.0375675985698598,NaN
-0.0398755426712579,-0.0375675985698383,NaN
-0.0398816019613498,-0.037567598569877,NaN
-0.0398876612514417,-0.0375675985699243,NaN
-0.0398937205415336,-0.0375675985698168,NaN
-0.0398997798316255,-0.0375675985698339,NaN
-0.0399058391217174,-0.0375675985698598,NaN
-0.0399118984118093,-0.0375675985697953,NaN
-0.0399179577019012,-0.0375675985697049,NaN
-0.0399240169919931,-0.0375675985696877,NaN
-0.039930076282085,-0.0375675985698598,NaN
-0.0399361355721769,-0.0375675985699415,NaN
-0.0399421948622689,-0.0375675985700319,NaN
-0.0399482541523608,-0.0375675985699673,NaN
-0.0399543134424527,-0.037567598569877,NaN
-0.0399603727325447,-0.0375675985697953,NaN
-0.0399664320226365,-0.0375675985696662,NaN
-0.0399724913127284,-0.0375675985697264,NaN
-0.0399785506028203,-0.0375675985698168,NaN
-0.0399846098929122,-0.0375675985698598,NaN
-0.0399906691830041,-0.0375675985698339,NaN
-0.0399967284730961,-0.0375675985699888,NaN
-0.040002787763188,-0.0375675985700534,NaN
-0.0400088470532799,-0.0375675985698124,NaN
-0.0400149063433718,-0.0375675985697737,NaN
-0.0400209656334637,-0.0375675985699028,NaN
-0.0400270249235557,-0.037567598569877,NaN
-0.0400330842136476,-0.0375675985698598,NaN
-0.0400391435037395,-0.0375675985698598,NaN
-0.0400452027938314,-0.0375675985698339,NaN
-0.0400512620839233,-0.0375675985698813,NaN
-0.0400573213740152,-0.0375675985698598,NaN
-0.0400633806641071,-0.0375675985698554,NaN
-0.0400694399541991,-0.0375675985699243,NaN
-0.040075499244291,-0.0375675985698813,NaN
-0.0400815585343829,-0.0375675985698554,NaN
-0.0400876178244748,-0.0375675985699243,NaN
-0.0400936771145667,-0.0375675985698813,NaN
-0.0400997364046586,-0.0375675985697049,NaN
-0.0401057956947505,-0.0375675985697092,NaN
-0.0401118549848424,-0.0375675985699243,NaN
-0.0401179142749344,-0.0375675985700275,NaN
-0.0401239735650263,-0.0375675985699458,NaN
-0.0401300328551182,-0.0375675985698598,NaN
-0.0401360921452101,-0.0375675985698383,NaN
-0.040142151435302,-0.0375675985697307,NaN
-0.0401482107253939,-0.0375675985697049,NaN
-0.0401542700154858,-0.0375675985697737,NaN
-0.0401603293055777,-0.0375675985698168,NaN
-0.0401663885956696,-0.0375675985698985,NaN
-0.0401724478857615,-0.0375675985699243,NaN
-0.0401785071758535,-0.0375675985700104,NaN
-0.0401845664659454,-0.03756759856992,NaN
-0.0401906257560373,-0.0375675985697307,NaN
-0.0401966850461292,-0.0375675985697307,NaN
-0.0402027443362211,-0.0375675985697479,NaN
-0.040208803626313,-0.0375675985698383,NaN
-0.0402148629164049,-0.0375675985698598,NaN
-0.0402209222064968,-0.0375675985697909,NaN
-0.0402269814965887,-0.0375675985698598,NaN
-0.0402330407866806,-0.0375675985698383,NaN
-0.0402391000767725,-0.0375675985698339,NaN
-0.0402451593668645,-0.0375675985699458,NaN
-0.0402512186569564,-0.0375675985699243,NaN
-0.0402572779470483,-0.0375675985698554,NaN
-0.0402633372371402,-0.0375675985699243,NaN
-0.0402693965272321,-0.0375675985698598,NaN
-0.040275455817324,-0.0375675985697479,NaN
-0.0402815151074159,-0.0375675985697953,NaN
-0.0402875743975078,-0.0375675985698168,NaN
-0.0402936336875998,-0.0375675985699415,NaN
-0.0402996929776917,-0.0375675985699888,NaN
-0.0403057522677836,-0.0375675985699028,NaN
-0.0403118115578755,-0.0375675985698124,NaN
-0.0403178708479674,-0.0375675985698168,NaN
-0.0403239301380593,-0.0375675985697737,NaN
-0.0403299894281512,-0.0375675985697479,NaN
-0.0403360487182431,-0.0375675985698383,NaN
-0.040342108008335,-0.0375675985698598,NaN
-0.040348167298427,-0.0375675985699845,NaN
-0.0403542265885189,-0.0375675985700104,NaN
-0.0403602858786108,-0.0375675985699243,NaN
-0.0403663451687028,-0.0375675985698554,NaN
-0.0403724044587947,-0.0375675985697092,NaN
-0.0403784637488865,-0.0375675985697522,NaN
-0.0403845230389785,-0.0375675985698339,NaN
-0.0403905823290704,-0.0375675985697953,NaN
-0.0403966416191623,-0.0375675985698168,NaN
-0.0404027009092542,-0.0375675985698339,NaN
-0.0404087601993461,-0.0375675985699243,NaN
-0.040414819489438,-0.0375675985699028,NaN
-0.0404208787795299,-0.0375675985698124,NaN
-0.0404269380696218,-0.0375675985698598,NaN
-0.0404329973597137,-0.0375675985698383,NaN
-0.0404390566498056,-0.0375675985698124,NaN
-0.0404451159398976,-0.0375675985698813,NaN
-0.0404511752299895,-0.0375675985698383,NaN
-0.0404572345200814,-0.0375675985698339,NaN
-0.0404632938101733,-0.0375675985697953,NaN
-0.0404693531002652,-0.0375675985697737,NaN
-0.0404754123903571,-0.0375675985699458,NaN
-0.040481471680449,-0.0375675985699673,NaN
-0.0404875309705409,-0.0375675985698554,NaN
-0.0404935902606329,-0.0375675985698168,NaN
-0.0404996495507248,-0.0375675985698383,NaN
-0.0405057088408167,-0.0375675985697049,NaN
-0.0405117681309085,-0.0375675985697092,NaN
-0.0405178274210004,-0.0375675985698813,NaN
-0.0405238867110924,-0.0375675985699845,NaN
-0.0405299460011843,-0.0375675985700749,NaN
-0.0405360052912763,-0.0375675985699673,NaN
-0.0405420645813682,-0.0375675985698124,NaN
-0.0405481238714601,-0.0375675985698383,NaN
-0.040554183161552,-0.0375675985697522,NaN
-0.0405602424516439,-0.0375675985696834,NaN
-0.0405663017417358,-0.0375675985697737,NaN
-0.0405723610318277,-0.0375675985698383,NaN
-0.0405784203219196,-0.0375675985698339,NaN
-0.0405844796120115,-0.0375675985699243,NaN
-0.0405905389021034,-0.0375675985700319,NaN
-0.0405965981921954,-0.0375675985698124,NaN
-0.0406026574822872,-0.0375675985697092,NaN
-0.0406087167723791,-0.0375675985698168,NaN
-0.040614776062471,-0.0375675985698554,NaN
-0.040620835352563,-0.0375675985698383,NaN
-0.0406268946426549,-0.0375675985698168,NaN
-0.0406329539327468,-0.0375675985698124,NaN
-0.0406390132228387,-0.0375675985698383,NaN
-0.0406450725129306,-0.0375675985698813,NaN
-0.0406511318030225,-0.0375675985699415,NaN
-0.0406571910931144,-0.0375675985699243,NaN
-0.0406632503832064,-0.0375675985698598,NaN
-0.0406693096732983,-0.037567598569877,NaN
-0.0406753689633902,-0.0375675985698168,NaN
-0.0406814282534821,-0.0375675985697522,NaN
-0.040687487543574,-0.0375675985697264,NaN
-0.0406935468336659,-0.0375675985698168,NaN
-0.0406996061237578,-0.0375675985698813,NaN
-0.0407056654138497,-0.03756759856992,NaN
-0.0407117247039416,-0.0375675985700104,NaN
-0.0407177839940336,-0.0375675985699673,NaN
-0.0407238432841255,-0.0375675985698554,NaN
-0.0407299025742174,-0.0375675985698598,NaN
-0.0407359618643093,-0.0375675985697737,NaN
-0.0407420211544012,-0.0375675985696618,NaN
-0.0407480804444931,-0.0375675985698168,NaN
-0.040754139734585,-0.0375675985698813,NaN
-0.0407601990246769,-0.0375675985699415,NaN
-0.0407662583147689,-0.0375675985700319,NaN
-0.0407723176048608,-0.0375675985698813,NaN
-0.0407783768949527,-0.0375675985697264,NaN
-0.0407844361850446,-0.0375675985697737,NaN
-0.0407904954751365,-0.0375675985698383,NaN
-0.0407965547652284,-0.0375675985698339,NaN
-0.0408026140553203,-0.0375675985698383,NaN
-0.0408086733454122,-0.0375675985698383,NaN
-0.0408147326355041,-0.0375675985698383,NaN
-0.040820791925596,-0.0375675985698383,NaN
-0.0408268512156879,-0.0375675985698985,NaN
-0.0408329105057799,-0.0375675985699028,NaN
-0.0408389697958718,-0.0375675985698383,NaN
-0.0408450290859637,-0.0375675985698339,NaN
-0.0408510883760556,-0.0375675985698598,NaN
-0.0408571476661475,-0.0375675985698598,NaN
-0.0408632069562394,-0.0375675985698339,NaN
-0.0408692662463313,-0.0375675985697522,NaN
-0.0408753255364232,-0.0375675985697522,NaN
-0.0408813848265151,-0.03756759856992,NaN
-0.0408874441166071,-0.0375675985700534,NaN
-0.040893503406699,-0.0375675985699888,NaN
-0.0408995626967909,-0.0375675985699415,NaN
-0.0409056219868829,-0.0375675985699243,NaN
-0.0409116812769748,-0.0375675985697092,NaN
-0.0409177405670666,-0.0375675985696618,NaN
-0.0409237998571585,-0.0375675985698168,NaN
-0.0409298591472505,-0.0375675985698383,NaN
-0.0409359184373424,-0.0375675985698985,NaN
-0.0409419777274343,-0.0375675985700534,NaN
-0.0409480370175262,-0.0375675985699673,NaN
-0.0409540963076182,-0.0375675985698339,NaN
-0.0409601555977101,-0.0375675985697953,NaN
-0.040966214887802,-0.0375675985697092,NaN
-0.0409722741778938,-0.0375675985697694,NaN
-0.0409783334679858,-0.0375675985699028,NaN
-0.0409843927580777,-0.0375675985699028,NaN
-0.0409904520481696,-0.0375675985698339,NaN
-0.0409965113382615,-0.0375675985699028,NaN
-0.0410025706283534,-0.0375675985699673,NaN
-0.0410086299184454,-0.0375675985698124,NaN
-0.0410146892085372,-0.0375675985698168,NaN
-0.0410207484986292,-0.0375675985699028,NaN
-0.0410268077887211,-0.0375675985698339,NaN
-0.041032867078813,-0.0375675985697953,NaN
-0.0410389263689049,-0.0375675985698168,NaN
-0.0410449856589968,-0.0375675985697909,NaN
-0.0410510449490887,-0.0375675985697522,NaN
-0.0410571042391806,-0.0375675985698813,NaN
-0.0410631635292725,-0.0375675985699845,NaN
-0.0410692228193645,-0.0375675985698813,NaN
-0.0410752821094564,-0.0375675985698383,NaN
-0.0410813413995483,-0.0375675985698339,NaN
-0.0410874006896402,-0.0375675985698168,NaN
-0.0410934599797321,-0.0375675985697092,NaN
-0.041099519269824,-0.0375675985696834,NaN
-0.0411055785599159,-0.0375675985698383,NaN
-0.0411116378500078,-0.0375675985699028,NaN
-0.0411176971400997,-0.0375675985698985,NaN
-0.0411237564301916,-0.0375675985700319,NaN
-0.0411298157202836,-0.0375675985699888,NaN
-0.0411358750103755,-0.0375675985698813,NaN
-0.0411419343004674,-0.0375675985697953,NaN
-0.0411479935905593,-0.0375675985696834,NaN
-0.0411540528806512,-0.0375675985697737,NaN
-0.0411601121707431,-0.0375675985698598,NaN
-0.041166171460835,-0.037567598569877,NaN
-0.0411722307509269,-0.0375675985699028,NaN
-0.0411782900410188,-0.0375675985699673,NaN
-0.0411843493311108,-0.037567598569877,NaN
-0.0411904086212027,-0.0375675985697953,NaN
-0.0411964679112946,-0.0375675985698383,NaN
-0.0412025272013865,-0.037567598569877,NaN
-0.0412085864914784,-0.0375675985699028,NaN
-0.0412146457815703,-0.0375675985698383,NaN
-0.0412207050716622,-0.0375675985698339,NaN
-0.0412267643617542,-0.0375675985698813,NaN
-0.0412328236518461,-0.0375675985698168,NaN
-0.041238882941938,-0.0375675985698554,NaN
-0.0412449422320299,-0.0375675985699243,NaN
-0.0412510015221218,-0.0375675985699028,NaN
-0.0412570608122137,-0.0375675985698554,NaN
-0.0412631201023056,-0.0375675985697737,NaN
-0.0412691793923975,-0.0375675985697737,NaN
-0.0412752386824894,-0.0375675985697264,NaN
-0.0412812979725813,-0.0375675985696877,NaN
-0.0412873572626732,-0.0375675985698383,NaN
-0.0412934165527651,-0.03756759856992,NaN
-0.0412994758428571,-0.0375675985700534,NaN
-0.041305535132949,-0.0375675985699888,NaN
-0.0413115944230409,-0.0375675985698339,NaN
-0.0413176537131328,-0.0375675985698168,NaN
-0.0413237130032247,-0.0375675985697307,NaN
-0.0413297722933166,-0.0375675985697479,NaN
-0.0413358315834085,-0.0375675985697737,NaN
-0.0413418908735004,-0.0375675985697737,NaN
-0.0413479501635923,-0.037567598569877,NaN
-0.0413540094536842,-0.0375675985699673,NaN
-0.0413600687437762,-0.0375675985699458,NaN
-0.0413661280338681,-0.0375675985698124,NaN
-0.04137218732396,-0.0375675985697953,NaN
-0.0413782466140519,-0.0375675985698813,NaN
-0.0413843059041438,-0.0375675985698554,NaN
-0.0413903651942357,-0.0375675985698168,NaN
-0.0413964244843276,-0.0375675985698598,NaN
-0.0414024837744196,-0.037567598569877,NaN
-0.0414085430645115,-0.0375675985699028,NaN
-0.0414146023546034,-0.0375675985699243,NaN
-0.0414206616446953,-0.0375675985698985,NaN
-0.0414267209347872,-0.0375675985697953,NaN
-0.0414327802248791,-0.0375675985697953,NaN
-0.041438839514971,-0.0375675985698985,NaN
-0.041444898805063,-0.0375675985698383,NaN
-0.0414509580951549,-0.0375675985698168,NaN
-0.0414570173852468,-0.0375675985697264,NaN
-0.0414630766753386,-0.0375675985698383,NaN
-0.0414691359654306,-0.0375675985699888,NaN
-0.0414751952555225,-0.0375675985699458,NaN
-0.0414812545456144,-0.0375675985699888,NaN
-0.0414873138357064,-0.0375675985698985,NaN
-0.0414933731257983,-0.0375675985698168,NaN
-0.0414994324158902,-0.0375675985697953,NaN
-0.0415054917059821,-0.0375675985696834,NaN
-0.041511550996074,-0.0375675985697092,NaN
-0.0415176102861659,-0.0375675985698383,NaN
-0.0415236695762578,-0.0375675985698339,NaN
-0.0415297288663497,-0.0375675985698813,NaN
-0.0415357881564416,-0.0375675985700534,NaN
-0.0415418474465336,-0.0375675985698985,NaN
-0.0415479067366254,-0.0375675985696877,NaN
-0.0415539660267173,-0.0375675985697307,NaN
-0.0415600253168092,-0.0375675985697909,NaN
-0.0415660846069011,-0.0375675985698813,NaN
-0.0415721438969931,-0.0375675985698813,NaN
-0.041578203187085,-0.0375675985698339,NaN
-0.0415842624771769,-0.0375675985698813,NaN
-0.0415903217672688,-0.0375675985699028,NaN
-0.0415963810573607,-0.0375675985698985,NaN
-0.0416024403474526,-0.0375675985699028,NaN
-0.0416084996375446,-0.0375675985698168,NaN
-0.0416145589276364,-0.0375675985698339,NaN
-0.0416206182177284,-0.0375675985698813,NaN
-0.0416266775078203,-0.0375675985698168,NaN
-0.0416327367979122,-0.0375675985698554,NaN
-0.0416387960880041,-0.0375675985697737,NaN
-0.041644855378096,-0.0375675985697522,NaN
-0.0416509146681879,-0.0375675985698985,NaN
-0.0416569739582798,-0.0375675985700104,NaN
-0.0416630332483718,-0.0375675985699888,NaN
-0.0416690925384637,-0.0375675985698124,NaN
-0.0416751518285556,-0.0375675985698383,NaN
-0.0416812111186475,-0.0375675985697953,NaN
-0.0416872704087394,-0.0375675985696834,NaN
-0.0416933296988313,-0.0375675985698168,NaN
-0.0416993889889232,-0.0375675985699028,NaN
-0.0417054482790151,-0.03756759856992,NaN
-0.041711507569107,-0.0375675985700534,NaN
-0.041717566859199,-0.0375675985700104,NaN
-0.0417236261492909,-0.0375675985698554,NaN
-0.0417296854393828,-0.0375675985697737,NaN
-0.0417357447294747,-0.0375675985697307,NaN
-0.0417418040195666,-0.0375675985697694,NaN
-0.0417478633096585,-0.0375675985698598,NaN
-0.0417539225997504,-0.0375675985698598,NaN
-0.0417599818898423,-0.0375675985698554,NaN
-0.0417660411799343,-0.0375675985699458,NaN
-0.0417721004700262,-0.0375675985699243,NaN
-0.0417781597601181,-0.0375675985698124,NaN
-0.04178421905021,-0.0375675985698168,NaN
-0.0417902783403019,-0.0375675985698598,NaN
-0.0417963376303938,-0.0375675985698124,NaN
-0.0418023969204857,-0.0375675985698168,NaN
-0.0418084562105776,-0.0375675985698168,NaN
-0.0418145155006695,-0.0375675985698598,NaN
-0.0418205747907615,-0.0375675985697953,NaN
-0.0418266340808533,-0.0375675985697909,NaN
-0.0418326933709453,-0.0375675985699888,NaN
-0.0418387526610372,-0.0375675985699243,NaN
-0.0418448119511291,-0.0375675985698554,NaN
-0.041850871241221,-0.0375675985698813,NaN
-0.0418569305313129,-0.0375675985698168,NaN
-0.0418629898214049,-0.0375675985697264,NaN
-0.0418690491114967,-0.0375675985697522,NaN
-0.0418751084015886,-0.0375675985698383,NaN
-0.0418811676916806,-0.0375675985698554,NaN
-0.0418872269817725,-0.0375675985699888,NaN
-0.0418932862718644,-0.0375675985700749,NaN
-0.0418993455619564,-0.03756759856992,NaN
-0.0419054048520483,-0.0375675985698383,NaN
-0.0419114641421402,-0.0375675985697953,NaN
-0.0419175234322321,-0.0375675985697049,NaN
-0.041923582722324,-0.0375675985697737,NaN
-0.0419296420124159,-0.0375675985698813,NaN
-0.0419357013025078,-0.0375675985698985,NaN
-0.0419417605925997,-0.0375675985699673,NaN
-0.0419478198826916,-0.0375675985699888,NaN
-0.0419538791727836,-0.0375675985697694,NaN
-0.0419599384628754,-0.0375675985697953,NaN
-0.0419659977529674,-0.0375675985698383,NaN
-0.0419720570430593,-0.0375675985697264,NaN
-0.0419781163331512,-0.0375675985698168,NaN
-0.0419841756232431,-0.0375675985698598,NaN
-0.041990234913335,-0.0375675985698124,NaN
-0.0419962942034269,-0.0375675985698813,NaN
-0.0420023534935188,-0.0375675985698598,NaN
-0.0420084127836107,-0.0375675985698124,NaN
-0.0420144720737026,-0.0375675985699458,NaN
-0.0420205313637946,-0.0375675985699028,NaN
-0.0420265906538865,-0.0375675985697909,NaN
-0.0420326499439784,-0.0375675985697737,NaN
-0.0420387092340703,-0.0375675985698168,NaN
-0.0420447685241622,-0.0375675985697479,NaN
-0.0420508278142541,-0.0375675985697092,NaN
-0.042056887104346,-0.0375675985698383,NaN
-0.0420629463944379,-0.0375675985699415,NaN
-0.0420690056845298,-0.0375675985700319,NaN
-0.0420750649746218,-0.0375675985699888,NaN
-0.0420811242647137,-0.0375675985698985,NaN
-0.0420871835548056,-0.0375675985698813,NaN
-0.0420932428448975,-0.0375675985697307,NaN
-0.0420993021349894,-0.0375675985696834,NaN
-0.0421053614250813,-0.0375675985697953,NaN
-0.0421114207151732,-0.0375675985698598,NaN
-0.0421174800052651,-0.0375675985699845,NaN
-0.0421235392953571,-0.0375675985700319,NaN
-0.042129598585449,-0.0375675985698813,NaN
-0.0421356578755409,-0.0375675985697479,NaN
-0.0421417171656328,-0.0375675985698168,NaN
-0.0421477764557247,-0.0375675985697953,NaN
-0.0421538357458166,-0.0375675985698168,NaN
-0.0421598950359085,-0.0375675985698168,NaN
-0.0421659543260004,-0.0375675985698124,NaN
-0.0421720136160923,-0.0375675985698813,NaN
-0.0421780729061842,-0.0375675985699458,NaN
-0.0421841321962762,-0.0375675985698985,NaN
-0.0421901914863681,-0.0375675985698168,NaN
-0.04219625077646,-0.0375675985698598,NaN
-0.0422023100665519,-0.0375675985698124,NaN
-0.0422083693566438,-0.0375675985697737,NaN
-0.0422144286467357,-0.0375675985698168,NaN
-0.0422204879368276,-0.0375675985697694,NaN
-0.0422265472269195,-0.0375675985697522,NaN
-0.0422326065170114,-0.0375675985697522,NaN
-0.0422386658071033,-0.0375675985698985,NaN
-0.0422447250971952,-0.0375675985700534,NaN
-0.0422507843872872,-0.0375675985699888,NaN
-0.0422568436773791,-0.037567598569877,NaN
-0.042262902967471,-0.0375675985698598,NaN
-0.0422689622575629,-0.0375675985698168,NaN
-0.0422750215476548,-0.0375675985697049,NaN
-0.0422810808377467,-0.0375675985697953,NaN
-0.0422871401278386,-0.0375675985698383,NaN
-0.0422931994179305,-0.03756759856992,NaN
-0.0422992587080225,-0.0375675985699673,NaN
-0.0423053179981144,-0.0375675985699458,NaN
-0.0423113772882063,-0.0375675985698985,NaN
-0.0423174365782982,-0.0375675985697522,NaN
-0.0423234958683901,-0.0375675985697307,NaN
-0.042329555158482,-0.0375675985697694,NaN
-0.0423356144485739,-0.0375675985698813,NaN
-0.0423416737386658,-0.0375675985698813,NaN
-0.0423477330287577,-0.0375675985698339,NaN
-0.0423537923188497,-0.0375675985700104,NaN
-0.0423598516089416,-0.0375675985700104,NaN
-0.0423659108990335,-0.0375675985697909,NaN
-0.0423719701891254,-0.0375675985697737,NaN
-0.0423780294792173,-0.0375675985698383,NaN
-0.0423840887693092,-0.0375675985697694,NaN
-0.0423901480594011,-0.0375675985698383,NaN
-0.042396207349493,-0.0375675985698813,NaN
-0.042402266639585,-0.0375675985697479,NaN
-0.0424083259296768,-0.0375675985697522,NaN
-0.0424143852197687,-0.0375675985698598,NaN
-0.0424204445098607,-0.0375675985699415,NaN
-0.0424265037999526,-0.0375675985699673,NaN
-0.0424325630900445,-0.0375675985698813,NaN
-0.0424386223801364,-0.0375675985697909,NaN
-0.0424446816702283,-0.0375675985698383,NaN
-0.0424507409603202,-0.0375675985697953,NaN
-0.0424568002504121,-0.0375675985696618,NaN
-0.042462859540504,-0.0375675985697522,NaN
-0.0424689188305959,-0.0375675985698598,NaN
-0.0424749781206878,-0.03756759856992,NaN
-0.0424810374107798,-0.0375675985699673,NaN
-0.0424870967008717,-0.0375675985699888,NaN
-0.0424931559909636,-0.0375675985699028,NaN
-0.0424992152810555,-0.0375675985697307,NaN
-0.0425052745711474,-0.0375675985697479,NaN
-0.0425113338612393,-0.0375675985698813,NaN
-0.0425173931513312,-0.0375675985698383,NaN
-0.0425234524414231,-0.0375675985698554,NaN
-0.0425295117315151,-0.0375675985699243,NaN
-0.042535571021607,-0.0375675985700104,NaN
-0.0425416303116989,-0.0375675985698985,NaN
-0.0425476896017908,-0.0375675985697522,NaN
-0.0425537488918827,-0.0375675985698168,NaN
-0.0425598081819746,-0.0375675985698339,NaN
-0.0425658674720666,-0.0375675985698598,NaN
-0.0425719267621585,-0.0375675985698598,NaN
-0.0425779860522504,-0.0375675985698985,NaN
-0.0425840453423423,-0.0375675985698813,NaN
-0.0425901046324342,-0.0375675985698383,NaN
-0.0425961639225261,-0.03756759856992,NaN
-0.0426022232126181,-0.0375675985699673,NaN
-0.04260828250271,-0.0375675985699028,NaN
-0.0426143417928019,-0.0375675985698124,NaN
-0.0426204010828938,-0.0375675985698598,NaN
-0.0426264603729857,-0.0375675985698383,NaN
-0.0426325196630776,-0.0375675985697264,NaN
-0.0426385789531695,-0.0375675985697307,NaN
-0.0426446382432614,-0.0375675985697522,NaN
-0.0426506975333533,-0.03756759856992,NaN
-0.0426567568234452,-0.0375675985700964,NaN
-0.0426628161135372,-0.0375675985699673,NaN
-0.0426688754036291,-0.0375675985698124,NaN
-0.042674934693721,-0.0375675985698813,NaN
-0.0426809939838129,-0.0375675985697092,NaN
-0.0426870532739048,-0.0375675985696403,NaN
-0.0426931125639967,-0.0375675985697953,NaN
-0.0426991718540886,-0.0375675985698168,NaN
-0.0427052311441805,-0.0375675985698985,NaN
-0.0427112904342724,-0.0375675985699458,NaN
-0.0427173497243644,-0.0375675985699458,NaN
-0.0427234090144563,-0.0375675985698124,NaN
-0.0427294683045482,-0.0375675985697953,NaN
-0.0427355275946401,-0.0375675985698813,NaN
-0.042741586884732,-0.0375675985698554,NaN
-0.0427476461748239,-0.0375675985698383,NaN
-0.0427537054649158,-0.0375675985698168,NaN
-0.0427597647550077,-0.0375675985698554,NaN
-0.0427658240450996,-0.0375675985699028,NaN
-0.0427718833351916,-0.0375675985699243,NaN
-0.0427779426252835,-0.0375675985698554,NaN
-0.0427840019153754,-0.0375675985698383,NaN
-0.0427900612054673,-0.0375675985698383,NaN
-0.0427961204955592,-0.0375675985698554,NaN
-0.0428021797856511,-0.0375675985699243,NaN
-0.0428082390757431,-0.0375675985697953,NaN
-0.0428142983658349,-0.0375675985697307,NaN
-0.0428203576559268,-0.0375675985698168,NaN
-0.0428264169460187,-0.0375675985698985,NaN
-0.0428324762361107,-0.0375675985700964,NaN
-0.0428385355262026,-0.0375675985699888,NaN
-0.0428445948162945,-0.0375675985698124,NaN
-0.0428506541063865,-0.0375675985698383,NaN
-0.0428567133964784,-0.0375675985698168,NaN
-0.0428627726865703,-0.0375675985697049,NaN
-0.0428688319766621,-0.0375675985697092,NaN
-0.042874891266754,-0.0375675985698383,NaN
-0.042880950556846,-0.0375675985697909,NaN
-0.0428870098469379,-0.0375675985699028,NaN
-0.0428930691370298,-0.0375675985700534,NaN
-0.0428991284271217,-0.037567598569877,NaN
-0.0429051877172136,-0.0375675985696877,NaN
-0.0429112470073055,-0.0375675985697737,NaN
-0.0429173062973974,-0.0375675985698124,NaN
-0.0429233655874893,-0.0375675985697737,NaN
-0.0429294248775812,-0.0375675985698813,NaN
-0.0429354841676732,-0.0375675985698554,NaN
-0.0429415434577651,-0.0375675985698383,NaN
-0.042947602747857,-0.0375675985699888,NaN
-0.0429536620379489,-0.0375675985699415,NaN
-0.0429597213280408,-0.0375675985697953,NaN
-0.0429657806181327,-0.0375675985698383,NaN
-0.0429718399082246,-0.0375675985698554,NaN
-0.0429778991983166,-0.0375675985698383,NaN
-0.0429839584884085,-0.0375675985698383,NaN
-0.0429900177785004,-0.0375675985698124,NaN
-0.0429960770685923,-0.0375675985697522,NaN
-0.0430021363586842,-0.0375675985697953,NaN
-0.0430081956487761,-0.0375675985699845,NaN
-0.043014254938868,-0.0375675985700104,NaN
-0.04302031422896,-0.0375675985698813,NaN
-0.0430263735190519,-0.0375675985698339,NaN
-0.0430324328091438,-0.0375675985699243,NaN
-0.0430384920992357,-0.0375675985698383,NaN
-0.0430445513893276,-0.0375675985696834,NaN
-0.0430506106794195,-0.0375675985697953,NaN
-0.0430566699695114,-0.0375675985698383,NaN
-0.0430627292596033,-0.0375675985698985,NaN
-0.0430687885496952,-0.0375675985700749,NaN
-0.0430748478397872,-0.0375675985699458,NaN
-0.0430809071298791,-0.0375675985698124,NaN
-0.043086966419971,-0.0375675985697307,NaN
-0.0430930257100629,-0.0375675985696877,NaN
-0.0430990850001548,-0.0375675985697694,NaN
-0.0431051442902467,-0.0375675985698383,NaN
-0.0431112035803386,-0.0375675985698813,NaN
-0.0431172628704305,-0.037567598569877,NaN
-0.0431233221605224,-0.0375675985699243,NaN
-0.0431293814506143,-0.0375675985700104,NaN
-0.0431354407407063,-0.0375675985698339,NaN
-0.0431415000307982,-0.0375675985697092,NaN
-0.0431475593208901,-0.0375675985698168,NaN
-0.043153618610982,-0.0375675985698598,NaN
-0.0431596779010739,-0.0375675985697953,NaN
-0.0431657371911658,-0.0375675985697909,NaN
-0.0431717964812577,-0.0375675985698168,NaN
-0.0431778557713496,-0.0375675985697737,NaN
-0.0431839150614415,-0.0375675985698339,NaN
-0.0431899743515334,-0.0375675985699673,NaN
-0.0431960336416254,-0.0375675985699243,NaN
-0.0432020929317173,-0.037567598569877,NaN
-0.0432081522218092,-0.0375675985699028,NaN
-0.0432142115119011,-0.0375675985698813,NaN
-0.043220270801993,-0.0375675985698339,NaN
-0.0432263300920849,-0.0375675985697307,NaN
-0.0432323893821768,-0.0375675985697953,NaN
-0.0432384486722687,-0.0375675985698339,NaN
-0.0432445079623606,-0.0375675985699458,NaN
-0.0432505672524526,-0.0375675985700104,NaN
-0.0432566265425445,-0.0375675985698985,NaN
-0.0432626858326364,-0.0375675985698813,NaN
-0.0432687451227283,-0.0375675985697092,NaN
-0.0432748044128202,-0.0375675985697049,NaN
-0.0432808637029121,-0.0375675985698813,NaN
-0.043286922993004,-0.0375675985698383,NaN
-0.0432929822830959,-0.037567598569877,NaN
-0.0432990415731879,-0.0375675985700104,NaN
-0.0433051008632798,-0.0375675985700104,NaN
-0.0433111601533717,-0.037567598569877,NaN
-0.0433172194434636,-0.0375675985697307,NaN
-0.0433232787335555,-0.0375675985697737,NaN
-0.0433293380236474,-0.0375675985698339,NaN
-0.0433353973137393,-0.0375675985698383,NaN
-0.0433414566038312,-0.0375675985698168,NaN
-0.0433475158939231,-0.0375675985697694,NaN
-0.043353575184015,-0.0375675985697953,NaN
-0.0433596344741069,-0.0375675985698598,NaN
-0.0433656937641989,-0.0375675985698554,NaN
-0.0433717530542908,-0.0375675985699028,NaN
-0.0433778123443827,-0.0375675985699243,NaN
-0.0433838716344746,-0.0375675985698339,NaN
-0.0433899309245665,-0.0375675985698383,NaN
-0.0433959902146584,-0.0375675985698168,NaN
-0.0434020495047503,-0.0375675985697909,NaN
-0.0434081087948422,-0.0375675985697092,NaN
-0.0434141680849341,-0.0375675985697522,NaN
-0.043420227375026,-0.0375675985698985,NaN
-0.043426286665118,-0.0375675985700534,NaN
-0.0434323459552099,-0.0375675985700104,NaN
-0.0434384052453018,-0.0375675985698124,NaN
-0.0434444645353937,-0.0375675985698598,NaN
-0.0434505238254856,-0.0375675985697307,NaN
-0.0434565831155775,-0.0375675985697049,NaN
-0.0434626424056694,-0.0375675985698813,NaN
-0.0434687016957613,-0.0375675985698598,NaN
-0.0434747609858533,-0.0375675985698985,NaN
-0.0434808202759452,-0.0375675985699888,NaN
-0.0434868795660371,-0.0375675985699888,NaN
-0.0434929388561291,-0.0375675985698383,NaN
-0.0434989981462209,-0.0375675985697522,NaN
-0.0435050574363128,-0.0375675985697479,NaN
-0.0435111167264047,-0.0375675985698168,NaN
-0.0435171760164966,-0.0375675985698813,NaN
-0.0435232353065886,-0.037567598569877,NaN
-0.0435292945966805,-0.0375675985699243,NaN
-0.0435353538867724,-0.0375675985699458,NaN
-0.0435414131768643,-0.0375675985698985,NaN
-0.0435474724669562,-0.0375675985699243,NaN
-0.0435535317570482,-0.0375675985698813,NaN
-0.0435595910471401,-0.0375675985698339,NaN
-0.043565650337232,-0.0375675985698813,NaN
-0.0435717096273239,-0.0375675985698168,NaN
-0.0435777689174158,-0.0375675985698124,NaN
-0.0435838282075077,-0.0375675985698168,NaN
-0.0435898874975996,-0.0375675985696662,NaN
-0.0435959467876915,-0.0375675985697909,NaN
-0.0436020060777834,-0.0375675985700534,NaN
-0.0436080653678754,-0.0375675985699673,NaN
-0.0436141246579673,-0.03756759856992,NaN
-0.0436201839480592,-0.0375675985698168,NaN
-0.0436262432381511,-0.0375675985697953,NaN
-0.043632302528243,-0.0375675985697264,NaN
-0.0436383618183349,-0.0375675985696877,NaN
-0.0436444211084268,-0.0375675985698598,NaN
-0.0436504803985187,-0.0375675985698554,NaN
-0.0436565396886106,-0.0375675985699458,NaN
-0.0436625989787026,-0.0375675985699888,NaN
-0.0436686582687945,-0.0375675985698554,NaN
-0.0436747175588864,-0.0375675985697522,NaN
-0.0436807768489783,-0.0375675985697737,NaN
-0.0436868361390702,-0.0375675985698124,NaN
-0.0436928954291621,-0.0375675985698598,NaN
-0.043698954719254,-0.0375675985699243,NaN
-0.0437050140093459,-0.0375675985698339,NaN
-0.0437110732994378,-0.0375675985699673,NaN
-0.0437171325895298,-0.0375675985700319,NaN
-0.0437231918796217,-0.0375675985698124,NaN
-0.0437292511697136,-0.0375675985697737,NaN
-0.0437353104598055,-0.0375675985697953,NaN
-0.0437413697498974,-0.0375675985698124,NaN
-0.0437474290399893,-0.0375675985698598,NaN
-0.0437534883300812,-0.0375675985697737,NaN
-0.0437595476201731,-0.0375675985697909,NaN
-0.043765606910265,-0.0375675985698383,NaN
-0.0437716662003569,-0.0375675985698168,NaN
-0.0437777254904489,-0.03756759856992,NaN
-0.0437837847805408,-0.0375675985699458,NaN
-0.0437898440706327,-0.0375675985698813,NaN
-0.0437959033607246,-0.0375675985698124,NaN
-0.0438019626508165,-0.0375675985698168,NaN
-0.0438080219409084,-0.0375675985697953,NaN
-0.0438140812310003,-0.0375675985697049,NaN
-0.0438201405210922,-0.0375675985697522,NaN
-0.0438261998111841,-0.0375675985698168,NaN
-0.043832259101276,-0.0375675985699028,NaN
-0.0438383183913679,-0.0375675985700534,NaN
-0.0438443776814599,-0.0375675985699415,NaN
-0.0438504369715518,-0.0375675985698168,NaN
-0.0438564962616437,-0.0375675985697953,NaN
-0.0438625555517356,-0.0375675985697479,NaN
-0.0438686148418275,-0.0375675985698168,NaN
-0.0438746741319194,-0.0375675985698813,NaN
-0.0438807334220113,-0.037567598569877,NaN
-0.0438867927121033,-0.0375675985699028,NaN
-0.0438928520021952,-0.0375675985699888,NaN
-0.0438989112922871,-0.037567598569963,NaN
-0.043904970582379,-0.0375675985698383,NaN
-0.0439110298724709,-0.0375675985697953,NaN
-0.0439170891625628,-0.0375675985697909,NaN
-0.0439231484526547,-0.0375675985698383,NaN
-0.0439292077427467,-0.0375675985698383,NaN
-0.0439352670328386,-0.0375675985698339,NaN
-0.0439413263229305,-0.0375675985698168,NaN
-0.0439473856130224,-0.0375675985697953,NaN
-0.0439534449031143,-0.0375675985699415,NaN
-0.0439595041932062,-0.0375675985699888,NaN
-0.0439655634832981,-0.0375675985698598,NaN
-0.04397162277339,-0.0375675985698339,NaN
-0.043977682063482,-0.0375675985698168,NaN
-0.0439837413535739,-0.0375675985697953,NaN
-0.0439898006436658,-0.0375675985698554,NaN
-0.0439958599337577,-0.0375675985697737,NaN
-0.0440019192238496,-0.0375675985696877,NaN
-0.0440079785139415,-0.0375675985698985,NaN
-0.0440140378040334,-0.0375675985700319,NaN
-0.0440200970941253,-0.0375675985699673,NaN
-0.0440261563842173,-0.0375675985698339,NaN
-0.0440322156743092,-0.0375675985697522,NaN
-0.0440382749644011,-0.0375675985697307,NaN
-0.0440443342544929,-0.0375675985696618,NaN
-0.0440503935445848,-0.0375675985697953,NaN
-0.0440564528346767,-0.0375675985698813,NaN
-0.0440625121247687,-0.0375675985698554,NaN
-0.0440685714148606,-0.0375675985700104,NaN
-0.0440746307049525,-0.0375675985700319,NaN
-0.0440806899950444,-0.0375675985698985,NaN
-0.0440867492851364,-0.0375675985697737,NaN
-0.0440928085752282,-0.0375675985697307,NaN
-0.0440988678653201,-0.0375675985698124,NaN
-0.0441049271554121,-0.0375675985698598,NaN
-0.044110986445504,-0.0375675985698598,NaN
-0.0441170457355959,-0.0375675985698339,NaN
-0.0441231050256878,-0.0375675985698383,NaN
-0.0441291643157797,-0.0375675985699243,NaN
-0.0441352236058716,-0.037567598569877,NaN
-0.0441412828959635,-0.0375675985698598,NaN
-0.0441473421860555,-0.0375675985699243,NaN
-0.0441534014761474,-0.0375675985699028,NaN
-0.0441594607662393,-0.0375675985698383,NaN
-0.0441655200563312,-0.0375675985698339,NaN
-0.0441715793464231,-0.0375675985698813,NaN
-0.044177638636515,-0.0375675985697522,NaN
-0.0441836979266069,-0.0375675985698124,NaN
-0.0441897572166988,-0.0375675985700104,NaN
-0.0441958165067908,-0.0375675985699243,NaN
-0.0442018757968827,-0.037567598569877,NaN
-0.0442079350869746,-0.0375675985698598,NaN
-0.0442139943770665,-0.0375675985697522,NaN
-0.0442200536671584,-0.0375675985696403,NaN
-0.0442261129572503,-0.0375675985697307,NaN
-0.0442321722473422,-0.0375675985698813,NaN
-0.0442382315374341,-0.0375675985698124,NaN
-0.044244290827526,-0.0375675985699458,NaN
-0.044250350117618,-0.0375675985700534,NaN
-0.0442564094077099,-0.0375675985699415,NaN
-0.0442624686978018,-0.0375675985698168,NaN
-0.0442685279878937,-0.0375675985697307,NaN
-0.0442745872779856,-0.0375675985696618,NaN
-0.0442806465680775,-0.0375675985697953,NaN
-0.0442867058581694,-0.0375675985699028,NaN
-0.0442927651482613,-0.0375675985697909,NaN
-0.0442988244383532,-0.0375675985698383,NaN
-0.0443048837284451,-0.0375675985699458,NaN
-0.0443109430185371,-0.0375675985698554,NaN
-0.0443170023086289,-0.0375675985698383,NaN
-0.0443230615987209,-0.0375675985698813,NaN
-0.0443291208888128,-0.0375675985698554,NaN
-0.0443351801789047,-0.0375675985699028,NaN
-0.0443412394689966,-0.0375675985698598,NaN
-0.0443472987590885,-0.0375675985698124,NaN
-0.0443533580491804,-0.0375675985698383,NaN
-0.0443594173392723,-0.0375675985697953,NaN
-0.0443654766293642,-0.0375675985698985,NaN
-0.0443715359194562,-0.0375675985699888,NaN
-0.0443775952095481,-0.0375675985699458,NaN
-0.04438365449964,-0.0375675985698554,NaN
-0.0443897137897319,-0.0375675985698168,NaN
-0.0443957730798238,-0.0375675985698813,NaN
-0.0444018323699158,-0.0375675985697909,NaN
-0.0444078916600077,-0.0375675985697307,NaN
-0.0444139509500995,-0.0375675985698813,NaN
-0.0444200102401915,-0.0375675985699845,NaN
-0.0444260695302834,-0.0375675985700319,NaN
-0.0444321288203754,-0.0375675985699458,NaN
-0.0444381881104673,-0.0375675985698554,NaN
-0.0444442474005592,-0.0375675985697953,NaN
-0.0444503066906511,-0.0375675985696877,NaN
-0.044456365980743,-0.0375675985697479,NaN
-0.0444624252708349,-0.0375675985697953,NaN
-0.0444684845609268,-0.0375675985698383,NaN
-0.0444745438510187,-0.037567598569877,NaN
-0.0444806031411106,-0.0375675985699458,NaN
-0.0444866624312025,-0.0375675985700104,NaN
-0.0444927217212945,-0.0375675985698813,NaN
-0.0444987810113864,-0.0375675985697522,NaN
-0.0445048403014783,-0.0375675985697479,NaN
-0.0445108995915702,-0.0375675985698383,NaN
-0.0445169588816621,-0.0375675985698383,NaN
-0.044523018171754,-0.0375675985697694,NaN
-0.0445290774618459,-0.0375675985698383,NaN
-0.0445351367519378,-0.0375675985697522,NaN
-0.0445411960420297,-0.0375675985698124,NaN
-0.0445472553321216,-0.0375675985699888,NaN
-0.0445533146222135,-0.0375675985699458,NaN
-0.0445593739123055,-0.0375675985698554,NaN
-0.0445654332023974,-0.0375675985698813,NaN
-0.0445714924924893,-0.0375675985698813,NaN
-0.0445775517825812,-0.0375675985697694,NaN
-0.0445836110726731,-0.0375675985697737,NaN
-0.044589670362765,-0.0375675985697737,NaN
-0.0445957296528569,-0.0375675985698554,NaN
-0.0446017889429488,-0.0375675985700104,NaN
-0.0446078482330408,-0.0375675985699888,NaN
-0.0446139075231327,-0.03756759856992,NaN
-0.0446199668132246,-0.0375675985698383,NaN
-0.0446260261033165,-0.0375675985696877,NaN
-0.0446320853934084,-0.0375675985697694,NaN
-0.0446381446835003,-0.0375675985698598,NaN
-0.0446442039735922,-0.0375675985697953,NaN
-0.0446502632636841,-0.03756759856992,NaN
-0.044656322553776,-0.0375675985700104,NaN
-0.044662381843868,-0.0375675985700104,NaN
-0.0446684411339599,-0.0375675985698985,NaN
-0.0446745004240518,-0.0375675985697307,NaN
-0.0446805597141437,-0.0375675985697522,NaN
-0.0446866190042356,-0.0375675985698124,NaN
-0.0446926782943275,-0.0375675985698168,NaN
-0.0446987375844194,-0.0375675985698168,NaN
-0.0447047968745113,-0.0375675985698339,NaN
-0.0447108561646032,-0.0375675985698383,NaN
-0.0447169154546951,-0.0375675985697737,NaN
-0.044722974744787,-0.0375675985698985,NaN
-0.044729034034879,-0.0375675985699458,NaN
-0.0447350933249709,-0.0375675985698813,NaN
-0.0447411526150628,-0.0375675985697909,NaN
-0.0447472119051547,-0.0375675985698168,NaN
-0.0447532711952466,-0.0375675985698813,NaN
-0.0447593304853385,-0.0375675985697479,NaN
-0.0447653897754304,-0.0375675985697092,NaN
-0.0447714490655223,-0.0375675985697737,NaN
-0.0447775083556142,-0.03756759856992,NaN
-0.0447835676457061,-0.0375675985700319,NaN
-0.0447896269357981,-0.0375675985700104,NaN
-0.04479568622589,-0.0375675985698554,NaN
-0.0448017455159819,-0.0375675985698168,NaN
-0.0448078048060738,-0.0375675985697522,NaN
-0.0448138640961657,-0.0375675985697049,NaN
-0.0448199233862576,-0.0375675985698598,NaN
-0.0448259826763495,-0.0375675985699028,NaN
-0.0448320419664414,-0.0375675985699028,NaN
-0.0448381012565334,-0.0375675985699888,NaN
-0.0448441605466253,-0.0375675985699415,NaN
-0.0448502198367172,-0.0375675985698813,NaN
-0.0448562791268091,-0.0375675985697737,NaN
-0.044862338416901,-0.0375675985697694,NaN
-0.0448683977069929,-0.0375675985698383,NaN
-0.0448744569970848,-0.0375675985697953,NaN
-0.0448805162871767,-0.0375675985698124,NaN
-0.0448865755772687,-0.0375675985698598,NaN
-0.0448926348673606,-0.0375675985699888,NaN
-0.0448986941574525,-0.0375675985699415,NaN
-0.0449047534475444,-0.0375675985697953,NaN
-0.0449108127376363,-0.0375675985698383,NaN
-0.0449168720277282,-0.0375675985698339,NaN
-0.0449229313178201,-0.0375675985698383,NaN
-0.0449289906079121,-0.0375675985698598,NaN
-0.044935049898004,-0.0375675985698124,NaN
-0.0449411091880959,-0.0375675985697953,NaN
-0.0449471684781878,-0.0375675985697737,NaN
-0.0449532277682797,-0.0375675985698124,NaN
-0.0449592870583716,-0.0375675985699888,NaN
-0.0449653463484635,-0.0375675985699458,NaN
-0.0449714056385554,-0.0375675985698554,NaN
-0.0449774649286474,-0.0375675985698598,NaN
-0.0449835242187393,-0.0375675985697307,NaN
-0.0449895835088311,-0.0375675985696618,NaN
-0.044995642798923,-0.0375675985697737,NaN
-0.0450017020890149,-0.0375675985698383,NaN
-0.0450077613791068,-0.0375675985698124,NaN
-0.0450138206691988,-0.0375675985699673,NaN
-0.0450198799592907,-0.0375675985700534,NaN
-0.0450259392493826,-0.0375675985699415,NaN
-0.0450319985394746,-0.0375675985699028,NaN
-0.0450380578295665,-0.0375675985697307,NaN
-0.0450441171196583,-0.0375675985696834,NaN
-0.0450501764097503,-0.0375675985698598,NaN
-0.0450562356998422,-0.0375675985698813,NaN
-0.0450622949899341,-0.0375675985698339,NaN
-0.045068354280026,-0.0375675985698598,NaN
-0.0450744135701179,-0.0375675985700104,NaN
-0.0450804728602099,-0.0375675985698554,NaN
-0.0450865321503017,-0.0375675985697307,NaN
-0.0450925914403936,-0.0375675985699243,NaN
-0.0450986507304856,-0.037567598569877,NaN
-0.0451047100205775,-0.0375675985698598,NaN
-0.0451107693106694,-0.0375675985698813,NaN
-0.0451168286007613,-0.0375675985697479,NaN
-0.0451228878908532,-0.0375675985698383,NaN
-0.0451289471809451,-0.0375675985699028,NaN
-0.045135006471037,-0.0375675985698985,NaN
-0.045141065761129,-0.0375675985699028,NaN
-0.0451471250512209,-0.0375675985698598,NaN
-0.0451531843413128,-0.0375675985698124,NaN
-0.0451592436314047,-0.0375675985697953,NaN
-0.0451653029214966,-0.0375675985698168,NaN
-0.0451713622115885,-0.0375675985697522,NaN
-0.0451774215016804,-0.0375675985697953,NaN
-0.0451834807917723,-0.0375675985698124,NaN
-0.0451895400818642,-0.0375675985698598,NaN
-0.0451955993719561,-0.0375675985700749,NaN
-0.0452016586620481,-0.037567598569963,NaN
-0.04520771795214,-0.0375675985698598,NaN
-0.0452137772422319,-0.0375675985698383,NaN
-0.0452198365323238,-0.0375675985695973,NaN
-0.0452258958224157,-0.0375675985697092,NaN
-0.0452319551125076,-0.0375675985698598,NaN
-0.0452380144025995,-0.0375675985698339,NaN
-0.0452440736926914,-0.0375675985699673,NaN
-0.0452501329827833,-0.0375675985699888,NaN
-0.0452561922728753,-0.037567598569963,NaN
-0.0452622515629672,-0.0375675985698598,NaN
-0.0452683108530591,-0.0375675985697737,NaN
-0.045274370143151,-0.037567598569877,NaN
-0.0452804294332429,-0.0375675985698813,NaN
-0.0452864887233348,-0.0375675985697953,NaN
-0.0452925480134267,-0.037567598569877,NaN
-0.0452986073035187,-0.0375675985699458,NaN
-0.0453046665936106,-0.0375675985698813,NaN
-0.0453107258837025,-0.0375675985698554,NaN
-0.0453167851737944,-0.0375675985698383,NaN
-0.0453228444638863,-0.0375675985699028,NaN
-0.0453289037539782,-0.0375675985698554,NaN
-0.0453349630440701,-0.0375675985697737,NaN
-0.045341022334162,-0.0375675985698813,NaN
-0.045347081624254,-0.0375675985698124,NaN
-0.0453531409143459,-0.0375675985696877,NaN
-0.0453592002044377,-0.0375675985697522,NaN
-0.0453652594945296,-0.0375675985698985,NaN
-0.0453713187846216,-0.0375675985700749,NaN
-0.0453773780747135,-0.0375675985699458,NaN
-0.0453834373648054,-0.0375675985697694,NaN
-0.0453894966548973,-0.0375675985697953,NaN
-0.0453955559449892,-0.0375675985697307,NaN
-0.0454016152350811,-0.0375675985697264,NaN
-0.045407674525173,-0.0375675985697953,NaN
-0.0454137338152649,-0.0375675985698598,NaN
-0.0454197931053568,-0.0375675985698985,NaN
-0.0454258523954488,-0.0375675985699458,NaN
-0.0454319116855407,-0.0375675985699888,NaN
-0.0454379709756326,-0.03756759856992,NaN
-0.0454440302657245,-0.0375675985697737,NaN
-0.0454500895558164,-0.0375675985697307,NaN
-0.0454561488459083,-0.0375675985698339,NaN
-0.0454622081360002,-0.0375675985698383,NaN
-0.0454682674260921,-0.0375675985698383,NaN
-0.0454743267161841,-0.0375675985698339,NaN
-0.045480386006276,-0.0375675985698813,NaN
-0.0454864452963679,-0.0375675985699243,NaN
-0.0454925045864598,-0.037567598569877,NaN
-0.0454985638765517,-0.0375675985698598,NaN
-0.0455046231666436,-0.0375675985698813,NaN
-0.0455106824567356,-0.0375675985699028,NaN
-0.0455167417468275,-0.0375675985698813,NaN
-0.0455228010369194,-0.0375675985698339,NaN
-0.0455288603270113,-0.0375675985698168,NaN
-0.0455349196171032,-0.0375675985698168,NaN
-0.0455409789071951,-0.0375675985698124,NaN
-0.045547038197287,-0.0375675985699458,NaN
-0.045553097487379,-0.0375675985699673,NaN
-0.0455591567774709,-0.037567598569877,NaN
-0.0455652160675628,-0.0375675985697953,NaN
-0.0455712753576547,-0.0375675985698168,NaN
-0.0455773346477466,-0.0375675985697479,NaN
-0.0455833939378385,-0.0375675985696662,NaN
-0.0455894532279304,-0.0375675985698168,NaN
-0.0455955125180223,-0.0375675985698339,NaN
-0.0456015718081142,-0.0375675985699673,NaN
-0.0456076310982061,-0.0375675985700104,NaN
-0.0456136903882981,-0.037567598569877,NaN
-0.04561974967839,-0.0375675985699028,NaN
-0.0456258089684819,-0.0375675985697307,NaN
-0.0456318682585738,-0.0375675985696618,NaN
-0.0456379275486657,-0.0375675985698383,NaN
-0.0456439868387576,-0.0375675985698383,NaN
-0.0456500461288495,-0.0375675985698339,NaN
-0.0456561054189414,-0.0375675985698383,NaN
-0.0456621647090333,-0.0375675985698598,NaN
-0.0456682239991252,-0.0375675985698985,NaN
-0.0456742832892171,-0.0375675985699243,NaN
-0.0456803425793091,-0.0375675985698598,NaN
-0.045686401869401,-0.0375675985698124,NaN
-0.0456924611594929,-0.0375675985699028,NaN
-0.0456985204495848,-0.0375675985698598,NaN
-0.0457045797396767,-0.0375675985698554,NaN
-0.0457106390297686,-0.0375675985698813,NaN
-0.0457166983198605,-0.0375675985697522,NaN
-0.0457227576099524,-0.0375675985698124,NaN
-0.0457288169000444,-0.0375675985699888,NaN
-0.0457348761901363,-0.0375675985699673,NaN
-0.0457409354802282,-0.0375675985698339,NaN
-0.0457469947703201,-0.0375675985698168,NaN
-0.045753054060412,-0.0375675985698598,NaN
-0.0457591133505039,-0.0375675985697049,NaN
-0.0457651726405958,-0.0375675985697522,NaN
-0.0457712319306877,-0.0375675985699028,NaN
-0.0457772912207796,-0.0375675985698985,NaN
-0.0457833505108716,-0.0375675985700104,NaN
-0.0457894098009635,-0.0375675985699673,NaN
-0.0457954690910554,-0.0375675985698554,NaN
-0.0458015283811473,-0.0375675985698598,NaN
-0.0458075876712392,-0.0375675985697092,NaN
-0.0458136469613311,-0.0375675985696834,NaN
-0.045819706251423,-0.0375675985698168,NaN
-0.0458257655415149,-0.0375675985698813,NaN
-0.0458318248316068,-0.0375675985699028,NaN
-0.0458378841216988,-0.0375675985698598,NaN
-0.0458439434117907,-0.037567598569963,NaN
-0.0458500027018826,-0.0375675985698598,NaN
-0.0458560619919745,-0.0375675985697092,NaN
-0.0458621212820664,-0.0375675985698124,NaN
-0.0458681805721583,-0.0375675985697953,NaN
-0.0458742398622502,-0.0375675985698383,NaN
-0.0458802991523421,-0.0375675985698124,NaN
-0.045886358442434,-0.0375675985698383,NaN
-0.0458924177325259,-0.0375675985698813,NaN
-0.0458984770226178,-0.0375675985698554,NaN
-0.0459045363127098,-0.0375675985699243,NaN
-0.0459105956028017,-0.0375675985698598,NaN
-0.0459166548928936,-0.0375675985698339,NaN
-0.0459227141829855,-0.0375675985699458,NaN
-0.0459287734730774,-0.0375675985698598,NaN
-0.0459348327631693,-0.0375675985697479,NaN
-0.0459408920532612,-0.0375675985697522,NaN
-0.0459469513433531,-0.0375675985698168,NaN
-0.045953010633445,-0.0375675985698554,NaN
-0.045959069923537,-0.0375675985699458,NaN
-0.0459651292136289,-0.0375675985700319,NaN
-0.0459711885037208,-0.03756759856992,NaN
-0.0459772477938128,-0.0375675985698598,NaN
-0.0459833070839047,-0.0375675985698598,NaN
-0.0459893663739966,-0.0375675985697264,NaN
-0.0459954256640884,-0.0375675985697092,NaN
-0.0460014849541803,-0.0375675985698383,NaN
-0.0460075442442723,-0.0375675985698554,NaN
-0.0460136035343642,-0.0375675985699888,NaN
-0.0460196628244561,-0.0375675985700104,NaN
-0.046025722114548,-0.037567598569877,NaN
-0.04603178140464,-0.0375675985697522,NaN
-0.0460378406947318,-0.0375675985697953,NaN
-0.0460438999848238,-0.0375675985697479,NaN
-0.0460499592749156,-0.0375675985698168,NaN
-0.0460560185650076,-0.0375675985699243,NaN
-0.0460620778550995,-0.0375675985697909,NaN
-0.0460681371451914,-0.0375675985698168,NaN
-0.0460741964352833,-0.0375675985698383,NaN
-0.0460802557253752,-0.0375675985698985,NaN
-0.0460863150154671,-0.0375675985699028,NaN
-0.046092374305559,-0.0375675985698598,NaN
-0.046098433595651,-0.037567598569877,NaN
-0.0461044928857429,-0.0375675985698168,NaN
-0.0461105521758348,-0.0375675985697737,NaN
-0.0461166114659267,-0.0375675985698124,NaN
-0.0461226707560186,-0.0375675985698168,NaN
-0.0461287300461105,-0.0375675985698168,NaN
-0.0461347893362024,-0.03756759856992,NaN
-0.0461408486262943,-0.0375675985700534,NaN
-0.0461469079163863,-0.0375675985699673,NaN
-0.0461529672064782,-0.0375675985698985,NaN
-0.0461590264965701,-0.0375675985699028,NaN
-0.046165085786662,-0.0375675985697737,NaN
-0.0461711450767539,-0.0375675985697092,NaN
-0.0461772043668458,-0.0375675985697522,NaN
-0.0461832636569377,-0.0375675985698554,NaN
-0.0461893229470296,-0.0375675985698813,NaN
-0.0461953822371215,-0.0375675985700534,NaN
-0.0462014415272135,-0.037567598570006,NaN
-0.0462075008173054,-0.0375675985698168,NaN
-0.0462135601073973,-0.0375675985697737,NaN
-0.0462196193974892,-0.0375675985697479,NaN
-0.0462256786875811,-0.0375675985697953,NaN
-0.046231737977673,-0.0375675985698383,NaN
-0.0462377972677649,-0.0375675985698339,NaN
-0.0462438565578568,-0.0375675985698598,NaN
-0.0462499158479488,-0.0375675985699888,NaN
-0.0462559751380407,-0.03756759856992,NaN
-0.0462620344281326,-0.0375675985698383,NaN
-0.0462680937182245,-0.0375675985698168,NaN
-0.0462741530083164,-0.0375675985697909,NaN
-0.0462802122984083,-0.0375675985698383,NaN
-0.0462862715885002,-0.0375675985698813,NaN
-0.0462923308785922,-0.0375675985698124,NaN
-0.046298390168684,-0.0375675985698168,NaN
-0.046304449458776,-0.0375675985697737,NaN
-0.0463105087488678,-0.0375675985698124,NaN
-0.0463165680389598,-0.0375675985700104,NaN
-0.0463226273290517,-0.0375675985699028,NaN
-0.0463286866191436,-0.0375675985698554,NaN
-0.0463347459092355,-0.0375675985698813,NaN
-0.0463408051993274,-0.0375675985697092,NaN
-0.0463468644894193,-0.0375675985696834,NaN
-0.0463529237795112,-0.0375675985697737,NaN
-0.0463589830696031,-0.0375675985698168,NaN
-0.046365042359695,-0.0375675985698985,NaN
-0.046371101649787,-0.0375675985699458,NaN
-0.0463771609398789,-0.0375675985700104,NaN
-0.0463832202299708,-0.037567598570006,NaN
-0.0463892795200628,-0.0375675985698598,NaN
-0.0463953388101547,-0.0375675985696662,NaN
-0.0464013981002465,-0.0375675985696834,NaN
-0.0464074573903384,-0.0375675985699028,NaN
-0.0464135166804304,-0.0375675985698598,NaN
-0.0464195759705223,-0.0375675985698124,NaN
-0.0464256352606142,-0.0375675985699243,NaN
-0.0464316945507061,-0.0375675985699673,NaN
-0.046437753840798,-0.0375675985698554,NaN
-0.0464438131308899,-0.0375675985697953,NaN
-0.0464498724209818,-0.0375675985698383,NaN
-0.0464559317110737,-0.0375675985698339,NaN
-0.0464619910011657,-0.0375675985699028,NaN
-0.0464680502912576,-0.0375675985698813,NaN
-0.0464741095813495,-0.0375675985698339,NaN
-0.0464801688714414,-0.0375675985699243,NaN
-0.0464862281615333,-0.0375675985698383,NaN
-0.0464922874516252,-0.0375675985698554,NaN
-0.0464983467417172,-0.0375675985699673,NaN
-0.0465044060318091,-0.0375675985698598,NaN
-0.046510465321901,-0.0375675985697953,NaN
-0.0465165246119929,-0.0375675985698168,NaN
-0.0465225839020848,-0.0375675985697694,NaN
-0.0465286431921767,-0.0375675985697307,NaN
-0.0465347024822686,-0.0375675985697522,NaN
-0.0465407617723605,-0.0375675985698339,NaN
-0.0465468210624524,-0.0375675985699458,NaN
-0.0465528803525443,-0.0375675985699888,NaN
-0.0465589396426363,-0.0375675985699415,NaN
-0.0465649989327282,-0.0375675985698813,NaN
-0.0465710582228201,-0.0375675985698383,NaN
-0.046577117512912,-0.0375675985696834,NaN
-0.0465831768030039,-0.0375675985696877,NaN
-0.0465892360930958,-0.0375675985697953,NaN
-0.0465952953831877,-0.0375675985698124,NaN
-0.0466013546732796,-0.0375675985699028,NaN
-0.0466074139633715,-0.0375675985699458,NaN
-0.0466134732534634,-0.0375675985699415,NaN
-0.0466195325435554,-0.0375675985698598,NaN
-0.0466255918336472,-0.0375675985698168,NaN
-0.0466316511237392,-0.0375675985697909,NaN
-0.0466377104138311,-0.0375675985698168,NaN
-0.046643769703923,-0.0375675985699028,NaN
-0.0466498289940149,-0.0375675985698339,NaN
-0.0466558882841068,-0.0375675985699458,NaN
-0.0466619475741987,-0.0375675985699243,NaN
-0.0466680068642906,-0.0375675985697909,NaN
-0.0466740661543826,-0.0375675985698813,NaN
-0.0466801254444745,-0.0375675985698813,NaN
-0.0466861847345664,-0.0375675985698124,NaN
-0.0466922440246583,-0.0375675985698813,NaN
-0.0466983033147502,-0.0375675985698813,NaN
-0.0467043626048421,-0.0375675985697479,NaN
-0.046710421894934,-0.0375675985697522,NaN
-0.0467164811850259,-0.0375675985697737,NaN
-0.0467225404751178,-0.0375675985699415,NaN
-0.0467285997652098,-0.0375675985700964,NaN
-0.0467346590553017,-0.0375675985699673,NaN
-0.0467407183453936,-0.037567598569877,NaN
-0.0467467776354855,-0.0375675985698168,NaN
-0.0467528369255774,-0.0375675985697737,NaN
-0.0467588962156693,-0.0375675985696834,NaN
-0.0467649555057612,-0.0375675985696877,NaN
-0.0467710147958531,-0.0375675985698598,NaN
-0.046777074085945,-0.037567598569877,NaN
-0.0467831333760369,-0.0375675985699243,NaN
-0.0467891926661289,-0.0375675985699888,NaN
-0.0467952519562208,-0.0375675985698554,NaN
-0.0468013112463127,-0.0375675985697307,NaN
-0.0468073705364046,-0.0375675985697522,NaN
-0.0468134298264965,-0.0375675985698339,NaN
-0.0468194891165884,-0.0375675985697737,NaN
-0.0468255484066803,-0.0375675985698383,NaN
-0.0468316076967722,-0.0375675985698339,NaN
-0.0468376669868641,-0.0375675985698813,NaN
-0.0468437262769561,-0.0375675985699673,NaN
-0.046849785567048,-0.0375675985699243,NaN
-0.0468558448571399,-0.0375675985698813,NaN
-0.0468619041472318,-0.0375675985698124,NaN
-0.0468679634373237,-0.0375675985698598,NaN
-0.0468740227274156,-0.0375675985698383,NaN
-0.0468800820175075,-0.0375675985698124,NaN
-0.0468861413075994,-0.0375675985698383,NaN
-0.0468922005976913,-0.0375675985697953,NaN
-0.0468982598877832,-0.0375675985698124,NaN
-0.0469043191778752,-0.0375675985700319,NaN
-0.0469103784679671,-0.0375675985699888,NaN
-0.046916437758059,-0.0375675985698124,NaN
-0.0469224970481509,-0.0375675985698383,NaN
-0.0469285563382428,-0.0375675985698383,NaN
-0.0469346156283348,-0.0375675985698124,NaN
-0.0469406749184267,-0.0375675985696877,NaN
-0.0469467342085185,-0.0375675985696877,NaN
-0.0469527934986104,-0.0375675985698554,NaN
-0.0469588527887023,-0.0375675985699458,NaN
-0.0469649120787943,-0.0375675985700104,NaN
-0.0469709713688862,-0.037567598569877,NaN
-0.0469770306589781,-0.0375675985698168,NaN
-0.04698308994907,-0.0375675985697737,NaN
-0.0469891492391619,-0.0375675985697264,NaN
-0.0469952085292538,-0.0375675985697737,NaN
-0.0470012678193457,-0.0375675985698168,NaN
-0.0470073271094376,-0.0375675985698339,NaN
-0.0470133863995295,-0.0375675985698383,NaN
-0.0470194456896214,-0.0375675985699673,NaN
-0.0470255049797134,-0.037567598569963,NaN
-0.0470315642698053,-0.0375675985698598,NaN
-0.0470376235598972,-0.0375675985698598,NaN
-0.0470436828499891,-0.0375675985698339,NaN
-0.047049742140081,-0.0375675985698598,NaN
-0.047055801430173,-0.0375675985698598,NaN
-0.0470618607202649,-0.0375675985698339,NaN
-0.0470679200103568,-0.0375675985698813,NaN
-0.0470739793004487,-0.0375675985698168,NaN
-0.0470800385905406,-0.03756759856992,NaN
-0.0470860978806325,-0.0375675985700534,NaN
-0.0470921571707245,-0.0375675985699028,NaN
-0.0470982164608164,-0.0375675985698339,NaN
-0.0471042757509083,-0.0375675985698813,NaN
-0.0471103350410002,-0.0375675985698168,NaN
-0.0471163943310921,-0.0375675985697694,NaN
-0.047122453621184,-0.0375675985697737,NaN
-0.0471285129112759,-0.0375675985697737,NaN
-0.0471345722013678,-0.03756759856992,NaN
-0.0471406314914598,-0.0375675985700534,NaN
-0.0471466907815517,-0.0375675985700104,NaN
-0.0471527500716436,-0.0375675985698124,NaN
-0.0471588093617355,-0.0375675985697737,NaN
-0.0471648686518274,-0.0375675985697307,NaN
-0.0471709279419193,-0.0375675985697307,NaN
-0.0471769872320112,-0.0375675985698598,NaN
-0.0471830465221031,-0.0375675985698554,NaN
-0.047189105812195,-0.0375675985698383,NaN
-0.0471951651022869,-0.0375675985698598,NaN
-0.0472012243923789,-0.037567598570006,NaN
-0.0472072836824708,-0.0375675985698168,NaN
-0.0472133429725627,-0.0375675985697092,NaN
-0.0472194022626546,-0.0375675985698339,NaN
-0.0472254615527465,-0.0375675985698168,NaN
-0.0472315208428384,-0.0375675985698598,NaN
-0.0472375801329303,-0.037567598569877,NaN
-0.0472436394230222,-0.0375675985698168,NaN
-0.0472496987131141,-0.0375675985698383,NaN
-0.047255758003206,-0.0375675985698339,NaN
-0.0472618172932979,-0.0375675985698813,NaN
-0.0472678765833899,-0.0375675985699673,NaN
-0.0472739358734818,-0.037567598569877,NaN
-0.0472799951635737,-0.0375675985698383,NaN
-0.0472860544536656,-0.0375675985698383,NaN
-0.0472921137437575,-0.0375675985697909,NaN
-0.0472981730338494,-0.0375675985697307,NaN
-0.0473042323239413,-0.0375675985697737,NaN
-0.0473102916140332,-0.037567598569877,NaN
-0.0473163509041251,-0.0375675985699888,NaN
-0.0473224101942171,-0.0375675985699888,NaN
-0.047328469484309,-0.03756759856992,NaN
-0.0473345287744009,-0.0375675985699028,NaN
-0.0473405880644928,-0.0375675985698813,NaN
-0.0473466473545848,-0.0375675985696618,NaN
-0.0473527066446766,-0.0375675985697307,NaN
-0.0473587659347685,-0.0375675985698598,NaN
-0.0473648252248604,-0.0375675985698124,NaN
-0.0473708845149524,-0.0375675985699888,NaN
-0.0473769438050443,-0.0375675985700104,NaN
-0.0473830030951362,-0.037567598569877,NaN
-0.0473890623852281,-0.0375675985697737,NaN
-0.04739512167532,-0.0375675985697522,NaN
-0.0474011809654119,-0.0375675985698124,NaN
-0.0474072402555038,-0.0375675985698598,NaN
-0.0474132995455957,-0.0375675985698598,NaN
-0.0474193588356877,-0.0375675985698554,NaN
-0.0474254181257796,-0.0375675985698168,NaN
-0.0474314774158715,-0.0375675985698813,NaN
-0.0474375367059634,-0.037567598569877,NaN
-0.0474435959960553,-0.0375675985698383,NaN
-0.0474496552861472,-0.0375675985698598,NaN
-0.0474557145762391,-0.0375675985698124,NaN
-0.047461773866331,-0.0375675985697737,NaN
-0.0474678331564229,-0.0375675985698168,NaN
-0.0474738924465148,-0.0375675985698339,NaN
-0.0474799517366068,-0.0375675985697092,NaN
-0.0474860110266986,-0.0375675985697522,NaN
-0.0474920703167905,-0.037567598569877,NaN
-0.0474981296068825,-0.0375675985700749,NaN
-0.0475041888969744,-0.0375675985700104,NaN
-0.0475102481870663,-0.0375675985698383,NaN
-0.0475163074771583,-0.0375675985699243,NaN
-0.0475223667672502,-0.0375675985698339,NaN
-0.0475284260573421,-0.0375675985697522,NaN
-0.047534485347434,-0.0375675985697307,NaN
-0.0475405446375259,-0.0375675985698339,NaN
-0.0475466039276178,-0.0375675985699458,NaN
-0.0475526632177097,-0.0375675985699673,NaN
-0.0475587225078016,-0.0375675985698985,NaN
-0.0475647817978936,-0.0375675985698598,NaN
-0.0475708410879855,-0.0375675985697737,NaN
-0.0475769003780773,-0.0375675985697049,NaN
-0.0475829596681693,-0.0375675985698598,NaN
-0.0475890189582612,-0.0375675985698598,NaN
-0.0475950782483531,-0.0375675985698554,NaN
-0.047601137538445,-0.0375675985699028,NaN
-0.0476071968285369,-0.0375675985699458,NaN
-0.0476132561186288,-0.0375675985700275,NaN
-0.0476193154087208,-0.0375675985698813,NaN
-0.0476253746988127,-0.0375675985697092,NaN
-0.0476314339889046,-0.0375675985697909,NaN
-0.0476374932789965,-0.0375675985698598,NaN
-0.0476435525690884,-0.0375675985697953,NaN
-0.0476496118591803,-0.0375675985698124,NaN
-0.0476556711492722,-0.0375675985697953,NaN
-0.0476617304393641,-0.0375675985697522,NaN
-0.047667789729456,-0.0375675985698554,NaN
-0.0476738490195479,-0.0375675985699458,NaN
-0.0476799083096398,-0.0375675985699458,NaN
-0.0476859675997318,-0.0375675985698985,NaN
-0.0476920268898237,-0.0375675985698168,NaN
-0.0476980861799156,-0.0375675985697953,NaN
-0.0477041454700075,-0.0375675985697694,NaN
-0.0477102047600994,-0.0375675985697092,NaN
-0.0477162640501913,-0.0375675985697737,NaN
-0.0477223233402832,-0.0375675985698554,NaN
-0.0477283826303751,-0.0375675985699673,NaN
-0.047734441920467,-0.0375675985700104,NaN
-0.047740501210559,-0.0375675985698985,NaN
-0.0477465605006509,-0.0375675985698598,NaN
-0.0477526197907428,-0.0375675985697953,NaN
-0.0477586790808347,-0.0375675985697264,NaN
-0.0477647383709266,-0.0375675985698168,NaN
-0.0477707976610185,-0.0375675985698383,NaN
-0.0477768569511104,-0.0375675985698985,NaN
-0.0477829162412023,-0.0375675985699458,NaN
-0.0477889755312942,-0.0375675985699458,NaN
-0.0477950348213862,-0.0375675985699845,NaN
-0.0478010941114781,-0.0375675985698168,NaN
-0.04780715340157,-0.0375675985697737,NaN
-0.0478132126916619,-0.0375675985698124,NaN
-0.0478192719817538,-0.0375675985698168,NaN
-0.0478253312718457,-0.0375675985698598,NaN
-0.0478313905619376,-0.0375675985698339,NaN
-0.0478374498520295,-0.0375675985698383,NaN
-0.0478435091421215,-0.0375675985698383,NaN
-0.0478495684322134,-0.0375675985699243,NaN
-0.0478556277223053,-0.0375675985699673,NaN
-0.0478616870123972,-0.0375675985698339,NaN
-0.0478677463024891,-0.0375675985698168,NaN
-0.047873805592581,-0.0375675985698598,NaN
-0.0478798648826729,-0.0375675985698554,NaN
-0.0478859241727649,-0.0375675985697522,NaN
-0.0478919834628567,-0.0375675985696877,NaN
-0.0478980427529486,-0.0375675985697264,NaN
-0.0479041020430405,-0.0375675985698813,NaN
-0.0479101613331325,-0.0375675985701394,NaN
-0.0479162206232244,-0.0375675985699845,NaN
-0.0479222799133163,-0.0375675985698168,NaN
-0.0479283392034082,-0.0375675985698168,NaN
-0.0479343984935001,-0.0375675985697049,NaN
-0.047940457783592,-0.0375675985697953,NaN
-0.0479465170736839,-0.0375675985698598,NaN
-0.0479525763637758,-0.0375675985698124,NaN
-0.0479586356538678,-0.0375675985699028,NaN
-0.0479646949439597,-0.0375675985699243,NaN
-0.0479707542340516,-0.037567598570006,NaN
-0.0479768135241436,-0.0375675985699243,NaN
-0.0479828728142354,-0.0375675985697092,NaN
-0.0479889321043273,-0.0375675985697909,NaN
-0.0479949913944193,-0.0375675985699028,NaN
-0.0480010506845112,-0.0375675985698598,NaN
-0.0480071099746031,-0.0375675985698339,NaN
-0.048013169264695,-0.0375675985699028,NaN
-0.0480192285547869,-0.0375675985698598,NaN
-0.0480252878448788,-0.0375675985698554,NaN
-0.0480313471349707,-0.0375675985699028,NaN
-0.0480374064250627,-0.0375675985698168,NaN
-0.0480434657151546,-0.0375675985698339,NaN
-0.0480495250052465,-0.0375675985699028,NaN
-0.0480555842953384,-0.0375675985698598,NaN
-0.0480616435854303,-0.0375675985697694,NaN
-0.0480677028755222,-0.0375675985697522,NaN
-0.0480737621656141,-0.0375675985698383,NaN
-0.048079821455706,-0.037567598569877,NaN
-0.0480858807457979,-0.0375675985699458,NaN
-0.0480919400358899,-0.0375675985699888,NaN
-0.0480979993259818,-0.03756759856992,NaN
-0.0481040586160737,-0.0375675985698383,NaN
-0.0481101179061656,-0.0375675985698383,NaN
-0.0481161771962575,-0.0375675985696834,NaN
-0.0481222364863494,-0.0375675985697092,NaN
-0.0481282957764413,-0.0375675985698813,NaN
-0.0481343550665332,-0.0375675985697694,NaN
-0.0481404143566251,-0.0375675985699458,NaN
-0.0481464736467171,-0.0375675985700534,NaN
-0.048152532936809,-0.0375675985698339,NaN
-0.0481585922269009,-0.0375675985697092,NaN
-0.0481646515169928,-0.0375675985697737,NaN
-0.0481707108070847,-0.0375675985697909,NaN
-0.0481767700971766,-0.0375675985698168,NaN
-0.0481828293872685,-0.0375675985698813,NaN
-0.0481888886773604,-0.0375675985698383,NaN
-0.0481949479674523,-0.0375675985698813,NaN
-0.0482010072575442,-0.03756759856992,NaN
-0.0482070665476362,-0.0375675985699243,NaN
-0.0482131258377281,-0.0375675985698383,NaN
-0.04821918512782,-0.0375675985697909,NaN
-0.0482252444179119,-0.0375675985698813,NaN
-0.0482313037080038,-0.0375675985698598,NaN
-0.0482373629980957,-0.0375675985698339,NaN
-0.0482434222881876,-0.0375675985698383,NaN
-0.0482494815782795,-0.0375675985697307,NaN
-0.0482555408683714,-0.0375675985697694,NaN
-0.0482616001584633,-0.0375675985700319,NaN
-0.0482676594485553,-0.0375675985700104,NaN
-0.0482737187386472,-0.0375675985698554,NaN
-0.0482797780287391,-0.0375675985699028,NaN
-0.048285837318831,-0.0375675985698598,NaN
-0.0482918966089229,-0.0375675985698124,NaN
-0.0482979558990149,-0.0375675985697737,NaN
-0.0483040151891067,-0.0375675985697522,NaN
-0.0483100744791986,-0.0375675985698124,NaN
-0.0483161337692906,-0.0375675985699673,NaN
-0.0483221930593825,-0.0375675985700104,NaN
-0.0483282523494744,-0.0375675985698985,NaN
-0.0483343116395663,-0.0375675985698598,NaN
-0.0483403709296582,-0.0375675985697737,NaN
-0.0483464302197501,-0.0375675985696834,NaN
-0.048352489509842,-0.0375675985697737,NaN
-0.0483585487999339,-0.0375675985698383,NaN
-0.0483646080900258,-0.0375675985697694,NaN
-0.0483706673801177,-0.0375675985699028,NaN
-0.0483767266702097,-0.0375675985700104,NaN
-0.0483827859603016,-0.0375675985699415,NaN
-0.0483888452503935,-0.0375675985698598,NaN
-0.0483949045404854,-0.0375675985697522,NaN
-0.0484009638305773,-0.0375675985697694,NaN
-0.0484070231206692,-0.0375675985698383,NaN
-0.0484130824107611,-0.0375675985697953,NaN
-0.048419141700853,-0.0375675985697694,NaN
-0.0484252009909449,-0.0375675985698598,NaN
-0.0484312602810369,-0.0375675985697737,NaN
-0.0484373195711287,-0.0375675985698339,NaN
-0.0484433788612207,-0.0375675985699888,NaN
-0.0484494381513126,-0.0375675985699673,NaN
-0.0484554974414045,-0.0375675985698985,NaN
-0.0484615567314964,-0.0375675985698598,NaN
-0.0484676160215884,-0.0375675985698598,NaN
-0.0484736753116803,-0.0375675985698124,NaN
-0.0484797346017722,-0.0375675985697522,NaN
-0.0484857938918641,-0.0375675985697522,NaN
-0.048491853181956,-0.037567598569963,NaN
-0.0484979124720479,-0.0375675985700104,NaN
-0.0485039717621398,-0.0375675985699458,NaN
-0.0485100310522318,-0.0375675985698339,NaN
-0.0485160903423237,-0.0375675985697307,NaN
-0.0485221496324156,-0.0375675985697307,NaN
-0.0485282089225074,-0.0375675985697953,NaN
-0.0485342682125994,-0.0375675985698383,NaN
-0.0485403275026913,-0.0375675985697909,NaN
-0.0485463867927832,-0.0375675985698813,NaN
-0.0485524460828751,-0.0375675985699888,NaN
-0.048558505372967,-0.037567598570006,NaN
-0.048564564663059,-0.0375675985698813,NaN
-0.0485706239531509,-0.0375675985697307,NaN
-0.0485766832432427,-0.0375675985696834,NaN
-0.0485827425333346,-0.0375675985697953,NaN
-0.0485888018234266,-0.0375675985698598,NaN
-0.0485948611135185,-0.0375675985698339,NaN
-0.0486009204036104,-0.0375675985698168,NaN
-0.0486069796937023,-0.0375675985698383,NaN
-0.0486130389837942,-0.0375675985698124,NaN
-0.0486190982738861,-0.0375675985698383,NaN
-0.048625157563978,-0.0375675985699458,NaN
-0.0486312168540699,-0.03756759856992,NaN
-0.0486372761441619,-0.0375675985698813,NaN
-0.0486433354342538,-0.0375675985698383,NaN
-0.0486493947243457,-0.0375675985698339,NaN
-0.0486554540144376,-0.0375675985698598,NaN
-0.0486615133045295,-0.0375675985697953,NaN
-0.0486675725946214,-0.0375675985697909,NaN
-0.0486736318847133,-0.0375675985699673,NaN
-0.0486796911748052,-0.0375675985700104,NaN
-0.0486857504648972,-0.0375675985698985,NaN
-0.0486918097549891,-0.0375675985698168,NaN
-0.048697869045081,-0.0375675985698383,NaN
-0.0487039283351729,-0.0375675985697479,NaN
-0.0487099876252648,-0.0375675985697522,NaN
-0.0487160469153567,-0.0375675985698168,NaN
-0.0487221062054486,-0.0375675985698339,NaN
-0.0487281654955405,-0.0375675985699458,NaN
-0.0487342247856324,-0.0375675985700749,NaN
-0.0487402840757244,-0.0375675985699845,NaN
-0.0487463433658163,-0.0375675985697522,NaN
-0.0487524026559082,-0.0375675985696662,NaN
-0.0487584619460001,-0.0375675985697479,NaN
-0.048764521236092,-0.0375675985698168,NaN
-0.0487705805261839,-0.0375675985698168,NaN
-0.0487766398162758,-0.0375675985698985,NaN
-0.0487826991063677,-0.0375675985698813,NaN
-0.0487887583964596,-0.0375675985699458,NaN
-0.0487948176865516,-0.0375675985698985,NaN
-0.0488008769766435,-0.0375675985698598,NaN
-0.0488069362667354,-0.0375675985698813,NaN
-0.0488129955568273,-0.0375675985697909,NaN
-0.0488190548469192,-0.0375675985698813,NaN
-0.0488251141370111,-0.0375675985698168,NaN
-0.048831173427103,-0.0375675985698339,NaN
-0.048837232717195,-0.0375675985698383,NaN
-0.0488432920072868,-0.0375675985696662,NaN
-0.0488493512973787,-0.0375675985698813,NaN
-0.0488554105874707,-0.0375675985700534,NaN
-0.0488614698775626,-0.0375675985699415,NaN
-0.0488675291676545,-0.0375675985699028,NaN
-0.0488735884577464,-0.0375675985699243,NaN
-0.0488796477478384,-0.0375675985697694,NaN
-0.0488857070379302,-0.0375675985696877,NaN
-0.0488917663280221,-0.0375675985697953,NaN
-0.048897825618114,-0.0375675985698554,NaN
-0.048903884908206,-0.0375675985699243,NaN
-0.0489099441982979,-0.0375675985699673,NaN
-0.0489160034883898,-0.0375675985699415,NaN
-0.0489220627784817,-0.0375675985698813,NaN
-0.0489281220685737,-0.0375675985697307,NaN
-0.0489341813586655,-0.0375675985697264,NaN
-0.0489402406487574,-0.0375675985698598,NaN
-0.0489462999388494,-0.0375675985698383,NaN
-0.0489523592289413,-0.0375675985698554,NaN
-0.0489584185190332,-0.0375675985699028,NaN
-0.0489644778091251,-0.0375675985699673,NaN
-0.048970537099217,-0.0375675985700275,NaN
-0.048976596389309,-0.0375675985698168,NaN
-0.0489826556794008,-0.0375675985697307,NaN
-0.0489887149694928,-0.0375675985697909,NaN
-0.0489947742595847,-0.0375675985698168,NaN
-0.0490008335496766,-0.0375675985698383,NaN
-0.0490068928397685,-0.0375675985697909,NaN
-0.0490129521298604,-0.0375675985698383,NaN
-0.0490190114199523,-0.0375675985697522,NaN
-0.0490250707100442,-0.0375675985697909,NaN
-0.0490311300001361,-0.0375675985700319,NaN
-0.049037189290228,-0.0375675985699673,NaN
-0.04904324858032,-0.0375675985697909,NaN
-0.0490493078704119,-0.0375675985698813,NaN
-0.0490553671605038,-0.0375675985698598,NaN
-0.0490614264505957,-0.0375675985697049,NaN
-0.0490674857406876,-0.0375675985697522,NaN
-0.0490735450307795,-0.0375675985697737,NaN
-0.0490796043208714,-0.0375675985698339,NaN
-0.0490856636109633,-0.0375675985699888,NaN
-0.0490917229010552,-0.0375675985699673,NaN
-0.0490977821911471,-0.0375675985698985,NaN
-0.0491038414812391,-0.0375675985698383,NaN
-0.049109900771331,-0.0375675985697307,NaN
-0.0491159600614229,-0.0375675985697264,NaN
-0.0491220193515148,-0.0375675985698383,NaN
-0.0491280786416067,-0.0375675985699028,NaN
-0.0491341379316986,-0.037567598569877,NaN
-0.0491401972217905,-0.0375675985699243,NaN
-0.0491462565118824,-0.0375675985700104,NaN
-0.0491523158019744,-0.0375675985699845,NaN
-0.0491583750920663,-0.0375675985697737,NaN
-0.0491644343821582,-0.0375675985697522,NaN
-0.0491704936722501,-0.0375675985698554,NaN
-0.049176552962342,-0.0375675985698168,NaN
-0.0491826122524339,-0.0375675985698383,NaN
-0.0491886715425258,-0.0375675985698598,NaN
-0.0491947308326177,-0.0375675985698383,NaN
-0.0492007901227096,-0.0375675985698339,NaN
-0.0492068494128015,-0.0375675985699673,NaN
-0.0492129087028935,-0.0375675985699243,NaN
-0.0492189679929854,-0.0375675985698124,NaN
-0.0492250272830773,-0.0375675985698383,NaN
-0.0492310865731692,-0.0375675985698598,NaN
-0.0492371458632611,-0.0375675985698124,NaN
-0.049243205153353,-0.0375675985698168,NaN
-0.0492492644434449,-0.0375675985697522,NaN
-0.0492553237335368,-0.0375675985696188,NaN
-0.0492613830236287,-0.0375675985699673,NaN
-0.0492674423137207,-0.0375675985701179,NaN
-0.0492735016038126,-0.0375675985698554,NaN
-0.0492795608939045,-0.0375675985698813,NaN
-0.0492856201839964,-0.0375675985698168,NaN
-0.0492916794740883,-0.0375675985696618,NaN
-0.0492977387641802,-0.0375675985697092,NaN
-0.0493037980542721,-0.0375675985697522,NaN
-0.049309857344364,-0.0375675985698124,NaN
-0.0493159166344559,-0.0375675985699243,NaN
-0.0493219759245478,-0.0375675985700104,NaN
-0.0493280352146398,-0.037567598570006,NaN
-0.0493340945047317,-0.0375675985699888,NaN
-0.0493401537948236,-0.0375675985697307,NaN
-0.0493462130849155,-0.0375675985697049,NaN
-0.0493522723750074,-0.0375675985698598,NaN
-0.0493583316650993,-0.0375675985698598,NaN
-0.0493643909551912,-0.037567598569877,NaN
-0.0493704502452832,-0.0375675985697953,NaN
-0.049376509535375,-0.0375675985698168,NaN
-0.049382568825467,-0.037567598569877,NaN
-0.0493886281155589,-0.0375675985699243,NaN
-0.0493946874056508,-0.0375675985698598,NaN
-0.0494007466957427,-0.0375675985698554,NaN
-0.0494068059858346,-0.0375675985699458,NaN
-0.0494128652759266,-0.0375675985698813,NaN
-0.0494189245660185,-0.0375675985698339,NaN
-0.0494249838561104,-0.0375675985698168,NaN
-0.0494310431462023,-0.0375675985697522,NaN
-0.0494371024362942,-0.0375675985698124,NaN
-0.0494431617263861,-0.0375675985700104,NaN
-0.049449221016478,-0.0375675985699243,NaN
-0.0494552803065699,-0.0375675985698554,NaN
-0.0494613395966619,-0.0375675985698598,NaN
-0.0494673988867538,-0.0375675985697953,NaN
-0.0494734581768457,-0.0375675985697479,NaN
-0.0494795174669376,-0.0375675985697307,NaN
-0.0494855767570294,-0.0375675985697953,NaN
-0.0494916360471214,-0.0375675985698124,NaN
-0.0494976953372133,-0.0375675985699028,NaN
-0.0495037546273052,-0.0375675985700319,NaN
-0.0495098139173971,-0.0375675985699415,NaN
-0.049515873207489,-0.0375675985698598,NaN
-0.049521932497581,-0.0375675985697307,NaN
-0.0495279917876728,-0.0375675985696662,NaN
-0.0495340510777647,-0.0375675985698383,NaN
-0.0495401103678566,-0.0375675985698554,NaN
-0.0495461696579486,-0.0375675985698168,NaN
-0.0495522289480405,-0.0375675985698383,NaN
-0.0495582882381324,-0.0375675985699415,NaN
-0.0495643475282243,-0.0375675985699028,NaN
-0.0495704068183162,-0.0375675985697953,NaN
-0.0495764661084081,-0.0375675985698554,NaN
-0.0495825253985,-0.0375675985698813,NaN
-0.0495885846885919,-0.0375675985698813,NaN
-0.0495946439786839,-0.0375675985698339,NaN
-0.0496007032687758,-0.0375675985699028,NaN
-0.0496067625588677,-0.0375675985698813,NaN
-0.0496128218489596,-0.0375675985697264,NaN
-0.0496188811390515,-0.0375675985698813,NaN
-0.0496249404291434,-0.0375675985699888,NaN
-0.0496309997192354,-0.03756759856992,NaN
-0.0496370590093273,-0.0375675985698383,NaN
-0.0496431182994192,-0.0375675985697953,NaN
-0.0496491775895111,-0.0375675985698554,NaN
-0.049655236879603,-0.0375675985697522,NaN
-0.0496612961696949,-0.0375675985697092,NaN
-0.0496673554597868,-0.0375675985698124,NaN
-0.0496734147498787,-0.0375675985699888,NaN
-0.0496794740399706,-0.0375675985700534,NaN
-0.0496855333300626,-0.03756759856992,NaN
-0.0496915926201545,-0.0375675985699458,NaN
-0.0496976519102464,-0.0375675985697737,NaN
-0.0497037112003383,-0.0375675985695973,NaN
-0.0497097704904302,-0.0375675985697307,NaN
-0.0497158297805221,-0.0375675985698598,NaN
-0.049721889070614,-0.0375675985698339,NaN
-0.0497279483607059,-0.0375675985699243,NaN
-0.0497340076507978,-0.0375675985699673,NaN
-0.0497400669408898,-0.037567598569963,NaN
-0.0497461262309817,-0.0375675985699028,NaN
-0.0497521855210736,-0.0375675985697737,NaN
-0.0497582448111655,-0.0375675985698124,NaN
-0.0497643041012574,-0.0375675985698383,NaN
-0.0497703633913493,-0.0375675985698598,NaN
-0.0497764226814412,-0.0375675985698124,NaN
-0.0497824819715331,-0.0375675985698168,NaN
-0.049788541261625,-0.0375675985698383,NaN
-0.0497946005517169,-0.0375675985697909,NaN
-0.0498006598418088,-0.0375675985699458,NaN
-0.0498067191319008,-0.0375675985699673,NaN
-0.0498127784219927,-0.0375675985698985,NaN
-0.0498188377120846,-0.0375675985698383,NaN
-0.0498248970021765,-0.0375675985698598,NaN
-0.0498309562922685,-0.0375675985698124,NaN
-0.0498370155823603,-0.0375675985697092,NaN
-0.0498430748724522,-0.0375675985698383,NaN
-0.0498491341625442,-0.0375675985698554,NaN
-0.0498551934526361,-0.0375675985699458,NaN
-0.049861252742728,-0.0375675985700104,NaN
-0.0498673120328199,-0.0375675985699458,NaN
-0.0498733713229119,-0.0375675985698168,NaN
-0.0498794306130037,-0.0375675985696618,NaN
-0.0498854899030956,-0.0375675985697522,NaN
-0.0498915491931875,-0.0375675985698168,NaN
-0.0498976084832794,-0.037567598569877,NaN
-0.0499036677733714,-0.0375675985699458,NaN
-0.0499097270634633,-0.0375675985700104,NaN
-0.0499157863535552,-0.037567598570006,NaN
-0.0499218456436472,-0.0375675985698813,NaN
-0.0499279049337391,-0.0375675985697522,NaN
-0.049933964223831,-0.0375675985697049,NaN
-0.0499400235139229,-0.0375675985698383,NaN
-0.0499460828040148,-0.0375675985698383,NaN
-0.0499521420941067,-0.0375675985698124,NaN
-0.0499582013841986,-0.0375675985697953,NaN
-0.0499642606742905,-0.0375675985697953,NaN
-0.0499703199643824,-0.0375675985698554,NaN
-0.0499763792544743,-0.0375675985699028,NaN
-0.0499824385445662,-0.0375675985699243,NaN
-0.0499884978346581,-0.0375675985698339,NaN
-0.04999455712475,-0.0375675985698598,NaN
-0.050000616414842,-0.0375675985698813,NaN
-0.0500066757049339,-0.0375675985697909,NaN
-0.0500127349950258,-0.0375675985697737,NaN
-0.0500187942851177,-0.0375675985697307,NaN
-0.0500248535752096,-0.0375675985697479,NaN
-0.0500309128653015,-0.0375675985698813,NaN
-0.0500369721553934,-0.0375675985700534,NaN
-0.0500430314454854,-0.0375675985699845,NaN
-0.0500490907355773,-0.0375675985698383,NaN
-0.0500551500256692,-0.0375675985698383,NaN
-0.0500612093157611,-0.0375675985697049,NaN
-0.0500672686058529,-0.0375675985697307,NaN
-0.0500733278959449,-0.0375675985698598,NaN
-0.0500793871860368,-0.037567598569877,NaN
-0.0500854464761287,-0.0375675985699673,NaN
-0.0500915057662206,-0.0375675985700319,NaN
-0.0500975650563126,-0.0375675985699415,NaN
-0.0501036243464045,-0.0375675985698598,NaN
-0.0501096836364964,-0.0375675985697522,NaN
-0.0501157429265883,-0.0375675985697264,NaN
-0.0501218022166802,-0.0375675985698168,NaN
-0.0501278615067721,-0.0375675985697522,NaN
-0.050133920796864,-0.0375675985697479,NaN
-0.0501399800869559,-0.0375675985698598,NaN
-0.0501460393770478,-0.0375675985699458,NaN
-0.0501520986671397,-0.0375675985698985,NaN
-0.0501581579572316,-0.0375675985698813,NaN
-0.0501642172473236,-0.0375675985698383,NaN
-0.0501702765374155,-0.0375675985697909,NaN
-0.0501763358275074,-0.0375675985698168,NaN
-0.0501823951175993,-0.0375675985698813,NaN
-0.0501884544076912,-0.037567598569877,NaN
-0.0501945136977831,-0.0375675985697737,NaN
-0.050200572987875,-0.0375675985697307,NaN
-0.0502066322779669,-0.0375675985699028,NaN
-0.0502126915680588,-0.0375675985700104,NaN
-0.0502187508581508,-0.03756759856992,NaN
-0.0502248101482427,-0.0375675985698383,NaN
-0.0502308694383346,-0.0375675985698383,NaN
-0.0502369287284265,-0.0375675985698339,NaN
-0.0502429880185184,-0.0375675985697307,NaN
-0.0502490473086103,-0.0375675985697522,NaN
-0.0502551065987022,-0.0375675985698339,NaN
-0.0502611658887941,-0.0375675985698598,NaN
-0.050267225178886,-0.0375675985700319,NaN
-0.050273284468978,-0.037567598570006,NaN
-0.0502793437590699,-0.0375675985698598,NaN
-0.0502854030491618,-0.0375675985699458,NaN
-0.0502914623392537,-0.0375675985697479,NaN
-0.0502975216293456,-0.0375675985696662,NaN
-0.0503035809194375,-0.0375675985698598,NaN
-0.0503096402095294,-0.037567598569877,NaN
-0.0503156994996213,-0.0375675985698598,NaN
-0.0503217587897132,-0.0375675985699458,NaN
-0.0503278180798052,-0.037567598569963,NaN
-0.0503338773698971,-0.0375675985698383,NaN
-0.050339936659989,-0.0375675985697522,NaN
-0.0503459959500809,-0.0375675985698124,NaN
-0.0503520552401728,-0.0375675985698598,NaN
-0.0503581145302647,-0.0375675985698383,NaN
-0.0503641738203566,-0.0375675985697909,NaN
-0.0503702331104485,-0.0375675985698168,NaN
-0.0503762924005404,-0.0375675985698383,NaN
-0.0503823516906323,-0.0375675985698554,NaN
-0.0503884109807243,-0.0375675985699243,NaN
-0.0503944702708162,-0.0375675985698598,NaN
-0.0504005295609081,-0.037567598569877,NaN
-0.050406588851,-0.0375675985698598,NaN
-0.0504126481410919,-0.0375675985697953,NaN
-0.0504187074311838,-0.0375675985697479,NaN
-0.0504247667212757,-0.0375675985697522,NaN
-0.0504308260113676,-0.0375675985697953,NaN
-0.0504368853014595,-0.0375675985697909,NaN
-0.0504429445915514,-0.0375675985699028,NaN
-0.0504490038816434,-0.0375675985700319,NaN
-0.0504550631717353,-0.037567598570006,NaN
-0.0504611224618272,-0.0375675985698598,NaN
-0.0504671817519191,-0.0375675985698383,NaN
-0.050473241042011,-0.0375675985696618,NaN
-0.0504793003321029,-0.0375675985697307,NaN
-0.0504853596221948,-0.0375675985699243,NaN
-0.0504914189122867,-0.0375675985698339,NaN
-0.0504974782023787,-0.0375675985698813,NaN
-0.0505035374924706,-0.0375675985699673,NaN
-0.0505095967825625,-0.037567598569963,NaN
-0.0505156560726544,-0.0375675985698813,NaN
-0.0505217153627463,-0.0375675985697522,NaN
-0.0505277746528382,-0.0375675985697953,NaN
-0.0505338339429301,-0.0375675985698598,NaN
-0.050539893233022,-0.0375675985698554,NaN
-0.050545952523114,-0.0375675985699243,NaN
-0.0505520118132059,-0.0375675985699028,NaN
-0.0505580711032978,-0.0375675985698554,NaN
-0.0505641303933897,-0.0375675985698598,NaN
-0.0505701896834816,-0.0375675985698813,NaN
-0.0505762489735736,-0.0375675985698339,NaN
-0.0505823082636655,-0.0375675985697953,NaN
-0.0505883675537574,-0.0375675985698383,NaN
-0.0505944268438493,-0.0375675985698985,NaN
-0.0506004861339412,-0.0375675985698598,NaN
-0.0506065454240331,-0.0375675985697092,NaN
-0.050612604714125,-0.0375675985697479,NaN
-0.0506186640042169,-0.0375675985699458,NaN
-0.0506247232943088,-0.0375675985699888,NaN
-0.0506307825844008,-0.0375675985699415,NaN
-0.0506368418744927,-0.0375675985699458,NaN
-0.0506429011645846,-0.0375675985698598,NaN
-0.0506489604546765,-0.0375675985697264,NaN
-0.0506550197447684,-0.0375675985696662,NaN
-0.0506610790348603,-0.0375675985697522,NaN
-0.0506671383249522,-0.0375675985698339,NaN
-0.0506731976150441,-0.0375675985698598,NaN
-0.050679256905136,-0.0375675985700319,NaN
-0.050685316195228,-0.037567598570006,NaN
-0.0506913754853199,-0.0375675985699243,NaN
-0.0506974347754118,-0.0375675985697737,NaN
-0.0507034940655037,-0.0375675985697049,NaN
-0.0507095533555956,-0.0375675985698813,NaN
-0.0507156126456875,-0.0375675985698383,NaN
-0.0507216719357794,-0.0375675985697909,NaN
-0.0507277312258713,-0.0375675985698813,NaN
-0.0507337905159632,-0.0375675985699028,NaN
-0.0507398498060552,-0.0375675985698339,NaN
-0.0507459090961471,-0.0375675985698383,NaN
-0.050751968386239,-0.0375675985698813,NaN
-0.0507580276763309,-0.0375675985698554,NaN
-0.0507640869664228,-0.0375675985699243,NaN
-0.0507701462565147,-0.0375675985699028,NaN
-0.0507762055466066,-0.0375675985698339,NaN
-0.0507822648366986,-0.0375675985698168,NaN
-0.0507883241267904,-0.0375675985697307,NaN
-0.0507943834168823,-0.0375675985698554,NaN
-0.0508004427069743,-0.0375675985699888,NaN
-0.0508065019970662,-0.0375675985699243,NaN
-0.0508125612871581,-0.0375675985698985,NaN
-0.05081862057725,-0.0375675985698383,NaN
-0.0508246798673419,-0.0375675985697737,NaN
-0.0508307391574338,-0.0375675985696834,NaN
-0.0508367984475257,-0.0375675985697522,NaN
-0.0508428577376176,-0.0375675985698383,NaN
-0.0508489170277095,-0.0375675985698339,NaN
-0.0508549763178015,-0.0375675985699243,NaN
-0.0508610356078934,-0.0375675985700104,NaN
-0.0508670948979853,-0.0375675985699888,NaN
-0.0508731541880772,-0.0375675985698383,NaN
-0.0508792134781691,-0.0375675985697049,NaN
-0.050885272768261,-0.0375675985697092,NaN
-0.0508913320583529,-0.0375675985698383,NaN
-0.0508973913484448,-0.0375675985697909,NaN
-0.0509034506385367,-0.0375675985698168,NaN
-0.0509095099286286,-0.0375675985698813,NaN
-0.0509155692187206,-0.0375675985698985,NaN
-0.0509216285088125,-0.0375675985699458,NaN
-0.0509276877989044,-0.0375675985698813,NaN
-0.0509337470889963,-0.0375675985698339,NaN
-0.0509398063790882,-0.0375675985697953,NaN
-0.0509458656691801,-0.0375675985698813,NaN
-0.0509519249592721,-0.037567598569877,NaN
-0.050957984249364,-0.0375675985698598,NaN
-0.0509640435394559,-0.0375675985698813,NaN
-0.0509701028295478,-0.0375675985697479,NaN
-0.0509761621196397,-0.0375675985699028,NaN
-0.0509822214097316,-0.0375675985699673,NaN
-0.0509882806998235,-0.0375675985698554,NaN
-0.0509943399899155,-0.0375675985698813,NaN
-0.0510003992800074,-0.0375675985698168,NaN
-0.0510064585700993,-0.0375675985698339,NaN
-0.0510125178601912,-0.0375675985697737,NaN
-0.0510185771502831,-0.0375675985697522,NaN
-0.051024636440375,-0.0375675985698339,NaN
-0.0510306957304669,-0.0375675985699458,NaN
-0.0510367550205588,-0.0375675985700749,NaN
-0.0510428143106508,-0.03756759856992,NaN
-0.0510488736007427,-0.0375675985698383,NaN
-0.0510549328908346,-0.0375675985697953,NaN
-0.0510609921809265,-0.0375675985697479,NaN
-0.0510670514710184,-0.0375675985697522,NaN
-0.0510731107611103,-0.0375675985697522,NaN
-0.0510791700512022,-0.0375675985697909,NaN
-0.0510852293412941,-0.0375675985698813,NaN
-0.051091288631386,-0.0375675985699458,NaN
-0.0510973479214779,-0.0375675985699415,NaN
-0.0511034072115699,-0.0375675985698383,NaN
-0.0511094665016617,-0.0375675985697953,NaN
-0.0511155257917537,-0.0375675985698124,NaN
-0.0511215850818456,-0.0375675985697737,NaN
-0.0511276443719375,-0.0375675985698168,NaN
-0.0511337036620294,-0.0375675985698339,NaN
-0.0511397629521213,-0.0375675985698813,NaN
-0.0511458222422132,-0.0375675985698598,NaN
-0.0511518815323051,-0.0375675985698124,NaN
-0.051157940822397,-0.0375675985699673,NaN
-0.051164000112489,-0.0375675985699028,NaN
-0.0511700594025809,-0.0375675985697909,NaN
-0.0511761186926728,-0.0375675985699243,NaN
-0.0511821779827647,-0.0375675985697953,NaN
-0.0511882372728566,-0.0375675985697049,NaN
-0.0511942965629485,-0.0375675985697737,NaN
-0.0512003558530404,-0.0375675985698813,NaN
-0.0512064151431323,-0.0375675985699243,NaN
-0.0512124744332242,-0.0375675985699243,NaN
-0.0512185337233162,-0.0375675985699415,NaN
-0.0512245930134081,-0.0375675985699458,NaN
-0.0512306523035,-0.0375675985699243,NaN
-0.0512367115935919,-0.0375675985697909,NaN
-0.0512427708836838,-0.0375675985697522,NaN
-0.0512488301737757,-0.0375675985697737,NaN
-0.0512548894638676,-0.0375675985698339,NaN
-0.0512609487539595,-0.0375675985698598,NaN
-0.0512670080440514,-0.0375675985698813,NaN
-0.0512730673341434,-0.0375675985700705,NaN
-0.0512791266242353,-0.0375675985699888,NaN
-0.0512851859143272,-0.0375675985696877,NaN
-0.0512912452044191,-0.0375675985697264,NaN
-0.051297304494511,-0.0375675985698168,NaN
-0.0513033637846029,-0.0375675985697522,NaN
-0.0513094230746948,-0.0375675985698339,NaN
-0.0513154823647867,-0.0375675985699028,NaN
-0.0513215416548786,-0.0375675985698598,NaN
-0.0513276009449706,-0.037567598569963,NaN
-0.0513336602350625,-0.0375675985698813,NaN
-0.0513397195251544,-0.0375675985697737,NaN
-0.0513457788152463,-0.0375675985698124,NaN
-0.0513518381053382,-0.0375675985697953,NaN
-0.0513578973954301,-0.0375675985698168,NaN
-0.051363956685522,-0.0375675985698124,NaN
-0.0513700159756139,-0.0375675985698383,NaN
-0.0513760752657058,-0.0375675985697737,NaN
-0.0513821345557977,-0.0375675985697049,NaN
-0.0513881938458896,-0.0375675985698813,NaN
-0.0513942531359815,-0.0375675985700749,NaN
-0.0514003124260735,-0.0375675985699415,NaN
-0.0514063717161654,-0.0375675985699243,NaN
-0.0514124310062573,-0.0375675985699243,NaN
-0.0514184902963492,-0.0375675985697479,NaN
-0.0514245495864411,-0.0375675985696877,NaN
-0.051430608876533,-0.0375675985697307,NaN
-0.0514366681666249,-0.0375675985698985,NaN
-0.0514427274567169,-0.0375675985700104,NaN
-0.0514487867468088,-0.0375675985700104,NaN
-0.0514548460369007,-0.03756759856992,NaN
-0.0514609053269926,-0.0375675985698813,NaN
-0.0514669646170846,-0.0375675985698168,NaN
-0.0514730239071765,-0.0375675985697694,NaN
-0.0514790831972684,-0.0375675985698383,NaN
-0.0514851424873603,-0.0375675985698813,NaN
-0.0514912017774522,-0.0375675985698554,NaN
-0.0514972610675441,-0.0375675985698168,NaN
-0.051503320357636,-0.0375675985699673,NaN
-0.051509379647728,-0.0375675985700275,NaN
-0.0515154389378199,-0.0375675985698383,NaN
-0.0515214982279118,-0.0375675985697737,NaN
-0.0515275575180037,-0.0375675985697694,NaN
-0.0515336168080956,-0.0375675985698168,NaN
-0.0515396760981875,-0.0375675985698598,NaN
-0.0515457353882794,-0.0375675985698813,NaN
-0.0515517946783713,-0.0375675985698383,NaN
-0.0515578539684632,-0.0375675985696834,NaN
-0.0515639132585551,-0.0375675985698383,NaN
-0.051569972548647,-0.0375675985700319,NaN
-0.051576031838739,-0.037567598569877,NaN
-0.0515820911288309,-0.0375675985698383,NaN
-0.0515881504189228,-0.0375675985698813,NaN
-0.0515942097090147,-0.0375675985698124,NaN
-0.0516002689991066,-0.0375675985697307,NaN
-0.0516063282891985,-0.0375675985697092,NaN
-0.0516123875792904,-0.0375675985697909,NaN
-0.0516184468693823,-0.0375675985698813,NaN
-0.0516245061594742,-0.0375675985699458,NaN
-0.0516305654495661,-0.037567598570006,NaN
-0.0516366247396581,-0.0375675985699458,NaN
-0.05164268402975,-0.0375675985698813,NaN
-0.0516487433198419,-0.0375675985697479,NaN
-0.0516548026099338,-0.0375675985697307,NaN
-0.0516608619000257,-0.0375675985697953,NaN
-0.0516669211901176,-0.0375675985697909,NaN
-0.0516729804802095,-0.0375675985698813,NaN
-0.0516790397703014,-0.0375675985699888,NaN
-0.0516850990603934,-0.037567598570006,NaN
-0.0516911583504853,-0.0375675985698168,NaN
-0.0516972176405772,-0.0375675985697737,NaN
-0.0517032769306691,-0.0375675985698124,NaN
-0.051709336220761,-0.0375675985697953,NaN
-0.0517153955108529,-0.0375675985698813,NaN
-0.0517214548009448,-0.037567598569877,NaN
-0.0517275140910367,-0.0375675985698168,NaN
-0.0517335733811286,-0.0375675985698383,NaN
-0.0517396326712205,-0.0375675985697909,NaN
-0.0517456919613124,-0.0375675985699028,NaN
-0.0517517512514044,-0.0375675985699458,NaN
-0.0517578105414963,-0.0375675985698339,NaN
-0.0517638698315882,-0.0375675985697737,NaN
-0.0517699291216801,-0.0375675985697953,NaN
-0.051775988411772,-0.0375675985698124,NaN
-0.0517820477018639,-0.0375675985697092,NaN
-0.0517881069919558,-0.0375675985697522,NaN
-0.0517941662820477,-0.0375675985698124,NaN
-0.0518002255721396,-0.0375675985699458,NaN
-0.0518062848622315,-0.0375675985700534,NaN
-0.0518123441523235,-0.0375675985698985,NaN
-0.0518184034424154,-0.0375675985699673,NaN
-0.0518244627325073,-0.0375675985698813,NaN
-0.0518305220225992,-0.0375675985696403,NaN
-0.0518365813126911,-0.0375675985697737,NaN
-0.051842640602783,-0.0375675985698383,NaN
-0.0518486998928749,-0.037567598569877,NaN
-0.0518547591829669,-0.0375675985699028,NaN
-0.0518608184730588,-0.0375675985699458,NaN
-0.0518668777631507,-0.0375675985699888,NaN
-0.0518729370532426,-0.0375675985698168,NaN
-0.0518789963433345,-0.0375675985697479,NaN
-0.0518850556334264,-0.0375675985697953,NaN
-0.0518911149235183,-0.0375675985698598,NaN
-0.0518971742136102,-0.0375675985698554,NaN
-0.0519032335037021,-0.0375675985698813,NaN
-0.0519092927937941,-0.0375675985699458,NaN
-0.051915352083886,-0.0375675985698985,NaN
-0.0519214113739779,-0.0375675985698598,NaN
-0.0519274706640698,-0.0375675985699028,NaN
-0.0519335299541617,-0.0375675985698554,NaN
-0.0519395892442536,-0.0375675985697953,NaN
-0.0519456485343456,-0.0375675985697953,NaN
-0.0519517078244374,-0.0375675985697909,NaN
-0.0519577671145294,-0.0375675985698383,NaN
-0.0519638264046213,-0.0375675985697522,NaN
-0.0519698856947131,-0.0375675985696834,NaN
-0.051975944984805,-0.0375675985699028,NaN
-0.051982004274897,-0.0375675985700534,NaN
-0.0519880635649889,-0.03756759856992,NaN
-0.0519941228550808,-0.0375675985698598,NaN
-0.0520001821451727,-0.0375675985698813,NaN
-0.0520062414352647,-0.0375675985697694,NaN
-0.0520123007253566,-0.0375675985697092,NaN
-0.0520183600154484,-0.0375675985697092,NaN
-0.0520244193055403,-0.0375675985697909,NaN
-0.0520304785956322,-0.0375675985699458,NaN
-0.0520365378857242,-0.0375675985699458,NaN
-0.0520425971758161,-0.037567598569963,NaN
-0.052048656465908,-0.0375675985699458,NaN
-0.052054715756,-0.0375675985697307,NaN
-0.0520607750460918,-0.0375675985697264,NaN
-0.0520668343361837,-0.0375675985698598,NaN
-0.0520728936262756,-0.0375675985698168,NaN
-0.0520789529163675,-0.0375675985698554,NaN
-0.0520850122064595,-0.0375675985699673,NaN
-0.0520910714965514,-0.0375675985699028,NaN
-0.0520971307866433,-0.0375675985698985,NaN
-0.0521031900767353,-0.0375675985699028,NaN
-0.0521092493668271,-0.0375675985697307,NaN
-0.052115308656919,-0.0375675985698124,NaN
-0.052121367947011,-0.0375675985699028,NaN
-0.0521274272371029,-0.0375675985699243,NaN
-0.0521334865271948,-0.0375675985697909,NaN
-0.0521395458172867,-0.0375675985697522,NaN
-0.0521456051073786,-0.0375675985698383,NaN
-0.0521516643974705,-0.0375675985698339,NaN
-0.0521577236875624,-0.0375675985699888,NaN
-0.0521637829776544,-0.0375675985699673,NaN
-0.0521698422677463,-0.0375675985698339,NaN
-0.0521759015578382,-0.0375675985698813,NaN
-0.0521819608479301,-0.0375675985698598,NaN
-0.052188020138022,-0.0375675985697479,NaN
-0.0521940794281139,-0.0375675985697737,NaN
-0.0522001387182058,-0.0375675985697307,NaN
-0.0522061980082977,-0.0375675985697953,NaN
-0.0522122572983896,-0.0375675985699673,NaN
-0.0522183165884815,-0.037567598569963,NaN
-0.0522243758785735,-0.0375675985699028,NaN
-0.0522304351686654,-0.0375675985698168,NaN
-0.0522364944587573,-0.0375675985697479,NaN
-0.0522425537488492,-0.0375675985697737,NaN
-0.0522486130389411,-0.0375675985697953,NaN
-0.052254672329033,-0.0375675985697694,NaN
-0.0522607316191249,-0.0375675985698383,NaN
-0.0522667909092168,-0.0375675985698813,NaN
-0.0522728501993087,-0.03756759856992,NaN
-0.0522789094894006,-0.0375675985700319,NaN
-0.0522849687794926,-0.0375675985698813,NaN
-0.0522910280695845,-0.0375675985697479,NaN
-0.0522970873596764,-0.0375675985698168,NaN
-0.0523031466497683,-0.0375675985698168,NaN
-0.0523092059398602,-0.0375675985698554,NaN
-0.0523152652299521,-0.0375675985698813,NaN
-0.052321324520044,-0.0375675985698383,NaN
-0.0523273838101359,-0.0375675985697694,NaN
-0.0523334431002278,-0.0375675985699458,NaN
-0.0523395023903198,-0.0375675985699673,NaN
-0.0523455616804117,-0.0375675985698339,NaN
-0.0523516209705036,-0.0375675985699243,NaN
-0.0523576802605955,-0.0375675985698813,NaN
-0.0523637395506874,-0.0375675985698554,NaN
-0.0523697988407794,-0.0375675985697953,NaN
-0.0523758581308712,-0.0375675985697092,NaN
-0.0523819174209631,-0.0375675985697479,NaN
-0.052387976711055,-0.0375675985699673,NaN
-0.052394036001147,-0.0375675985700749,NaN
-0.0524000952912389,-0.0375675985699415,NaN
-0.0524061545813308,-0.0375675985697953,NaN
-0.0524122138714227,-0.0375675985698598,NaN
-0.0524182731615147,-0.0375675985698124,NaN
-0.0524243324516065,-0.0375675985696877,NaN
-0.0524303917416984,-0.0375675985697953,NaN
-0.0524364510317903,-0.0375675985698124,NaN
-0.0524425103218822,-0.0375675985699243,NaN
-0.0524485696119742,-0.0375675985700104,NaN
-0.0524546289020661,-0.037567598570006,NaN
-0.0524606881921581,-0.0375675985698813,NaN
-0.0524667474822499,-0.0375675985697092,NaN
-0.0524728067723418,-0.0375675985697264,NaN
-0.0524788660624337,-0.0375675985698168,NaN
-0.0524849253525256,-0.0375675985698813,NaN
-0.0524909846426176,-0.0375675985698339,NaN
-0.0524970439327095,-0.0375675985698168,NaN
-0.0525031032228014,-0.0375675985698383,NaN
-0.0525091625128933,-0.0375675985698339,NaN
-0.0525152218029852,-0.0375675985699243,NaN
-0.0525212810930771,-0.0375675985699028,NaN
-0.052527340383169,-0.037567598569877,NaN
-0.052533399673261,-0.0375675985698813,NaN
-0.0525394589633529,-0.0375675985698168,NaN
-0.0525455182534448,-0.0375675985698168,NaN
-0.0525515775435367,-0.0375675985697092,NaN
-0.0525576368336286,-0.0375675985697694,NaN
-0.0525636961237205,-0.0375675985699243,NaN
-0.0525697554138124,-0.0375675985699888,NaN
-0.0525758147039043,-0.037567598569963,NaN
-0.0525818739939963,-0.0375675985699458,NaN
-0.0525879332840882,-0.0375675985699028,NaN
-0.0525939925741801,-0.0375675985697909,NaN
-0.052600051864272,-0.0375675985697522,NaN
-0.0526061111543639,-0.0375675985697522,NaN
-0.0526121704444558,-0.0375675985697694,NaN
-0.0526182297345477,-0.0375675985698813,NaN
-0.0526242890246396,-0.0375675985699888,NaN
-0.0526303483147316,-0.0375675985699845,NaN
-0.0526364076048235,-0.0375675985699458,NaN
-0.0526424668949154,-0.0375675985697737,NaN
-0.0526485261850073,-0.0375675985697049,NaN
-0.0526545854750992,-0.0375675985697953,NaN
-0.0526606447651911,-0.0375675985698813,NaN
-0.052666704055283,-0.0375675985698339,NaN
-0.0526727633453749,-0.0375675985698383,NaN
-0.0526788226354668,-0.0375675985698598,NaN
-0.0526848819255587,-0.037567598569877,NaN
-0.0526909412156507,-0.0375675985698598,NaN
-0.0526970005057426,-0.0375675985698168,NaN
-0.0527030597958345,-0.0375675985698554,NaN
-0.0527091190859264,-0.0375675985698383,NaN
-0.0527151783760183,-0.0375675985697953,NaN
-0.0527212376661102,-0.0375675985698124,NaN
-0.0527272969562021,-0.0375675985698383,NaN
-0.052733356246294,-0.0375675985696877,NaN
-0.0527394155363859,-0.0375675985697479,NaN
-0.0527454748264778,-0.0375675985699458,NaN
-0.0527515341165697,-0.0375675985700104,NaN
-0.0527575934066617,-0.0375675985699845,NaN
-0.0527636526967536,-0.0375675985699243,NaN
-0.0527697119868455,-0.0375675985698813,NaN
-0.0527757712769374,-0.0375675985698124,NaN
-0.0527818305670293,-0.0375675985697307,NaN
-0.0527878898571212,-0.0375675985697522,NaN
-0.0527939491472131,-0.0375675985697909,NaN
-0.052800008437305,-0.0375675985698598,NaN
-0.0528060677273969,-0.0375675985700319,NaN
-0.0528121270174889,-0.0375675985699415,NaN
-0.0528181863075808,-0.0375675985698168,NaN
-0.0528242455976727,-0.0375675985698383,NaN
-0.0528303048877646,-0.0375675985697264,NaN
-0.0528363641778565,-0.0375675985697953,NaN
-0.0528424234679484,-0.0375675985699243,NaN
-0.0528484827580403,-0.0375675985698339,NaN
-0.0528545420481322,-0.0375675985699028,NaN
-0.0528606013382242,-0.0375675985699673,NaN
-0.0528666606283161,-0.037567598569963,NaN
-0.052872719918408,-0.0375675985698598,NaN
-0.0528787792084999,-0.0375675985697522,NaN
-0.0528848384985918,-0.0375675985697953,NaN
-0.0528908977886837,-0.0375675985698598,NaN
-0.0528969570787757,-0.0375675985698124,NaN
-0.0529030163688675,-0.0375675985697953,NaN
-0.0529090756589595,-0.0375675985698383,NaN
-0.0529151349490514,-0.0375675985697479,NaN
-0.0529211942391433,-0.0375675985698168,NaN
-0.0529272535292352,-0.0375675985699888,NaN
-0.0529333128193271,-0.0375675985698985,NaN
-0.052939372109419,-0.0375675985698168,NaN
-0.0529454313995109,-0.0375675985698813,NaN
-0.0529514906896028,-0.0375675985698985,NaN
-0.0529575499796948,-0.0375675985698168,NaN
-0.0529636092697867,-0.0375675985696662,NaN
-0.0529696685598785,-0.0375675985697264,NaN
-0.0529757278499704,-0.0375675985698598,NaN
-0.0529817871400624,-0.0375675985699243,NaN
-0.0529878464301543,-0.0375675985699845,NaN
-0.0529939057202462,-0.0375675985699673,NaN
-0.0529999650103381,-0.0375675985698383,NaN
-0.05300602430043,-0.0375675985697264,NaN
-0.0530120835905219,-0.0375675985697737,NaN
-0.0530181428806138,-0.0375675985698383,NaN
-0.0530242021707057,-0.0375675985698339,NaN
-0.0530302614607977,-0.0375675985698383,NaN
-0.0530363207508896,-0.0375675985699458,NaN
-0.0530423800409815,-0.0375675985700275,NaN
-0.0530484393310734,-0.0375675985699458,NaN
-0.0530544986211654,-0.0375675985697953,NaN
-0.0530605579112573,-0.0375675985697049,NaN
-0.0530666172013491,-0.0375675985698383,NaN
-0.0530726764914411,-0.0375675985698813,NaN
-0.053078735781533,-0.0375675985698554,NaN
-0.0530847950716249,-0.0375675985699028,NaN
-0.0530908543617168,-0.0375675985698383,NaN
-0.0530969136518087,-0.0375675985697694,NaN
-0.0531029729419006,-0.0375675985699243,NaN
-0.0531090322319926,-0.0375675985699673,NaN
-0.0531150915220845,-0.0375675985698124,NaN
-0.0531211508121764,-0.0375675985698383,NaN
-0.0531272101022683,-0.0375675985698813,NaN
-0.0531332693923602,-0.0375675985698339,NaN
-0.0531393286824521,-0.0375675985697522,NaN
-0.053145387972544,-0.0375675985696877,NaN
-0.0531514472626359,-0.0375675985697694,NaN
-0.0531575065527278,-0.0375675985699673,NaN
-0.0531635658428197,-0.0375675985700319,NaN
-0.0531696251329117,-0.03756759856992,NaN
-0.0531756844230036,-0.0375675985698168,NaN
-0.0531817437130955,-0.0375675985698168,NaN
-0.0531878030031874,-0.0375675985697049,NaN
-0.0531938622932793,-0.0375675985696877,NaN
-0.0531999215833712,-0.0375675985697953,NaN
-0.0532059808734631,-0.0375675985698339,NaN
-0.053212040163555,-0.0375675985698813,NaN
-0.0532180994536469,-0.0375675985699673,NaN
-0.0532241587437388,-0.0375675985700319,NaN
-0.0532302180338308,-0.0375675985698813,NaN
-0.0532362773239227,-0.0375675985697694,NaN
-0.0532423366140146,-0.0375675985697953,NaN
-0.0532483959041065,-0.0375675985698383,NaN
-0.0532544551941984,-0.037567598569877,NaN
-0.0532605144842903,-0.0375675985698813,NaN
-0.0532665737743822,-0.0375675985698813,NaN
-0.0532726330644741,-0.0375675985698985,NaN
-0.0532786923545661,-0.0375675985699243,NaN
-0.053284751644658,-0.0375675985699243,NaN
-0.0532908109347499,-0.0375675985698339,NaN
-0.0532968702248418,-0.0375675985698168,NaN
-0.0533029295149337,-0.0375675985698598,NaN
-0.0533089888050256,-0.0375675985697909,NaN
-0.0533150480951175,-0.0375675985698598,NaN
-0.0533211073852095,-0.0375675985697737,NaN
-0.0533271666753013,-0.0375675985697049,NaN
-0.0533332259653932,-0.0375675985698813,NaN
-0.0533392852554852,-0.0375675985700319,NaN
-0.0533453445455771,-0.0375675985699845,NaN
-0.053351403835669,-0.0375675985698383,NaN
-0.0533574631257609,-0.0375675985698383,NaN
-0.0533635224158528,-0.0375675985697909,NaN
-0.0533695817059447,-0.0375675985697307,NaN
-0.0533756409960366,-0.0375675985696877,NaN
-0.0533817002861285,-0.0375675985697479,NaN
-0.0533877595762204,-0.0375675985698813,NaN
-0.0533938188663123,-0.0375675985699673,NaN
-0.0533998781564043,-0.037567598570049,NaN
-0.0534059374464962,-0.0375675985699458,NaN
-0.0534119967365881,-0.0375675985697092,NaN
-0.05341805602668,-0.0375675985697049,NaN
-0.0534241153167719,-0.0375675985698383,NaN
-0.0534301746068638,-0.0375675985698813,NaN
-0.0534362338969557,-0.0375675985698985,NaN
-0.0534422931870477,-0.0375675985698813,NaN
-0.0534483524771396,-0.0375675985699243,NaN
-0.0534544117672315,-0.037567598569963,NaN
-0.0534604710573234,-0.0375675985698598,NaN
-0.0534665303474153,-0.0375675985697953,NaN
-0.0534725896375072,-0.0375675985698554,NaN
-0.0534786489275992,-0.0375675985698598,NaN
-0.0534847082176911,-0.0375675985698168,NaN
-0.053490767507783,-0.0375675985698124,NaN
-0.0534968267978749,-0.0375675985698598,NaN
-0.0535028860879668,-0.0375675985697737,NaN
-0.0535089453780587,-0.0375675985698124,NaN
-0.0535150046681506,-0.0375675985700534,NaN
-0.0535210639582426,-0.0375675985698813,NaN
-0.0535271232483344,-0.0375675985697909,NaN
-0.0535331825384264,-0.0375675985699458,NaN
-0.0535392418285183,-0.0375675985698598,NaN
-0.0535453011186102,-0.0375675985697307,NaN
-0.0535513604087021,-0.0375675985697307,NaN
-0.053557419698794,-0.0375675985697694,NaN
-0.0535634789888859,-0.0375675985698168,NaN
-0.0535695382789778,-0.0375675985699243,NaN
-0.0535755975690697,-0.0375675985699845,NaN
-0.0535816568591616,-0.0375675985699243,NaN
-0.0535877161492536,-0.0375675985698813,NaN
-0.0535937754393455,-0.0375675985697264,NaN
-0.0535998347294373,-0.0375675985696662,NaN
-0.0536058940195292,-0.0375675985698383,NaN
-0.0536119533096212,-0.0375675985698554,NaN
-0.0536180125997131,-0.0375675985697953,NaN
-0.053624071889805,-0.0375675985698598,NaN
-0.0536301311798969,-0.037567598569963,NaN
-0.0536361904699888,-0.0375675985700319,NaN
-0.0536422497600808,-0.0375675985698383,NaN
-0.0536483090501726,-0.0375675985697479,NaN
-0.0536543683402646,-0.0375675985698598,NaN
-0.0536604276303565,-0.0375675985698383,NaN
-0.0536664869204484,-0.0375675985698124,NaN
-0.0536725462105403,-0.0375675985698168,NaN
-0.0536786055006322,-0.0375675985698598,NaN
-0.0536846647907241,-0.0375675985697909,NaN
-0.053690724080816,-0.0375675985699028,NaN
-0.0536967833709079,-0.0375675985699888,NaN
-0.0537028426609999,-0.0375675985698554,NaN
-0.0537089019510918,-0.0375675985699028,NaN
-0.0537149612411837,-0.0375675985699028,NaN
-0.0537210205312756,-0.0375675985698554,NaN
-0.0537270798213675,-0.0375675985698383,NaN
-0.0537331391114594,-0.0375675985696662,NaN
-0.0537391984015513,-0.0375675985697264,NaN
-0.0537452576916432,-0.0375675985699888,NaN
-0.0537513169817352,-0.0375675985700104,NaN
-0.0537573762718271,-0.0375675985698339,NaN
-0.053763435561919,-0.0375675985699028,NaN
-0.0537694948520109,-0.0375675985698598,NaN
-0.0537755541421028,-0.0375675985696618,NaN
-0.0537816134321947,-0.0375675985697307,NaN
-0.0537876727222866,-0.0375675985698168,NaN
-0.0537937320123785,-0.037567598569877,NaN
-0.0537997913024704,-0.0375675985698598,NaN
-0.0538058505925623,-0.0375675985699243,NaN
-0.0538119098826543,-0.037567598570006,NaN
-0.0538179691727462,-0.0375675985699458,NaN
-0.0538240284628381,-0.0375675985697092,NaN
-0.05383008775293,-0.0375675985697264,NaN
-0.0538361470430219,-0.0375675985698168,NaN
-0.0538422063331138,-0.0375675985698168,NaN
-0.0538482656232057,-0.0375675985698554,NaN
-0.0538543249132976,-0.0375675985697307,NaN
-0.0538603842033895,-0.0375675985698383,NaN
-0.0538664434934814,-0.037567598569877,NaN
-0.0538725027835733,-0.0375675985699028,NaN
-0.0538785620736653,-0.0375675985699673,NaN
-0.0538846213637572,-0.0375675985699028,NaN
-0.0538906806538491,-0.0375675985698813,NaN
-0.053896739943941,-0.0375675985698339,NaN
-0.0539027992340329,-0.0375675985698383,NaN
-0.0539088585241248,-0.0375675985698383,NaN
-0.0539149178142167,-0.0375675985697694,NaN
-0.0539209771043086,-0.0375675985698168,NaN
-0.0539270363944006,-0.0375675985699458,NaN
-0.0539330956844925,-0.0375675985699415,NaN
-0.0539391549745844,-0.0375675985699243,NaN
-0.0539452142646763,-0.0375675985698813,NaN
-0.0539512735547682,-0.0375675985697909,NaN
-0.0539573328448601,-0.0375675985697092,NaN
-0.053963392134952,-0.0375675985697737,NaN
-0.0539694514250439,-0.0375675985698124,NaN
-0.0539755107151358,-0.0375675985698813,NaN
-0.0539815700052278,-0.0375675985699673,NaN
-0.0539876292953197,-0.037567598570049,NaN
-0.0539936885854117,-0.0375675985700319,NaN
-0.0539997478755036,-0.0375675985697953,NaN
-0.0540058071655955,-0.0375675985696618,NaN
-0.0540118664556873,-0.0375675985697307,NaN
-0.0540179257457792,-0.0375675985698383,NaN
-0.0540239850358712,-0.0375675985697909,NaN
-0.0540300443259631,-0.0375675985698383,NaN
-0.054036103616055,-0.0375675985698598,NaN
-0.0540421629061469,-0.0375675985698554,NaN
-0.0540482221962388,-0.0375675985698813,NaN
-0.0540542814863307,-0.0375675985698598,NaN
-0.0540603407764226,-0.0375675985698554,NaN
-0.0540664000665145,-0.0375675985698598,NaN
-0.0540724593566064,-0.0375675985698168,NaN
-0.0540785186466983,-0.0375675985697909,NaN
-0.0540845779367903,-0.0375675985698383,NaN
-0.0540906372268822,-0.0375675985697737,NaN
-0.0540966965169741,-0.0375675985696834,NaN
-0.0541027558070659,-0.0375675985698598,NaN
-0.0541088150971579,-0.0375675985701179,NaN
-0.0541148743872498,-0.0375675985699845,NaN
-0.0541209336773417,-0.0375675985698383,NaN
-0.0541269929674337,-0.0375675985699028,NaN
-0.0541330522575256,-0.0375675985698554,NaN
-0.0541391115476175,-0.0375675985697737,NaN
-0.0541451708377094,-0.0375675985697737,NaN
-0.0541512301278013,-0.0375675985698124,NaN
-0.0541572894178932,-0.0375675985699243,NaN
-0.0541633487079851,-0.0375675985700319,NaN
-0.0541694079980771,-0.0375675985699845,NaN
-0.054175467288169,-0.0375675985699028,NaN
-0.0541815265782609,-0.0375675985697953,NaN
-0.0541875858683528,-0.0375675985697909,NaN
-0.0541936451584447,-0.0375675985698168,NaN
-0.0541997044485366,-0.0375675985697737,NaN
-0.0542057637386285,-0.0375675985698554,NaN
-0.0542118230287204,-0.0375675985699028,NaN
-0.0542178823188124,-0.0375675985699243,NaN
-0.0542239416089043,-0.0375675985699888,NaN
-0.0542300008989962,-0.0375675985698813,NaN
-0.0542360601890881,-0.0375675985697264,NaN
-0.05424211947918,-0.0375675985697953,NaN
-0.0542481787692719,-0.0375675985698168,NaN
-0.0542542380593638,-0.0375675985697909,NaN
-0.0542602973494557,-0.0375675985698168,NaN
-0.0542663566395476,-0.0375675985697953,NaN
-0.0542724159296395,-0.0375675985698124,NaN
-0.0542784752197314,-0.0375675985698383,NaN
-0.0542845345098233,-0.0375675985699243,NaN
-0.0542905937999153,-0.037567598569963,NaN
-0.0542966530900072,-0.0375675985699028,NaN
-0.0543027123800991,-0.0375675985699028,NaN
-0.054308771670191,-0.0375675985697909,NaN
-0.0543148309602829,-0.0375675985697307,NaN
-0.0543208902503748,-0.0375675985697737,NaN
-0.0543269495404667,-0.0375675985697264,NaN
-0.0543330088305586,-0.0375675985697737,NaN
-0.0543390681206505,-0.0375675985699673,NaN
-0.0543451274107425,-0.037567598570049,NaN
-0.0543511867008344,-0.0375675985699243,NaN
-0.0543572459909263,-0.0375675985697953,NaN
-0.0543633052810182,-0.0375675985697479,NaN
-0.0543693645711101,-0.0375675985697737,NaN
-0.054375423861202,-0.0375675985698383,NaN
-0.0543814831512939,-0.0375675985698554,NaN
-0.0543875424413858,-0.0375675985699243,NaN
-0.0543936017314778,-0.0375675985699028,NaN
-0.0543996610215697,-0.0375675985699415,NaN
-0.0544057203116616,-0.0375675985700104,NaN
-0.0544117796017536,-0.0375675985697737,NaN
-0.0544178388918454,-0.0375675985697909,NaN
-0.0544238981819374,-0.0375675985698598,NaN
-0.0544299574720293,-0.0375675985697307,NaN
-0.0544360167621211,-0.0375675985698339,NaN
-0.0544420760522131,-0.0375675985699028,NaN
-0.054448135342305,-0.0375675985698383,NaN
-0.0544541946323969,-0.0375675985698554,NaN
-0.0544602539224888,-0.0375675985698813,NaN
-0.0544663132125807,-0.0375675985699458,NaN
-0.0544723725026727,-0.037567598569877,NaN
-0.0544784317927646,-0.0375675985698383,NaN
-0.0544844910828565,-0.0375675985698598,NaN
-0.0544905503729484,-0.0375675985697694,NaN
-0.0544966096630403,-0.0375675985697953,NaN
-0.0545026689531322,-0.0375675985697522,NaN
-0.0545087282432241,-0.0375675985697909,NaN
-0.054514787533316,-0.0375675985699243,NaN
-0.0545208468234079,-0.0375675985699673,NaN
-0.0545269061134998,-0.0375675985698985,NaN
-0.0545329654035918,-0.0375675985698168,NaN
-0.0545390246936837,-0.0375675985698168,NaN
-0.0545450839837756,-0.0375675985697264,NaN
-0.0545511432738674,-0.0375675985697522,NaN
-0.0545572025639594,-0.0375675985697737,NaN
-0.0545632618540512,-0.0375675985698168,NaN
-0.0545693211441432,-0.0375675985699243,NaN
-0.0545753804342351,-0.0375675985699415,NaN
-0.054581439724327,-0.0375675985700319,NaN
-0.054587499014419,-0.0375675985699888,NaN
-0.0545935583045109,-0.0375675985697694,NaN
-0.0545996175946028,-0.0375675985697307,NaN
-0.0546056768846947,-0.0375675985697953,NaN
-0.0546117361747866,-0.0375675985697694,NaN
-0.0546177954648785,-0.0375675985698813,NaN
-0.0546238547549704,-0.0375675985699243,NaN
-0.0546299140450623,-0.0375675985698554,NaN
-0.0546359733351542,-0.0375675985699028,NaN
-0.0546420326252461,-0.0375675985698598,NaN
-0.0546480919153381,-0.0375675985698124,NaN
-0.05465415120543,-0.0375675985698598,NaN
-0.0546602104955219,-0.0375675985699243,NaN
-0.0546662697856138,-0.0375675985698339,NaN
-0.0546723290757057,-0.0375675985698598,NaN
-0.0546783883657976,-0.0375675985698598,NaN
-0.0546844476558895,-0.0375675985697264,NaN
-0.0546905069459814,-0.0375675985699028,NaN
-0.0546965662360734,-0.0375675985699243,NaN
-0.0547026255261653,-0.03756759856992,NaN
-0.0547086848162572,-0.0375675985699243,NaN
-0.0547147441063491,-0.0375675985698383,NaN
-0.054720803396441,-0.0375675985697909,NaN
-0.0547268626865329,-0.0375675985697092,NaN
-0.0547329219766248,-0.0375675985697522,NaN
-0.0547389812667167,-0.0375675985697479,NaN
-0.0547450405568086,-0.0375675985698383,NaN
-0.0547510998469005,-0.0375675985700104,NaN
-0.0547571591369925,-0.0375675985700275,NaN
-0.0547632184270844,-0.0375675985699243,NaN
-0.0547692777171763,-0.0375675985698168,NaN
-0.0547753370072682,-0.0375675985697049,NaN
-0.0547813962973601,-0.0375675985697307,NaN
-0.054787455587452,-0.0375675985698168,NaN
-0.0547935148775439,-0.0375675985697694,NaN
-0.0547995741676358,-0.0375675985698383,NaN
-0.0548056334577277,-0.0375675985698813,NaN
-0.0548116927478196,-0.0375675985698985,NaN
-0.0548177520379116,-0.0375675985699028,NaN
-0.0548238113280035,-0.0375675985698383,NaN
-0.0548298706180954,-0.0375675985698554,NaN
-0.0548359299081873,-0.0375675985698813,NaN
-0.0548419891982792,-0.0375675985698598,NaN
-0.0548480484883711,-0.037567598569877,NaN
-0.054854107778463,-0.0375675985698598,NaN
-0.0548601670685549,-0.0375675985698168,NaN
-0.0548662263586469,-0.0375675985698339,NaN
-0.0548722856487388,-0.0375675985699243,NaN
-0.0548783449388307,-0.0375675985699243,NaN
-0.0548844042289226,-0.0375675985699028,NaN
-0.0548904635190145,-0.0375675985698168,NaN
-0.0548965228091064,-0.0375675985697909,NaN
-0.0549025820991983,-0.0375675985698813,NaN
-0.0549086413892902,-0.0375675985697092,NaN
-0.0549147006793821,-0.0375675985696834,NaN
-0.054920759969474,-0.0375675985698168,NaN
-0.0549268192595659,-0.0375675985698813,NaN
-0.0549328785496579,-0.0375675985699845,NaN
-0.0549389378397498,-0.0375675985700104,NaN
-0.0549449971298417,-0.0375675985699243,NaN
-0.0549510564199336,-0.0375675985697694,NaN
-0.0549571157100255,-0.0375675985696877,NaN
-0.0549631750001174,-0.0375675985697522,NaN
-0.0549692342902093,-0.0375675985697479,NaN
-0.0549752935803012,-0.0375675985697953,NaN
-0.0549813528703931,-0.0375675985699458,NaN
-0.0549874121604851,-0.037567598570006,NaN
-0.054993471450577,-0.0375675985699243,NaN
-0.0549995307406689,-0.0375675985699028,NaN
-0.0550055900307608,-0.037567598569877,NaN
-0.0550116493208527,-0.0375675985698383,NaN
-0.0550177086109446,-0.0375675985698598,NaN
-0.0550237679010366,-0.0375675985697909,NaN
-0.0550298271911285,-0.0375675985698598,NaN
-0.0550358864812204,-0.0375675985699458,NaN
-0.0550419457713123,-0.0375675985698124,NaN
-0.0550480050614042,-0.0375675985698598,NaN
-0.0550540643514961,-0.0375675985699028,NaN
-0.055060123641588,-0.037567598569877,NaN
-0.05506618293168,-0.0375675985699243,NaN
-0.0550722422217719,-0.0375675985698813,NaN
-0.0550783015118638,-0.0375675985698554,NaN
-0.0550843608019557,-0.0375675985698813,NaN
-0.0550904200920476,-0.0375675985697092,NaN
-0.0550964793821395,-0.0375675985697049,NaN
-0.0551025386722314,-0.0375675985700104,NaN
-0.0551085979623234,-0.0375675985699888,NaN
-0.0551146572524153,-0.037567598569877,NaN
-0.0551207165425072,-0.0375675985698598,NaN
-0.0551267758325991,-0.0375675985698383,NaN
-0.055132835122691,-0.0375675985697264,NaN
-0.0551388944127829,-0.0375675985696877,NaN
-0.0551449537028748,-0.0375675985698168,NaN
-0.0551510129929667,-0.037567598569877,NaN
-0.0551570722830586,-0.0375675985698813,NaN
-0.0551631315731505,-0.0375675985699028,NaN
-0.0551691908632424,-0.0375675985699845,NaN
-0.0551752501533344,-0.0375675985699243,NaN
-0.0551813094434263,-0.0375675985697307,NaN
-0.0551873687335182,-0.0375675985697049,NaN
-0.0551934280236101,-0.0375675985697953,NaN
-0.055199487313702,-0.0375675985698383,NaN
-0.0552055466037939,-0.0375675985698124,NaN
-0.0552116058938858,-0.0375675985698383,NaN
-0.0552176651839777,-0.0375675985699028,NaN
-0.0552237244740696,-0.0375675985698598,NaN
-0.0552297837641615,-0.0375675985699028,NaN
-0.0552358430542535,-0.0375675985698985,NaN
-0.0552419023443454,-0.0375675985698598,NaN
-0.0552479616344373,-0.0375675985699028,NaN
-0.0552540209245292,-0.0375675985698339,NaN
-0.0552600802146211,-0.0375675985698168,NaN
-0.055266139504713,-0.0375675985698598,NaN
-0.0552721987948049,-0.0375675985697909,NaN
-0.0552782580848968,-0.0375675985698383,NaN
-0.0552843173749888,-0.0375675985699673,NaN
-0.0552903766650807,-0.037567598569877,NaN
-0.0552964359551726,-0.0375675985698813,NaN
-0.0553024952452645,-0.0375675985698598,NaN
-0.0553085545353564,-0.0375675985698554,NaN
-0.0553146138254483,-0.0375675985697307,NaN
-0.0553206731155402,-0.0375675985696877,NaN
-0.0553267324056321,-0.0375675985698554,NaN
-0.055332791695724,-0.0375675985699028,NaN
-0.055338850985816,-0.0375675985699028,NaN
-0.0553449102759079,-0.0375675985700275,NaN
-0.0553509695659998,-0.0375675985700319,NaN
-0.0553570288560917,-0.0375675985698598,NaN
-0.0553630881461837,-0.0375675985697264,NaN
-0.0553691474362755,-0.0375675985697307,NaN
-0.0553752067263674,-0.0375675985697953,NaN
-0.0553812660164593,-0.0375675985697479,NaN
-0.0553873253065512,-0.0375675985698168,NaN
-0.0553933845966431,-0.0375675985698813,NaN
-0.0553994438867351,-0.03756759856992,NaN
-0.055405503176827,-0.0375675985699028,NaN
-0.0554115624669189,-0.0375675985698383,NaN
-0.0554176217570108,-0.0375675985697909,NaN
-0.0554236810471027,-0.0375675985697737,NaN
-0.0554297403371946,-0.0375675985698598,NaN
-0.0554357996272865,-0.037567598569877,NaN
-0.0554418589173784,-0.0375675985698813,NaN
-0.0554479182074704,-0.0375675985698168,NaN
-0.0554539774975622,-0.0375675985696834,NaN
-0.0554600367876541,-0.0375675985698813,NaN
-0.0554660960777461,-0.0375675985700534,NaN
-0.055472155367838,-0.0375675985698985,NaN
-0.0554782146579299,-0.0375675985698598,NaN
-0.0554842739480218,-0.0375675985698598,NaN
-0.0554903332381137,-0.0375675985697909,NaN
-0.0554963925282057,-0.0375675985697307,NaN
-0.0555024518182975,-0.0375675985697522,NaN
-0.0555085111083894,-0.0375675985698339,NaN
-0.0555145703984814,-0.0375675985699028,NaN
-0.0555206296885733,-0.0375675985700534,NaN
-0.0555266889786652,-0.037567598570006,NaN
-0.0555327482687572,-0.0375675985698813,NaN
-0.0555388075588491,-0.0375675985697953,NaN
-0.055544866848941,-0.0375675985697264,NaN
-0.0555509261390329,-0.0375675985697737,NaN
-0.0555569854291248,-0.0375675985698598,NaN
-0.0555630447192167,-0.0375675985698813,NaN
-0.0555691040093086,-0.0375675985698168,NaN
-0.0555751632994005,-0.03756759856992,NaN
-0.0555812225894924,-0.0375675985700534,NaN
-0.0555872818795844,-0.0375675985698383,NaN
-0.0555933411696763,-0.0375675985697049,NaN
-0.0555994004597682,-0.0375675985697953,NaN
-0.0556054597498601,-0.0375675985698598,NaN
-0.055611519039952,-0.0375675985698339,NaN
-0.0556175783300439,-0.0375675985698168,NaN
-0.0556236376201358,-0.0375675985698383,NaN
-0.0556296969102277,-0.0375675985698554,NaN
-0.0556357562003196,-0.0375675985698383,NaN
-0.0556418154904115,-0.0375675985699243,NaN
-0.0556478747805035,-0.0375675985698554,NaN
-0.0556539340705953,-0.0375675985698168,NaN
-0.0556599933606873,-0.0375675985699028,NaN
-0.0556660526507792,-0.0375675985697909,NaN
-0.0556721119408711,-0.0375675985698168,NaN
-0.055678171230963,-0.0375675985697522,NaN
-0.0556842305210549,-0.0375675985697049,NaN
-0.0556902898111468,-0.0375675985698383,NaN
-0.0556963491012387,-0.0375675985699028,NaN
-0.0557024083913306,-0.037567598569963,NaN
-0.0557084676814225,-0.0375675985700319,NaN
-0.0557145269715145,-0.0375675985699243,NaN
-0.0557205862616064,-0.0375675985698339,NaN
-0.0557266455516983,-0.0375675985697307,NaN
-0.0557327048417902,-0.0375675985696877,NaN
-0.0557387641318821,-0.037567598569877,NaN
-0.055744823421974,-0.0375675985698598,NaN
-0.0557508827120659,-0.0375675985698813,NaN
-0.0557569420021578,-0.037567598569963,NaN
-0.0557630012922498,-0.0375675985699458,NaN
-0.0557690605823417,-0.0375675985698383,NaN
-0.0557751198724336,-0.0375675985697264,NaN
-0.0557811791625255,-0.0375675985697953,NaN
-0.0557872384526174,-0.0375675985699458,NaN
-0.0557932977427093,-0.0375675985698554,NaN
-0.0557993570328012,-0.0375675985698168,NaN
-0.0558054163228931,-0.0375675985698813,NaN
-0.055811475612985,-0.03756759856992,NaN
-0.055817534903077,-0.0375675985699028,NaN
-0.0558235941931689,-0.0375675985698813,NaN
-0.0558296534832608,-0.0375675985698985,NaN
-0.0558357127733527,-0.0375675985698168,NaN
-0.0558417720634446,-0.0375675985698168,NaN
-0.0558478313535365,-0.0375675985697479,NaN
-0.0558538906436284,-0.0375675985698168,NaN
-0.0558599499337203,-0.0375675985697092,NaN
-0.0558660092238122,-0.0375675985696834,NaN
-0.0558720685139041,-0.0375675985700104,NaN
-0.0558781278039961,-0.0375675985700104,NaN
-0.055884187094088,-0.0375675985698985,NaN
-0.0558902463841799,-0.0375675985699028,NaN
-0.0558963056742718,-0.0375675985697953,NaN
-0.0559023649643637,-0.0375675985697522,NaN
-0.0559084242544556,-0.0375675985696877,NaN
-0.0559144835445475,-0.0375675985697479,NaN
-0.0559205428346394,-0.0375675985698383,NaN
-0.0559266021247313,-0.0375675985699028,NaN
-0.0559326614148232,-0.0375675985699415,NaN
-0.0559387207049152,-0.0375675985700319,NaN
-0.0559447799950071,-0.0375675985700319,NaN
-0.055950839285099,-0.0375675985698339,NaN
-0.0559568985751909,-0.0375675985697307,NaN
-0.0559629578652828,-0.0375675985697953,NaN
-0.0559690171553748,-0.037567598569877,NaN
-0.0559750764454667,-0.0375675985698598,NaN
-0.0559811357355586,-0.0375675985699243,NaN
-0.0559871950256505,-0.0375675985698985,NaN
-0.0559932543157424,-0.0375675985699243,NaN
-0.0559993136058343,-0.0375675985698383,NaN
-0.0560053728959262,-0.0375675985697909,NaN
-0.0560114321860182,-0.0375675985698598,NaN
-0.0560174914761101,-0.0375675985698813,NaN
-0.056023550766202,-0.0375675985698985,NaN
-0.0560296100562939,-0.0375675985698168,NaN
-0.0560356693463858,-0.0375675985698383,NaN
-0.0560417286364777,-0.0375675985697909,NaN
-0.0560477879265696,-0.0375675985698168,NaN
-0.0560538472166615,-0.0375675985699888,NaN
-0.0560599065067535,-0.03756759856992,NaN
-0.0560659657968454,-0.0375675985698813,NaN
-0.0560720250869373,-0.0375675985698383,NaN
-0.0560780843770292,-0.0375675985697909,NaN
-0.0560841436671211,-0.0375675985697307,NaN
-0.056090202957213,-0.0375675985697307,NaN
-0.0560962622473049,-0.0375675985698339,NaN
-0.0561023215373968,-0.0375675985698598,NaN
-0.0561083808274887,-0.0375675985699028,NaN
-0.0561144401175806,-0.0375675985699845,NaN
-0.0561204994076726,-0.0375675985699888,NaN
-0.0561265586977645,-0.0375675985698383,NaN
-0.0561326179878564,-0.0375675985696834,NaN
-0.0561386772779483,-0.0375675985697307,NaN
-0.0561447365680402,-0.0375675985697953,NaN
-0.0561507958581321,-0.0375675985698124,NaN
-0.056156855148224,-0.0375675985698598,NaN
-0.0561629144383159,-0.0375675985698813,NaN
-0.0561689737284078,-0.037567598569877,NaN
-0.0561750330184997,-0.0375675985698813,NaN
-0.0561810923085917,-0.0375675985698383,NaN
-0.0561871515986836,-0.0375675985697909,NaN
-0.0561932108887755,-0.0375675985699028,NaN
-0.0561992701788674,-0.0375675985699458,NaN
-0.0562053294689593,-0.0375675985698339,NaN
-0.0562113887590512,-0.0375675985697737,NaN
-0.0562174480491431,-0.0375675985698598,NaN
-0.056223507339235,-0.0375675985698124,NaN
-0.0562295666293269,-0.0375675985698813,NaN
-0.0562356259194189,-0.0375675985700104,NaN
-0.0562416852095108,-0.0375675985699243,NaN
-0.0562477444996027,-0.0375675985698598,NaN
-0.0562538037896946,-0.0375675985698339,NaN
-0.0562598630797865,-0.0375675985698598,NaN
-0.0562659223698784,-0.0375675985697307,NaN
-0.0562719816599703,-0.0375675985696834,NaN
-0.0562780409500622,-0.0375675985698383,NaN
-0.0562841002401541,-0.0375675985699888,NaN
-0.0562901595302461,-0.0375675985700275,NaN
-0.056296218820338,-0.0375675985699458,NaN
-0.0563022781104299,-0.0375675985699028,NaN
-0.0563083374005219,-0.0375675985697909,NaN
-0.0563143966906137,-0.0375675985697092,NaN
-0.0563204559807056,-0.0375675985697522,NaN
-0.0563265152707975,-0.0375675985697049,NaN
-0.0563325745608894,-0.0375675985698168,NaN
-0.0563386338509813,-0.0375675985698813,NaN
-0.0563446931410732,-0.0375675985698554,NaN
-0.0563507524311652,-0.0375675985700534,NaN
-0.0563568117212571,-0.0375675985698813,NaN
-0.056362871011349,-0.0375675985696834,NaN
-0.0563689303014409,-0.0375675985698383,NaN
-0.0563749895915328,-0.0375675985698598,NaN
-0.0563810488816247,-0.0375675985698124,NaN
-0.0563871081717166,-0.0375675985698598,NaN
-0.0563931674618085,-0.0375675985698383,NaN
-0.0563992267519004,-0.0375675985697909,NaN
-0.0564052860419924,-0.0375675985698813,NaN
-0.0564113453320843,-0.0375675985699458,NaN
-0.0564174046221762,-0.03756759856992,NaN
-0.0564234639122681,-0.0375675985698383,NaN
-0.05642952320236,-0.0375675985698383,NaN
-0.0564355824924519,-0.0375675985698554,NaN
-0.0564416417825438,-0.0375675985697737,NaN
-0.0564477010726357,-0.0375675985697522,NaN
-0.0564537603627276,-0.0375675985697694,NaN
-0.0564598196528195,-0.0375675985699458,NaN
-0.0564658789429115,-0.0375675985700534,NaN
-0.0564719382330034,-0.037567598569963,NaN
-0.0564779975230954,-0.0375675985698598,NaN
-0.0564840568131873,-0.0375675985698598,NaN
-0.0564901161032792,-0.0375675985697909,NaN
-0.0564961753933711,-0.0375675985697092,NaN
-0.056502234683463,-0.0375675985697092,NaN
-0.0565082939735548,-0.0375675985698124,NaN
-0.0565143532636468,-0.0375675985698598,NaN
-0.0565204125537387,-0.0375675985698813,NaN
-0.0565264718438306,-0.037567598569963,NaN
-0.0565325311339225,-0.0375675985699243,NaN
-0.0565385904240144,-0.0375675985697737,NaN
-0.0565446497141063,-0.0375675985697479,NaN
-0.0565507090041982,-0.0375675985698168,NaN
-0.0565567682942901,-0.0375675985697953,NaN
-0.056562827584382,-0.0375675985698813,NaN
-0.056568886874474,-0.0375675985698813,NaN
-0.0565749461645659,-0.0375675985698339,NaN
-0.0565810054546578,-0.0375675985699243,NaN
-0.0565870647447497,-0.0375675985698813,NaN
-0.0565931240348416,-0.0375675985698339,NaN
-0.0565991833249335,-0.0375675985699028,NaN
-0.0566052426150254,-0.0375675985698383,NaN
-0.0566113019051174,-0.0375675985698339,NaN
-0.0566173611952093,-0.0375675985698168,NaN
-0.0566234204853012,-0.0375675985698168,NaN
-0.0566294797753931,-0.0375675985697694,NaN
-0.056635539065485,-0.0375675985697737,NaN
-0.0566415983555769,-0.0375675985700104,NaN
-0.0566476576456688,-0.0375675985699845,NaN
-0.0566537169357607,-0.0375675985699028,NaN
-0.0566597762258527,-0.0375675985698813,NaN
-0.0566658355159446,-0.0375675985698339,NaN
-0.0566718948060365,-0.0375675985698383,NaN
-0.0566779540961284,-0.0375675985697307,NaN
-0.0566840133862203,-0.0375675985697694,NaN
-0.0566900726763122,-0.0375675985698383,NaN
-0.0566961319664041,-0.0375675985699458,NaN
-0.056702191256496,-0.0375675985700275,NaN
-0.056708250546588,-0.0375675985699028,NaN
-0.0567143098366799,-0.0375675985698598,NaN
-0.0567203691267718,-0.0375675985697264,NaN
-0.0567264284168637,-0.0375675985697092,NaN
-0.0567324877069556,-0.0375675985697953,NaN
-0.0567385469970475,-0.0375675985698124,NaN
-0.0567446062871394,-0.0375675985698813,NaN
-0.0567506655772313,-0.0375675985698383,NaN
-0.0567567248673232,-0.03756759856992,NaN
-0.0567627841574152,-0.0375675985699888,NaN
-0.0567688434475071,-0.0375675985697737,NaN
-0.0567749027375989,-0.0375675985697264,NaN
-0.0567809620276909,-0.0375675985699028,NaN
-0.0567870213177828,-0.0375675985697953,NaN
-0.0567930806078747,-0.0375675985698124,NaN
-0.0567991398979666,-0.0375675985698813,NaN
-0.0568051991880585,-0.0375675985698383,NaN
-0.0568112584781504,-0.0375675985697909,NaN
-0.0568173177682423,-0.0375675985698598,NaN
-0.0568233770583342,-0.0375675985700319,NaN
-0.0568294363484262,-0.0375675985699415,NaN
-0.0568354956385181,-0.0375675985699028,NaN
-0.05684155492861,-0.0375675985699028,NaN
-0.0568476142187019,-0.0375675985698339,NaN
-0.0568536735087938,-0.0375675985697953,NaN
-0.0568597327988857,-0.0375675985697307,NaN
-0.0568657920889776,-0.0375675985698339,NaN
-0.0568718513790696,-0.0375675985698598,NaN
-0.0568779106691614,-0.0375675985700104,NaN
-0.0568839699592534,-0.037567598570006,NaN
-0.0568900292493453,-0.0375675985698383,NaN
-0.0568960885394372,-0.0375675985698598,NaN
-0.0569021478295291,-0.0375675985697307,NaN
-0.056908207119621,-0.0375675985697953,NaN
-0.0569142664097129,-0.0375675985698339,NaN
-0.0569203256998049,-0.0375675985698598,NaN
-0.0569263849898968,-0.0375675985698598,NaN
-0.0569324442799887,-0.0375675985698985,NaN
-0.0569385035700806,-0.0375675985700104,NaN
-0.0569445628601725,-0.0375675985698598,NaN
-0.0569506221502644,-0.0375675985697264,NaN
-0.0569566814403563,-0.0375675985698383,NaN
-0.0569627407304483,-0.0375675985698813,NaN
-0.0569688000205402,-0.0375675985698124,NaN
-0.0569748593106321,-0.0375675985698383,NaN
-0.056980918600724,-0.0375675985698168,NaN
-0.0569869778908159,-0.0375675985697694,NaN
-0.0569930371809078,-0.0375675985698383,NaN
-0.0569990964709997,-0.0375675985699243,NaN
-0.0570051557610916,-0.03756759856992,NaN
-0.0570112150511835,-0.0375675985698598,NaN
-0.0570172743412755,-0.0375675985698168,NaN
-0.0570233336313674,-0.0375675985698554,NaN
-0.0570293929214593,-0.0375675985697953,NaN
-0.0570354522115512,-0.0375675985696447,NaN
-0.057041511501643,-0.0375675985697479,NaN
-0.057047570791735,-0.0375675985698813,NaN
-0.0570536300818269,-0.0375675985699243,NaN
-0.0570596893719188,-0.037567598570006,NaN
-0.0570657486620107,-0.0375675985699673,NaN
-0.0570718079521027,-0.0375675985698813,NaN
-0.0570778672421946,-0.0375675985698554,NaN
-0.0570839265322865,-0.0375675985697737,NaN
-0.0570899858223784,-0.0375675985697522,NaN
-0.0570960451124703,-0.0375675985697479,NaN
-0.0571021044025622,-0.0375675985698383,NaN
-0.0571081636926541,-0.0375675985699028,NaN
-0.057114222982746,-0.0375675985699845,NaN
-0.057120282272838,-0.0375675985700104,NaN
-0.0571263415629299,-0.0375675985697953,NaN
-0.0571324008530218,-0.0375675985696834,NaN
-0.0571384601431136,-0.0375675985698383,NaN
-0.0571445194332056,-0.0375675985699028,NaN
-0.0571505787232975,-0.0375675985698339,NaN
-0.0571566380133894,-0.0375675985699028,NaN
-0.0571626973034813,-0.0375675985698813,NaN
-0.0571687565935732,-0.0375675985698554,NaN
-0.0571748158836652,-0.0375675985699458,NaN
-0.0571808751737571,-0.0375675985699243,NaN
-0.057186934463849,-0.037567598569877,NaN
-0.0571929937539409,-0.0375675985697953,NaN
-0.0571990530440328,-0.0375675985697092,NaN
-0.0572051123341247,-0.0375675985697694,NaN
-0.0572111716242166,-0.0375675985698383,NaN
-0.0572172309143085,-0.0375675985697522,NaN
-0.0572232902044004,-0.0375675985697264,NaN
-0.0572293494944923,-0.0375675985699458,NaN
-0.0572354087845842,-0.0375675985700319,NaN
-0.0572414680746762,-0.0375675985699458,NaN
-0.0572475273647681,-0.0375675985698598,NaN
-0.05725358665486,-0.0375675985698339,NaN
-0.0572596459449519,-0.0375675985698168,NaN
-0.0572657052350438,-0.0375675985696877,NaN
-0.0572717645251357,-0.0375675985696834,NaN
-0.0572778238152276,-0.0375675985698598,NaN
-0.0572838831053195,-0.0375675985698813,NaN
-0.0572899423954114,-0.03756759856992,NaN
-0.0572960016855034,-0.0375675985700319,NaN
-0.0573020609755953,-0.0375675985699458,NaN
-0.0573081202656872,-0.0375675985697264,NaN
-0.0573141795557791,-0.0375675985697522,NaN
-0.057320238845871,-0.0375675985698813,NaN
-0.0573262981359629,-0.0375675985698124,NaN
-0.0573323574260548,-0.0375675985698383,NaN
-0.0573384167161467,-0.0375675985698813,NaN
-0.0573444760062386,-0.0375675985698985,NaN
-0.0573505352963306,-0.0375675985700319,NaN
-0.0573565945864225,-0.0375675985698813,NaN
-0.0573626538765144,-0.0375675985697049,NaN
-0.0573687131666063,-0.0375675985697953,NaN
-0.0573747724566982,-0.0375675985699028,NaN
-0.0573808317467901,-0.0375675985698339,NaN
-0.057386891036882,-0.0375675985698168,NaN
-0.0573929503269739,-0.0375675985698598,NaN
-0.0573990096170659,-0.0375675985697909,NaN
-0.0574050689071578,-0.0375675985698168,NaN
-0.0574111281972497,-0.0375675985699458,NaN
-0.0574171874873416,-0.0375675985699845,NaN
-0.0574232467774335,-0.0375675985699673,NaN
-0.0574293060675255,-0.0375675985698598,NaN
-0.0574353653576174,-0.0375675985697694,NaN
-0.0574414246477093,-0.0375675985697737,NaN
-0.0574474839378011,-0.0375675985697522,NaN
-0.0574535432278931,-0.0375675985697694,NaN
-0.057459602517985,-0.0375675985697737,NaN
-0.0574656618080768,-0.0375675985699028,NaN
-0.0574717210981688,-0.0375675985700705,NaN
-0.0574777803882607,-0.0375675985699243,NaN
-0.0574838396783526,-0.0375675985697522,NaN
-0.0574898989684445,-0.0375675985697264,NaN
-0.0574959582585364,-0.0375675985697737,NaN
-0.0575020175486283,-0.0375675985697953,NaN
-0.0575080768387202,-0.0375675985697909,NaN
-0.0575141361288121,-0.0375675985698813,NaN
-0.0575201954189041,-0.0375675985698813,NaN
-0.057526254708996,-0.0375675985699415,NaN
-0.0575323139990879,-0.0375675985699458,NaN
-0.0575383732891798,-0.0375675985698383,NaN
-0.0575444325792717,-0.0375675985698124,NaN
-0.0575504918693636,-0.0375675985698168,NaN
-0.0575565511594555,-0.0375675985698383,NaN
-0.0575626104495475,-0.0375675985698124,NaN
-0.0575686697396394,-0.0375675985698598,NaN
-0.0575747290297313,-0.0375675985698598,NaN
-0.0575807883198232,-0.0375675985698168,NaN
-0.0575868476099151,-0.0375675985699028,NaN
-0.057592906900007,-0.03756759856992,NaN
-0.0575989661900989,-0.0375675985698598,NaN
-0.0576050254801908,-0.0375675985698813,NaN
-0.0576110847702828,-0.037567598569877,NaN
-0.0576171440603747,-0.0375675985698598,NaN
-0.0576232033504666,-0.0375675985697737,NaN
-0.0576292626405585,-0.0375675985696834,NaN
-0.0576353219306504,-0.0375675985698598,NaN
-0.0576413812207423,-0.0375675985699888,NaN
-0.0576474405108342,-0.0375675985700275,NaN
-0.0576534998009262,-0.0375675985699458,NaN
-0.0576595590910181,-0.0375675985698813,NaN
-0.05766561838111,-0.0375675985698554,NaN
-0.0576716776712019,-0.0375675985697307,NaN
-0.0576777369612938,-0.0375675985697522,NaN
-0.0576837962513857,-0.0375675985698124,NaN
-0.0576898555414776,-0.0375675985698598,NaN
-0.0576959148315695,-0.0375675985698598,NaN
-0.0577019741216614,-0.0375675985699415,NaN
-0.0577080334117534,-0.0375675985700534,NaN
-0.0577140927018453,-0.0375675985698383,NaN
-0.0577201519919372,-0.0375675985697264,NaN
-0.0577262112820291,-0.0375675985697522,NaN
-0.057732270572121,-0.0375675985697953,NaN
-0.0577383298622129,-0.0375675985697909,NaN
-0.0577443891523048,-0.0375675985698383,NaN
-0.0577504484423967,-0.0375675985699243,NaN
-0.0577565077324886,-0.0375675985698985,NaN
-0.0577625670225806,-0.0375675985698383,NaN
-0.0577686263126725,-0.0375675985698598,NaN
-0.0577746856027644,-0.037567598569877,NaN
-0.0577807448928563,-0.0375675985699028,NaN
-0.0577868041829482,-0.0375675985699028,NaN
-0.0577928634730401,-0.0375675985697909,NaN
-0.057798922763132,-0.0375675985698598,NaN
-0.057804982053224,-0.0375675985697307,NaN
-0.0578110413433158,-0.0375675985697049,NaN
-0.0578171006334077,-0.0375675985699458,NaN
-0.0578231599234997,-0.0375675985699888,NaN
-0.0578292192135916,-0.03756759856992,NaN
-0.0578352785036835,-0.0375675985699243,NaN
-0.0578413377937754,-0.0375675985698598,NaN
-0.0578473970838673,-0.0375675985698339,NaN
-0.0578534563739593,-0.0375675985698168,NaN
-0.0578595156640511,-0.0375675985697092,NaN
-0.057865574954143,-0.0375675985697694,NaN
-0.0578716342442349,-0.0375675985698813,NaN
-0.0578776935343269,-0.0375675985699673,NaN
-0.0578837528244188,-0.0375675985700275,NaN
-0.0578898121145108,-0.0375675985699028,NaN
-0.0578958714046026,-0.0375675985697092,NaN
-0.0579019306946945,-0.0375675985697479,NaN
-0.0579079899847864,-0.0375675985698168,NaN
-0.0579140492748783,-0.0375675985699028,NaN
-0.0579201085649703,-0.0375675985698598,NaN
-0.0579261678550622,-0.0375675985697953,NaN
-0.0579322271451541,-0.0375675985698985,NaN
-0.057938286435246,-0.0375675985698813,NaN
-0.0579443457253379,-0.0375675985697953,NaN
-0.0579504050154298,-0.03756759856992,NaN
-0.0579564643055218,-0.0375675985699243,NaN
-0.0579625235956137,-0.0375675985697307,NaN
-0.0579685828857055,-0.0375675985697694,NaN
-0.0579746421757975,-0.0375675985698168,NaN
-0.0579807014658894,-0.0375675985698168,NaN
-0.0579867607559813,-0.0375675985697264,NaN
-0.0579928200460731,-0.0375675985697092,NaN
-0.057998879336165,-0.0375675985699673,NaN
-0.058004938626257,-0.037567598570049,NaN
-0.0580109979163489,-0.0375675985699673,NaN
-0.0580170572064409,-0.0375675985699243,NaN
-0.0580231164965328,-0.0375675985698339,NaN
-0.0580291757866247,-0.0375675985698813,NaN
-0.0580352350767166,-0.0375675985697522,NaN
-0.0580412943668085,-0.0375675985696618,NaN
-0.0580473536569004,-0.0375675985698168,NaN
-0.0580534129469923,-0.0375675985699673,NaN
-0.0580594722370842,-0.037567598570049,NaN
-0.0580655315271762,-0.0375675985699673,NaN
-0.0580715908172681,-0.0375675985698598,NaN
-0.05807765010736,-0.0375675985697049,NaN
-0.0580837093974519,-0.0375675985697092,NaN
-0.0580897686875438,-0.0375675985697737,NaN
-0.0580958279776357,-0.0375675985697694,NaN
-0.0581018872677276,-0.0375675985698598,NaN
-0.0581079465578195,-0.0375675985698598,NaN
-0.0581140058479114,-0.0375675985698985,NaN
-0.0581200651380033,-0.0375675985700319,NaN
-0.0581261244280953,-0.0375675985699028,NaN
-0.0581321837181872,-0.0375675985697049,NaN
-0.0581382430082791,-0.0375675985697522,NaN
-0.058144302298371,-0.0375675985698168,NaN
-0.0581503615884629,-0.0375675985698124,NaN
-0.0581564208785548,-0.0375675985698168,NaN
-0.0581624801686467,-0.0375675985698813,NaN
-0.0581685394587386,-0.0375675985697264,NaN
-0.0581745987488305,-0.0375675985697737,NaN
-0.0581806580389224,-0.0375675985700534,NaN
-0.0581867173290143,-0.037567598569963,NaN
-0.0581927766191063,-0.0375675985699028,NaN
-0.0581988359091982,-0.0375675985698813,NaN
-0.0582048951992901,-0.0375675985698339,NaN
-0.058210954489382,-0.0375675985698383,NaN
-0.0582170137794739,-0.0375675985697307,NaN
-0.0582230730695658,-0.0375675985697694,NaN
-0.0582291323596577,-0.0375675985699243,NaN
-0.0582351916497496,-0.0375675985699673,NaN
-0.0582412509398416,-0.0375675985699673,NaN
-0.0582473102299335,-0.0375675985698813,NaN
-0.0582533695200254,-0.0375675985698124,NaN
-0.0582594288101173,-0.0375675985697737,NaN
-0.0582654881002092,-0.0375675985697953,NaN
-0.0582715473903011,-0.0375675985697909,NaN
-0.058277606680393,-0.0375675985698383,NaN
-0.0582836659704849,-0.0375675985698813,NaN
-0.0582897252605768,-0.03756759856992,NaN
-0.0582957845506688,-0.0375675985700964,NaN
-0.0583018438407607,-0.0375675985699243,NaN
-0.0583079031308526,-0.0375675985696834,NaN
-0.0583139624209445,-0.0375675985697737,NaN
-0.0583200217110364,-0.0375675985697953,NaN
-0.0583260810011283,-0.0375675985698339,NaN
-0.0583321402912202,-0.0375675985698168,NaN
-0.0583381995813121,-0.0375675985697953,NaN
-0.058344258871404,-0.0375675985698339,NaN
-0.0583503181614959,-0.0375675985698168,NaN
-0.0583563774515878,-0.0375675985698813,NaN
-0.0583624367416798,-0.03756759856992,NaN
-0.0583684960317717,-0.0375675985699028,NaN
-0.0583745553218636,-0.0375675985698598,NaN
-0.0583806146119555,-0.0375675985697909,NaN
-0.0583866739020474,-0.0375675985697953,NaN
-0.0583927331921393,-0.0375675985698383,NaN
-0.0583987924822312,-0.0375675985697479,NaN
-0.0584048517723231,-0.0375675985697522,NaN
-0.058410911062415,-0.0375675985699243,NaN
-0.058416970352507,-0.037567598569963,NaN
-0.0584230296425989,-0.0375675985699243,NaN
-0.0584290889326908,-0.0375675985699028,NaN
-0.0584351482227827,-0.0375675985698339,NaN
-0.0584412075128746,-0.0375675985697092,NaN
-0.0584472668029665,-0.0375675985697737,NaN
-0.0584533260930584,-0.0375675985698554,NaN
-0.0584593853831503,-0.0375675985698813,NaN
-0.0584654446732423,-0.0375675985698813,NaN
-0.0584715039633342,-0.0375675985699415,NaN
-0.0584775632534261,-0.0375675985700749,NaN
-0.058483622543518,-0.0375675985698598,NaN
-0.0584896818336099,-0.0375675985696834,NaN
-0.0584957411237018,-0.0375675985697953,NaN
-0.0585018004137937,-0.0375675985698598,NaN
-0.0585078597038856,-0.0375675985698554,NaN
-0.0585139189939776,-0.0375675985698813,NaN
-0.0585199782840695,-0.0375675985698813,NaN
-0.0585260375741614,-0.0375675985698985,NaN
-0.0585320968642533,-0.0375675985699888,NaN
-0.0585381561543453,-0.0375675985699028,NaN
-0.0585442154444372,-0.0375675985697909,NaN
-0.0585502747345291,-0.0375675985698383,NaN
-0.058556334024621,-0.0375675985698813,NaN
-0.0585623933147129,-0.0375675985698339,NaN
-0.0585684526048048,-0.0375675985697953,NaN
-0.0585745118948967,-0.0375675985697737,NaN
-0.0585805711849886,-0.0375675985697522,NaN
-0.0585866304750805,-0.0375675985698598,NaN
-0.0585926897651724,-0.037567598570006,NaN
-0.0585987490552644,-0.0375675985699888,NaN
-0.0586048083453563,-0.0375675985698598,NaN
-0.0586108676354482,-0.0375675985698124,NaN
-0.0586169269255401,-0.0375675985697953,NaN
-0.058622986215632,-0.0375675985697092,NaN
-0.0586290455057239,-0.0375675985696618,NaN
-0.0586351047958158,-0.0375675985698598,NaN
-0.0586411640859077,-0.0375675985699028,NaN
-0.0586472233759996,-0.037567598569877,NaN
-0.0586532826660915,-0.0375675985700319,NaN
-0.0586593419561835,-0.0375675985699458,NaN
-0.0586654012462754,-0.0375675985697264,NaN
-0.0586714605363673,-0.0375675985697737,NaN
-0.0586775198264592,-0.0375675985698168,NaN
-0.0586835791165511,-0.0375675985698339,NaN
-0.058689638406643,-0.0375675985699028,NaN
-0.0586956976967349,-0.0375675985698598,NaN
-0.0587017569868268,-0.0375675985698554,NaN
-0.0587078162769187,-0.0375675985699673,NaN
-0.0587138755670107,-0.0375675985698813,NaN
-0.0587199348571026,-0.0375675985697909,NaN
-0.0587259941471945,-0.0375675985698813,NaN
-0.0587320534372864,-0.0375675985699028,NaN
-0.0587381127273783,-0.0375675985698339,NaN
-0.0587441720174702,-0.0375675985698168,NaN
-0.0587502313075621,-0.0375675985698598,NaN
-0.058756290597654,-0.0375675985697479,NaN
-0.0587623498877459,-0.0375675985698168,NaN
-0.0587684091778379,-0.0375675985699673,NaN
-0.0587744684679298,-0.0375675985699415,NaN
-0.0587805277580217,-0.0375675985699028,NaN
-0.0587865870481136,-0.0375675985698813,NaN
-0.0587926463382055,-0.0375675985697909,NaN
-0.0587987056282974,-0.0375675985697953,NaN
-0.0588047649183893,-0.0375675985697737,NaN
-0.0588108242084812,-0.0375675985696834,NaN
-0.0588168834985731,-0.0375675985697953,NaN
-0.058822942788665,-0.0375675985699028,NaN
-0.058829002078757,-0.0375675985700275,NaN
-0.0588350613688489,-0.0375675985699673,NaN
-0.0588411206589408,-0.0375675985698383,NaN
-0.0588471799490327,-0.0375675985696618,NaN
-0.0588532392391246,-0.0375675985697092,NaN
-0.0588592985292165,-0.0375675985699243,NaN
-0.0588653578193084,-0.0375675985697479,NaN
-0.0588714171094003,-0.0375675985698383,NaN
-0.0588774763994922,-0.0375675985699243,NaN
-0.0588835356895841,-0.0375675985698985,NaN
-0.0588895949796761,-0.0375675985700104,NaN
-0.058895654269768,-0.0375675985698813,NaN
-0.0589017135598599,-0.0375675985697479,NaN
-0.0589077728499518,-0.0375675985698168,NaN
-0.0589138321400437,-0.0375675985697953,NaN
-0.0589198914301356,-0.0375675985698598,NaN
-0.0589259507202275,-0.0375675985699243,NaN
-0.0589320100103195,-0.0375675985698339,NaN
-0.0589380693004114,-0.0375675985697953,NaN
-0.0589441285905033,-0.0375675985698598,NaN
-0.0589501878805952,-0.0375675985698985,NaN
-0.0589562471706871,-0.0375675985699673,NaN
-0.0589623064607791,-0.0375675985699028,NaN
-0.0589683657508709,-0.0375675985698124,NaN
-0.0589744250409629,-0.0375675985698813,NaN
-0.0589804843310548,-0.0375675985698813,NaN
-0.0589865436211467,-0.0375675985697049,NaN
-0.0589926029112386,-0.0375675985697737,NaN
-0.0589986622013305,-0.0375675985699888,NaN
-0.0590047214914224,-0.037567598569963,NaN
-0.0590107807815144,-0.0375675985699028,NaN
-0.0590168400716063,-0.0375675985698168,NaN
-0.0590228993616982,-0.0375675985698339,NaN
-0.0590289586517901,-0.0375675985697737,NaN
-0.059035017941882,-0.0375675985697092,NaN
-0.0590410772319739,-0.0375675985697909,NaN
-0.0590471365220658,-0.0375675985697953,NaN
-0.0590531958121577,-0.0375675985698813,NaN
-0.0590592551022496,-0.0375675985699415,NaN
-0.0590653143923415,-0.0375675985699673,NaN
-0.0590713736824335,-0.0375675985699673,NaN
-0.0590774329725254,-0.0375675985697264,NaN
-0.0590834922626172,-0.0375675985697092,NaN
-0.0590895515527091,-0.0375675985698168,NaN
-0.0590956108428011,-0.0375675985697909,NaN
-0.059101670132893,-0.0375675985698168,NaN
-0.0591077294229849,-0.0375675985698168,NaN
-0.0591137887130768,-0.0375675985698554,NaN
-0.0591198480031687,-0.0375675985699028,NaN
-0.0591259072932606,-0.0375675985698598,NaN
-0.0591319665833525,-0.0375675985698985,NaN
-0.0591380258734444,-0.0375675985699888,NaN
-0.0591440851635364,-0.0375675985699028,NaN
-0.0591501444536283,-0.0375675985697909,NaN
-0.0591562037437202,-0.0375675985698598,NaN
-0.0591622630338121,-0.0375675985697737,NaN
-0.059168322323904,-0.0375675985697694,NaN
-0.0591743816139959,-0.0375675985698168,NaN
-0.0591804409040878,-0.0375675985699458,NaN
-0.0591865001941798,-0.0375675985699845,NaN
-0.0591925594842717,-0.0375675985699028,NaN
-0.0591986187743636,-0.0375675985698598,NaN
-0.0592046780644555,-0.0375675985697694,NaN
-0.0592107373545474,-0.0375675985697307,NaN
-0.0592167966446393,-0.0375675985697737,NaN
-0.0592228559347312,-0.0375675985698124,NaN
-0.0592289152248231,-0.0375675985698813,NaN
-0.059234974514915,-0.0375675985699888,NaN
-0.059241033805007,-0.037567598570006,NaN
-0.0592470930950989,-0.0375675985699888,NaN
-0.0592531523851908,-0.0375675985698383,NaN
-0.0592592116752827,-0.0375675985697307,NaN
-0.0592652709653746,-0.0375675985697737,NaN
-0.0592713302554665,-0.0375675985697694,NaN
-0.0592773895455584,-0.0375675985697737,NaN
-0.0592834488356503,-0.0375675985698598,NaN
-0.0592895081257422,-0.037567598569877,NaN
-0.0592955674158341,-0.0375675985698598,NaN
-0.059301626705926,-0.0375675985699028,NaN
-0.059307685996018,-0.037567598569877,NaN
-0.0593137452861099,-0.0375675985697953,NaN
-0.0593198045762018,-0.0375675985698598,NaN
-0.0593258638662937,-0.0375675985697909,NaN
-0.0593319231563856,-0.0375675985698383,NaN
-0.0593379824464775,-0.0375675985698383,NaN
-0.0593440417365694,-0.0375675985697694,NaN
-0.0593501010266613,-0.0375675985697953,NaN
-0.0593561603167532,-0.0375675985698383,NaN
-0.0593622196068451,-0.037567598570006,NaN
-0.0593682788969371,-0.0375675985699458,NaN
-0.059374338187029,-0.0375675985697953,NaN
-0.0593803974771209,-0.0375675985698985,NaN
-0.0593864567672128,-0.0375675985698813,NaN
-0.0593925160573047,-0.0375675985696877,NaN
-0.0593985753473966,-0.0375675985697479,NaN
-0.0594046346374885,-0.0375675985698168,NaN
-0.0594106939275804,-0.0375675985699028,NaN
-0.0594167532176724,-0.037567598570049,NaN
-0.0594228125077643,-0.0375675985700319,NaN
-0.0594288717978562,-0.0375675985699243,NaN
-0.0594349310879482,-0.0375675985697479,NaN
-0.05944099037804,-0.0375675985696662,NaN
-0.0594470496681319,-0.0375675985697953,NaN
-0.0594531089582238,-0.0375675985698554,NaN
-0.0594591682483157,-0.0375675985699028,NaN
-0.0594652275384077,-0.0375675985699243,NaN
-0.0594712868284996,-0.037567598569877,NaN
-0.0594773461185915,-0.0375675985700534,NaN
-0.0594834054086835,-0.0375675985699458,NaN
-0.0594894646987754,-0.0375675985696618,NaN
-0.0594955239888672,-0.0375675985698383,NaN
-0.0595015832789592,-0.0375675985699028,NaN
-0.0595076425690511,-0.0375675985697909,NaN
-0.059513701859143,-0.0375675985698383,NaN
-0.0595197611492349,-0.0375675985698598,NaN
-0.0595258204393268,-0.0375675985698124,NaN
-0.0595318797294187,-0.0375675985697737,NaN
-0.0595379390195106,-0.0375675985699458,NaN
-0.0595439983096026,-0.037567598569963,NaN
-0.0595500575996945,-0.0375675985698813,NaN
-0.0595561168897864,-0.0375675985698383,NaN
-0.0595621761798783,-0.0375675985697479,NaN
-0.0595682354699702,-0.0375675985698383,NaN
-0.0595742947600621,-0.0375675985697522,NaN
-0.059580354050154,-0.0375675985696877,NaN
-0.0595864133402459,-0.0375675985698168,NaN
-0.0595924726303378,-0.0375675985699845,NaN
-0.0595985319204297,-0.0375675985700319,NaN
-0.0596045912105217,-0.0375675985699028,NaN
-0.0596106505006136,-0.0375675985698339,NaN
-0.0596167097907055,-0.0375675985697953,NaN
-0.0596227690807974,-0.0375675985697522,NaN
-0.0596288283708893,-0.0375675985698339,NaN
-0.0596348876609812,-0.0375675985699028,NaN
-0.0596409469510731,-0.0375675985698598,NaN
-0.059647006241165,-0.0375675985698985,NaN
-0.059653065531257,-0.0375675985700104,NaN
-0.0596591248213489,-0.0375675985699458,NaN
-0.0596651841114408,-0.0375675985698339,NaN
-0.0596712434015327,-0.0375675985698383,NaN
-0.0596773026916246,-0.0375675985698168,NaN
-0.0596833619817165,-0.0375675985697909,NaN
-0.0596894212718084,-0.0375675985698168,NaN
-0.0596954805619003,-0.0375675985697953,NaN
-0.0597015398519922,-0.0375675985697479,NaN
-0.0597075991420841,-0.0375675985697737,NaN
-0.059713658432176,-0.0375675985697737,NaN
-0.0597197177222679,-0.0375675985697264,NaN
-0.0597257770123598,-0.0375675985697307,NaN
-0.0597318363024517,-0.0375675985697092,NaN
-0.0597378955925436,-0.0375675985696834,NaN
-0.0597439548826355,-0.0375675985697307,NaN
-0.0597500141727274,-0.0375675985697522,NaN
-0.0597560734628193,-0.0375675985697479,NaN
