ISO-10303-21;
HEADER;
/* Generated by software containing ST-Developer
 * from STEP Tools, Inc. (www.steptools.com) 
 */

FILE_DESCRIPTION(
/* description */ (''),
/* implementation_level */ '2;1');

FILE_NAME(
/* name */ 'V6_Backstop.step',
/* time_stamp */ '2026-04-16T22:28:16-04:00',
/* author */ (''),
/* organization */ (''),
/* preprocessor_version */ 'ST-DEVELOPER v20.1',
/* originating_system */ 'Autodesk Translation Framework v14.24.0.0',
/* authorisation */ '');

FILE_SCHEMA (('AUTOMOTIVE_DESIGN { 1 0 10303 214 3 1 1 }'));
ENDSEC;

DATA;
#10=MECHANICAL_DESIGN_GEOMETRIC_PRESENTATION_REPRESENTATION('',(#17),#2938);
#11=ITEM_DEFINED_TRANSFORMATION($,$,#1130,#1292);
#12=(
REPRESENTATION_RELATIONSHIP($,$,#2949,#2948)
REPRESENTATION_RELATIONSHIP_WITH_TRANSFORMATION(#11)
SHAPE_REPRESENTATION_RELATIONSHIP()
);
#13=CONTEXT_DEPENDENT_SHAPE_REPRESENTATION(#12,#2947);
#14=NEXT_ASSEMBLY_USAGE_OCCURRENCE('Backstop:1','Backstop:1',
'Backstop:1',#2951,#2952,'Backstop:1');
#15=SHAPE_REPRESENTATION_RELATIONSHIP('SRR','None',#2949,#16);
#16=ADVANCED_BREP_SHAPE_REPRESENTATION('',(#18),#2937);
#17=STYLED_ITEM('',(#2964),#18);
#18=MANIFOLD_SOLID_BREP('Body1',#1116);
#19=B_SPLINE_SURFACE_WITH_KNOTS('',3,3,((#2385,#2386,#2387,#2388,#2389,
#2390,#2391,#2392,#2393,#2394,#2395,#2396,#2397,#2398,#2399,#2400,#2401,
#2402,#2403,#2404,#2405,#2406,#2407,#2408,#2409,#2410,#2411,#2412,#2413),
(#2414,#2415,#2416,#2417,#2418,#2419,#2420,#2421,#2422,#2423,#2424,#2425,
#2426,#2427,#2428,#2429,#2430,#2431,#2432,#2433,#2434,#2435,#2436,#2437,
#2438,#2439,#2440,#2441,#2442),(#2443,#2444,#2445,#2446,#2447,#2448,#2449,
#2450,#2451,#2452,#2453,#2454,#2455,#2456,#2457,#2458,#2459,#2460,#2461,
#2462,#2463,#2464,#2465,#2466,#2467,#2468,#2469,#2470,#2471),(#2472,#2473,
#2474,#2475,#2476,#2477,#2478,#2479,#2480,#2481,#2482,#2483,#2484,#2485,
#2486,#2487,#2488,#2489,#2490,#2491,#2492,#2493,#2494,#2495,#2496,#2497,
#2498,#2499,#2500)),.UNSPECIFIED.,.F.,.F.,.F.,(4,4),(4,1,1,1,1,1,1,1,1,
1,1,1,1,1,1,1,1,1,1,1,1,1,1,1,1,1,4),(0.,0.0989001011121828),(8.30505915324894,
8.78749509116899,9.26993102908904,9.75236696700909,10.2348029049291,10.7172388428492,
11.1996747807693,11.6821107186893,12.1645466566094,12.6469825945294,13.1294185324495,
13.6118544703695,14.0942904082896,14.5767263462096,15.0591622841297,15.5415982220497,
16.0240341599698,16.5064700978898,16.9889060358099,17.4713419737299,17.95377791165,
18.43621384957,18.9186497874901,19.4010857254101,19.8835216633302,20.3659576012502,
20.8483935391703),.UNSPECIFIED.);
#20=B_SPLINE_SURFACE_WITH_KNOTS('',3,3,((#2675,#2676,#2677,#2678,#2679,
#2680,#2681,#2682,#2683,#2684,#2685,#2686,#2687,#2688,#2689,#2690,#2691,
#2692,#2693,#2694,#2695,#2696,#2697,#2698,#2699,#2700,#2701,#2702,#2703),
(#2704,#2705,#2706,#2707,#2708,#2709,#2710,#2711,#2712,#2713,#2714,#2715,
#2716,#2717,#2718,#2719,#2720,#2721,#2722,#2723,#2724,#2725,#2726,#2727,
#2728,#2729,#2730,#2731,#2732),(#2733,#2734,#2735,#2736,#2737,#2738,#2739,
#2740,#2741,#2742,#2743,#2744,#2745,#2746,#2747,#2748,#2749,#2750,#2751,
#2752,#2753,#2754,#2755,#2756,#2757,#2758,#2759,#2760,#2761),(#2762,#2763,
#2764,#2765,#2766,#2767,#2768,#2769,#2770,#2771,#2772,#2773,#2774,#2775,
#2776,#2777,#2778,#2779,#2780,#2781,#2782,#2783,#2784,#2785,#2786,#2787,
#2788,#2789,#2790)),.UNSPECIFIED.,.F.,.F.,.F.,(4,4),(4,1,1,1,1,1,1,1,1,
1,1,1,1,1,1,1,1,1,1,1,1,1,1,1,1,1,4),(0.,0.0989001011121828),(11.6147305479244,
12.0971664858444,12.5796024237645,13.0620383616845,13.5444742996046,14.0269102375246,
14.5093461754447,14.9917821133647,15.4742180512848,15.9566539892048,16.4390899271249,
16.9215258650449,17.403961802965,17.8863977408851,18.3688336788051,18.8512696167252,
19.3337055546452,19.8161414925653,20.2985774304853,20.7810133684054,21.2634493063254,
21.7458852442455,22.2283211821655,22.7107571200856,23.1931930580056,23.6756289959257,
24.1580649338457),.UNSPECIFIED.);
#21=FACE_BOUND('',#104,.T.);
#22=FACE_BOUND('',#106,.T.);
#23=FACE_BOUND('',#153,.T.);
#24=PLANE('',#1141);
#25=PLANE('',#1147);
#26=PLANE('',#1152);
#27=PLANE('',#1157);
#28=PLANE('',#1159);
#29=PLANE('',#1165);
#30=PLANE('',#1291);
#31=FACE_OUTER_BOUND('',#91,.T.);
#32=FACE_OUTER_BOUND('',#92,.T.);
#33=FACE_OUTER_BOUND('',#93,.T.);
#34=FACE_OUTER_BOUND('',#94,.T.);
#35=FACE_OUTER_BOUND('',#95,.T.);
#36=FACE_OUTER_BOUND('',#96,.T.);
#37=FACE_OUTER_BOUND('',#97,.T.);
#38=FACE_OUTER_BOUND('',#98,.T.);
#39=FACE_OUTER_BOUND('',#99,.T.);
#40=FACE_OUTER_BOUND('',#100,.T.);
#41=FACE_OUTER_BOUND('',#101,.T.);
#42=FACE_OUTER_BOUND('',#102,.T.);
#43=FACE_OUTER_BOUND('',#103,.T.);
#44=FACE_OUTER_BOUND('',#105,.T.);
#45=FACE_OUTER_BOUND('',#107,.T.);
#46=FACE_OUTER_BOUND('',#108,.T.);
#47=FACE_OUTER_BOUND('',#109,.T.);
#48=FACE_OUTER_BOUND('',#110,.T.);
#49=FACE_OUTER_BOUND('',#111,.T.);
#50=FACE_OUTER_BOUND('',#112,.T.);
#51=FACE_OUTER_BOUND('',#113,.T.);
#52=FACE_OUTER_BOUND('',#114,.T.);
#53=FACE_OUTER_BOUND('',#115,.T.);
#54=FACE_OUTER_BOUND('',#116,.T.);
#55=FACE_OUTER_BOUND('',#117,.T.);
#56=FACE_OUTER_BOUND('',#118,.T.);
#57=FACE_OUTER_BOUND('',#119,.T.);
#58=FACE_OUTER_BOUND('',#120,.T.);
#59=FACE_OUTER_BOUND('',#121,.T.);
#60=FACE_OUTER_BOUND('',#122,.T.);
#61=FACE_OUTER_BOUND('',#123,.T.);
#62=FACE_OUTER_BOUND('',#124,.T.);
#63=FACE_OUTER_BOUND('',#125,.T.);
#64=FACE_OUTER_BOUND('',#126,.T.);
#65=FACE_OUTER_BOUND('',#127,.T.);
#66=FACE_OUTER_BOUND('',#128,.T.);
#67=FACE_OUTER_BOUND('',#129,.T.);
#68=FACE_OUTER_BOUND('',#130,.T.);
#69=FACE_OUTER_BOUND('',#131,.T.);
#70=FACE_OUTER_BOUND('',#132,.T.);
#71=FACE_OUTER_BOUND('',#133,.T.);
#72=FACE_OUTER_BOUND('',#134,.T.);
#73=FACE_OUTER_BOUND('',#135,.T.);
#74=FACE_OUTER_BOUND('',#136,.T.);
#75=FACE_OUTER_BOUND('',#137,.T.);
#76=FACE_OUTER_BOUND('',#138,.T.);
#77=FACE_OUTER_BOUND('',#139,.T.);
#78=FACE_OUTER_BOUND('',#140,.T.);
#79=FACE_OUTER_BOUND('',#141,.T.);
#80=FACE_OUTER_BOUND('',#142,.T.);
#81=FACE_OUTER_BOUND('',#143,.T.);
#82=FACE_OUTER_BOUND('',#144,.T.);
#83=FACE_OUTER_BOUND('',#145,.T.);
#84=FACE_OUTER_BOUND('',#146,.T.);
#85=FACE_OUTER_BOUND('',#147,.T.);
#86=FACE_OUTER_BOUND('',#148,.T.);
#87=FACE_OUTER_BOUND('',#149,.T.);
#88=FACE_OUTER_BOUND('',#150,.T.);
#89=FACE_OUTER_BOUND('',#151,.T.);
#90=FACE_OUTER_BOUND('',#152,.T.);
#91=EDGE_LOOP('',(#663,#664,#665,#666));
#92=EDGE_LOOP('',(#667,#668,#669,#670));
#93=EDGE_LOOP('',(#671,#672,#673));
#94=EDGE_LOOP('',(#674,#675,#676,#677,#678));
#95=EDGE_LOOP('',(#679,#680,#681,#682));
#96=EDGE_LOOP('',(#683,#684,#685));
#97=EDGE_LOOP('',(#686,#687,#688,#689));
#98=EDGE_LOOP('',(#690,#691));
#99=EDGE_LOOP('',(#692,#693,#694,#695));
#100=EDGE_LOOP('',(#696,#697));
#101=EDGE_LOOP('',(#698,#699,#700,#701));
#102=EDGE_LOOP('',(#702,#703));
#103=EDGE_LOOP('',(#704,#705,#706,#707,#708));
#104=EDGE_LOOP('',(#709,#710,#711,#712,#713,#714,#715,#716));
#105=EDGE_LOOP('',(#717,#718,#719,#720,#721,#722,#723,#724,#725,#726,#727,
#728,#729,#730,#731,#732,#733,#734,#735,#736,#737,#738,#739,#740,#741,#742,
#743,#744,#745,#746,#747,#748,#749,#750,#751,#752,#753,#754,#755,#756));
#106=EDGE_LOOP('',(#757));
#107=EDGE_LOOP('',(#758,#759,#760,#761));
#108=EDGE_LOOP('',(#762,#763,#764,#765));
#109=EDGE_LOOP('',(#766,#767,#768,#769));
#110=EDGE_LOOP('',(#770,#771,#772,#773));
#111=EDGE_LOOP('',(#774,#775,#776,#777));
#112=EDGE_LOOP('',(#778,#779,#780,#781));
#113=EDGE_LOOP('',(#782,#783,#784,#785));
#114=EDGE_LOOP('',(#786,#787,#788,#789));
#115=EDGE_LOOP('',(#790,#791,#792,#793));
#116=EDGE_LOOP('',(#794,#795,#796,#797));
#117=EDGE_LOOP('',(#798,#799,#800,#801));
#118=EDGE_LOOP('',(#802,#803,#804,#805));
#119=EDGE_LOOP('',(#806,#807,#808,#809));
#120=EDGE_LOOP('',(#810,#811,#812,#813));
#121=EDGE_LOOP('',(#814,#815,#816,#817));
#122=EDGE_LOOP('',(#818,#819,#820,#821));
#123=EDGE_LOOP('',(#822,#823,#824,#825));
#124=EDGE_LOOP('',(#826,#827,#828,#829));
#125=EDGE_LOOP('',(#830,#831,#832,#833));
#126=EDGE_LOOP('',(#834,#835,#836,#837));
#127=EDGE_LOOP('',(#838,#839,#840,#841));
#128=EDGE_LOOP('',(#842,#843,#844,#845));
#129=EDGE_LOOP('',(#846,#847,#848,#849));
#130=EDGE_LOOP('',(#850,#851,#852,#853));
#131=EDGE_LOOP('',(#854,#855,#856,#857));
#132=EDGE_LOOP('',(#858,#859,#860,#861));
#133=EDGE_LOOP('',(#862,#863,#864,#865));
#134=EDGE_LOOP('',(#866,#867,#868,#869));
#135=EDGE_LOOP('',(#870,#871,#872,#873));
#136=EDGE_LOOP('',(#874,#875,#876,#877));
#137=EDGE_LOOP('',(#878,#879,#880,#881));
#138=EDGE_LOOP('',(#882,#883,#884,#885));
#139=EDGE_LOOP('',(#886,#887,#888,#889));
#140=EDGE_LOOP('',(#890,#891,#892,#893));
#141=EDGE_LOOP('',(#894,#895,#896,#897));
#142=EDGE_LOOP('',(#898,#899,#900,#901));
#143=EDGE_LOOP('',(#902,#903,#904,#905));
#144=EDGE_LOOP('',(#906,#907,#908,#909));
#145=EDGE_LOOP('',(#910,#911,#912,#913));
#146=EDGE_LOOP('',(#914,#915,#916,#917));
#147=EDGE_LOOP('',(#918,#919,#920,#921,#922,#923,#924));
#148=EDGE_LOOP('',(#925,#926,#927,#928));
#149=EDGE_LOOP('',(#929,#930,#931,#932,#933,#934,#935,#936));
#150=EDGE_LOOP('',(#937,#938,#939,#940,#941,#942,#943,#944,#945,#946,#947,
#948,#949,#950,#951,#952,#953,#954,#955,#956));
#151=EDGE_LOOP('',(#957,#958,#959,#960));
#152=EDGE_LOOP('',(#961,#962,#963,#964));
#153=EDGE_LOOP('',(#965,#966,#967,#968,#969,#970,#971,#972,#973,#974,#975,
#976,#977,#978,#979,#980,#981,#982,#983,#984,#985,#986,#987,#988,#989,#990,
#991,#992,#993,#994,#995,#996,#997,#998,#999,#1000,#1001,#1002,#1003,#1004));
#154=CIRCLE('',#1132,9.925);
#155=CIRCLE('',#1135,9.0685);
#156=CIRCLE('',#1137,9.0685);
#157=CIRCLE('',#1139,2.5);
#158=CIRCLE('',#1140,2.5);
#159=CIRCLE('',#1142,5.875);
#160=CIRCLE('',#1143,5.875);
#161=CIRCLE('',#1145,2.5);
#162=CIRCLE('',#1146,2.5);
#163=CIRCLE('',#1148,5.875);
#164=CIRCLE('',#1150,2.5);
#165=CIRCLE('',#1151,2.5);
#166=CIRCLE('',#1153,5.875);
#167=CIRCLE('',#1155,2.5);
#168=CIRCLE('',#1156,2.5);
#169=CIRCLE('',#1158,5.875);
#170=CIRCLE('',#1160,9.925);
#171=CIRCLE('',#1161,5.875);
#172=CIRCLE('',#1162,5.875);
#173=CIRCLE('',#1163,5.875);
#174=CIRCLE('',#1164,5.875);
#175=CIRCLE('',#1166,0.5);
#176=CIRCLE('',#1167,7.375);
#177=CIRCLE('',#1168,0.5);
#178=CIRCLE('',#1169,7.375);
#179=CIRCLE('',#1170,0.5);
#180=CIRCLE('',#1171,7.375);
#181=CIRCLE('',#1172,0.5);
#182=CIRCLE('',#1173,7.375);
#183=CIRCLE('',#1174,0.5);
#184=CIRCLE('',#1175,7.375);
#185=CIRCLE('',#1176,0.5);
#186=CIRCLE('',#1177,7.375);
#187=CIRCLE('',#1178,0.5);
#188=CIRCLE('',#1179,7.375);
#189=CIRCLE('',#1180,0.5);
#190=CIRCLE('',#1181,7.375);
#191=CIRCLE('',#1182,0.5);
#192=CIRCLE('',#1183,7.375);
#193=CIRCLE('',#1184,0.5);
#194=CIRCLE('',#1185,7.375);
#195=CIRCLE('',#1186,0.5);
#196=CIRCLE('',#1187,7.375);
#197=CIRCLE('',#1188,0.5);
#198=CIRCLE('',#1189,7.375);
#199=CIRCLE('',#1190,0.5);
#200=CIRCLE('',#1191,7.375);
#201=CIRCLE('',#1192,0.5);
#202=CIRCLE('',#1193,7.375);
#203=CIRCLE('',#1194,0.5);
#204=CIRCLE('',#1195,7.375);
#205=CIRCLE('',#1196,0.5);
#206=CIRCLE('',#1197,7.375);
#207=CIRCLE('',#1198,0.5);
#208=CIRCLE('',#1199,7.375);
#209=CIRCLE('',#1200,0.5);
#210=CIRCLE('',#1201,7.375);
#211=CIRCLE('',#1202,0.5);
#212=CIRCLE('',#1203,7.375);
#213=CIRCLE('',#1204,0.5);
#214=CIRCLE('',#1205,7.375);
#215=CIRCLE('',#1206,5.875);
#216=CIRCLE('',#1208,7.375);
#217=CIRCLE('',#1210,0.5);
#218=CIRCLE('',#1212,7.375);
#219=CIRCLE('',#1214,0.5);
#220=CIRCLE('',#1216,7.375);
#221=CIRCLE('',#1218,0.5);
#222=CIRCLE('',#1220,7.375);
#223=CIRCLE('',#1222,0.5);
#224=CIRCLE('',#1224,7.375);
#225=CIRCLE('',#1226,0.5);
#226=CIRCLE('',#1228,7.375);
#227=CIRCLE('',#1230,0.5);
#228=CIRCLE('',#1232,7.375);
#229=CIRCLE('',#1234,0.5);
#230=CIRCLE('',#1236,7.375);
#231=CIRCLE('',#1238,0.5);
#232=CIRCLE('',#1240,7.375);
#233=CIRCLE('',#1242,0.5);
#234=CIRCLE('',#1244,7.375);
#235=CIRCLE('',#1246,0.5);
#236=CIRCLE('',#1248,0.5);
#237=CIRCLE('',#1250,0.5);
#238=CIRCLE('',#1252,0.5);
#239=CIRCLE('',#1254,0.5);
#240=CIRCLE('',#1256,0.5);
#241=CIRCLE('',#1258,0.5);
#242=CIRCLE('',#1260,0.5);
#243=CIRCLE('',#1262,0.5);
#244=CIRCLE('',#1264,0.5);
#245=CIRCLE('',#1266,0.5);
#246=CIRCLE('',#1268,7.375);
#247=CIRCLE('',#1270,7.375);
#248=CIRCLE('',#1272,7.375);
#249=CIRCLE('',#1274,7.375);
#250=CIRCLE('',#1276,7.375);
#251=CIRCLE('',#1278,7.375);
#252=CIRCLE('',#1280,7.375);
#253=CIRCLE('',#1282,7.375);
#254=CIRCLE('',#1284,7.375);
#255=CIRCLE('',#1286,7.375);
#256=CIRCLE('',#1288,9.0685);
#257=B_SPLINE_CURVE_WITH_KNOTS('',3,(#1681,#1682,#1683,#1684,#1685,#1686,
#1687,#1688,#1689,#1690,#1691,#1692,#1693,#1694,#1695,#1696),
 .UNSPECIFIED.,.F.,.F.,(4,3,3,3,3,4),(-4.09323272002457,-3.85948750336043,
-3.37705156544037,-2.89461562752032,-2.41217968960027,-2.07135887395546),
 .UNSPECIFIED.);
#258=B_SPLINE_CURVE_WITH_KNOTS('',3,(#1699,#1700,#1701,#1702,#1703,#1704,
#1705,#1706,#1707,#1708),.UNSPECIFIED.,.F.,.F.,(4,3,3,4),(0.,0.482435937920054,
0.964871875840106,1.11971880752043),.UNSPECIFIED.);
#259=B_SPLINE_CURVE_WITH_KNOTS('',3,(#1713,#1714,#1715,#1716,#1717,#1718,
#1719,#1720,#1721,#1722,#1723,#1724,#1725,#1726,#1727,#1728,#1729,#1730,
#1731,#1732,#1733,#1734,#1735,#1736,#1737,#1738,#1739,#1740,#1741,#1742,
#1743,#1744,#1745,#1746,#1747,#1748,#1749,#1750,#1751,#1752,#1753,#1754,
#1755),.UNSPECIFIED.,.F.,.F.,(4,3,3,3,3,3,3,3,3,3,3,3,3,3,4),(-10.3764180272042,
-10.1311546963211,-9.64871875840107,-9.16628282048101,-8.68384688256096,
-8.20141094464091,-7.71897500672086,-7.2365390688008,-6.75410313088075,
-6.2716671929607,-5.78923125504064,-5.30679531712059,-4.82435937920053,
-4.34192344128048,-4.09323272002457),.UNSPECIFIED.);
#260=B_SPLINE_CURVE_WITH_KNOTS('',3,(#1756,#1757,#1758,#1759,#1760,#1761,
#1762,#1763,#1764,#1765,#1766,#1767,#1768,#1769,#1770,#1771,#1772,#1773,
#1774,#1775,#1776,#1777,#1778,#1779,#1780,#1781,#1782,#1783,#1784,#1785,
#1786,#1787,#1788,#1789,#1790,#1791,#1792,#1793,#1794,#1795,#1796,#1797,
#1798),.UNSPECIFIED.,.F.,.F.,(4,3,3,3,3,3,3,3,3,3,3,3,3,3,4),(1.11971880752043,
1.44730781376016,1.92974375168021,2.41217968960026,2.89461562752032,3.37705156544037,
3.85948750336042,4.34192344128047,4.82435937920053,5.30679531712058,5.78923125504063,
6.27166719296068,6.75410313088073,7.23653906880079,7.40290411470003),
 .UNSPECIFIED.);
#261=B_SPLINE_CURVE_WITH_KNOTS('',3,(#1804,#1805,#1806,#1807),
 .UNSPECIFIED.,.F.,.F.,(4,4),(21.9911485751286,22.0867060598903),
 .UNSPECIFIED.);
#262=B_SPLINE_CURVE_WITH_KNOTS('',3,(#1813,#1814,#1815,#1816,#1817,#1818,
#1819,#1820,#1821,#1822,#1823,#1824,#1825,#1826,#1827,#1828,#1829),
 .UNSPECIFIED.,.F.,.F.,(4,1,1,1,1,1,1,1,1,1,1,1,1,1,4),(15.707963267949,
15.9566539892048,16.4390899271249,16.9215258650449,17.403961802965,17.8863977408851,
18.3688336788051,18.8512696167252,19.3337055546452,19.8161414925653,20.2985774304853,
20.7810133684054,21.2634493063254,21.7458852442455,21.9911485751286),
 .UNSPECIFIED.);
#263=B_SPLINE_CURVE_WITH_KNOTS('',3,(#1832,#1833,#1834,#1835,#1836,#1837,
#1838,#1839,#1840,#1841,#1842,#1843,#1844,#1845),.UNSPECIFIED.,.F.,.F.,
(4,1,1,1,1,1,1,1,1,1,1,4),(15.707963267949,16.0240341599698,16.5064700978898,
16.9889060358099,17.4713419737299,17.95377791165,18.43621384957,18.9186497874901,
19.4010857254101,19.8835216633302,20.3659576012502,20.8483935391703),
 .UNSPECIFIED.);
#264=B_SPLINE_CURVE_WITH_KNOTS('',3,(#1894,#1895,#1896,#1897,#1898,#1899,
#1900,#1901,#1902,#1903,#1904,#1905,#1906,#1907,#1908,#1909,#1910,#1911,
#1912,#1913,#1914,#1915,#1916,#1917,#1918,#1919,#1920,#1921,#1922,#1923,
#1924,#1925,#1926,#1927,#1928,#1929,#1930,#1931,#1932,#1933,#1934,#1935,
#1936,#1937,#1938,#1939,#1940,#1941,#1942,#1943,#1944,#1945,#1946,#1947,
#1948,#1949,#1950,#1951,#1952,#1953,#1954,#1955,#1956,#1957,#1958,#1959,
#1960,#1961,#1962,#1963,#1964,#1965,#1966,#1967,#1968,#1969,#1970,#1971,
#1972,#1973,#1974,#1975,#1976,#1977,#1978,#1979,#1980,#1981,#1982,#1983,
#1984,#1985,#1986,#1987,#1988,#1989,#1990,#1991,#1992,#1993,#1994,#1995,
#1996,#1997,#1998,#1999,#2000,#2001,#2002,#2003,#2004,#2005,#2006,#2007,
#2008,#2009,#2010,#2011,#2012,#2013,#2014),.UNSPECIFIED.,.F.,.F.,(4,3,3,
3,3,3,3,3,3,3,3,3,3,3,3,3,3,3,3,3,3,3,3,3,3,3,3,3,3,3,3,3,3,3,3,3,3,3,3,
3,4),(0.,0.0739553989671363,0.140642978348795,0.214659472737136,0.288666813795129,
0.362113543452656,0.380949663633988,0.38961890687892,0.462696976640408,
0.538374162627543,0.614051348614678,0.687164136427249,0.736008629178533,
0.761002492752931,0.768133753468497,0.840012605039498,0.912270642383856,
0.984211041656148,1.05510817528783,1.07792007843752,1.10630662894454,1.12597322642436,
1.13416090813906,1.14212975196768,1.21291239381061,1.2842450489626,1.35537977677726,
1.42589097358253,1.4789979300662,1.49822243967222,1.50588083975239,1.53210488654986,
1.60249291557354,1.67307753619759,1.71096784263289,1.73292071532344,1.74629720501093,
1.81623900234587,1.88589999112829,1.95457425610164,1.97619998767994),
 .UNSPECIFIED.);
#265=B_SPLINE_CURVE_WITH_KNOTS('',3,(#2016,#2017,#2018,#2019,#2020,#2021,
#2022,#2023,#2024,#2025,#2026,#2027,#2028,#2029,#2030,#2031,#2032,#2033,
#2034,#2035,#2036,#2037,#2038,#2039,#2040,#2041,#2042,#2043,#2044,#2045,
#2046,#2047,#2048,#2049,#2050,#2051,#2052,#2053,#2054,#2055,#2056,#2057,
#2058,#2059,#2060,#2061,#2062,#2063,#2064,#2065,#2066,#2067,#2068,#2069,
#2070,#2071,#2072,#2073,#2074,#2075,#2076,#2077,#2078,#2079,#2080,#2081,
#2082,#2083,#2084,#2085,#2086,#2087,#2088,#2089,#2090,#2091,#2092,#2093,
#2094,#2095,#2096,#2097,#2098,#2099,#2100,#2101,#2102,#2103,#2104,#2105,
#2106,#2107,#2108,#2109,#2110,#2111,#2112,#2113,#2114,#2115,#2116,#2117,
#2118,#2119,#2120,#2121,#2122,#2123,#2124,#2125,#2126,#2127,#2128,#2129,
#2130,#2131,#2132,#2133,#2134,#2135,#2136),.UNSPECIFIED.,.F.,.F.,(4,3,3,
3,3,3,3,3,3,3,3,3,3,3,3,3,3,3,3,3,3,3,3,3,3,3,3,3,3,3,3,3,3,3,3,3,3,3,3,
3,4),(0.,0.0698902187231084,0.129299450538312,0.198817625176749,0.268792817109819,
0.338707163408711,0.351631347020605,0.362371754133132,0.432839191324487,
0.504553290384999,0.576267389445511,0.647071507171714,0.695261109892999,
0.709368414688677,0.720001697986397,0.727595542946344,0.79833504532392,
0.870098199960079,0.94196035861296,1.01325787717254,1.03258832894199,1.06168239259794,
1.08619499152307,1.0945495553216,1.1657754750195,1.23795061148707,1.31071399332538,
1.38325842710935,1.44067588727326,1.4604573732266,1.47088677325135,1.49809334743717,
1.57064730375264,1.64386195066645,1.68493763300744,1.70890700704327,1.71859502332688,
1.79244056665757,1.86647592911219,1.9400359150051,1.97246740939441),
 .UNSPECIFIED.);
#266=B_SPLINE_CURVE_WITH_KNOTS('',3,(#2501,#2502,#2503,#2504,#2505,#2506,
#2507,#2508,#2509,#2510,#2511,#2512,#2513,#2514,#2515,#2516,#2517,#2518,
#2519,#2520,#2521,#2522),.UNSPECIFIED.,.F.,.F.,(4,3,3,3,3,3,3,4),(7.40290411470003,
7.71897500672084,8.20141094464089,8.68384688256094,9.16628282048099,9.64871875840105,
10.1311546963211,10.4719755119659),.UNSPECIFIED.);
#267=B_SPLINE_CURVE_WITH_KNOTS('',3,(#2524,#2525,#2526,#2527,#2528,#2529,
#2530,#2531,#2532,#2533,#2534,#2535,#2536,#2537,#2538,#2539,#2540,#2541,
#2542,#2543,#2544,#2545,#2546,#2547,#2548,#2549,#2550,#2551,#2552,#2553,
#2554,#2555,#2556,#2557,#2558,#2559,#2560,#2561,#2562,#2563,#2564,#2565,
#2566,#2567,#2568,#2569,#2570,#2571,#2572,#2573,#2574,#2575,#2576,#2577,
#2578,#2579,#2580,#2581,#2582,#2583,#2584,#2585,#2586,#2587,#2588,#2589,
#2590,#2591,#2592,#2593,#2594,#2595,#2596,#2597,#2598,#2599,#2600,#2601,
#2602,#2603,#2604,#2605,#2606,#2607,#2608,#2609,#2610,#2611,#2612,#2613,
#2614,#2615,#2616,#2617,#2618,#2619,#2620,#2621,#2622,#2623,#2624,#2625,
#2626,#2627,#2628,#2629,#2630,#2631,#2632,#2633,#2634,#2635,#2636,#2637,
#2638,#2639,#2640,#2641,#2642,#2643,#2644),.UNSPECIFIED.,.F.,.F.,(4,3,3,
3,3,3,3,3,3,3,3,3,3,3,3,3,3,3,3,3,3,3,3,3,3,3,3,3,3,3,3,3,3,3,3,3,3,3,3,
3,4),(0.,0.0698902187615813,0.12929945053827,0.198817624252153,0.268792816079846,
0.338707162810075,0.351631345459708,0.362371754221204,0.432839190687908,
0.50455329006669,0.576267389445472,0.647071507655481,0.69526111031629,0.709368415483857,
0.72000170553852,0.727595544448875,0.798335047834286,0.870098202986941,
0.941960362763072,1.01325788437096,1.03258832894195,1.0616823925979,1.08619499131561,
1.09454955507765,1.1657754793449,1.23795061908371,1.31071399688741,1.38325842016833,
1.44067588380274,1.46045737037802,1.47088677277434,1.49809334743714,1.570647284387,
1.64386192144503,1.68493760743869,1.70890701198684,1.71859502618301,1.79244056130333,
1.86647592747149,1.9400359366454,1.97246740939434),.UNSPECIFIED.);
#268=B_SPLINE_CURVE_WITH_KNOTS('',3,(#2645,#2646,#2647,#2648,#2649,#2650,
#2651,#2652,#2653,#2654,#2655,#2656,#2657,#2658,#2659),.UNSPECIFIED.,.F.,
 .F.,(4,1,1,1,1,1,1,1,1,1,1,1,4),(10.3764180272044,10.7172388428492,11.1996747807693,
11.6821107186893,12.1645466566094,12.6469825945294,13.1294185324495,13.6118544703695,
14.0942904082896,14.5767263462096,15.0591622841297,15.5415982220497,15.707963267949),
 .UNSPECIFIED.);
#269=B_SPLINE_CURVE_WITH_KNOTS('',3,(#2663,#2664,#2665,#2666,#2667,#2668,
#2669,#2670,#2671,#2672,#2673,#2674),.UNSPECIFIED.,.F.,.F.,(4,1,1,1,1,1,
1,1,1,4),(11.6147305479244,12.0971664858444,12.5796024237645,13.0620383616845,
13.5444742996046,14.0269102375246,14.5093461754447,14.9917821133647,15.4742180512848,
15.707963267949),.UNSPECIFIED.);
#270=B_SPLINE_CURVE_WITH_KNOTS('',3,(#2791,#2792,#2793,#2794,#2795,#2796,
#2797,#2798,#2799,#2800,#2801,#2802,#2803,#2804,#2805,#2806,#2807,#2808,
#2809,#2810,#2811,#2812,#2813,#2814,#2815,#2816,#2817,#2818,#2819,#2820,
#2821,#2822,#2823,#2824,#2825,#2826,#2827,#2828,#2829,#2830,#2831,#2832,
#2833,#2834,#2835,#2836,#2837,#2838,#2839,#2840,#2841,#2842,#2843,#2844,
#2845,#2846,#2847,#2848,#2849,#2850,#2851,#2852,#2853,#2854,#2855,#2856,
#2857,#2858,#2859,#2860,#2861,#2862,#2863,#2864,#2865,#2866,#2867,#2868,
#2869,#2870,#2871,#2872,#2873,#2874,#2875,#2876,#2877,#2878,#2879,#2880,
#2881,#2882,#2883,#2884,#2885,#2886,#2887,#2888,#2889,#2890,#2891,#2892,
#2893,#2894,#2895,#2896,#2897,#2898,#2899,#2900,#2901,#2902,#2903,#2904,
#2905,#2906,#2907,#2908,#2909,#2910,#2911),.UNSPECIFIED.,.F.,.F.,(4,3,3,
3,3,3,3,3,3,3,3,3,3,3,3,3,3,3,3,3,3,3,3,3,3,3,3,3,3,3,3,3,3,3,3,3,3,3,3,
3,4),(0.,0.0739553993403029,0.140642978348714,0.214659472695973,0.288666813382798,
0.3621135427682,0.380949662642772,0.389618907123327,0.462696976718685,0.538374162666646,
0.614051348614607,0.68716413467905,0.736008627648849,0.761002489638687,
0.768133748122567,0.840012599320564,0.912270634907092,0.984211030871797,
1.05510815859988,1.07792007843745,1.10630662894447,1.12597322718604,1.13416091087325,
1.14212975275024,1.21291239076419,1.28424504748447,1.35537978849846,1.42589100521399,
1.4789979458819,1.4982224526271,1.50588085093131,1.5321048865498,1.6024929250964,
1.67307754071302,1.71096784658388,1.73292071539786,1.74629720482702,1.81623899444303,
1.88589996298786,1.9545741930803,1.97619998767993),.UNSPECIFIED.);
#271=B_SPLINE_CURVE_WITH_KNOTS('',3,(#2912,#2913,#2914,#2915,#2916,#2917,
#2918,#2919,#2920,#2921,#2922,#2923,#2924,#2925,#2926,#2927),
 .UNSPECIFIED.,.F.,.F.,(4,3,3,3,3,4),(-12.5433343859214,-12.0608984480013,
-11.5784625100813,-11.0960265721612,-10.6135906342412,-10.3764180272042),
 .UNSPECIFIED.);
#272=LINE('',#1679,#325);
#273=LINE('',#1712,#326);
#274=LINE('',#1802,#327);
#275=LINE('',#1812,#328);
#276=LINE('',#1851,#329);
#277=LINE('',#1854,#330);
#278=LINE('',#1864,#331);
#279=LINE('',#1867,#332);
#280=LINE('',#1875,#333);
#281=LINE('',#1878,#334);
#282=LINE('',#1886,#335);
#283=LINE('',#1889,#336);
#284=LINE('',#2227,#337);
#285=LINE('',#2230,#338);
#286=LINE('',#2233,#339);
#287=LINE('',#2237,#340);
#288=LINE('',#2241,#341);
#289=LINE('',#2245,#342);
#290=LINE('',#2249,#343);
#291=LINE('',#2253,#344);
#292=LINE('',#2257,#345);
#293=LINE('',#2261,#346);
#294=LINE('',#2265,#347);
#295=LINE('',#2269,#348);
#296=LINE('',#2273,#349);
#297=LINE('',#2277,#350);
#298=LINE('',#2281,#351);
#299=LINE('',#2285,#352);
#300=LINE('',#2289,#353);
#301=LINE('',#2293,#354);
#302=LINE('',#2297,#355);
#303=LINE('',#2301,#356);
#304=LINE('',#2305,#357);
#305=LINE('',#2309,#358);
#306=LINE('',#2312,#359);
#307=LINE('',#2315,#360);
#308=LINE('',#2318,#361);
#309=LINE('',#2321,#362);
#310=LINE('',#2324,#363);
#311=LINE('',#2327,#364);
#312=LINE('',#2330,#365);
#313=LINE('',#2333,#366);
#314=LINE('',#2336,#367);
#315=LINE('',#2340,#368);
#316=LINE('',#2343,#369);
#317=LINE('',#2346,#370);
#318=LINE('',#2349,#371);
#319=LINE('',#2352,#372);
#320=LINE('',#2355,#373);
#321=LINE('',#2358,#374);
#322=LINE('',#2361,#375);
#323=LINE('',#2364,#376);
#324=LINE('',#2929,#377);
#325=VECTOR('',#1299,8.375);
#326=VECTOR('',#1304,8.375);
#327=VECTOR('',#1307,9.0685);
#328=VECTOR('',#1312,9.0685);
#329=VECTOR('',#1319,10.);
#330=VECTOR('',#1322,10.);
#331=VECTOR('',#1333,10.);
#332=VECTOR('',#1336,10.);
#333=VECTOR('',#1345,10.);
#334=VECTOR('',#1348,10.);
#335=VECTOR('',#1357,10.);
#336=VECTOR('',#1360,10.);
#337=VECTOR('',#1463,10.);
#338=VECTOR('',#1466,10.);
#339=VECTOR('',#1469,10.);
#340=VECTOR('',#1474,10.);
#341=VECTOR('',#1479,10.);
#342=VECTOR('',#1484,10.);
#343=VECTOR('',#1489,10.);
#344=VECTOR('',#1494,10.);
#345=VECTOR('',#1499,10.);
#346=VECTOR('',#1504,10.);
#347=VECTOR('',#1509,10.);
#348=VECTOR('',#1514,10.);
#349=VECTOR('',#1519,10.);
#350=VECTOR('',#1524,10.);
#351=VECTOR('',#1529,10.);
#352=VECTOR('',#1534,10.);
#353=VECTOR('',#1539,10.);
#354=VECTOR('',#1544,10.);
#355=VECTOR('',#1549,10.);
#356=VECTOR('',#1554,10.);
#357=VECTOR('',#1559,10.);
#358=VECTOR('',#1564,10.);
#359=VECTOR('',#1567,10.);
#360=VECTOR('',#1570,10.);
#361=VECTOR('',#1573,10.);
#362=VECTOR('',#1576,10.);
#363=VECTOR('',#1579,10.);
#364=VECTOR('',#1582,10.);
#365=VECTOR('',#1585,10.);
#366=VECTOR('',#1588,10.);
#367=VECTOR('',#1591,10.);
#368=VECTOR('',#1596,10.);
#369=VECTOR('',#1599,10.);
#370=VECTOR('',#1602,10.);
#371=VECTOR('',#1605,10.);
#372=VECTOR('',#1608,10.);
#373=VECTOR('',#1611,10.);
#374=VECTOR('',#1614,10.);
#375=VECTOR('',#1617,10.);
#376=VECTOR('',#1620,10.);
#377=VECTOR('',#1667,5.875);
#378=VERTEX_POINT('',#1677);
#379=VERTEX_POINT('',#1678);
#380=VERTEX_POINT('',#1680);
#381=VERTEX_POINT('',#1697);
#382=VERTEX_POINT('',#1710);
#383=VERTEX_POINT('',#1711);
#384=VERTEX_POINT('',#1800);
#385=VERTEX_POINT('',#1801);
#386=VERTEX_POINT('',#1803);
#387=VERTEX_POINT('',#1810);
#388=VERTEX_POINT('',#1811);
#389=VERTEX_POINT('',#1830);
#390=VERTEX_POINT('',#1847);
#391=VERTEX_POINT('',#1848);
#392=VERTEX_POINT('',#1850);
#393=VERTEX_POINT('',#1852);
#394=VERTEX_POINT('',#1856);
#395=VERTEX_POINT('',#1860);
#396=VERTEX_POINT('',#1861);
#397=VERTEX_POINT('',#1863);
#398=VERTEX_POINT('',#1865);
#399=VERTEX_POINT('',#1871);
#400=VERTEX_POINT('',#1872);
#401=VERTEX_POINT('',#1874);
#402=VERTEX_POINT('',#1876);
#403=VERTEX_POINT('',#1882);
#404=VERTEX_POINT('',#1883);
#405=VERTEX_POINT('',#1885);
#406=VERTEX_POINT('',#1887);
#407=VERTEX_POINT('',#1893);
#408=VERTEX_POINT('',#2015);
#409=VERTEX_POINT('',#2143);
#410=VERTEX_POINT('',#2144);
#411=VERTEX_POINT('',#2146);
#412=VERTEX_POINT('',#2148);
#413=VERTEX_POINT('',#2150);
#414=VERTEX_POINT('',#2152);
#415=VERTEX_POINT('',#2154);
#416=VERTEX_POINT('',#2156);
#417=VERTEX_POINT('',#2158);
#418=VERTEX_POINT('',#2160);
#419=VERTEX_POINT('',#2162);
#420=VERTEX_POINT('',#2164);
#421=VERTEX_POINT('',#2166);
#422=VERTEX_POINT('',#2168);
#423=VERTEX_POINT('',#2170);
#424=VERTEX_POINT('',#2172);
#425=VERTEX_POINT('',#2174);
#426=VERTEX_POINT('',#2176);
#427=VERTEX_POINT('',#2178);
#428=VERTEX_POINT('',#2180);
#429=VERTEX_POINT('',#2182);
#430=VERTEX_POINT('',#2184);
#431=VERTEX_POINT('',#2186);
#432=VERTEX_POINT('',#2188);
#433=VERTEX_POINT('',#2190);
#434=VERTEX_POINT('',#2192);
#435=VERTEX_POINT('',#2194);
#436=VERTEX_POINT('',#2196);
#437=VERTEX_POINT('',#2198);
#438=VERTEX_POINT('',#2200);
#439=VERTEX_POINT('',#2202);
#440=VERTEX_POINT('',#2204);
#441=VERTEX_POINT('',#2206);
#442=VERTEX_POINT('',#2208);
#443=VERTEX_POINT('',#2210);
#444=VERTEX_POINT('',#2212);
#445=VERTEX_POINT('',#2214);
#446=VERTEX_POINT('',#2216);
#447=VERTEX_POINT('',#2218);
#448=VERTEX_POINT('',#2220);
#449=VERTEX_POINT('',#2223);
#450=VERTEX_POINT('',#2226);
#451=VERTEX_POINT('',#2228);
#452=VERTEX_POINT('',#2232);
#453=VERTEX_POINT('',#2236);
#454=VERTEX_POINT('',#2240);
#455=VERTEX_POINT('',#2244);
#456=VERTEX_POINT('',#2248);
#457=VERTEX_POINT('',#2252);
#458=VERTEX_POINT('',#2256);
#459=VERTEX_POINT('',#2260);
#460=VERTEX_POINT('',#2264);
#461=VERTEX_POINT('',#2268);
#462=VERTEX_POINT('',#2272);
#463=VERTEX_POINT('',#2276);
#464=VERTEX_POINT('',#2280);
#465=VERTEX_POINT('',#2284);
#466=VERTEX_POINT('',#2288);
#467=VERTEX_POINT('',#2292);
#468=VERTEX_POINT('',#2296);
#469=VERTEX_POINT('',#2300);
#470=VERTEX_POINT('',#2304);
#471=VERTEX_POINT('',#2308);
#472=VERTEX_POINT('',#2310);
#473=VERTEX_POINT('',#2314);
#474=VERTEX_POINT('',#2316);
#475=VERTEX_POINT('',#2320);
#476=VERTEX_POINT('',#2322);
#477=VERTEX_POINT('',#2326);
#478=VERTEX_POINT('',#2328);
#479=VERTEX_POINT('',#2332);
#480=VERTEX_POINT('',#2334);
#481=VERTEX_POINT('',#2338);
#482=VERTEX_POINT('',#2342);
#483=VERTEX_POINT('',#2344);
#484=VERTEX_POINT('',#2348);
#485=VERTEX_POINT('',#2350);
#486=VERTEX_POINT('',#2354);
#487=VERTEX_POINT('',#2356);
#488=VERTEX_POINT('',#2360);
#489=VERTEX_POINT('',#2362);
#490=VERTEX_POINT('',#2523);
#491=VERTEX_POINT('',#2661);
#492=EDGE_CURVE('',#378,#379,#272,.T.);
#493=EDGE_CURVE('',#378,#380,#257,.T.);
#494=EDGE_CURVE('',#381,#380,#154,.F.);
#495=EDGE_CURVE('',#381,#379,#258,.T.);
#496=EDGE_CURVE('',#382,#383,#273,.T.);
#497=EDGE_CURVE('',#382,#378,#259,.T.);
#498=EDGE_CURVE('',#379,#383,#260,.T.);
#499=EDGE_CURVE('',#384,#385,#274,.T.);
#500=EDGE_CURVE('',#384,#386,#261,.T.);
#501=EDGE_CURVE('',#385,#386,#155,.T.);
#502=EDGE_CURVE('',#387,#388,#275,.T.);
#503=EDGE_CURVE('',#387,#384,#262,.T.);
#504=EDGE_CURVE('',#389,#385,#156,.T.);
#505=EDGE_CURVE('',#388,#389,#263,.T.);
#506=EDGE_CURVE('',#390,#391,#157,.T.);
#507=EDGE_CURVE('',#392,#390,#276,.T.);
#508=EDGE_CURVE('',#392,#393,#158,.T.);
#509=EDGE_CURVE('',#391,#393,#277,.T.);
#510=EDGE_CURVE('',#394,#392,#159,.T.);
#511=EDGE_CURVE('',#393,#394,#160,.T.);
#512=EDGE_CURVE('',#395,#396,#161,.T.);
#513=EDGE_CURVE('',#397,#395,#278,.T.);
#514=EDGE_CURVE('',#397,#398,#162,.T.);
#515=EDGE_CURVE('',#396,#398,#279,.T.);
#516=EDGE_CURVE('',#398,#397,#163,.T.);
#517=EDGE_CURVE('',#399,#400,#164,.T.);
#518=EDGE_CURVE('',#401,#399,#280,.T.);
#519=EDGE_CURVE('',#401,#402,#165,.T.);
#520=EDGE_CURVE('',#400,#402,#281,.T.);
#521=EDGE_CURVE('',#402,#401,#166,.T.);
#522=EDGE_CURVE('',#403,#404,#167,.T.);
#523=EDGE_CURVE('',#405,#403,#282,.T.);
#524=EDGE_CURVE('',#405,#406,#168,.T.);
#525=EDGE_CURVE('',#404,#406,#283,.T.);
#526=EDGE_CURVE('',#406,#405,#169,.T.);
#527=EDGE_CURVE('',#407,#389,#264,.T.);
#528=EDGE_CURVE('',#386,#408,#265,.T.);
#529=EDGE_CURVE('',#408,#407,#170,.T.);
#530=EDGE_CURVE('',#391,#399,#171,.T.);
#531=EDGE_CURVE('',#400,#395,#172,.T.);
#532=EDGE_CURVE('',#396,#403,#173,.T.);
#533=EDGE_CURVE('',#404,#390,#174,.T.);
#534=EDGE_CURVE('',#409,#410,#175,.T.);
#535=EDGE_CURVE('',#411,#409,#176,.T.);
#536=EDGE_CURVE('',#412,#411,#177,.T.);
#537=EDGE_CURVE('',#413,#412,#178,.T.);
#538=EDGE_CURVE('',#414,#413,#179,.T.);
#539=EDGE_CURVE('',#415,#414,#180,.T.);
#540=EDGE_CURVE('',#416,#415,#181,.T.);
#541=EDGE_CURVE('',#417,#416,#182,.T.);
#542=EDGE_CURVE('',#418,#417,#183,.T.);
#543=EDGE_CURVE('',#419,#418,#184,.T.);
#544=EDGE_CURVE('',#420,#419,#185,.T.);
#545=EDGE_CURVE('',#421,#420,#186,.T.);
#546=EDGE_CURVE('',#422,#421,#187,.T.);
#547=EDGE_CURVE('',#423,#422,#188,.T.);
#548=EDGE_CURVE('',#424,#423,#189,.T.);
#549=EDGE_CURVE('',#425,#424,#190,.T.);
#550=EDGE_CURVE('',#426,#425,#191,.T.);
#551=EDGE_CURVE('',#427,#426,#192,.T.);
#552=EDGE_CURVE('',#428,#427,#193,.T.);
#553=EDGE_CURVE('',#429,#428,#194,.T.);
#554=EDGE_CURVE('',#430,#429,#195,.T.);
#555=EDGE_CURVE('',#431,#430,#196,.T.);
#556=EDGE_CURVE('',#432,#431,#197,.T.);
#557=EDGE_CURVE('',#433,#432,#198,.T.);
#558=EDGE_CURVE('',#434,#433,#199,.T.);
#559=EDGE_CURVE('',#435,#434,#200,.T.);
#560=EDGE_CURVE('',#436,#435,#201,.T.);
#561=EDGE_CURVE('',#437,#436,#202,.T.);
#562=EDGE_CURVE('',#438,#437,#203,.T.);
#563=EDGE_CURVE('',#439,#438,#204,.T.);
#564=EDGE_CURVE('',#440,#439,#205,.T.);
#565=EDGE_CURVE('',#441,#440,#206,.T.);
#566=EDGE_CURVE('',#442,#441,#207,.T.);
#567=EDGE_CURVE('',#443,#442,#208,.T.);
#568=EDGE_CURVE('',#444,#443,#209,.T.);
#569=EDGE_CURVE('',#445,#444,#210,.T.);
#570=EDGE_CURVE('',#446,#445,#211,.T.);
#571=EDGE_CURVE('',#447,#446,#212,.T.);
#572=EDGE_CURVE('',#448,#447,#213,.T.);
#573=EDGE_CURVE('',#410,#448,#214,.T.);
#574=EDGE_CURVE('',#449,#449,#215,.T.);
#575=EDGE_CURVE('',#430,#450,#284,.T.);
#576=EDGE_CURVE('',#451,#450,#216,.T.);
#577=EDGE_CURVE('',#451,#431,#285,.T.);
#578=EDGE_CURVE('',#452,#429,#286,.T.);
#579=EDGE_CURVE('',#452,#450,#217,.T.);
#580=EDGE_CURVE('',#428,#453,#287,.T.);
#581=EDGE_CURVE('',#452,#453,#218,.T.);
#582=EDGE_CURVE('',#454,#427,#288,.T.);
#583=EDGE_CURVE('',#454,#453,#219,.T.);
#584=EDGE_CURVE('',#426,#455,#289,.T.);
#585=EDGE_CURVE('',#454,#455,#220,.T.);
#586=EDGE_CURVE('',#456,#425,#290,.T.);
#587=EDGE_CURVE('',#456,#455,#221,.T.);
#588=EDGE_CURVE('',#424,#457,#291,.T.);
#589=EDGE_CURVE('',#456,#457,#222,.T.);
#590=EDGE_CURVE('',#458,#423,#292,.T.);
#591=EDGE_CURVE('',#458,#457,#223,.T.);
#592=EDGE_CURVE('',#422,#459,#293,.T.);
#593=EDGE_CURVE('',#458,#459,#224,.T.);
#594=EDGE_CURVE('',#460,#421,#294,.T.);
#595=EDGE_CURVE('',#460,#459,#225,.T.);
#596=EDGE_CURVE('',#420,#461,#295,.T.);
#597=EDGE_CURVE('',#460,#461,#226,.T.);
#598=EDGE_CURVE('',#462,#419,#296,.T.);
#599=EDGE_CURVE('',#462,#461,#227,.T.);
#600=EDGE_CURVE('',#418,#463,#297,.T.);
#601=EDGE_CURVE('',#462,#463,#228,.T.);
#602=EDGE_CURVE('',#464,#417,#298,.T.);
#603=EDGE_CURVE('',#464,#463,#229,.T.);
#604=EDGE_CURVE('',#416,#465,#299,.T.);
#605=EDGE_CURVE('',#464,#465,#230,.T.);
#606=EDGE_CURVE('',#466,#415,#300,.T.);
#607=EDGE_CURVE('',#466,#465,#231,.T.);
#608=EDGE_CURVE('',#414,#467,#301,.T.);
#609=EDGE_CURVE('',#466,#467,#232,.T.);
#610=EDGE_CURVE('',#468,#413,#302,.T.);
#611=EDGE_CURVE('',#468,#467,#233,.T.);
#612=EDGE_CURVE('',#412,#469,#303,.T.);
#613=EDGE_CURVE('',#468,#469,#234,.T.);
#614=EDGE_CURVE('',#470,#411,#304,.T.);
#615=EDGE_CURVE('',#470,#469,#235,.T.);
#616=EDGE_CURVE('',#471,#410,#305,.T.);
#617=EDGE_CURVE('',#471,#472,#236,.T.);
#618=EDGE_CURVE('',#409,#472,#306,.T.);
#619=EDGE_CURVE('',#473,#435,#307,.T.);
#620=EDGE_CURVE('',#473,#474,#237,.T.);
#621=EDGE_CURVE('',#436,#474,#308,.T.);
#622=EDGE_CURVE('',#475,#447,#309,.T.);
#623=EDGE_CURVE('',#475,#476,#238,.T.);
#624=EDGE_CURVE('',#448,#476,#310,.T.);
#625=EDGE_CURVE('',#477,#443,#311,.T.);
#626=EDGE_CURVE('',#477,#478,#239,.T.);
#627=EDGE_CURVE('',#444,#478,#312,.T.);
#628=EDGE_CURVE('',#479,#433,#313,.T.);
#629=EDGE_CURVE('',#479,#480,#240,.T.);
#630=EDGE_CURVE('',#434,#480,#314,.T.);
#631=EDGE_CURVE('',#451,#481,#241,.T.);
#632=EDGE_CURVE('',#432,#481,#315,.T.);
#633=EDGE_CURVE('',#482,#441,#316,.T.);
#634=EDGE_CURVE('',#482,#483,#242,.T.);
#635=EDGE_CURVE('',#442,#483,#317,.T.);
#636=EDGE_CURVE('',#484,#445,#318,.T.);
#637=EDGE_CURVE('',#484,#485,#243,.T.);
#638=EDGE_CURVE('',#446,#485,#319,.T.);
#639=EDGE_CURVE('',#486,#439,#320,.T.);
#640=EDGE_CURVE('',#486,#487,#244,.T.);
#641=EDGE_CURVE('',#440,#487,#321,.T.);
#642=EDGE_CURVE('',#488,#437,#322,.T.);
#643=EDGE_CURVE('',#488,#489,#245,.T.);
#644=EDGE_CURVE('',#438,#489,#323,.T.);
#645=EDGE_CURVE('',#488,#474,#246,.T.);
#646=EDGE_CURVE('',#486,#489,#247,.T.);
#647=EDGE_CURVE('',#484,#478,#248,.T.);
#648=EDGE_CURVE('',#482,#487,#249,.T.);
#649=EDGE_CURVE('',#479,#481,#250,.T.);
#650=EDGE_CURVE('',#477,#483,#251,.T.);
#651=EDGE_CURVE('',#475,#485,#252,.T.);
#652=EDGE_CURVE('',#473,#480,#253,.T.);
#653=EDGE_CURVE('',#470,#472,#254,.T.);
#654=EDGE_CURVE('',#471,#476,#255,.T.);
#655=EDGE_CURVE('',#383,#407,#266,.T.);
#656=EDGE_CURVE('',#490,#381,#267,.T.);
#657=EDGE_CURVE('',#490,#388,#268,.T.);
#658=EDGE_CURVE('',#491,#490,#256,.T.);
#659=EDGE_CURVE('',#491,#387,#269,.T.);
#660=EDGE_CURVE('',#380,#491,#270,.T.);
#661=EDGE_CURVE('',#408,#382,#271,.T.);
#662=EDGE_CURVE('',#394,#449,#324,.T.);
#663=ORIENTED_EDGE('',*,*,#492,.F.);
#664=ORIENTED_EDGE('',*,*,#493,.T.);
#665=ORIENTED_EDGE('',*,*,#494,.F.);
#666=ORIENTED_EDGE('',*,*,#495,.T.);
#667=ORIENTED_EDGE('',*,*,#496,.F.);
#668=ORIENTED_EDGE('',*,*,#497,.T.);
#669=ORIENTED_EDGE('',*,*,#492,.T.);
#670=ORIENTED_EDGE('',*,*,#498,.T.);
#671=ORIENTED_EDGE('',*,*,#499,.F.);
#672=ORIENTED_EDGE('',*,*,#500,.T.);
#673=ORIENTED_EDGE('',*,*,#501,.F.);
#674=ORIENTED_EDGE('',*,*,#502,.F.);
#675=ORIENTED_EDGE('',*,*,#503,.T.);
#676=ORIENTED_EDGE('',*,*,#499,.T.);
#677=ORIENTED_EDGE('',*,*,#504,.F.);
#678=ORIENTED_EDGE('',*,*,#505,.F.);
#679=ORIENTED_EDGE('',*,*,#506,.F.);
#680=ORIENTED_EDGE('',*,*,#507,.F.);
#681=ORIENTED_EDGE('',*,*,#508,.T.);
#682=ORIENTED_EDGE('',*,*,#509,.F.);
#683=ORIENTED_EDGE('',*,*,#508,.F.);
#684=ORIENTED_EDGE('',*,*,#510,.F.);
#685=ORIENTED_EDGE('',*,*,#511,.F.);
#686=ORIENTED_EDGE('',*,*,#512,.F.);
#687=ORIENTED_EDGE('',*,*,#513,.F.);
#688=ORIENTED_EDGE('',*,*,#514,.T.);
#689=ORIENTED_EDGE('',*,*,#515,.F.);
#690=ORIENTED_EDGE('',*,*,#514,.F.);
#691=ORIENTED_EDGE('',*,*,#516,.F.);
#692=ORIENTED_EDGE('',*,*,#517,.F.);
#693=ORIENTED_EDGE('',*,*,#518,.F.);
#694=ORIENTED_EDGE('',*,*,#519,.T.);
#695=ORIENTED_EDGE('',*,*,#520,.F.);
#696=ORIENTED_EDGE('',*,*,#519,.F.);
#697=ORIENTED_EDGE('',*,*,#521,.F.);
#698=ORIENTED_EDGE('',*,*,#522,.F.);
#699=ORIENTED_EDGE('',*,*,#523,.F.);
#700=ORIENTED_EDGE('',*,*,#524,.T.);
#701=ORIENTED_EDGE('',*,*,#525,.F.);
#702=ORIENTED_EDGE('',*,*,#524,.F.);
#703=ORIENTED_EDGE('',*,*,#526,.F.);
#704=ORIENTED_EDGE('',*,*,#527,.T.);
#705=ORIENTED_EDGE('',*,*,#504,.T.);
#706=ORIENTED_EDGE('',*,*,#501,.T.);
#707=ORIENTED_EDGE('',*,*,#528,.T.);
#708=ORIENTED_EDGE('',*,*,#529,.T.);
#709=ORIENTED_EDGE('',*,*,#506,.T.);
#710=ORIENTED_EDGE('',*,*,#530,.T.);
#711=ORIENTED_EDGE('',*,*,#517,.T.);
#712=ORIENTED_EDGE('',*,*,#531,.T.);
#713=ORIENTED_EDGE('',*,*,#512,.T.);
#714=ORIENTED_EDGE('',*,*,#532,.T.);
#715=ORIENTED_EDGE('',*,*,#522,.T.);
#716=ORIENTED_EDGE('',*,*,#533,.T.);
#717=ORIENTED_EDGE('',*,*,#534,.F.);
#718=ORIENTED_EDGE('',*,*,#535,.F.);
#719=ORIENTED_EDGE('',*,*,#536,.F.);
#720=ORIENTED_EDGE('',*,*,#537,.F.);
#721=ORIENTED_EDGE('',*,*,#538,.F.);
#722=ORIENTED_EDGE('',*,*,#539,.F.);
#723=ORIENTED_EDGE('',*,*,#540,.F.);
#724=ORIENTED_EDGE('',*,*,#541,.F.);
#725=ORIENTED_EDGE('',*,*,#542,.F.);
#726=ORIENTED_EDGE('',*,*,#543,.F.);
#727=ORIENTED_EDGE('',*,*,#544,.F.);
#728=ORIENTED_EDGE('',*,*,#545,.F.);
#729=ORIENTED_EDGE('',*,*,#546,.F.);
#730=ORIENTED_EDGE('',*,*,#547,.F.);
#731=ORIENTED_EDGE('',*,*,#548,.F.);
#732=ORIENTED_EDGE('',*,*,#549,.F.);
#733=ORIENTED_EDGE('',*,*,#550,.F.);
#734=ORIENTED_EDGE('',*,*,#551,.F.);
#735=ORIENTED_EDGE('',*,*,#552,.F.);
#736=ORIENTED_EDGE('',*,*,#553,.F.);
#737=ORIENTED_EDGE('',*,*,#554,.F.);
#738=ORIENTED_EDGE('',*,*,#555,.F.);
#739=ORIENTED_EDGE('',*,*,#556,.F.);
#740=ORIENTED_EDGE('',*,*,#557,.F.);
#741=ORIENTED_EDGE('',*,*,#558,.F.);
#742=ORIENTED_EDGE('',*,*,#559,.F.);
#743=ORIENTED_EDGE('',*,*,#560,.F.);
#744=ORIENTED_EDGE('',*,*,#561,.F.);
#745=ORIENTED_EDGE('',*,*,#562,.F.);
#746=ORIENTED_EDGE('',*,*,#563,.F.);
#747=ORIENTED_EDGE('',*,*,#564,.F.);
#748=ORIENTED_EDGE('',*,*,#565,.F.);
#749=ORIENTED_EDGE('',*,*,#566,.F.);
#750=ORIENTED_EDGE('',*,*,#567,.F.);
#751=ORIENTED_EDGE('',*,*,#568,.F.);
#752=ORIENTED_EDGE('',*,*,#569,.F.);
#753=ORIENTED_EDGE('',*,*,#570,.F.);
#754=ORIENTED_EDGE('',*,*,#571,.F.);
#755=ORIENTED_EDGE('',*,*,#572,.F.);
#756=ORIENTED_EDGE('',*,*,#573,.F.);
#757=ORIENTED_EDGE('',*,*,#574,.F.);
#758=ORIENTED_EDGE('',*,*,#555,.T.);
#759=ORIENTED_EDGE('',*,*,#575,.T.);
#760=ORIENTED_EDGE('',*,*,#576,.F.);
#761=ORIENTED_EDGE('',*,*,#577,.T.);
#762=ORIENTED_EDGE('',*,*,#554,.T.);
#763=ORIENTED_EDGE('',*,*,#578,.F.);
#764=ORIENTED_EDGE('',*,*,#579,.T.);
#765=ORIENTED_EDGE('',*,*,#575,.F.);
#766=ORIENTED_EDGE('',*,*,#553,.T.);
#767=ORIENTED_EDGE('',*,*,#580,.T.);
#768=ORIENTED_EDGE('',*,*,#581,.F.);
#769=ORIENTED_EDGE('',*,*,#578,.T.);
#770=ORIENTED_EDGE('',*,*,#552,.T.);
#771=ORIENTED_EDGE('',*,*,#582,.F.);
#772=ORIENTED_EDGE('',*,*,#583,.T.);
#773=ORIENTED_EDGE('',*,*,#580,.F.);
#774=ORIENTED_EDGE('',*,*,#551,.T.);
#775=ORIENTED_EDGE('',*,*,#584,.T.);
#776=ORIENTED_EDGE('',*,*,#585,.F.);
#777=ORIENTED_EDGE('',*,*,#582,.T.);
#778=ORIENTED_EDGE('',*,*,#550,.T.);
#779=ORIENTED_EDGE('',*,*,#586,.F.);
#780=ORIENTED_EDGE('',*,*,#587,.T.);
#781=ORIENTED_EDGE('',*,*,#584,.F.);
#782=ORIENTED_EDGE('',*,*,#549,.T.);
#783=ORIENTED_EDGE('',*,*,#588,.T.);
#784=ORIENTED_EDGE('',*,*,#589,.F.);
#785=ORIENTED_EDGE('',*,*,#586,.T.);
#786=ORIENTED_EDGE('',*,*,#548,.T.);
#787=ORIENTED_EDGE('',*,*,#590,.F.);
#788=ORIENTED_EDGE('',*,*,#591,.T.);
#789=ORIENTED_EDGE('',*,*,#588,.F.);
#790=ORIENTED_EDGE('',*,*,#547,.T.);
#791=ORIENTED_EDGE('',*,*,#592,.T.);
#792=ORIENTED_EDGE('',*,*,#593,.F.);
#793=ORIENTED_EDGE('',*,*,#590,.T.);
#794=ORIENTED_EDGE('',*,*,#546,.T.);
#795=ORIENTED_EDGE('',*,*,#594,.F.);
#796=ORIENTED_EDGE('',*,*,#595,.T.);
#797=ORIENTED_EDGE('',*,*,#592,.F.);
#798=ORIENTED_EDGE('',*,*,#545,.T.);
#799=ORIENTED_EDGE('',*,*,#596,.T.);
#800=ORIENTED_EDGE('',*,*,#597,.F.);
#801=ORIENTED_EDGE('',*,*,#594,.T.);
#802=ORIENTED_EDGE('',*,*,#544,.T.);
#803=ORIENTED_EDGE('',*,*,#598,.F.);
#804=ORIENTED_EDGE('',*,*,#599,.T.);
#805=ORIENTED_EDGE('',*,*,#596,.F.);
#806=ORIENTED_EDGE('',*,*,#543,.T.);
#807=ORIENTED_EDGE('',*,*,#600,.T.);
#808=ORIENTED_EDGE('',*,*,#601,.F.);
#809=ORIENTED_EDGE('',*,*,#598,.T.);
#810=ORIENTED_EDGE('',*,*,#542,.T.);
#811=ORIENTED_EDGE('',*,*,#602,.F.);
#812=ORIENTED_EDGE('',*,*,#603,.T.);
#813=ORIENTED_EDGE('',*,*,#600,.F.);
#814=ORIENTED_EDGE('',*,*,#541,.T.);
#815=ORIENTED_EDGE('',*,*,#604,.T.);
#816=ORIENTED_EDGE('',*,*,#605,.F.);
#817=ORIENTED_EDGE('',*,*,#602,.T.);
#818=ORIENTED_EDGE('',*,*,#540,.T.);
#819=ORIENTED_EDGE('',*,*,#606,.F.);
#820=ORIENTED_EDGE('',*,*,#607,.T.);
#821=ORIENTED_EDGE('',*,*,#604,.F.);
#822=ORIENTED_EDGE('',*,*,#539,.T.);
#823=ORIENTED_EDGE('',*,*,#608,.T.);
#824=ORIENTED_EDGE('',*,*,#609,.F.);
#825=ORIENTED_EDGE('',*,*,#606,.T.);
#826=ORIENTED_EDGE('',*,*,#538,.T.);
#827=ORIENTED_EDGE('',*,*,#610,.F.);
#828=ORIENTED_EDGE('',*,*,#611,.T.);
#829=ORIENTED_EDGE('',*,*,#608,.F.);
#830=ORIENTED_EDGE('',*,*,#537,.T.);
#831=ORIENTED_EDGE('',*,*,#612,.T.);
#832=ORIENTED_EDGE('',*,*,#613,.F.);
#833=ORIENTED_EDGE('',*,*,#610,.T.);
#834=ORIENTED_EDGE('',*,*,#536,.T.);
#835=ORIENTED_EDGE('',*,*,#614,.F.);
#836=ORIENTED_EDGE('',*,*,#615,.T.);
#837=ORIENTED_EDGE('',*,*,#612,.F.);
#838=ORIENTED_EDGE('',*,*,#534,.T.);
#839=ORIENTED_EDGE('',*,*,#616,.F.);
#840=ORIENTED_EDGE('',*,*,#617,.T.);
#841=ORIENTED_EDGE('',*,*,#618,.F.);
#842=ORIENTED_EDGE('',*,*,#560,.T.);
#843=ORIENTED_EDGE('',*,*,#619,.F.);
#844=ORIENTED_EDGE('',*,*,#620,.T.);
#845=ORIENTED_EDGE('',*,*,#621,.F.);
#846=ORIENTED_EDGE('',*,*,#572,.T.);
#847=ORIENTED_EDGE('',*,*,#622,.F.);
#848=ORIENTED_EDGE('',*,*,#623,.T.);
#849=ORIENTED_EDGE('',*,*,#624,.F.);
#850=ORIENTED_EDGE('',*,*,#568,.T.);
#851=ORIENTED_EDGE('',*,*,#625,.F.);
#852=ORIENTED_EDGE('',*,*,#626,.T.);
#853=ORIENTED_EDGE('',*,*,#627,.F.);
#854=ORIENTED_EDGE('',*,*,#558,.T.);
#855=ORIENTED_EDGE('',*,*,#628,.F.);
#856=ORIENTED_EDGE('',*,*,#629,.T.);
#857=ORIENTED_EDGE('',*,*,#630,.F.);
#858=ORIENTED_EDGE('',*,*,#556,.T.);
#859=ORIENTED_EDGE('',*,*,#577,.F.);
#860=ORIENTED_EDGE('',*,*,#631,.T.);
#861=ORIENTED_EDGE('',*,*,#632,.F.);
#862=ORIENTED_EDGE('',*,*,#566,.T.);
#863=ORIENTED_EDGE('',*,*,#633,.F.);
#864=ORIENTED_EDGE('',*,*,#634,.T.);
#865=ORIENTED_EDGE('',*,*,#635,.F.);
#866=ORIENTED_EDGE('',*,*,#570,.T.);
#867=ORIENTED_EDGE('',*,*,#636,.F.);
#868=ORIENTED_EDGE('',*,*,#637,.T.);
#869=ORIENTED_EDGE('',*,*,#638,.F.);
#870=ORIENTED_EDGE('',*,*,#564,.T.);
#871=ORIENTED_EDGE('',*,*,#639,.F.);
#872=ORIENTED_EDGE('',*,*,#640,.T.);
#873=ORIENTED_EDGE('',*,*,#641,.F.);
#874=ORIENTED_EDGE('',*,*,#562,.T.);
#875=ORIENTED_EDGE('',*,*,#642,.F.);
#876=ORIENTED_EDGE('',*,*,#643,.T.);
#877=ORIENTED_EDGE('',*,*,#644,.F.);
#878=ORIENTED_EDGE('',*,*,#561,.T.);
#879=ORIENTED_EDGE('',*,*,#621,.T.);
#880=ORIENTED_EDGE('',*,*,#645,.F.);
#881=ORIENTED_EDGE('',*,*,#642,.T.);
#882=ORIENTED_EDGE('',*,*,#563,.T.);
#883=ORIENTED_EDGE('',*,*,#644,.T.);
#884=ORIENTED_EDGE('',*,*,#646,.F.);
#885=ORIENTED_EDGE('',*,*,#639,.T.);
#886=ORIENTED_EDGE('',*,*,#569,.T.);
#887=ORIENTED_EDGE('',*,*,#627,.T.);
#888=ORIENTED_EDGE('',*,*,#647,.F.);
#889=ORIENTED_EDGE('',*,*,#636,.T.);
#890=ORIENTED_EDGE('',*,*,#565,.T.);
#891=ORIENTED_EDGE('',*,*,#641,.T.);
#892=ORIENTED_EDGE('',*,*,#648,.F.);
#893=ORIENTED_EDGE('',*,*,#633,.T.);
#894=ORIENTED_EDGE('',*,*,#557,.T.);
#895=ORIENTED_EDGE('',*,*,#632,.T.);
#896=ORIENTED_EDGE('',*,*,#649,.F.);
#897=ORIENTED_EDGE('',*,*,#628,.T.);
#898=ORIENTED_EDGE('',*,*,#567,.T.);
#899=ORIENTED_EDGE('',*,*,#635,.T.);
#900=ORIENTED_EDGE('',*,*,#650,.F.);
#901=ORIENTED_EDGE('',*,*,#625,.T.);
#902=ORIENTED_EDGE('',*,*,#571,.T.);
#903=ORIENTED_EDGE('',*,*,#638,.T.);
#904=ORIENTED_EDGE('',*,*,#651,.F.);
#905=ORIENTED_EDGE('',*,*,#622,.T.);
#906=ORIENTED_EDGE('',*,*,#559,.T.);
#907=ORIENTED_EDGE('',*,*,#630,.T.);
#908=ORIENTED_EDGE('',*,*,#652,.F.);
#909=ORIENTED_EDGE('',*,*,#619,.T.);
#910=ORIENTED_EDGE('',*,*,#535,.T.);
#911=ORIENTED_EDGE('',*,*,#618,.T.);
#912=ORIENTED_EDGE('',*,*,#653,.F.);
#913=ORIENTED_EDGE('',*,*,#614,.T.);
#914=ORIENTED_EDGE('',*,*,#573,.T.);
#915=ORIENTED_EDGE('',*,*,#624,.T.);
#916=ORIENTED_EDGE('',*,*,#654,.F.);
#917=ORIENTED_EDGE('',*,*,#616,.T.);
#918=ORIENTED_EDGE('',*,*,#527,.F.);
#919=ORIENTED_EDGE('',*,*,#655,.F.);
#920=ORIENTED_EDGE('',*,*,#498,.F.);
#921=ORIENTED_EDGE('',*,*,#495,.F.);
#922=ORIENTED_EDGE('',*,*,#656,.F.);
#923=ORIENTED_EDGE('',*,*,#657,.T.);
#924=ORIENTED_EDGE('',*,*,#505,.T.);
#925=ORIENTED_EDGE('',*,*,#502,.T.);
#926=ORIENTED_EDGE('',*,*,#657,.F.);
#927=ORIENTED_EDGE('',*,*,#658,.F.);
#928=ORIENTED_EDGE('',*,*,#659,.T.);
#929=ORIENTED_EDGE('',*,*,#528,.F.);
#930=ORIENTED_EDGE('',*,*,#500,.F.);
#931=ORIENTED_EDGE('',*,*,#503,.F.);
#932=ORIENTED_EDGE('',*,*,#659,.F.);
#933=ORIENTED_EDGE('',*,*,#660,.F.);
#934=ORIENTED_EDGE('',*,*,#493,.F.);
#935=ORIENTED_EDGE('',*,*,#497,.F.);
#936=ORIENTED_EDGE('',*,*,#661,.F.);
#937=ORIENTED_EDGE('',*,*,#507,.T.);
#938=ORIENTED_EDGE('',*,*,#533,.F.);
#939=ORIENTED_EDGE('',*,*,#525,.T.);
#940=ORIENTED_EDGE('',*,*,#526,.T.);
#941=ORIENTED_EDGE('',*,*,#523,.T.);
#942=ORIENTED_EDGE('',*,*,#532,.F.);
#943=ORIENTED_EDGE('',*,*,#515,.T.);
#944=ORIENTED_EDGE('',*,*,#516,.T.);
#945=ORIENTED_EDGE('',*,*,#513,.T.);
#946=ORIENTED_EDGE('',*,*,#531,.F.);
#947=ORIENTED_EDGE('',*,*,#520,.T.);
#948=ORIENTED_EDGE('',*,*,#521,.T.);
#949=ORIENTED_EDGE('',*,*,#518,.T.);
#950=ORIENTED_EDGE('',*,*,#530,.F.);
#951=ORIENTED_EDGE('',*,*,#509,.T.);
#952=ORIENTED_EDGE('',*,*,#511,.T.);
#953=ORIENTED_EDGE('',*,*,#662,.T.);
#954=ORIENTED_EDGE('',*,*,#574,.T.);
#955=ORIENTED_EDGE('',*,*,#662,.F.);
#956=ORIENTED_EDGE('',*,*,#510,.T.);
#957=ORIENTED_EDGE('',*,*,#496,.T.);
#958=ORIENTED_EDGE('',*,*,#655,.T.);
#959=ORIENTED_EDGE('',*,*,#529,.F.);
#960=ORIENTED_EDGE('',*,*,#661,.T.);
#961=ORIENTED_EDGE('',*,*,#656,.T.);
#962=ORIENTED_EDGE('',*,*,#494,.T.);
#963=ORIENTED_EDGE('',*,*,#660,.T.);
#964=ORIENTED_EDGE('',*,*,#658,.T.);
#965=ORIENTED_EDGE('',*,*,#652,.T.);
#966=ORIENTED_EDGE('',*,*,#629,.F.);
#967=ORIENTED_EDGE('',*,*,#649,.T.);
#968=ORIENTED_EDGE('',*,*,#631,.F.);
#969=ORIENTED_EDGE('',*,*,#576,.T.);
#970=ORIENTED_EDGE('',*,*,#579,.F.);
#971=ORIENTED_EDGE('',*,*,#581,.T.);
#972=ORIENTED_EDGE('',*,*,#583,.F.);
#973=ORIENTED_EDGE('',*,*,#585,.T.);
#974=ORIENTED_EDGE('',*,*,#587,.F.);
#975=ORIENTED_EDGE('',*,*,#589,.T.);
#976=ORIENTED_EDGE('',*,*,#591,.F.);
#977=ORIENTED_EDGE('',*,*,#593,.T.);
#978=ORIENTED_EDGE('',*,*,#595,.F.);
#979=ORIENTED_EDGE('',*,*,#597,.T.);
#980=ORIENTED_EDGE('',*,*,#599,.F.);
#981=ORIENTED_EDGE('',*,*,#601,.T.);
#982=ORIENTED_EDGE('',*,*,#603,.F.);
#983=ORIENTED_EDGE('',*,*,#605,.T.);
#984=ORIENTED_EDGE('',*,*,#607,.F.);
#985=ORIENTED_EDGE('',*,*,#609,.T.);
#986=ORIENTED_EDGE('',*,*,#611,.F.);
#987=ORIENTED_EDGE('',*,*,#613,.T.);
#988=ORIENTED_EDGE('',*,*,#615,.F.);
#989=ORIENTED_EDGE('',*,*,#653,.T.);
#990=ORIENTED_EDGE('',*,*,#617,.F.);
#991=ORIENTED_EDGE('',*,*,#654,.T.);
#992=ORIENTED_EDGE('',*,*,#623,.F.);
#993=ORIENTED_EDGE('',*,*,#651,.T.);
#994=ORIENTED_EDGE('',*,*,#637,.F.);
#995=ORIENTED_EDGE('',*,*,#647,.T.);
#996=ORIENTED_EDGE('',*,*,#626,.F.);
#997=ORIENTED_EDGE('',*,*,#650,.T.);
#998=ORIENTED_EDGE('',*,*,#634,.F.);
#999=ORIENTED_EDGE('',*,*,#648,.T.);
#1000=ORIENTED_EDGE('',*,*,#640,.F.);
#1001=ORIENTED_EDGE('',*,*,#646,.T.);
#1002=ORIENTED_EDGE('',*,*,#643,.F.);
#1003=ORIENTED_EDGE('',*,*,#645,.T.);
#1004=ORIENTED_EDGE('',*,*,#620,.F.);
#1005=CYLINDRICAL_SURFACE('',#1131,9.925);
#1006=CYLINDRICAL_SURFACE('',#1133,9.925);
#1007=CYLINDRICAL_SURFACE('',#1134,9.0685);
#1008=CYLINDRICAL_SURFACE('',#1136,9.0685);
#1009=CYLINDRICAL_SURFACE('',#1138,2.5);
#1010=CYLINDRICAL_SURFACE('',#1144,2.5);
#1011=CYLINDRICAL_SURFACE('',#1149,2.5);
#1012=CYLINDRICAL_SURFACE('',#1154,2.5);
#1013=CYLINDRICAL_SURFACE('',#1207,7.375);
#1014=CYLINDRICAL_SURFACE('',#1209,0.5);
#1015=CYLINDRICAL_SURFACE('',#1211,7.375);
#1016=CYLINDRICAL_SURFACE('',#1213,0.5);
#1017=CYLINDRICAL_SURFACE('',#1215,7.375);
#1018=CYLINDRICAL_SURFACE('',#1217,0.5);
#1019=CYLINDRICAL_SURFACE('',#1219,7.375);
#1020=CYLINDRICAL_SURFACE('',#1221,0.5);
#1021=CYLINDRICAL_SURFACE('',#1223,7.375);
#1022=CYLINDRICAL_SURFACE('',#1225,0.5);
#1023=CYLINDRICAL_SURFACE('',#1227,7.375);
#1024=CYLINDRICAL_SURFACE('',#1229,0.5);
#1025=CYLINDRICAL_SURFACE('',#1231,7.375);
#1026=CYLINDRICAL_SURFACE('',#1233,0.5);
#1027=CYLINDRICAL_SURFACE('',#1235,7.375);
#1028=CYLINDRICAL_SURFACE('',#1237,0.5);
#1029=CYLINDRICAL_SURFACE('',#1239,7.375);
#1030=CYLINDRICAL_SURFACE('',#1241,0.5);
#1031=CYLINDRICAL_SURFACE('',#1243,7.375);
#1032=CYLINDRICAL_SURFACE('',#1245,0.5);
#1033=CYLINDRICAL_SURFACE('',#1247,0.5);
#1034=CYLINDRICAL_SURFACE('',#1249,0.5);
#1035=CYLINDRICAL_SURFACE('',#1251,0.5);
#1036=CYLINDRICAL_SURFACE('',#1253,0.5);
#1037=CYLINDRICAL_SURFACE('',#1255,0.5);
#1038=CYLINDRICAL_SURFACE('',#1257,0.5);
#1039=CYLINDRICAL_SURFACE('',#1259,0.5);
#1040=CYLINDRICAL_SURFACE('',#1261,0.5);
#1041=CYLINDRICAL_SURFACE('',#1263,0.5);
#1042=CYLINDRICAL_SURFACE('',#1265,0.5);
#1043=CYLINDRICAL_SURFACE('',#1267,7.375);
#1044=CYLINDRICAL_SURFACE('',#1269,7.375);
#1045=CYLINDRICAL_SURFACE('',#1271,7.375);
#1046=CYLINDRICAL_SURFACE('',#1273,7.375);
#1047=CYLINDRICAL_SURFACE('',#1275,7.375);
#1048=CYLINDRICAL_SURFACE('',#1277,7.375);
#1049=CYLINDRICAL_SURFACE('',#1279,7.375);
#1050=CYLINDRICAL_SURFACE('',#1281,7.375);
#1051=CYLINDRICAL_SURFACE('',#1283,7.375);
#1052=CYLINDRICAL_SURFACE('',#1285,7.375);
#1053=CYLINDRICAL_SURFACE('',#1287,9.0685);
#1054=CYLINDRICAL_SURFACE('',#1289,5.875);
#1055=CYLINDRICAL_SURFACE('',#1290,9.925);
#1056=ADVANCED_FACE('',(#31),#1005,.T.);
#1057=ADVANCED_FACE('',(#32),#1006,.T.);
#1058=ADVANCED_FACE('',(#33),#1007,.T.);
#1059=ADVANCED_FACE('',(#34),#1008,.T.);
#1060=ADVANCED_FACE('',(#35),#1009,.F.);
#1061=ADVANCED_FACE('',(#36),#24,.T.);
#1062=ADVANCED_FACE('',(#37),#1010,.F.);
#1063=ADVANCED_FACE('',(#38),#25,.T.);
#1064=ADVANCED_FACE('',(#39),#1011,.F.);
#1065=ADVANCED_FACE('',(#40),#26,.T.);
#1066=ADVANCED_FACE('',(#41),#1012,.F.);
#1067=ADVANCED_FACE('',(#42),#27,.T.);
#1068=ADVANCED_FACE('',(#43,#21),#28,.F.);
#1069=ADVANCED_FACE('',(#44,#22),#29,.T.);
#1070=ADVANCED_FACE('',(#45),#1013,.T.);
#1071=ADVANCED_FACE('',(#46),#1014,.F.);
#1072=ADVANCED_FACE('',(#47),#1015,.T.);
#1073=ADVANCED_FACE('',(#48),#1016,.F.);
#1074=ADVANCED_FACE('',(#49),#1017,.T.);
#1075=ADVANCED_FACE('',(#50),#1018,.F.);
#1076=ADVANCED_FACE('',(#51),#1019,.T.);
#1077=ADVANCED_FACE('',(#52),#1020,.F.);
#1078=ADVANCED_FACE('',(#53),#1021,.T.);
#1079=ADVANCED_FACE('',(#54),#1022,.F.);
#1080=ADVANCED_FACE('',(#55),#1023,.T.);
#1081=ADVANCED_FACE('',(#56),#1024,.F.);
#1082=ADVANCED_FACE('',(#57),#1025,.T.);
#1083=ADVANCED_FACE('',(#58),#1026,.F.);
#1084=ADVANCED_FACE('',(#59),#1027,.T.);
#1085=ADVANCED_FACE('',(#60),#1028,.F.);
#1086=ADVANCED_FACE('',(#61),#1029,.T.);
#1087=ADVANCED_FACE('',(#62),#1030,.F.);
#1088=ADVANCED_FACE('',(#63),#1031,.T.);
#1089=ADVANCED_FACE('',(#64),#1032,.F.);
#1090=ADVANCED_FACE('',(#65),#1033,.F.);
#1091=ADVANCED_FACE('',(#66),#1034,.F.);
#1092=ADVANCED_FACE('',(#67),#1035,.F.);
#1093=ADVANCED_FACE('',(#68),#1036,.F.);
#1094=ADVANCED_FACE('',(#69),#1037,.F.);
#1095=ADVANCED_FACE('',(#70),#1038,.F.);
#1096=ADVANCED_FACE('',(#71),#1039,.F.);
#1097=ADVANCED_FACE('',(#72),#1040,.F.);
#1098=ADVANCED_FACE('',(#73),#1041,.F.);
#1099=ADVANCED_FACE('',(#74),#1042,.F.);
#1100=ADVANCED_FACE('',(#75),#1043,.T.);
#1101=ADVANCED_FACE('',(#76),#1044,.T.);
#1102=ADVANCED_FACE('',(#77),#1045,.T.);
#1103=ADVANCED_FACE('',(#78),#1046,.T.);
#1104=ADVANCED_FACE('',(#79),#1047,.T.);
#1105=ADVANCED_FACE('',(#80),#1048,.T.);
#1106=ADVANCED_FACE('',(#81),#1049,.T.);
#1107=ADVANCED_FACE('',(#82),#1050,.T.);
#1108=ADVANCED_FACE('',(#83),#1051,.T.);
#1109=ADVANCED_FACE('',(#84),#1052,.T.);
#1110=ADVANCED_FACE('',(#85),#19,.F.);
#1111=ADVANCED_FACE('',(#86),#1053,.T.);
#1112=ADVANCED_FACE('',(#87),#20,.F.);
#1113=ADVANCED_FACE('',(#88),#1054,.F.);
#1114=ADVANCED_FACE('',(#89),#1055,.T.);
#1115=ADVANCED_FACE('',(#90,#23),#30,.T.);
#1116=CLOSED_SHELL('',(#1056,#1057,#1058,#1059,#1060,#1061,#1062,#1063,
#1064,#1065,#1066,#1067,#1068,#1069,#1070,#1071,#1072,#1073,#1074,#1075,
#1076,#1077,#1078,#1079,#1080,#1081,#1082,#1083,#1084,#1085,#1086,#1087,
#1088,#1089,#1090,#1091,#1092,#1093,#1094,#1095,#1096,#1097,#1098,#1099,
#1100,#1101,#1102,#1103,#1104,#1105,#1106,#1107,#1108,#1109,#1110,#1111,
#1112,#1113,#1114,#1115));
#1117=DERIVED_UNIT_ELEMENT(#1119,1.);
#1118=DERIVED_UNIT_ELEMENT(#2940,-3.);
#1119=(
MASS_UNIT()
NAMED_UNIT(*)
SI_UNIT(.KILO.,.GRAM.)
);
#1120=DERIVED_UNIT((#1117,#1118));
#1121=MEASURE_REPRESENTATION_ITEM('density measure',
POSITIVE_RATIO_MEASURE(7850.),#1120);
#1122=PROPERTY_DEFINITION_REPRESENTATION(#1127,#1124);
#1123=PROPERTY_DEFINITION_REPRESENTATION(#1128,#1125);
#1124=REPRESENTATION('material name',(#1126),#2937);
#1125=REPRESENTATION('density',(#1121),#2937);
#1126=DESCRIPTIVE_REPRESENTATION_ITEM('Steel','Steel');
#1127=PROPERTY_DEFINITION('material property','material name',#2952);
#1128=PROPERTY_DEFINITION('material property','density of part',#2952);
#1129=AXIS2_PLACEMENT_3D('',#1674,#1293,#1294);
#1130=AXIS2_PLACEMENT_3D('',#1675,#1295,#1296);
#1131=AXIS2_PLACEMENT_3D('',#1676,#1297,#1298);
#1132=AXIS2_PLACEMENT_3D('',#1698,#1300,#1301);
#1133=AXIS2_PLACEMENT_3D('',#1709,#1302,#1303);
#1134=AXIS2_PLACEMENT_3D('',#1799,#1305,#1306);
#1135=AXIS2_PLACEMENT_3D('',#1808,#1308,#1309);
#1136=AXIS2_PLACEMENT_3D('',#1809,#1310,#1311);
#1137=AXIS2_PLACEMENT_3D('',#1831,#1313,#1314);
#1138=AXIS2_PLACEMENT_3D('',#1846,#1315,#1316);
#1139=AXIS2_PLACEMENT_3D('',#1849,#1317,#1318);
#1140=AXIS2_PLACEMENT_3D('',#1853,#1320,#1321);
#1141=AXIS2_PLACEMENT_3D('',#1855,#1323,#1324);
#1142=AXIS2_PLACEMENT_3D('',#1857,#1325,#1326);
#1143=AXIS2_PLACEMENT_3D('',#1858,#1327,#1328);
#1144=AXIS2_PLACEMENT_3D('',#1859,#1329,#1330);
#1145=AXIS2_PLACEMENT_3D('',#1862,#1331,#1332);
#1146=AXIS2_PLACEMENT_3D('',#1866,#1334,#1335);
#1147=AXIS2_PLACEMENT_3D('',#1868,#1337,#1338);
#1148=AXIS2_PLACEMENT_3D('',#1869,#1339,#1340);
#1149=AXIS2_PLACEMENT_3D('',#1870,#1341,#1342);
#1150=AXIS2_PLACEMENT_3D('',#1873,#1343,#1344);
#1151=AXIS2_PLACEMENT_3D('',#1877,#1346,#1347);
#1152=AXIS2_PLACEMENT_3D('',#1879,#1349,#1350);
#1153=AXIS2_PLACEMENT_3D('',#1880,#1351,#1352);
#1154=AXIS2_PLACEMENT_3D('',#1881,#1353,#1354);
#1155=AXIS2_PLACEMENT_3D('',#1884,#1355,#1356);
#1156=AXIS2_PLACEMENT_3D('',#1888,#1358,#1359);
#1157=AXIS2_PLACEMENT_3D('',#1890,#1361,#1362);
#1158=AXIS2_PLACEMENT_3D('',#1891,#1363,#1364);
#1159=AXIS2_PLACEMENT_3D('',#1892,#1365,#1366);
#1160=AXIS2_PLACEMENT_3D('',#2137,#1367,#1368);
#1161=AXIS2_PLACEMENT_3D('',#2138,#1369,#1370);
#1162=AXIS2_PLACEMENT_3D('',#2139,#1371,#1372);
#1163=AXIS2_PLACEMENT_3D('',#2140,#1373,#1374);
#1164=AXIS2_PLACEMENT_3D('',#2141,#1375,#1376);
#1165=AXIS2_PLACEMENT_3D('',#2142,#1377,#1378);
#1166=AXIS2_PLACEMENT_3D('',#2145,#1379,#1380);
#1167=AXIS2_PLACEMENT_3D('',#2147,#1381,#1382);
#1168=AXIS2_PLACEMENT_3D('',#2149,#1383,#1384);
#1169=AXIS2_PLACEMENT_3D('',#2151,#1385,#1386);
#1170=AXIS2_PLACEMENT_3D('',#2153,#1387,#1388);
#1171=AXIS2_PLACEMENT_3D('',#2155,#1389,#1390);
#1172=AXIS2_PLACEMENT_3D('',#2157,#1391,#1392);
#1173=AXIS2_PLACEMENT_3D('',#2159,#1393,#1394);
#1174=AXIS2_PLACEMENT_3D('',#2161,#1395,#1396);
#1175=AXIS2_PLACEMENT_3D('',#2163,#1397,#1398);
#1176=AXIS2_PLACEMENT_3D('',#2165,#1399,#1400);
#1177=AXIS2_PLACEMENT_3D('',#2167,#1401,#1402);
#1178=AXIS2_PLACEMENT_3D('',#2169,#1403,#1404);
#1179=AXIS2_PLACEMENT_3D('',#2171,#1405,#1406);
#1180=AXIS2_PLACEMENT_3D('',#2173,#1407,#1408);
#1181=AXIS2_PLACEMENT_3D('',#2175,#1409,#1410);
#1182=AXIS2_PLACEMENT_3D('',#2177,#1411,#1412);
#1183=AXIS2_PLACEMENT_3D('',#2179,#1413,#1414);
#1184=AXIS2_PLACEMENT_3D('',#2181,#1415,#1416);
#1185=AXIS2_PLACEMENT_3D('',#2183,#1417,#1418);
#1186=AXIS2_PLACEMENT_3D('',#2185,#1419,#1420);
#1187=AXIS2_PLACEMENT_3D('',#2187,#1421,#1422);
#1188=AXIS2_PLACEMENT_3D('',#2189,#1423,#1424);
#1189=AXIS2_PLACEMENT_3D('',#2191,#1425,#1426);
#1190=AXIS2_PLACEMENT_3D('',#2193,#1427,#1428);
#1191=AXIS2_PLACEMENT_3D('',#2195,#1429,#1430);
#1192=AXIS2_PLACEMENT_3D('',#2197,#1431,#1432);
#1193=AXIS2_PLACEMENT_3D('',#2199,#1433,#1434);
#1194=AXIS2_PLACEMENT_3D('',#2201,#1435,#1436);
#1195=AXIS2_PLACEMENT_3D('',#2203,#1437,#1438);
#1196=AXIS2_PLACEMENT_3D('',#2205,#1439,#1440);
#1197=AXIS2_PLACEMENT_3D('',#2207,#1441,#1442);
#1198=AXIS2_PLACEMENT_3D('',#2209,#1443,#1444);
#1199=AXIS2_PLACEMENT_3D('',#2211,#1445,#1446);
#1200=AXIS2_PLACEMENT_3D('',#2213,#1447,#1448);
#1201=AXIS2_PLACEMENT_3D('',#2215,#1449,#1450);
#1202=AXIS2_PLACEMENT_3D('',#2217,#1451,#1452);
#1203=AXIS2_PLACEMENT_3D('',#2219,#1453,#1454);
#1204=AXIS2_PLACEMENT_3D('',#2221,#1455,#1456);
#1205=AXIS2_PLACEMENT_3D('',#2222,#1457,#1458);
#1206=AXIS2_PLACEMENT_3D('',#2224,#1459,#1460);
#1207=AXIS2_PLACEMENT_3D('',#2225,#1461,#1462);
#1208=AXIS2_PLACEMENT_3D('',#2229,#1464,#1465);
#1209=AXIS2_PLACEMENT_3D('',#2231,#1467,#1468);
#1210=AXIS2_PLACEMENT_3D('',#2234,#1470,#1471);
#1211=AXIS2_PLACEMENT_3D('',#2235,#1472,#1473);
#1212=AXIS2_PLACEMENT_3D('',#2238,#1475,#1476);
#1213=AXIS2_PLACEMENT_3D('',#2239,#1477,#1478);
#1214=AXIS2_PLACEMENT_3D('',#2242,#1480,#1481);
#1215=AXIS2_PLACEMENT_3D('',#2243,#1482,#1483);
#1216=AXIS2_PLACEMENT_3D('',#2246,#1485,#1486);
#1217=AXIS2_PLACEMENT_3D('',#2247,#1487,#1488);
#1218=AXIS2_PLACEMENT_3D('',#2250,#1490,#1491);
#1219=AXIS2_PLACEMENT_3D('',#2251,#1492,#1493);
#1220=AXIS2_PLACEMENT_3D('',#2254,#1495,#1496);
#1221=AXIS2_PLACEMENT_3D('',#2255,#1497,#1498);
#1222=AXIS2_PLACEMENT_3D('',#2258,#1500,#1501);
#1223=AXIS2_PLACEMENT_3D('',#2259,#1502,#1503);
#1224=AXIS2_PLACEMENT_3D('',#2262,#1505,#1506);
#1225=AXIS2_PLACEMENT_3D('',#2263,#1507,#1508);
#1226=AXIS2_PLACEMENT_3D('',#2266,#1510,#1511);
#1227=AXIS2_PLACEMENT_3D('',#2267,#1512,#1513);
#1228=AXIS2_PLACEMENT_3D('',#2270,#1515,#1516);
#1229=AXIS2_PLACEMENT_3D('',#2271,#1517,#1518);
#1230=AXIS2_PLACEMENT_3D('',#2274,#1520,#1521);
#1231=AXIS2_PLACEMENT_3D('',#2275,#1522,#1523);
#1232=AXIS2_PLACEMENT_3D('',#2278,#1525,#1526);
#1233=AXIS2_PLACEMENT_3D('',#2279,#1527,#1528);
#1234=AXIS2_PLACEMENT_3D('',#2282,#1530,#1531);
#1235=AXIS2_PLACEMENT_3D('',#2283,#1532,#1533);
#1236=AXIS2_PLACEMENT_3D('',#2286,#1535,#1536);
#1237=AXIS2_PLACEMENT_3D('',#2287,#1537,#1538);
#1238=AXIS2_PLACEMENT_3D('',#2290,#1540,#1541);
#1239=AXIS2_PLACEMENT_3D('',#2291,#1542,#1543);
#1240=AXIS2_PLACEMENT_3D('',#2294,#1545,#1546);
#1241=AXIS2_PLACEMENT_3D('',#2295,#1547,#1548);
#1242=AXIS2_PLACEMENT_3D('',#2298,#1550,#1551);
#1243=AXIS2_PLACEMENT_3D('',#2299,#1552,#1553);
#1244=AXIS2_PLACEMENT_3D('',#2302,#1555,#1556);
#1245=AXIS2_PLACEMENT_3D('',#2303,#1557,#1558);
#1246=AXIS2_PLACEMENT_3D('',#2306,#1560,#1561);
#1247=AXIS2_PLACEMENT_3D('',#2307,#1562,#1563);
#1248=AXIS2_PLACEMENT_3D('',#2311,#1565,#1566);
#1249=AXIS2_PLACEMENT_3D('',#2313,#1568,#1569);
#1250=AXIS2_PLACEMENT_3D('',#2317,#1571,#1572);
#1251=AXIS2_PLACEMENT_3D('',#2319,#1574,#1575);
#1252=AXIS2_PLACEMENT_3D('',#2323,#1577,#1578);
#1253=AXIS2_PLACEMENT_3D('',#2325,#1580,#1581);
#1254=AXIS2_PLACEMENT_3D('',#2329,#1583,#1584);
#1255=AXIS2_PLACEMENT_3D('',#2331,#1586,#1587);
#1256=AXIS2_PLACEMENT_3D('',#2335,#1589,#1590);
#1257=AXIS2_PLACEMENT_3D('',#2337,#1592,#1593);
#1258=AXIS2_PLACEMENT_3D('',#2339,#1594,#1595);
#1259=AXIS2_PLACEMENT_3D('',#2341,#1597,#1598);
#1260=AXIS2_PLACEMENT_3D('',#2345,#1600,#1601);
#1261=AXIS2_PLACEMENT_3D('',#2347,#1603,#1604);
#1262=AXIS2_PLACEMENT_3D('',#2351,#1606,#1607);
#1263=AXIS2_PLACEMENT_3D('',#2353,#1609,#1610);
#1264=AXIS2_PLACEMENT_3D('',#2357,#1612,#1613);
#1265=AXIS2_PLACEMENT_3D('',#2359,#1615,#1616);
#1266=AXIS2_PLACEMENT_3D('',#2363,#1618,#1619);
#1267=AXIS2_PLACEMENT_3D('',#2365,#1621,#1622);
#1268=AXIS2_PLACEMENT_3D('',#2366,#1623,#1624);
#1269=AXIS2_PLACEMENT_3D('',#2367,#1625,#1626);
#1270=AXIS2_PLACEMENT_3D('',#2368,#1627,#1628);
#1271=AXIS2_PLACEMENT_3D('',#2369,#1629,#1630);
#1272=AXIS2_PLACEMENT_3D('',#2370,#1631,#1632);
#1273=AXIS2_PLACEMENT_3D('',#2371,#1633,#1634);
#1274=AXIS2_PLACEMENT_3D('',#2372,#1635,#1636);
#1275=AXIS2_PLACEMENT_3D('',#2373,#1637,#1638);
#1276=AXIS2_PLACEMENT_3D('',#2374,#1639,#1640);
#1277=AXIS2_PLACEMENT_3D('',#2375,#1641,#1642);
#1278=AXIS2_PLACEMENT_3D('',#2376,#1643,#1644);
#1279=AXIS2_PLACEMENT_3D('',#2377,#1645,#1646);
#1280=AXIS2_PLACEMENT_3D('',#2378,#1647,#1648);
#1281=AXIS2_PLACEMENT_3D('',#2379,#1649,#1650);
#1282=AXIS2_PLACEMENT_3D('',#2380,#1651,#1652);
#1283=AXIS2_PLACEMENT_3D('',#2381,#1653,#1654);
#1284=AXIS2_PLACEMENT_3D('',#2382,#1655,#1656);
#1285=AXIS2_PLACEMENT_3D('',#2383,#1657,#1658);
#1286=AXIS2_PLACEMENT_3D('',#2384,#1659,#1660);
#1287=AXIS2_PLACEMENT_3D('',#2660,#1661,#1662);
#1288=AXIS2_PLACEMENT_3D('',#2662,#1663,#1664);
#1289=AXIS2_PLACEMENT_3D('',#2928,#1665,#1666);
#1290=AXIS2_PLACEMENT_3D('',#2930,#1668,#1669);
#1291=AXIS2_PLACEMENT_3D('',#2931,#1670,#1671);
#1292=AXIS2_PLACEMENT_3D('',#2932,#1672,#1673);
#1293=DIRECTION('axis',(0.,0.,1.));
#1294=DIRECTION('refdir',(1.,0.,0.));
#1295=DIRECTION('axis',(0.,0.,1.));
#1296=DIRECTION('refdir',(1.,0.,0.));
#1297=DIRECTION('center_axis',(0.,0.,-1.));
#1298=DIRECTION('ref_axis',(-1.,0.,0.));
#1299=DIRECTION('',(0.,0.,1.));
#1300=DIRECTION('center_axis',(0.,0.,-1.));
#1301=DIRECTION('ref_axis',(-1.,0.,0.));
#1302=DIRECTION('center_axis',(0.,0.,-1.));
#1303=DIRECTION('ref_axis',(-1.,0.,0.));
#1304=DIRECTION('',(0.,0.,1.));
#1305=DIRECTION('center_axis',(0.,0.,-1.));
#1306=DIRECTION('ref_axis',(-1.,2.68062402415781E-16,0.));
#1307=DIRECTION('',(0.,0.,-1.));
#1308=DIRECTION('center_axis',(0.,0.,-1.));
#1309=DIRECTION('ref_axis',(-1.,2.68062402415781E-16,0.));
#1310=DIRECTION('center_axis',(0.,0.,-1.));
#1311=DIRECTION('ref_axis',(-1.,2.68062402415781E-16,0.));
#1312=DIRECTION('',(0.,0.,-1.));
#1313=DIRECTION('center_axis',(0.,0.,-1.));
#1314=DIRECTION('ref_axis',(-1.,2.68062402415781E-16,0.));
#1315=DIRECTION('center_axis',(7.40148683083436E-16,3.70074341541718E-16,
1.));
#1316=DIRECTION('ref_axis',(1.,-2.30054151378137E-8,-7.40148674569722E-16));
#1317=DIRECTION('center_axis',(0.,0.,1.));
#1318=DIRECTION('ref_axis',(1.,-2.30054151378137E-8,-7.40148674569722E-16));
#1319=DIRECTION('',(-7.40148683083436E-16,-3.70074341541718E-16,-1.));
#1320=DIRECTION('center_axis',(5.04370437049952E-16,3.62611833486805E-16,
1.));
#1321=DIRECTION('ref_axis',(1.,-2.30054151378137E-8,-5.04370428707916E-16));
#1322=DIRECTION('',(7.40148683083436E-16,3.70074341541718E-16,1.));
#1323=DIRECTION('center_axis',(-5.04370437049952E-16,-3.62611833486805E-16,
-1.));
#1324=DIRECTION('ref_axis',(1.,-2.30054151378137E-8,-5.04370428707916E-16));
#1325=DIRECTION('center_axis',(-5.04370437049952E-16,-3.62611833486805E-16,
-1.));
#1326=DIRECTION('ref_axis',(-1.,0.,0.));
#1327=DIRECTION('center_axis',(-5.04370437049952E-16,-3.62611833486805E-16,
-1.));
#1328=DIRECTION('ref_axis',(-1.,0.,0.));
#1329=DIRECTION('center_axis',(7.40148683083436E-16,3.70074341541718E-16,
1.));
#1330=DIRECTION('ref_axis',(-1.,2.31090070620816E-8,7.40148674531385E-16));
#1331=DIRECTION('center_axis',(0.,0.,1.));
#1332=DIRECTION('ref_axis',(1.,-2.30054151378137E-8,-7.40148674569722E-16));
#1333=DIRECTION('',(-7.40148683083436E-16,-3.70074341541718E-16,-1.));
#1334=DIRECTION('center_axis',(5.04370437049952E-16,3.62611833486805E-16,
1.));
#1335=DIRECTION('ref_axis',(1.,-2.30054151378137E-8,-5.04370428707916E-16));
#1336=DIRECTION('',(7.40148683083436E-16,3.70074341541718E-16,1.));
#1337=DIRECTION('center_axis',(-5.04370437049952E-16,-3.62611833486805E-16,
-1.));
#1338=DIRECTION('ref_axis',(1.,-2.30054151378137E-8,-5.04370428707916E-16));
#1339=DIRECTION('center_axis',(-5.04370437049952E-16,-3.62611833486805E-16,
-1.));
#1340=DIRECTION('ref_axis',(-1.,0.,0.));
#1341=DIRECTION('center_axis',(5.55111512312577E-16,0.,1.));
#1342=DIRECTION('ref_axis',(2.30785993244724E-8,1.,-1.28111962571359E-23));
#1343=DIRECTION('center_axis',(0.,0.,1.));
#1344=DIRECTION('ref_axis',(1.,-2.30054151378137E-8,-5.55111512312577E-16));
#1345=DIRECTION('',(-5.55111512312577E-16,0.,-1.));
#1346=DIRECTION('center_axis',(5.04370437049952E-16,3.62611833486805E-16,
1.));
#1347=DIRECTION('ref_axis',(1.,-2.30054151378137E-8,-5.04370428707916E-16));
#1348=DIRECTION('',(5.55111512312577E-16,0.,1.));
#1349=DIRECTION('center_axis',(-5.04370437049952E-16,-3.62611833486805E-16,
-1.));
#1350=DIRECTION('ref_axis',(1.,-2.30054151378137E-8,-5.04370428707916E-16));
#1351=DIRECTION('center_axis',(-5.04370437049952E-16,-3.62611833486805E-16,
-1.));
#1352=DIRECTION('ref_axis',(-1.,0.,0.));
#1353=DIRECTION('center_axis',(5.55111512312577E-16,0.,1.));
#1354=DIRECTION('ref_axis',(-2.29322311960842E-8,-1.,1.27299455560504E-23));
#1355=DIRECTION('center_axis',(0.,0.,1.));
#1356=DIRECTION('ref_axis',(1.,-2.30054151378137E-8,-5.55111512312577E-16));
#1357=DIRECTION('',(-5.55111512312577E-16,0.,-1.));
#1358=DIRECTION('center_axis',(5.04370437049952E-16,3.62611833486805E-16,
1.));
#1359=DIRECTION('ref_axis',(1.,-2.30054151378137E-8,-5.04370428707916E-16));
#1360=DIRECTION('',(5.55111512312577E-16,0.,1.));
#1361=DIRECTION('center_axis',(-5.04370437049952E-16,-3.62611833486805E-16,
-1.));
#1362=DIRECTION('ref_axis',(1.,-2.30054151378137E-8,-5.04370428707916E-16));
#1363=DIRECTION('center_axis',(-5.04370437049952E-16,-3.62611833486805E-16,
-1.));
#1364=DIRECTION('ref_axis',(-1.,0.,0.));
#1365=DIRECTION('center_axis',(0.,0.,1.));
#1366=DIRECTION('ref_axis',(-1.,0.,0.));
#1367=DIRECTION('center_axis',(0.,0.,-1.));
#1368=DIRECTION('ref_axis',(-1.,0.,0.));
#1369=DIRECTION('center_axis',(0.,0.,1.));
#1370=DIRECTION('ref_axis',(-1.,0.,0.));
#1371=DIRECTION('center_axis',(0.,0.,1.));
#1372=DIRECTION('ref_axis',(-1.,0.,0.));
#1373=DIRECTION('center_axis',(0.,0.,1.));
#1374=DIRECTION('ref_axis',(-1.,0.,0.));
#1375=DIRECTION('center_axis',(0.,0.,1.));
#1376=DIRECTION('ref_axis',(-1.,0.,0.));
#1377=DIRECTION('center_axis',(0.,0.,1.));
#1378=DIRECTION('ref_axis',(-1.,0.,0.));
#1379=DIRECTION('center_axis',(0.,0.,1.));
#1380=DIRECTION('ref_axis',(-1.,5.0407646800611E-9,0.));
#1381=DIRECTION('center_axis',(0.,0.,-1.));
#1382=DIRECTION('ref_axis',(-1.,0.,0.));
#1383=DIRECTION('center_axis',(0.,0.,1.));
#1384=DIRECTION('ref_axis',(-1.,5.0407646800611E-9,0.));
#1385=DIRECTION('center_axis',(0.,0.,-1.));
#1386=DIRECTION('ref_axis',(-1.,0.,0.));
#1387=DIRECTION('center_axis',(0.,0.,1.));
#1388=DIRECTION('ref_axis',(-1.,5.0407646800611E-9,0.));
#1389=DIRECTION('center_axis',(0.,0.,-1.));
#1390=DIRECTION('ref_axis',(-1.,0.,0.));
#1391=DIRECTION('center_axis',(0.,0.,1.));
#1392=DIRECTION('ref_axis',(-1.,5.0407646800611E-9,0.));
#1393=DIRECTION('center_axis',(0.,0.,-1.));
#1394=DIRECTION('ref_axis',(-1.,0.,0.));
#1395=DIRECTION('center_axis',(0.,0.,1.));
#1396=DIRECTION('ref_axis',(-1.,5.0407646800611E-9,0.));
#1397=DIRECTION('center_axis',(0.,0.,-1.));
#1398=DIRECTION('ref_axis',(-1.,0.,0.));
#1399=DIRECTION('center_axis',(0.,0.,1.));
#1400=DIRECTION('ref_axis',(-1.,5.0407646800611E-9,0.));
#1401=DIRECTION('center_axis',(0.,0.,-1.));
#1402=DIRECTION('ref_axis',(-1.,0.,0.));
#1403=DIRECTION('center_axis',(0.,0.,1.));
#1404=DIRECTION('ref_axis',(-1.,5.0407646800611E-9,0.));
#1405=DIRECTION('center_axis',(0.,0.,-1.));
#1406=DIRECTION('ref_axis',(-1.,0.,0.));
#1407=DIRECTION('center_axis',(0.,0.,1.));
#1408=DIRECTION('ref_axis',(-1.,5.0407646800611E-9,0.));
#1409=DIRECTION('center_axis',(0.,0.,-1.));
#1410=DIRECTION('ref_axis',(-1.,0.,0.));
#1411=DIRECTION('center_axis',(0.,0.,1.));
#1412=DIRECTION('ref_axis',(-1.,5.0407646800611E-9,0.));
#1413=DIRECTION('center_axis',(0.,0.,-1.));
#1414=DIRECTION('ref_axis',(-1.,0.,0.));
#1415=DIRECTION('center_axis',(0.,0.,1.));
#1416=DIRECTION('ref_axis',(-1.,5.0407646800611E-9,0.));
#1417=DIRECTION('center_axis',(0.,0.,-1.));
#1418=DIRECTION('ref_axis',(-1.,0.,0.));
#1419=DIRECTION('center_axis',(0.,0.,1.));
#1420=DIRECTION('ref_axis',(-1.,5.0407646800611E-9,0.));
#1421=DIRECTION('center_axis',(0.,0.,-1.));
#1422=DIRECTION('ref_axis',(-1.,0.,0.));
#1423=DIRECTION('center_axis',(0.,0.,1.));
#1424=DIRECTION('ref_axis',(-1.,5.0407646800611E-9,0.));
#1425=DIRECTION('center_axis',(0.,0.,-1.));
#1426=DIRECTION('ref_axis',(-1.,0.,0.));
#1427=DIRECTION('center_axis',(0.,0.,1.));
#1428=DIRECTION('ref_axis',(-1.,5.0407646800611E-9,0.));
#1429=DIRECTION('center_axis',(0.,0.,-1.));
#1430=DIRECTION('ref_axis',(-1.,0.,0.));
#1431=DIRECTION('center_axis',(0.,0.,1.));
#1432=DIRECTION('ref_axis',(-1.,5.0407646800611E-9,0.));
#1433=DIRECTION('center_axis',(0.,0.,-1.));
#1434=DIRECTION('ref_axis',(-1.,0.,0.));
#1435=DIRECTION('center_axis',(0.,0.,1.));
#1436=DIRECTION('ref_axis',(-1.,5.0407646800611E-9,0.));
#1437=DIRECTION('center_axis',(0.,0.,-1.));
#1438=DIRECTION('ref_axis',(-1.,0.,0.));
#1439=DIRECTION('center_axis',(0.,0.,1.));
#1440=DIRECTION('ref_axis',(-1.,5.0407646800611E-9,0.));
#1441=DIRECTION('center_axis',(0.,0.,-1.));
#1442=DIRECTION('ref_axis',(-1.,0.,0.));
#1443=DIRECTION('center_axis',(0.,0.,1.));
#1444=DIRECTION('ref_axis',(-1.,5.0407646800611E-9,0.));
#1445=DIRECTION('center_axis',(0.,0.,-1.));
#1446=DIRECTION('ref_axis',(-1.,0.,0.));
#1447=DIRECTION('center_axis',(0.,0.,1.));
#1448=DIRECTION('ref_axis',(-1.,5.0407646800611E-9,0.));
#1449=DIRECTION('center_axis',(0.,0.,-1.));
#1450=DIRECTION('ref_axis',(-1.,0.,0.));
#1451=DIRECTION('center_axis',(0.,0.,1.));
#1452=DIRECTION('ref_axis',(-1.,5.0407646800611E-9,0.));
#1453=DIRECTION('center_axis',(0.,0.,-1.));
#1454=DIRECTION('ref_axis',(-1.,0.,0.));
#1455=DIRECTION('center_axis',(0.,0.,1.));
#1456=DIRECTION('ref_axis',(-1.,5.0407646800611E-9,0.));
#1457=DIRECTION('center_axis',(0.,0.,-1.));
#1458=DIRECTION('ref_axis',(-1.,0.,0.));
#1459=DIRECTION('center_axis',(0.,0.,1.));
#1460=DIRECTION('ref_axis',(-1.,0.,0.));
#1461=DIRECTION('center_axis',(0.,0.,1.));
#1462=DIRECTION('ref_axis',(-1.,0.,0.));
#1463=DIRECTION('',(0.,0.,-1.));
#1464=DIRECTION('center_axis',(0.,0.,-1.));
#1465=DIRECTION('ref_axis',(-1.,0.,0.));
#1466=DIRECTION('',(0.,0.,1.));
#1467=DIRECTION('center_axis',(0.,0.,-1.));
#1468=DIRECTION('ref_axis',(-1.,5.0407646800611E-9,0.));
#1469=DIRECTION('',(0.,0.,1.));
#1470=DIRECTION('center_axis',(0.,0.,-1.));
#1471=DIRECTION('ref_axis',(-1.,5.0407646800611E-9,0.));
#1472=DIRECTION('center_axis',(0.,0.,1.));
#1473=DIRECTION('ref_axis',(-1.,0.,0.));
#1474=DIRECTION('',(0.,0.,-1.));
#1475=DIRECTION('center_axis',(0.,0.,-1.));
#1476=DIRECTION('ref_axis',(-1.,0.,0.));
#1477=DIRECTION('center_axis',(0.,0.,-1.));
#1478=DIRECTION('ref_axis',(-1.,5.0407646800611E-9,0.));
#1479=DIRECTION('',(0.,0.,1.));
#1480=DIRECTION('center_axis',(0.,0.,-1.));
#1481=DIRECTION('ref_axis',(-1.,5.0407646800611E-9,0.));
#1482=DIRECTION('center_axis',(0.,0.,1.));
#1483=DIRECTION('ref_axis',(-1.,0.,0.));
#1484=DIRECTION('',(0.,0.,-1.));
#1485=DIRECTION('center_axis',(0.,0.,-1.));
#1486=DIRECTION('ref_axis',(-1.,0.,0.));
#1487=DIRECTION('center_axis',(0.,0.,-1.));
#1488=DIRECTION('ref_axis',(-1.,5.0407646800611E-9,0.));
#1489=DIRECTION('',(0.,0.,1.));
#1490=DIRECTION('center_axis',(0.,0.,-1.));
#1491=DIRECTION('ref_axis',(-1.,5.0407646800611E-9,0.));
#1492=DIRECTION('center_axis',(0.,0.,1.));
#1493=DIRECTION('ref_axis',(-1.,0.,0.));
#1494=DIRECTION('',(0.,0.,-1.));
#1495=DIRECTION('center_axis',(0.,0.,-1.));
#1496=DIRECTION('ref_axis',(-1.,0.,0.));
#1497=DIRECTION('center_axis',(0.,0.,-1.));
#1498=DIRECTION('ref_axis',(0.309016999475622,0.951056514637844,0.));
#1499=DIRECTION('',(0.,0.,1.));
#1500=DIRECTION('center_axis',(0.,0.,-1.));
#1501=DIRECTION('ref_axis',(-1.,5.0407646800611E-9,0.));
#1502=DIRECTION('center_axis',(0.,0.,1.));
#1503=DIRECTION('ref_axis',(-1.,0.,0.));
#1504=DIRECTION('',(0.,0.,-1.));
#1505=DIRECTION('center_axis',(0.,0.,-1.));
#1506=DIRECTION('ref_axis',(-1.,0.,0.));
#1507=DIRECTION('center_axis',(0.,0.,-1.));
#1508=DIRECTION('ref_axis',(0.587785256590168,0.80901699125249,0.));
#1509=DIRECTION('',(0.,0.,1.));
#1510=DIRECTION('center_axis',(0.,0.,-1.));
#1511=DIRECTION('ref_axis',(-1.,5.0407646800611E-9,0.));
#1512=DIRECTION('center_axis',(0.,0.,1.));
#1513=DIRECTION('ref_axis',(-1.,0.,0.));
#1514=DIRECTION('',(0.,0.,-1.));
#1515=DIRECTION('center_axis',(0.,0.,-1.));
#1516=DIRECTION('ref_axis',(-1.,0.,0.));
#1517=DIRECTION('center_axis',(0.,0.,-1.));
#1518=DIRECTION('ref_axis',(0.809016997451855,0.587785248057474,0.));
#1519=DIRECTION('',(0.,0.,1.));
#1520=DIRECTION('center_axis',(0.,0.,-1.));
#1521=DIRECTION('ref_axis',(-1.,5.0407646800611E-9,0.));
#1522=DIRECTION('center_axis',(0.,0.,1.));
#1523=DIRECTION('ref_axis',(-1.,0.,0.));
#1524=DIRECTION('',(0.,0.,-1.));
#1525=DIRECTION('center_axis',(0.,0.,-1.));
#1526=DIRECTION('ref_axis',(-1.,0.,0.));
#1527=DIRECTION('center_axis',(0.,0.,-1.));
#1528=DIRECTION('ref_axis',(0.951056517882964,0.309016989488171,0.));
#1529=DIRECTION('',(0.,0.,1.));
#1530=DIRECTION('center_axis',(0.,0.,-1.));
#1531=DIRECTION('ref_axis',(-1.,5.0407646800611E-9,0.));
#1532=DIRECTION('center_axis',(0.,0.,1.));
#1533=DIRECTION('ref_axis',(-1.,0.,0.));
#1534=DIRECTION('',(0.,0.,-1.));
#1535=DIRECTION('center_axis',(0.,0.,-1.));
#1536=DIRECTION('ref_axis',(-1.,0.,0.));
#1537=DIRECTION('center_axis',(0.,0.,-1.));
#1538=DIRECTION('ref_axis',(1.,-5.03223315978599E-9,0.));
#1539=DIRECTION('',(0.,0.,1.));
#1540=DIRECTION('center_axis',(0.,0.,-1.));
#1541=DIRECTION('ref_axis',(-1.,5.0407646800611E-9,0.));
#1542=DIRECTION('center_axis',(0.,0.,1.));
#1543=DIRECTION('ref_axis',(-1.,0.,0.));
#1544=DIRECTION('',(0.,0.,-1.));
#1545=DIRECTION('center_axis',(0.,0.,-1.));
#1546=DIRECTION('ref_axis',(-1.,0.,0.));
#1547=DIRECTION('center_axis',(0.,0.,-1.));
#1548=DIRECTION('ref_axis',(0.951056514772615,-0.309016999060839,0.));
#1549=DIRECTION('',(0.,0.,1.));
#1550=DIRECTION('center_axis',(0.,0.,-1.));
#1551=DIRECTION('ref_axis',(-1.,5.0407646800611E-9,0.));
#1552=DIRECTION('center_axis',(0.,0.,1.));
#1553=DIRECTION('ref_axis',(-1.,0.,0.));
#1554=DIRECTION('',(0.,0.,-1.));
#1555=DIRECTION('center_axis',(0.,0.,-1.));
#1556=DIRECTION('ref_axis',(-1.,0.,0.));
#1557=DIRECTION('center_axis',(0.,0.,-1.));
#1558=DIRECTION('ref_axis',(0.809016991534194,-0.587785256202435,0.));
#1559=DIRECTION('',(0.,0.,1.));
#1560=DIRECTION('center_axis',(0.,0.,-1.));
#1561=DIRECTION('ref_axis',(-1.,5.0407646800611E-9,0.));
#1562=DIRECTION('center_axis',(0.,0.,-1.));
#1563=DIRECTION('ref_axis',(0.587785248442155,-0.809016997172368,0.));
#1564=DIRECTION('',(0.,0.,1.));
#1565=DIRECTION('center_axis',(0.,0.,-1.));
#1566=DIRECTION('ref_axis',(-1.,5.0407646800611E-9,0.));
#1567=DIRECTION('',(0.,0.,-1.));
#1568=DIRECTION('center_axis',(0.,0.,-1.));
#1569=DIRECTION('ref_axis',(-1.,5.0407646800611E-9,0.));
#1570=DIRECTION('',(0.,0.,1.));
#1571=DIRECTION('center_axis',(0.,0.,-1.));
#1572=DIRECTION('ref_axis',(-1.,5.0407646800611E-9,0.));
#1573=DIRECTION('',(0.,0.,-1.));
#1574=DIRECTION('center_axis',(0.,0.,-1.));
#1575=DIRECTION('ref_axis',(0.309016989892533,-0.951056517751578,0.));
#1576=DIRECTION('',(0.,0.,1.));
#1577=DIRECTION('center_axis',(0.,0.,-1.));
#1578=DIRECTION('ref_axis',(-1.,5.0407646800611E-9,0.));
#1579=DIRECTION('',(0.,0.,-1.));
#1580=DIRECTION('center_axis',(0.,0.,-1.));
#1581=DIRECTION('ref_axis',(-1.,5.0407646800611E-9,0.));
#1582=DIRECTION('',(0.,0.,1.));
#1583=DIRECTION('center_axis',(0.,0.,-1.));
#1584=DIRECTION('ref_axis',(-1.,5.0407646800611E-9,0.));
#1585=DIRECTION('',(0.,0.,-1.));
#1586=DIRECTION('center_axis',(0.,0.,-1.));
#1587=DIRECTION('ref_axis',(-1.,5.0407646800611E-9,0.));
#1588=DIRECTION('',(0.,0.,1.));
#1589=DIRECTION('center_axis',(0.,0.,-1.));
#1590=DIRECTION('ref_axis',(-1.,5.0407646800611E-9,0.));
#1591=DIRECTION('',(0.,0.,-1.));
#1592=DIRECTION('center_axis',(0.,0.,-1.));
#1593=DIRECTION('ref_axis',(-1.,5.0407646800611E-9,0.));
#1594=DIRECTION('center_axis',(0.,0.,-1.));
#1595=DIRECTION('ref_axis',(-1.,5.0407646800611E-9,0.));
#1596=DIRECTION('',(0.,0.,-1.));
#1597=DIRECTION('center_axis',(0.,0.,-1.));
#1598=DIRECTION('ref_axis',(-1.,5.0407646800611E-9,0.));
#1599=DIRECTION('',(0.,0.,1.));
#1600=DIRECTION('center_axis',(0.,0.,-1.));
#1601=DIRECTION('ref_axis',(-1.,5.0407646800611E-9,0.));
#1602=DIRECTION('',(0.,0.,-1.));
#1603=DIRECTION('center_axis',(0.,0.,-1.));
#1604=DIRECTION('ref_axis',(-1.,5.0407646800611E-9,0.));
#1605=DIRECTION('',(0.,0.,1.));
#1606=DIRECTION('center_axis',(0.,0.,-1.));
#1607=DIRECTION('ref_axis',(-1.,5.0407646800611E-9,0.));
#1608=DIRECTION('',(0.,0.,-1.));
#1609=DIRECTION('center_axis',(0.,0.,-1.));
#1610=DIRECTION('ref_axis',(-1.,5.0407646800611E-9,0.));
#1611=DIRECTION('',(0.,0.,1.));
#1612=DIRECTION('center_axis',(0.,0.,-1.));
#1613=DIRECTION('ref_axis',(-1.,5.0407646800611E-9,0.));
#1614=DIRECTION('',(0.,0.,-1.));
#1615=DIRECTION('center_axis',(0.,0.,-1.));
#1616=DIRECTION('ref_axis',(-1.,5.0407646800611E-9,0.));
#1617=DIRECTION('',(0.,0.,1.));
#1618=DIRECTION('center_axis',(0.,0.,-1.));
#1619=DIRECTION('ref_axis',(-1.,5.0407646800611E-9,0.));
#1620=DIRECTION('',(0.,0.,-1.));
#1621=DIRECTION('center_axis',(0.,0.,1.));
#1622=DIRECTION('ref_axis',(-1.,0.,0.));
#1623=DIRECTION('center_axis',(0.,0.,-1.));
#1624=DIRECTION('ref_axis',(-1.,0.,0.));
#1625=DIRECTION('center_axis',(0.,0.,1.));
#1626=DIRECTION('ref_axis',(-1.,0.,0.));
#1627=DIRECTION('center_axis',(0.,0.,-1.));
#1628=DIRECTION('ref_axis',(-1.,0.,0.));
#1629=DIRECTION('center_axis',(0.,0.,1.));
#1630=DIRECTION('ref_axis',(-1.,0.,0.));
#1631=DIRECTION('center_axis',(0.,0.,-1.));
#1632=DIRECTION('ref_axis',(-1.,0.,0.));
#1633=DIRECTION('center_axis',(0.,0.,1.));
#1634=DIRECTION('ref_axis',(-1.,0.,0.));
#1635=DIRECTION('center_axis',(0.,0.,-1.));
#1636=DIRECTION('ref_axis',(-1.,0.,0.));
#1637=DIRECTION('center_axis',(0.,0.,1.));
#1638=DIRECTION('ref_axis',(-1.,0.,0.));
#1639=DIRECTION('center_axis',(0.,0.,-1.));
#1640=DIRECTION('ref_axis',(-1.,0.,0.));
#1641=DIRECTION('center_axis',(0.,0.,1.));
#1642=DIRECTION('ref_axis',(-1.,0.,0.));
#1643=DIRECTION('center_axis',(0.,0.,-1.));
#1644=DIRECTION('ref_axis',(-1.,0.,0.));
#1645=DIRECTION('center_axis',(0.,0.,1.));
#1646=DIRECTION('ref_axis',(-1.,0.,0.));
#1647=DIRECTION('center_axis',(0.,0.,-1.));
#1648=DIRECTION('ref_axis',(-1.,0.,0.));
#1649=DIRECTION('center_axis',(0.,0.,1.));
#1650=DIRECTION('ref_axis',(-1.,0.,0.));
#1651=DIRECTION('center_axis',(0.,0.,-1.));
#1652=DIRECTION('ref_axis',(-1.,0.,0.));
#1653=DIRECTION('center_axis',(0.,0.,1.));
#1654=DIRECTION('ref_axis',(-1.,0.,0.));
#1655=DIRECTION('center_axis',(0.,0.,-1.));
#1656=DIRECTION('ref_axis',(-1.,0.,0.));
#1657=DIRECTION('center_axis',(0.,0.,1.));
#1658=DIRECTION('ref_axis',(-1.,0.,0.));
#1659=DIRECTION('center_axis',(0.,0.,-1.));
#1660=DIRECTION('ref_axis',(-1.,0.,0.));
#1661=DIRECTION('center_axis',(0.,0.,-1.));
#1662=DIRECTION('ref_axis',(-1.,2.68062402415781E-16,0.));
#1663=DIRECTION('center_axis',(0.,0.,1.));
#1664=DIRECTION('ref_axis',(-1.,2.68062402415781E-16,0.));
#1665=DIRECTION('center_axis',(0.,0.,-1.));
#1666=DIRECTION('ref_axis',(-1.,0.,0.));
#1667=DIRECTION('',(0.,0.,1.));
#1668=DIRECTION('center_axis',(0.,0.,-1.));
#1669=DIRECTION('ref_axis',(0.0362513504233549,-0.999342703777079,0.));
#1670=DIRECTION('center_axis',(0.,0.,1.));
#1671=DIRECTION('ref_axis',(-1.,0.,0.));
#1672=DIRECTION('',(1.19348975147204E-15,-1.74860126378463E-15,-1.));
#1673=DIRECTION('',(-0.642787609686539,-0.766044443118978,6.79753778423115E-17));
#1674=CARTESIAN_POINT('',(0.,0.,0.));
#1675=CARTESIAN_POINT('',(0.,0.,0.));
#1676=CARTESIAN_POINT('Origin',(0.,0.,117.76));
#1677=CARTESIAN_POINT('',(9.92428899875622,2.0411315116986E-5,117.277313174635));
#1678=CARTESIAN_POINT('',(9.92464586918168,0.000100453399216596,117.492686825365));
#1679=CARTESIAN_POINT('',(9.925,-1.21546194815375E-15,117.76));
#1680=CARTESIAN_POINT('',(-4.32666014044889,8.93228061745996,117.76));
#1681=CARTESIAN_POINT('Ctrl Pts',(9.92428899875622,2.0411315116986E-5,117.277313174635));
#1682=CARTESIAN_POINT('Ctrl Pts',(9.92434724619826,0.773481347469976,117.295914027963));
#1683=CARTESIAN_POINT('Ctrl Pts',(9.83491918382416,1.54692896026424,117.314514881291));
#1684=CARTESIAN_POINT('Ctrl Pts',(9.65584548634345,2.29903195365956,117.333115734619));
#1685=CARTESIAN_POINT('Ctrl Pts',(9.28624824523693,3.85132687635096,117.371506766742));
#1686=CARTESIAN_POINT('Ctrl Pts',(8.53477445622425,5.3126970199079,117.409897798864));
#1687=CARTESIAN_POINT('Ctrl Pts',(7.48719032958338,6.51635511923986,117.448288830987));
#1688=CARTESIAN_POINT('Ctrl Pts',(6.43960620294251,7.72001321857183,117.486679863109));
#1689=CARTESIAN_POINT('Ctrl Pts',(5.09591173867345,8.66595927367882,117.525070895232));
#1690=CARTESIAN_POINT('Ctrl Pts',(3.60946949494181,9.24622439609695,117.563461927354));
#1691=CARTESIAN_POINT('Ctrl Pts',(2.12302725121017,9.82648951851509,117.601852959477));
#1692=CARTESIAN_POINT('Ctrl Pts',(0.493837228015947,10.0410737082444,117.6402439916));
#1693=CARTESIAN_POINT('Ctrl Pts',(-1.0921636130757,9.86549887235121,117.678635023722));
#1694=CARTESIAN_POINT('Ctrl Pts',(-2.21260688395776,9.74146259297743,117.705756682481));
#1695=CARTESIAN_POINT('Ctrl Pts',(-3.31149516123106,9.42270451304447,117.732878341241));
#1696=CARTESIAN_POINT('Ctrl Pts',(-4.32673850752527,8.93198108114168,117.76));
#1697=CARTESIAN_POINT('',(4.32666014045098,8.93228061745894,117.76));
#1698=CARTESIAN_POINT('Origin',(0.,0.,117.76));
#1699=CARTESIAN_POINT('Ctrl Pts',(4.32666014045098,8.93228061745894,117.76));
#1700=CARTESIAN_POINT('Ctrl Pts',(5.76307786626729,8.23650183648568,117.721608967877));
#1701=CARTESIAN_POINT('Ctrl Pts',(7.02789432452229,7.18803672403814,117.683217935755));
#1702=CARTESIAN_POINT('Ctrl Pts',(7.97733779248431,5.9057431705385,117.644826903632));
#1703=CARTESIAN_POINT('Ctrl Pts',(8.92678126044632,4.62344961703886,117.60643587151));
#1704=CARTESIAN_POINT('Ctrl Pts',(9.56085173811536,3.10732762248712,117.568044839387));
#1705=CARTESIAN_POINT('Ctrl Pts',(9.80699212729082,1.53073125636695,117.529653807265));
#1706=CARTESIAN_POINT('Ctrl Pts',(9.8859955369264,1.0246928570624,117.517331479965));
#1707=CARTESIAN_POINT('Ctrl Pts',(9.92503398775547,0.512424325473011,117.505009152665));
#1708=CARTESIAN_POINT('Ctrl Pts',(9.92464586918168,0.000100453399216596,
117.492686825365));
#1709=CARTESIAN_POINT('Origin',(0.,0.,117.76));
#1710=CARTESIAN_POINT('',(9.92429666842513,-7.69193170657712E-6,115.777313174635));
#1711=CARTESIAN_POINT('',(9.92456018380152,0.000174703060069029,115.992686825365));
#1712=CARTESIAN_POINT('',(9.925,-1.21546194815375E-15,117.76));
#1713=CARTESIAN_POINT('Ctrl Pts',(9.92429666842513,-7.69193170657712E-6,
115.777313174635));
#1714=CARTESIAN_POINT('Ctrl Pts',(9.92425997030208,0.811566559873892,115.796830610369));
#1715=CARTESIAN_POINT('Ctrl Pts',(9.82570108607502,1.62314922087661,115.816348046104));
#1716=CARTESIAN_POINT('Ctrl Pts',(9.62872389591351,2.41009657365711,115.835865481839));
#1717=CARTESIAN_POINT('Ctrl Pts',(9.24126738073742,3.9580315334632,115.874256513961));
#1718=CARTESIAN_POINT('Ctrl Pts',(8.47301699835476,5.41064912117383,115.912647546084));
#1719=CARTESIAN_POINT('Ctrl Pts',(7.41164067100655,6.6021601148242,115.951038578206));
#1720=CARTESIAN_POINT('Ctrl Pts',(6.35026434365834,7.79367110847458,115.989429610329));
#1721=CARTESIAN_POINT('Ctrl Pts',(4.99576207134457,8.72407550806471,116.027820642452));
#1722=CARTESIAN_POINT('Ctrl Pts',(3.50273309448727,9.28718277736765,116.066211674574));
#1723=CARTESIAN_POINT('Ctrl Pts',(2.00970411762997,9.85029004667058,116.104602706697));
#1724=CARTESIAN_POINT('Ctrl Pts',(0.378148436229094,10.0461001856863,116.142993738819));
#1725=CARTESIAN_POINT('Ctrl Pts',(-1.20572330100676,9.85226528781561,116.181384770942));
#1726=CARTESIAN_POINT('Ctrl Pts',(-2.7895950382426,9.65843038994489,116.219775803064));
#1727=CARTESIAN_POINT('Ctrl Pts',(-4.32578283131344,9.07495045518774,116.258166835187));
#1728=CARTESIAN_POINT('Ctrl Pts',(-5.63895626354071,8.16841933575347,116.29655786731));
#1729=CARTESIAN_POINT('Ctrl Pts',(-6.95212969576799,7.2618882163192,116.334948899432));
#1730=CARTESIAN_POINT('Ctrl Pts',(-8.0422887671517,6.0323059122078,116.373339931555));
#1731=CARTESIAN_POINT('Ctrl Pts',(-8.78501144151541,4.62000790295571,116.411730963677));
#1732=CARTESIAN_POINT('Ctrl Pts',(-9.52773411587913,3.20770989370361,116.4501219958));
#1733=CARTESIAN_POINT('Ctrl Pts',(-9.92302039322286,1.61269617931082,116.488513027922));
#1734=CARTESIAN_POINT('Ctrl Pts',(-9.92575495246135,0.0170097404546191,
116.526904060045));
#1735=CARTESIAN_POINT('Ctrl Pts',(-9.92848951169984,-1.57867669840158,116.565295092168));
#1736=CARTESIAN_POINT('Ctrl Pts',(-9.53867235283308,-3.17503586172118,116.60368612429));
#1737=CARTESIAN_POINT('Ctrl Pts',(-8.80079443571322,-4.58987116243157,116.642077156413));
#1738=CARTESIAN_POINT('Ctrl Pts',(-8.06291651859337,-6.00470646314195,116.680468188535));
#1739=CARTESIAN_POINT('Ctrl Pts',(-6.97697784322043,-7.23801790124311,116.718859220658));
#1740=CARTESIAN_POINT('Ctrl Pts',(-5.66691933864737,-8.1490444536837,116.75725025278));
#1741=CARTESIAN_POINT('Ctrl Pts',(-4.35686083407431,-9.06007100612428,116.795641284903));
#1742=CARTESIAN_POINT('Ctrl Pts',(-2.82268250030114,-9.64881267290428,116.834032317026));
#1743=CARTESIAN_POINT('Ctrl Pts',(-1.2394840563133,-9.84807490129654,116.872423349148));
#1744=CARTESIAN_POINT('Ctrl Pts',(0.343714387674544,-10.0473371296888,116.910814381271));
#1745=CARTESIAN_POINT('Ctrl Pts',(1.97593294187705,-9.85711991969332,116.949205413393));
#1746=CARTESIAN_POINT('Ctrl Pts',(3.47088225185532,-9.29913313709063,116.987596445516));
#1747=CARTESIAN_POINT('Ctrl Pts',(4.96583156183359,-8.74114635448794,117.025987477638));
#1748=CARTESIAN_POINT('Ctrl Pts',(6.32351162758762,-7.81538999927804,117.064378509761));
#1749=CARTESIAN_POINT('Ctrl Pts',(7.38896706388281,-6.62752327644233,117.102769541884));
#1750=CARTESIAN_POINT('Ctrl Pts',(8.45442250017801,-5.43965655360662,117.141160574006));
#1751=CARTESIAN_POINT('Ctrl Pts',(9.22765330701436,-3.98967946314509,117.179551606129));
#1752=CARTESIAN_POINT('Ctrl Pts',(9.62040836383236,-2.44308106700138,117.217942638251));
#1753=CARTESIAN_POINT('Ctrl Pts',(9.82286952122059,-1.64582563804546,117.237732817046));
#1754=CARTESIAN_POINT('Ctrl Pts',(9.92422702701374,-0.822895072564071,117.25752299584));
#1755=CARTESIAN_POINT('Ctrl Pts',(9.92428899875622,2.0411315116986E-5,117.277313174635));
#1756=CARTESIAN_POINT('Ctrl Pts',(9.92464586918168,0.000100453399216596,
117.492686825365));
#1757=CARTESIAN_POINT('Ctrl Pts',(9.92382477846639,-1.08375485005639,117.466618120542));
#1758=CARTESIAN_POINT('Ctrl Pts',(9.74654525461196,-2.167857836618,117.44054941572));
#1759=CARTESIAN_POINT('Ctrl Pts',(9.39790502547637,-3.19374263016346,117.414480710897));
#1760=CARTESIAN_POINT('Ctrl Pts',(8.88446723380456,-4.70454941288511,117.376089678774));
#1761=CARTESIAN_POINT('Ctrl Pts',(7.99938134977904,-6.08909224063978,117.337698646652));
#1762=CARTESIAN_POINT('Ctrl Pts',(6.84362362012921,-7.18929172069009,117.299307614529));
#1763=CARTESIAN_POINT('Ctrl Pts',(5.6878658904794,-8.28949120074038,117.260916582406));
#1764=CARTESIAN_POINT('Ctrl Pts',(4.26143631520527,-9.10534733308631,117.222525550284));
#1765=CARTESIAN_POINT('Ctrl Pts',(2.72715707340414,-9.54376762984628,117.184134518161));
#1766=CARTESIAN_POINT('Ctrl Pts',(1.19287783160302,-9.98218792660625,117.145743486039));
#1767=CARTESIAN_POINT('Ctrl Pts',(-0.449251076725118,-10.0431723877803,
117.107352453916));
#1768=CARTESIAN_POINT('Ctrl Pts',(-2.01181801337434,-9.71974903299404,117.068961421794));
#1769=CARTESIAN_POINT('Ctrl Pts',(-3.57438495002356,-9.39632567820782,117.030570389671));
#1770=CARTESIAN_POINT('Ctrl Pts',(-5.05738991499387,-8.68849450746137,116.992179357548));
#1771=CARTESIAN_POINT('Ctrl Pts',(-6.29156958946934,-7.67704713239774,116.953788325426));
#1772=CARTESIAN_POINT('Ctrl Pts',(-7.52574926394481,-6.66559975733412,116.915397293303));
#1773=CARTESIAN_POINT('Ctrl Pts',(-8.51110364792543,-5.35053617795331,116.877006261181));
#1774=CARTESIAN_POINT('Ctrl Pts',(-9.13517356363787,-3.8819455871211,116.838615229058));
#1775=CARTESIAN_POINT('Ctrl Pts',(-9.75924347935032,-2.41335499628887,116.800224196936));
#1776=CARTESIAN_POINT('Ctrl Pts',(-10.0220289267946,-0.791237394005236,
116.761833164813));
#1777=CARTESIAN_POINT('Ctrl Pts',(-9.89353666580441,0.799269698458761,116.72344213269));
#1778=CARTESIAN_POINT('Ctrl Pts',(-9.76504440481424,2.38977679092276,116.685051100568));
#1779=CARTESIAN_POINT('Ctrl Pts',(-9.24527443538965,3.94867337356711,116.646660068445));
#1780=CARTESIAN_POINT('Ctrl Pts',(-8.39354982913885,5.29803906569007,116.608269036323));
#1781=CARTESIAN_POINT('Ctrl Pts',(-7.54182522288805,6.64740475781302,116.5698780042));
#1782=CARTESIAN_POINT('Ctrl Pts',(-6.35814597981105,7.78723955941459,116.531486972078));
#1783=CARTESIAN_POINT('Ctrl Pts',(-4.97760828356198,8.5874509669991,116.493095939955));
#1784=CARTESIAN_POINT('Ctrl Pts',(-3.59707058731293,9.38766237458361,116.454704907832));
#1785=CARTESIAN_POINT('Ctrl Pts',(-2.0196744378918,9.84825038815108,116.41631387571));
#1786=CARTESIAN_POINT('Ctrl Pts',(-0.425452185951826,9.91664701652985,116.377922843587));
#1787=CARTESIAN_POINT('Ctrl Pts',(1.16877006598815,9.98504364490863,116.339531811465));
#1788=CARTESIAN_POINT('Ctrl Pts',(2.77981842044698,9.66124888809873,116.301140779342));
#1789=CARTESIAN_POINT('Ctrl Pts',(4.22381979325448,8.9822182271038,116.26274974722));
#1790=CARTESIAN_POINT('Ctrl Pts',(5.66782116606198,8.30318756610888,116.224358715097));
#1791=CARTESIAN_POINT('Ctrl Pts',(6.94477555721814,7.26892100092893,116.185967682974));
#1792=CARTESIAN_POINT('Ctrl Pts',(7.9089409194255,5.9974620587394,116.147576650852));
#1793=CARTESIAN_POINT('Ctrl Pts',(8.87310628163286,4.72600311654986,116.109185618729));
#1794=CARTESIAN_POINT('Ctrl Pts',(9.52448261489141,3.21735179735072,116.070794586607));
#1795=CARTESIAN_POINT('Ctrl Pts',(9.78872653795001,1.64369434519676,116.032403554484));
#1796=CARTESIAN_POINT('Ctrl Pts',(9.87984941859147,1.10102831706878,116.019164644778));
#1797=CARTESIAN_POINT('Ctrl Pts',(9.92493557691157,0.550631938256703,116.005925735072));
#1798=CARTESIAN_POINT('Ctrl Pts',(9.92456018380152,0.000174703060069029,
115.992686825365));
#1799=CARTESIAN_POINT('Origin',(0.,0.,120.532812669074));
#1800=CARTESIAN_POINT('',(9.06785736399126,-7.02813957175445E-6,115.282812669074));
#1801=CARTESIAN_POINT('',(9.0685,-3.54149484611429E-15,115.26));
#1802=CARTESIAN_POINT('',(9.0685,-3.54149484611429E-15,120.532812669074));
#1803=CARTESIAN_POINT('',(9.02712820292165,-0.865244854371586,115.26));
#1804=CARTESIAN_POINT('Ctrl Pts',(9.06785736399126,-7.02813957156878E-6,
115.282812669074));
#1805=CARTESIAN_POINT('Ctrl Pts',(9.06787042813295,-0.288918834584197,115.275208446049));
#1806=CARTESIAN_POINT('Ctrl Pts',(9.05421869612512,-0.577829474692904,115.267604223025));
#1807=CARTESIAN_POINT('Ctrl Pts',(9.02689655446612,-0.86540724532026,115.26));
#1808=CARTESIAN_POINT('Origin',(0.,0.,115.26));
#1809=CARTESIAN_POINT('Origin',(0.,0.,120.532812669074));
#1810=CARTESIAN_POINT('',(9.06785035619352,1.86498748717586E-5,116.782812669074));
#1811=CARTESIAN_POINT('',(9.06809813872081,0.00015962667004904,116.487187330926));
#1812=CARTESIAN_POINT('',(9.0685,-3.54149484611429E-15,120.532812669074));
#1813=CARTESIAN_POINT('Ctrl Pts',(9.06785035619353,1.86498748713793E-5,
116.782812669074));
#1814=CARTESIAN_POINT('Ctrl Pts',(9.06779373244068,-0.751881507863915,116.763022490279));
#1815=CARTESIAN_POINT('Ctrl Pts',(8.79552742908668,-2.96243573596283,116.704841279362));
#1816=CARTESIAN_POINT('Ctrl Pts',(7.01832613310516,-6.29507735025008,116.608269036323));
#1817=CARTESIAN_POINT('Ctrl Pts',(3.29677801936499,-8.83267579071988,116.493095939955));
#1818=CARTESIAN_POINT('Ctrl Pts',(-1.17730982711927,-9.35408176618912,116.377922843587));
#1819=CARTESIAN_POINT('Ctrl Pts',(-5.3826588104408,-7.74027708955603,116.26274974722));
#1820=CARTESIAN_POINT('Ctrl Pts',(-8.35933434019987,-4.35963685486975,116.147576650852));
#1821=CARTESIAN_POINT('Ctrl Pts',(-9.42786539466329,0.0161565171898318,
116.032403554484));
#1822=CARTESIAN_POINT('Ctrl Pts',(-8.34434289408144,4.38826186801231,115.917230458116));
#1823=CARTESIAN_POINT('Ctrl Pts',(-5.35609880173591,7.75868014252139,115.802057361749));
#1824=CARTESIAN_POINT('Ctrl Pts',(-1.14524167283018,9.35806184176933,115.686884265381));
#1825=CARTESIAN_POINT('Ctrl Pts',(3.32702916750739,8.82132504207233,115.571711169013));
#1826=CARTESIAN_POINT('Ctrl Pts',(7.03986660523355,6.27098580851574,115.456538072645));
#1827=CARTESIAN_POINT('Ctrl Pts',(8.80063393329419,2.94170456471787,115.360238572666));
#1828=CARTESIAN_POINT('Ctrl Pts',(9.06782383281457,0.74153061442969,115.302330104808));
#1829=CARTESIAN_POINT('Ctrl Pts',(9.06785736399126,-7.02813957156878E-6,
115.282812669074));
#1830=CARTESIAN_POINT('',(3.76424007708191,8.25034477413462,115.26));
#1831=CARTESIAN_POINT('Origin',(0.,0.,115.26));
#1832=CARTESIAN_POINT('Ctrl Pts',(9.06809813872081,0.000159626670048832,
116.487187330926));
#1833=CARTESIAN_POINT('Ctrl Pts',(9.06744648983479,-0.955384933198876,116.46203520851));
#1834=CARTESIAN_POINT('Ctrl Pts',(8.68701921435264,-3.36993540308158,116.398492053971));
#1835=CARTESIAN_POINT('Ctrl Pts',(6.578558294731,-6.75333107046548,116.29655786731));
#1836=CARTESIAN_POINT('Ctrl Pts',(2.69459877289642,-9.03460210668793,116.181384770942));
#1837=CARTESIAN_POINT('Ctrl Pts',(-1.80443860613383,-9.25358836428494,116.066211674574));
#1838=CARTESIAN_POINT('Ctrl Pts',(-5.89159702021098,-7.36030346969854,115.951038578206));
#1839=CARTESIAN_POINT('Ctrl Pts',(-8.63388496734803,-3.78691833341303,115.835865481839));
#1840=CARTESIAN_POINT('Ctrl Pts',(-9.40541357868221,0.650883952979666,115.720692385471));
#1841=CARTESIAN_POINT('Ctrl Pts',(-8.02990121425991,4.9401043033558,115.605519289103));
#1842=CARTESIAN_POINT('Ctrl Pts',(-4.8217170718229,8.1016331647867,115.490346192735));
#1843=CARTESIAN_POINT('Ctrl Pts',(-0.512388629233797,9.41375130237887,115.375173096368));
#1844=CARTESIAN_POINT('Ctrl Pts',(2.43748580399077,8.8556796715157,115.298391032123));
#1845=CARTESIAN_POINT('Ctrl Pts',(3.76424007708191,8.25034477413462,115.26));
#1846=CARTESIAN_POINT('Origin',(5.875,-1.3454821498529E-7,115.26));
#1847=CARTESIAN_POINT('',(5.34308505043936,-2.44275810177172,115.26));
#1848=CARTESIAN_POINT('',(5.34308516232659,2.44275785703893,115.26));
#1849=CARTESIAN_POINT('Origin',(5.875,-1.3454821498529E-7,115.26));
#1850=CARTESIAN_POINT('',(5.34308505043937,-2.44275810177172,116.76));
#1851=CARTESIAN_POINT('',(5.34308505043937,-2.44275810177172,115.26));
#1852=CARTESIAN_POINT('',(5.34308516232659,2.44275785703893,116.76));
#1853=CARTESIAN_POINT('Origin',(5.875,-1.34548214430179E-7,116.76));
#1854=CARTESIAN_POINT('',(5.34308516232659,2.44275785703893,115.26));
#1855=CARTESIAN_POINT('Origin',(6.85904255306497,-1.57186521876712E-7,116.76));
#1856=CARTESIAN_POINT('',(5.875,-7.1947999449907E-16,116.76));
#1857=CARTESIAN_POINT('Origin',(0.,0.,116.76));
#1858=CARTESIAN_POINT('Origin',(0.,0.,116.76));
#1859=CARTESIAN_POINT('Origin',(-5.87499999914009,1.35765412144757E-7,115.26));
#1860=CARTESIAN_POINT('',(-5.34308504985541,2.44275810304901,115.26));
#1861=CARTESIAN_POINT('',(-5.34308516275483,-2.44275785610223,115.26));
#1862=CARTESIAN_POINT('Origin',(-5.87499999914009,1.35765412144757E-7,115.26));
#1863=CARTESIAN_POINT('',(-5.34308504985541,2.44275810304901,116.76));
#1864=CARTESIAN_POINT('',(-5.34308504985541,2.44275810304901,115.26));
#1865=CARTESIAN_POINT('',(-5.34308516275483,-2.44275785610223,116.76));
#1866=CARTESIAN_POINT('Origin',(-5.87499999914008,1.35765412699869E-7,116.76));
#1867=CARTESIAN_POINT('',(-5.34308516275483,-2.44275785610223,115.26));
#1868=CARTESIAN_POINT('Origin',(-6.85904255259608,1.58403719903433E-7,116.76));
#1869=CARTESIAN_POINT('Origin',(0.,0.,116.76));
#1870=CARTESIAN_POINT('Origin',(1.35586770133487E-7,5.87500000017864,115.26));
#1871=CARTESIAN_POINT('',(2.44275810268087,5.34308505002372,115.26));
#1872=CARTESIAN_POINT('',(-2.44275785605903,5.34308516277458,115.26));
#1873=CARTESIAN_POINT('Origin',(1.35586770133487E-7,5.87500000017864,115.26));
#1874=CARTESIAN_POINT('',(2.44275810268087,5.34308505002372,116.76));
#1875=CARTESIAN_POINT('',(2.44275810268087,5.34308505002372,115.26));
#1876=CARTESIAN_POINT('',(-2.44275785605903,5.34308516277458,116.76));
#1877=CARTESIAN_POINT('Origin',(1.35586770966154E-7,5.87500000017864,116.76));
#1878=CARTESIAN_POINT('',(-2.44275785605903,5.34308516277459,115.26));
#1879=CARTESIAN_POINT('Origin',(1.58225078605962E-7,6.85904255319951,116.76));
#1880=CARTESIAN_POINT('Origin',(0.,0.,116.76));
#1881=CARTESIAN_POINT('Origin',(-1.34726855107017E-7,-5.87499999896144,
115.26));
#1882=CARTESIAN_POINT('',(-2.44275810213986,-5.34308505027106,115.26));
#1883=CARTESIAN_POINT('',(2.44275785708214,-5.34308516230684,115.26));
#1884=CARTESIAN_POINT('Origin',(-1.34726855107017E-7,-5.87499999896144,
115.26));
#1885=CARTESIAN_POINT('',(-2.44275810213986,-5.34308505027106,116.76));
#1886=CARTESIAN_POINT('',(-2.44275810213986,-5.34308505027106,115.26));
#1887=CARTESIAN_POINT('',(2.44275785708214,-5.34308516230684,116.76));
#1888=CARTESIAN_POINT('Origin',(-1.34726854274349E-7,-5.87499999896144,
116.76));
#1889=CARTESIAN_POINT('',(2.44275785708214,-5.34308516230684,115.26));
#1890=CARTESIAN_POINT('Origin',(-1.57365161649335E-7,-6.85904255253581,
116.76));
#1891=CARTESIAN_POINT('Origin',(0.,0.,116.76));
#1892=CARTESIAN_POINT('Origin',(0.,0.,115.26));
#1893=CARTESIAN_POINT('',(-9.89869162863183,-0.718925007242371,115.26));
#1894=CARTESIAN_POINT('Ctrl Pts',(-9.8986916286318,-0.718925007242723,115.26));
#1895=CARTESIAN_POINT('Ctrl Pts',(-9.90650992581679,-0.472524097594643,
115.26));
#1896=CARTESIAN_POINT('Ctrl Pts',(-9.90517191336476,-0.226323477848753,
115.26));
#1897=CARTESIAN_POINT('Ctrl Pts',(-9.89464265032461,0.0191748281336867,
115.26));
#1898=CARTESIAN_POINT('Ctrl Pts',(-9.88514812964557,0.240547276892185,115.26));
#1899=CARTESIAN_POINT('Ctrl Pts',(-9.86817946250872,0.461349134908074,115.26));
#1900=CARTESIAN_POINT('Ctrl Pts',(-9.84367469199267,0.681212988065638,115.26));
#1901=CARTESIAN_POINT('Ctrl Pts',(-9.81647686555772,0.925239713946645,115.26));
#1902=CARTESIAN_POINT('Ctrl Pts',(-9.77999620555832,1.16811161021801,115.26));
#1903=CARTESIAN_POINT('Ctrl Pts',(-9.73442752014277,1.4093411163275,115.26));
#1904=CARTESIAN_POINT('Ctrl Pts',(-9.68886447002831,1.65054079052753,115.26));
#1905=CARTESIAN_POINT('Ctrl Pts',(-9.63421538627567,1.89009910214723,115.26));
#1906=CARTESIAN_POINT('Ctrl Pts',(-9.57062605487253,2.12751121310731,115.26));
#1907=CARTESIAN_POINT('Ctrl Pts',(-9.50751841763138,2.36312490874655,115.26));
#1908=CARTESIAN_POINT('Ctrl Pts',(-9.43560517187736,2.59662537058678,115.26));
#1909=CARTESIAN_POINT('Ctrl Pts',(-9.35498478892301,2.82749307407405,115.26));
#1910=CARTESIAN_POINT('Ctrl Pts',(-9.33430891636239,2.88670131696181,115.26));
#1911=CARTESIAN_POINT('Ctrl Pts',(-9.3130601476166,2.94573624008057,115.26));
#1912=CARTESIAN_POINT('Ctrl Pts',(-9.29123970770967,3.00458873027583,115.26));
#1913=CARTESIAN_POINT('Ctrl Pts',(-9.28119694415521,3.03167533559376,115.26));
#1914=CARTESIAN_POINT('Ctrl Pts',(-9.27103258322086,3.05872449268443,115.26));
#1915=CARTESIAN_POINT('Ctrl Pts',(-9.26075321183827,3.0857186315474,115.26));
#1916=CARTESIAN_POINT('Ctrl Pts',(-9.1741024399338,3.31326785438562,115.26));
#1917=CARTESIAN_POINT('Ctrl Pts',(-9.07918419684662,3.53717986463734,115.26));
#1918=CARTESIAN_POINT('Ctrl Pts',(-8.97621351256603,3.75699424478319,115.26));
#1919=CARTESIAN_POINT('Ctrl Pts',(-8.86958054249775,3.9846266081343,115.26));
#1920=CARTESIAN_POINT('Ctrl Pts',(-8.75431215596282,4.20786549504879,115.26));
#1921=CARTESIAN_POINT('Ctrl Pts',(-8.63059287950784,4.42617705137587,115.26));
#1922=CARTESIAN_POINT('Ctrl Pts',(-8.50687360305287,4.64448860770295,115.26));
#1923=CARTESIAN_POINT('Ctrl Pts',(-8.37470312792025,4.85787354840769,115.26));
#1924=CARTESIAN_POINT('Ctrl Pts',(-8.23421546305765,5.06576444265013,115.26));
#1925=CARTESIAN_POINT('Ctrl Pts',(-8.0984883651562,5.26661074316529,115.26));
#1926=CARTESIAN_POINT('Ctrl Pts',(-7.95499731139604,5.46232919916558,115.26));
#1927=CARTESIAN_POINT('Ctrl Pts',(-7.80410490465093,5.6525432917718,115.26));
#1928=CARTESIAN_POINT('Ctrl Pts',(-7.70329814720133,5.7796197054262,115.26));
#1929=CARTESIAN_POINT('Ctrl Pts',(-7.59918728022146,5.90423865808686,115.26));
#1930=CARTESIAN_POINT('Ctrl Pts',(-7.49187293945339,6.02627726607241,115.26));
#1931=CARTESIAN_POINT('Ctrl Pts',(-7.43695989109006,6.08872476315938,115.26));
#1932=CARTESIAN_POINT('Ctrl Pts',(-7.38120795816618,6.15049647882466,115.26));
#1933=CARTESIAN_POINT('Ctrl Pts',(-7.32463012034678,6.21157499660516,115.26));
#1934=CARTESIAN_POINT('Ctrl Pts',(-7.30848730549096,6.2290019475492,115.26));
#1935=CARTESIAN_POINT('Ctrl Pts',(-7.29227893129124,6.24637062033448,115.26));
#1936=CARTESIAN_POINT('Ctrl Pts',(-7.27601127823521,6.26367440895629,115.26));
#1937=CARTESIAN_POINT('Ctrl Pts',(-7.112043045119,6.43808627013648,115.26));
#1938=CARTESIAN_POINT('Ctrl Pts',(-6.94188410672877,6.60609473484142,115.26));
#1939=CARTESIAN_POINT('Ctrl Pts',(-6.76594660896096,6.76740352570047,115.26));
#1940=CARTESIAN_POINT('Ctrl Pts',(-6.58908098011293,6.92956327615716,115.26));
#1941=CARTESIAN_POINT('Ctrl Pts',(-6.40637516771612,7.08495292580281,115.26));
#1942=CARTESIAN_POINT('Ctrl Pts',(-6.21821078530897,7.23323460108308,115.26));
#1943=CARTESIAN_POINT('Ctrl Pts',(-6.03087355201707,7.38086444706948,115.26));
#1944=CARTESIAN_POINT('Ctrl Pts',(-5.83812510314165,7.5214490542075,115.26));
#1945=CARTESIAN_POINT('Ctrl Pts',(-5.64031314635545,7.65461242192005,115.26));
#1946=CARTESIAN_POINT('Ctrl Pts',(-5.44536981998976,7.78584468044322,115.26));
#1947=CARTESIAN_POINT('Ctrl Pts',(-5.24550825932354,7.90986966329377,115.26));
#1948=CARTESIAN_POINT('Ctrl Pts',(-5.04104098578097,8.02628127625131,115.26));
#1949=CARTESIAN_POINT('Ctrl Pts',(-4.97525147635503,8.0637379448676,115.26));
#1950=CARTESIAN_POINT('Ctrl Pts',(-4.9089850114023,8.10040602299398,115.26));
#1951=CARTESIAN_POINT('Ctrl Pts',(-4.84225168000864,8.13627086990458,115.26));
#1952=CARTESIAN_POINT('Ctrl Pts',(-4.75921042432393,8.18090017073817,115.26));
#1953=CARTESIAN_POINT('Ctrl Pts',(-4.6754462375307,8.22428572405273,115.26));
#1954=CARTESIAN_POINT('Ctrl Pts',(-4.59098883244569,8.26641554299399,115.26));
#1955=CARTESIAN_POINT('Ctrl Pts',(-4.53247556611606,8.29560366822289,115.26));
#1956=CARTESIAN_POINT('Ctrl Pts',(-4.47362955707103,8.32418902648604,115.26));
#1957=CARTESIAN_POINT('Ctrl Pts',(-4.41446065556845,8.35216727906528,115.26));
#1958=CARTESIAN_POINT('Ctrl Pts',(-4.38982720621817,8.36381530446913,115.26));
#1959=CARTESIAN_POINT('Ctrl Pts',(-4.36513779105558,8.37535809926524,115.26));
#1960=CARTESIAN_POINT('Ctrl Pts',(-4.34039312032772,8.38679533544169,115.26));
#1961=CARTESIAN_POINT('Ctrl Pts',(-4.31630981769188,8.39792688062103,115.26));
#1962=CARTESIAN_POINT('Ctrl Pts',(-4.29218231328107,8.4089546632336,115.26));
#1963=CARTESIAN_POINT('Ctrl Pts',(-4.26801401037666,8.41987740833382,115.26));
#1964=CARTESIAN_POINT('Ctrl Pts',(-4.05334092037464,8.51689785082172,115.26));
#1965=CARTESIAN_POINT('Ctrl Pts',(-3.83538291140972,8.60566642579959,115.26));
#1966=CARTESIAN_POINT('Ctrl Pts',(-3.61464928768243,8.68612449132832,115.26));
#1967=CARTESIAN_POINT('Ctrl Pts',(-3.39220046334031,8.76720775260718,115.26));
#1968=CARTESIAN_POINT('Ctrl Pts',(-3.16693207982852,8.83985103495343,115.26));
#1969=CARTESIAN_POINT('Ctrl Pts',(-2.93934523966002,8.90394552567354,115.26));
#1970=CARTESIAN_POINT('Ctrl Pts',(-2.71238988667211,8.96786217285399,115.26));
#1971=CARTESIAN_POINT('Ctrl Pts',(-2.48312826530191,9.02327751136285,115.26));
#1972=CARTESIAN_POINT('Ctrl Pts',(-2.25204715912613,9.07003322556423,115.26));
#1973=CARTESIAN_POINT('Ctrl Pts',(-2.02299159293359,9.11637910284677,115.26));
#1974=CARTESIAN_POINT('Ctrl Pts',(-1.79214767252966,9.15421656354512,115.26));
#1975=CARTESIAN_POINT('Ctrl Pts',(-1.55998907549646,9.1833406418634,115.26));
#1976=CARTESIAN_POINT('Ctrl Pts',(-1.3851340585833,9.20527603978535,115.26));
#1977=CARTESIAN_POINT('Ctrl Pts',(-1.20953320199426,9.22226761445185,115.26));
#1978=CARTESIAN_POINT('Ctrl Pts',(-1.0333919493788,9.23420813744071,115.26));
#1979=CARTESIAN_POINT('Ctrl Pts',(-0.969629507937369,9.238530559852,115.26));
#1980=CARTESIAN_POINT('Ctrl Pts',(-0.905796290503729,9.2421909232674,115.26));
#1981=CARTESIAN_POINT('Ctrl Pts',(-0.841902193553721,9.24518357992503,115.26));
#1982=CARTESIAN_POINT('Ctrl Pts',(-0.81644892752859,9.24637575400158,115.26));
#1983=CARTESIAN_POINT('Ctrl Pts',(-0.790986888170743,9.24746189218468,115.26));
#1984=CARTESIAN_POINT('Ctrl Pts',(-0.765526985931597,9.24844133693216,115.26));
#1985=CARTESIAN_POINT('Ctrl Pts',(-0.678346679237174,9.25179517123496,115.26));
#1986=CARTESIAN_POINT('Ctrl Pts',(-0.591159204890261,9.25389964797219,115.26));
#1987=CARTESIAN_POINT('Ctrl Pts',(-0.503989378686681,9.25474775830505,115.26));
#1988=CARTESIAN_POINT('Ctrl Pts',(-0.270016632062452,9.2570241733521,115.26));
#1989=CARTESIAN_POINT('Ctrl Pts',(-0.0361707626452494,9.25025301112485,
115.26));
#1990=CARTESIAN_POINT('Ctrl Pts',(0.197055359826428,9.23458555103647,115.26));
#1991=CARTESIAN_POINT('Ctrl Pts',(0.430932875685612,9.21887433221389,115.26));
#1992=CARTESIAN_POINT('Ctrl Pts',(0.664187837955069,9.19421688593625,115.26));
#1993=CARTESIAN_POINT('Ctrl Pts',(0.896314418116028,9.16071416289417,115.26));
#1994=CARTESIAN_POINT('Ctrl Pts',(1.0209215517425,9.14272967234568,115.26));
#1995=CARTESIAN_POINT('Ctrl Pts',(1.14520331891466,9.12219544705586,115.26));
#1996=CARTESIAN_POINT('Ctrl Pts',(1.26907941658925,9.09912124599139,115.26));
#1997=CARTESIAN_POINT('Ctrl Pts',(1.34085070738884,9.08575252332693,115.26));
#1998=CARTESIAN_POINT('Ctrl Pts',(1.41248579161715,9.07153110478246,115.26));
#1999=CARTESIAN_POINT('Ctrl Pts',(1.48396875417191,9.05645828060674,115.26));
#2000=CARTESIAN_POINT('Ctrl Pts',(1.52752529116471,9.04727399388538,115.26));
#2001=CARTESIAN_POINT('Ctrl Pts',(1.57103054167839,9.03777233765373,115.26));
#2002=CARTESIAN_POINT('Ctrl Pts',(1.6144501481162,9.02796069346358,115.26));
#2003=CARTESIAN_POINT('Ctrl Pts',(1.84147871725401,8.97665844261132,115.26));
#2004=CARTESIAN_POINT('Ctrl Pts',(2.06630584431391,8.91685821326893,115.26));
#2005=CARTESIAN_POINT('Ctrl Pts',(2.28844302642563,8.84868466641563,115.26));
#2006=CARTESIAN_POINT('Ctrl Pts',(2.50968835240913,8.78078482878546,115.26));
#2007=CARTESIAN_POINT('Ctrl Pts',(2.72826591162374,8.70457855150588,115.26));
#2008=CARTESIAN_POINT('Ctrl Pts',(2.94367470853443,8.62014088760877,115.26));
#2009=CARTESIAN_POINT('Ctrl Pts',(3.1560323143508,8.5368992540122,115.26));
#2010=CARTESIAN_POINT('Ctrl Pts',(3.36531082641345,8.44565749921351,115.26));
#2011=CARTESIAN_POINT('Ctrl Pts',(3.57100385938032,8.34644446707751,115.26));
#2012=CARTESIAN_POINT('Ctrl Pts',(3.63577721108921,8.31520198631889,115.26));
#2013=CARTESIAN_POINT('Ctrl Pts',(3.70019478198889,8.28316873437932,115.26));
#2014=CARTESIAN_POINT('Ctrl Pts',(3.76424007708191,8.25034477413462,115.26));
#2015=CARTESIAN_POINT('',(-5.57225185822659,-8.2131379039007,115.26));
#2016=CARTESIAN_POINT('Ctrl Pts',(9.0268965544661,-0.865407245320516,115.26));
#2017=CARTESIAN_POINT('Ctrl Pts',(9.0154464303459,-1.09811698209634,115.26));
#2018=CARTESIAN_POINT('Ctrl Pts',(8.99509018314328,-1.32994481546134,115.26));
#2019=CARTESIAN_POINT('Ctrl Pts',(8.96588886641037,-1.56036755865727,115.26));
#2020=CARTESIAN_POINT('Ctrl Pts',(8.94106668346704,-1.75623528401462,115.26));
#2021=CARTESIAN_POINT('Ctrl Pts',(8.90985256342994,-1.95108830611285,115.26));
#2022=CARTESIAN_POINT('Ctrl Pts',(8.87225499456233,-2.14461111069744,115.26));
#2023=CARTESIAN_POINT('Ctrl Pts',(8.82825990695289,-2.37106332552289,115.26));
#2024=CARTESIAN_POINT('Ctrl Pts',(8.77552551918749,-2.59569467187542,115.26));
#2025=CARTESIAN_POINT('Ctrl Pts',(8.7143277523592,-2.81807494623998,115.26));
#2026=CARTESIAN_POINT('Ctrl Pts',(8.65272766717347,-3.04191716392941,115.26));
#2027=CARTESIAN_POINT('Ctrl Pts',(8.58255237290358,-3.26347923491925,115.26));
#2028=CARTESIAN_POINT('Ctrl Pts',(8.50403114041563,-3.48231343139325,115.26));
#2029=CARTESIAN_POINT('Ctrl Pts',(8.42557818461339,-3.70095734463834,115.26));
#2030=CARTESIAN_POINT('Ctrl Pts',(8.33879355371026,-3.91687874865294,115.26));
#2031=CARTESIAN_POINT('Ctrl Pts',(8.24385739073237,-4.12961282037557,115.26));
#2032=CARTESIAN_POINT('Ctrl Pts',(8.22630773938486,-4.16893828573421,115.26));
#2033=CARTESIAN_POINT('Ctrl Pts',(8.20847940407165,-4.20815476742713,115.26));
#2034=CARTESIAN_POINT('Ctrl Pts',(8.19037335120599,-4.24725923410638,115.26));
#2035=CARTESIAN_POINT('Ctrl Pts',(8.17532664614376,-4.27975628805312,115.26));
#2036=CARTESIAN_POINT('Ctrl Pts',(8.16008591886382,-4.31218050889307,115.26));
#2037=CARTESIAN_POINT('Ctrl Pts',(8.1446650532941,-4.34450255917008,115.26));
#2038=CARTESIAN_POINT('Ctrl Pts',(8.04348929109203,-4.55656640590588,115.26));
#2039=CARTESIAN_POINT('Ctrl Pts',(7.93447250482604,-4.76443523043938,115.26));
#2040=CARTESIAN_POINT('Ctrl Pts',(7.81792113744883,-4.96767848147877,115.26));
#2041=CARTESIAN_POINT('Ctrl Pts',(7.69930782271978,-5.17451737358775,115.26));
#2042=CARTESIAN_POINT('Ctrl Pts',(7.57289084774104,-5.37656625704799,115.26));
#2043=CARTESIAN_POINT('Ctrl Pts',(7.4389396390341,-5.57335949528099,115.26));
#2044=CARTESIAN_POINT('Ctrl Pts',(7.30498843032717,-5.770152733514,115.26));
#2045=CARTESIAN_POINT('Ctrl Pts',(7.16350270778298,-5.96169099192919,115.26));
#2046=CARTESIAN_POINT('Ctrl Pts',(7.01470211172215,-6.14748681753935,115.26));
#2047=CARTESIAN_POINT('Ctrl Pts',(6.86778964877215,-6.33092507698731,115.26));
#2048=CARTESIAN_POINT('Ctrl Pts',(6.7137463324599,-6.50876621820162,115.26));
#2049=CARTESIAN_POINT('Ctrl Pts',(6.55298251861493,-6.68072385932382,115.26));
#2050=CARTESIAN_POINT('Ctrl Pts',(6.44356593989128,-6.7977590075141,115.26));
#2051=CARTESIAN_POINT('Ctrl Pts',(6.33103537144487,-6.91206815009921,115.26));
#2052=CARTESIAN_POINT('Ctrl Pts',(6.21551035770405,-7.02355132667843,115.26));
#2053=CARTESIAN_POINT('Ctrl Pts',(6.18169089275031,-7.05618756069534,115.26));
#2054=CARTESIAN_POINT('Ctrl Pts',(6.14761475637912,-7.08858155357447,115.26));
#2055=CARTESIAN_POINT('Ctrl Pts',(6.1132848349066,-7.12073065580466,115.26));
#2056=CARTESIAN_POINT('Ctrl Pts',(6.08740889432881,-7.14496281898056,115.26));
#2057=CARTESIAN_POINT('Ctrl Pts',(6.06138877014471,-7.16905585144029,115.26));
#2058=CARTESIAN_POINT('Ctrl Pts',(6.0352256805909,-7.19300859318877,115.26));
#2059=CARTESIAN_POINT('Ctrl Pts',(6.01654109933955,-7.2101146367419,115.26));
#2060=CARTESIAN_POINT('Ctrl Pts',(5.997790689572,-7.22714263772317,115.26));
#2061=CARTESIAN_POINT('Ctrl Pts',(5.97897553345652,-7.2440919066272,115.26));
#2062=CARTESIAN_POINT('Ctrl Pts',(5.80370532609964,-7.40198067763306,115.26));
#2063=CARTESIAN_POINT('Ctrl Pts',(5.62280709184056,-7.55305173845692,115.26));
#2064=CARTESIAN_POINT('Ctrl Pts',(5.4367542810473,-7.69707757900668,115.26));
#2065=CARTESIAN_POINT('Ctrl Pts',(5.24800915021244,-7.84318757864743,115.26));
#2066=CARTESIAN_POINT('Ctrl Pts',(5.05395877225469,-7.98204746802546,115.26));
#2067=CARTESIAN_POINT('Ctrl Pts',(4.85505389608957,-8.11338889124989,115.26));
#2068=CARTESIAN_POINT('Ctrl Pts',(4.65587461195303,-8.24491151231221,115.26));
#2069=CARTESIAN_POINT('Ctrl Pts',(4.45182691380206,-8.36889534651928,115.26));
#2070=CARTESIAN_POINT('Ctrl Pts',(4.24332716408586,-8.48503336917608,115.26));
#2071=CARTESIAN_POINT('Ctrl Pts',(4.03646565235666,-8.60025886450031,115.26));
#2072=CARTESIAN_POINT('Ctrl Pts',(3.82522123448882,-8.7077617315875,115.26));
#2073=CARTESIAN_POINT('Ctrl Pts',(3.60997281034882,-8.80719921318545,115.26));
#2074=CARTESIAN_POINT('Ctrl Pts',(3.55161384687645,-8.83415907772125,115.26));
#2075=CARTESIAN_POINT('Ctrl Pts',(3.49296042367652,-8.86052580802749,115.26));
#2076=CARTESIAN_POINT('Ctrl Pts',(3.43401981672672,-8.88629196739951,115.26));
#2077=CARTESIAN_POINT('Ctrl Pts',(3.3453089169004,-8.92507234821418,115.26));
#2078=CARTESIAN_POINT('Ctrl Pts',(3.25594747761921,-8.96249231979646,115.26));
#2079=CARTESIAN_POINT('Ctrl Pts',(3.16596785175301,-8.99854560830232,115.26));
#2080=CARTESIAN_POINT('Ctrl Pts',(3.09015738724128,-9.02892155755187,115.26));
#2081=CARTESIAN_POINT('Ctrl Pts',(3.01390808933121,-9.05832733691609,115.26));
#2082=CARTESIAN_POINT('Ctrl Pts',(2.93723910337696,-9.08675844246327,115.26));
#2083=CARTESIAN_POINT('Ctrl Pts',(2.91110821711398,-9.09644854043623,115.26));
#2084=CARTESIAN_POINT('Ctrl Pts',(2.88492764677143,-9.10602570335961,115.26));
#2085=CARTESIAN_POINT('Ctrl Pts',(2.85871403165194,-9.11548413319163,115.26));
#2086=CARTESIAN_POINT('Ctrl Pts',(2.63523272364844,-9.19612094199815,115.26));
#2087=CARTESIAN_POINT('Ctrl Pts',(2.40908622365033,-9.26823126624636,115.26));
#2088=CARTESIAN_POINT('Ctrl Pts',(2.18080629045512,-9.33184783750482,115.26));
#2089=CARTESIAN_POINT('Ctrl Pts',(1.94948410604455,-9.39631221692811,115.26));
#2090=CARTESIAN_POINT('Ctrl Pts',(1.71597068669735,-9.45205516360013,115.26));
#2091=CARTESIAN_POINT('Ctrl Pts',(1.48079080248374,-9.49906546428291,115.26));
#2092=CARTESIAN_POINT('Ctrl Pts',(1.2436941435337,-9.54645891064587,115.26));
#2093=CARTESIAN_POINT('Ctrl Pts',(1.0049031231384,-9.58497698534453,115.26));
#2094=CARTESIAN_POINT('Ctrl Pts',(0.764935631042232,-9.614559365964,115.26));
#2095=CARTESIAN_POINT('Ctrl Pts',(0.525690211150095,-9.64405273196492,115.26));
#2096=CARTESIAN_POINT('Ctrl Pts',(0.285274732412476,-9.66466422011632,115.26));
#2097=CARTESIAN_POINT('Ctrl Pts',(0.0441924547220776,-9.67628342673744,
115.26));
#2098=CARTESIAN_POINT('Ctrl Pts',(-0.146619318883222,-9.68547979506654,
115.26));
#2099=CARTESIAN_POINT('Ctrl Pts',(-0.337849112906306,-9.68904207870522,
115.26));
#2100=CARTESIAN_POINT('Ctrl Pts',(-0.529247748470225,-9.68689213795581,
115.26));
#2101=CARTESIAN_POINT('Ctrl Pts',(-0.595188481656373,-9.68615143952342,
115.26));
#2102=CARTESIAN_POINT('Ctrl Pts',(-0.661149241822937,-9.68473254842152,
115.26));
#2103=CARTESIAN_POINT('Ctrl Pts',(-0.727119773165081,-9.68263168251725,
115.26));
#2104=CARTESIAN_POINT('Ctrl Pts',(-0.761901440368248,-9.6815240422234,115.26));
#2105=CARTESIAN_POINT('Ctrl Pts',(-0.79668795004746,-9.68022667770034,115.26));
#2106=CARTESIAN_POINT('Ctrl Pts',(-0.831455382833085,-9.67874013374468,
115.26));
#2107=CARTESIAN_POINT('Ctrl Pts',(-0.922151179052173,-9.67486227228438,
115.26));
#2108=CARTESIAN_POINT('Ctrl Pts',(-1.01275017668873,-9.66969625149118,115.26));
#2109=CARTESIAN_POINT('Ctrl Pts',(-1.10322538549166,-9.6632399397278,115.26));
#2110=CARTESIAN_POINT('Ctrl Pts',(-1.34450289078455,-9.64602237464812,115.26));
#2111=CARTESIAN_POINT('Ctrl Pts',(-1.58489970358861,-9.61963248566254,115.26));
#2112=CARTESIAN_POINT('Ctrl Pts',(-1.8239512387235,-9.58431584568742,115.26));
#2113=CARTESIAN_POINT('Ctrl Pts',(-2.06517962416133,-9.54867760544152,115.26));
#2114=CARTESIAN_POINT('Ctrl Pts',(-2.30503873315342,-9.50394920462241,115.26));
#2115=CARTESIAN_POINT('Ctrl Pts',(-2.54305150777301,-9.45032969652051,115.26));
#2116=CARTESIAN_POINT('Ctrl Pts',(-2.67658403897381,-9.42024749336972,115.26));
#2117=CARTESIAN_POINT('Ctrl Pts',(-2.80953538009485,-9.38736581609754,115.26));
#2118=CARTESIAN_POINT('Ctrl Pts',(-2.9418202170702,-9.35171274200951,115.26));
#2119=CARTESIAN_POINT('Ctrl Pts',(-3.01901393744245,-9.33090768608253,115.26));
#2120=CARTESIAN_POINT('Ctrl Pts',(-3.0959806798312,-9.30915881771525,115.26));
#2121=CARTESIAN_POINT('Ctrl Pts',(-3.17270327865927,-9.28647094008239,115.26));
#2122=CARTESIAN_POINT('Ctrl Pts',(-3.20371325771239,-9.27730088300792,115.26));
#2123=CARTESIAN_POINT('Ctrl Pts',(-3.23468554242124,-9.26797674549397,115.26));
#2124=CARTESIAN_POINT('Ctrl Pts',(-3.26561183338114,-9.25850101771132,115.26));
#2125=CARTESIAN_POINT('Ctrl Pts',(-3.50134314227664,-9.18627361366093,115.26));
#2126=CARTESIAN_POINT('Ctrl Pts',(-3.73411431998561,-9.10533285132421,115.26));
#2127=CARTESIAN_POINT('Ctrl Pts',(-3.96344573075408,-9.01591035806874,115.26));
#2128=CARTESIAN_POINT('Ctrl Pts',(-4.1933666352891,-8.92625800531784,115.26));
#2129=CARTESIAN_POINT('Ctrl Pts',(-4.41983070833004,-8.8280800971237,115.26));
#2130=CARTESIAN_POINT('Ctrl Pts',(-4.64234602857994,-8.72155834854036,115.26));
#2131=CARTESIAN_POINT('Ctrl Pts',(-4.86343259148525,-8.6157205696292,115.26));
#2132=CARTESIAN_POINT('Ctrl Pts',(-5.08062156238509,-8.50164553154294,115.26));
#2133=CARTESIAN_POINT('Ctrl Pts',(-5.29341262083919,-8.37946352077322,115.26));
#2134=CARTESIAN_POINT('Ctrl Pts',(-5.38722900667148,-8.32559530494022,115.26));
#2135=CARTESIAN_POINT('Ctrl Pts',(-5.48019023956769,-8.2701506509669,115.26));
#2136=CARTESIAN_POINT('Ctrl Pts',(-5.57225185822656,-8.21313790390072,115.26));
#2137=CARTESIAN_POINT('Origin',(0.,0.,115.26));
#2138=CARTESIAN_POINT('Origin',(0.,0.,115.26));
#2139=CARTESIAN_POINT('Origin',(0.,0.,115.26));
#2140=CARTESIAN_POINT('Origin',(0.,0.,115.26));
#2141=CARTESIAN_POINT('Origin',(0.,0.,115.26));
#2142=CARTESIAN_POINT('Origin',(0.,0.,121.76));
#2143=CARTESIAN_POINT('',(-4.72922976780566,5.65906448128141,121.76));
#2144=CARTESIAN_POINT('',(-3.92067772304381,6.24651192202721,121.76));
#2145=CARTESIAN_POINT('Origin',(-4.3349162080648,5.9665003552527,121.76));
#2146=CARTESIAN_POINT('',(-5.65906443592997,4.72922982207385,121.76));
#2147=CARTESIAN_POINT('Origin',(0.,0.,121.76));
#2148=CARTESIAN_POINT('',(-6.24651188440884,3.92067778297823,121.76));
#2149=CARTESIAN_POINT('Origin',(-5.96650031413356,4.3349162656328,121.76));
#2150=CARTESIAN_POINT('',(-6.84350249299715,2.74901775700736,121.76));
#2151=CARTESIAN_POINT('Origin',(0.,0.,121.76));
#2152=CARTESIAN_POINT('',(-7.15234189601844,1.79850782663278,121.76));
#2153=CARTESIAN_POINT('Origin',(-7.01404179864953,2.279000368789,121.76));
#2154=CARTESIAN_POINT('',(-7.35805084494861,0.499712680598686,121.76));
#2155=CARTESIAN_POINT('Origin',(0.,0.,121.76));
#2156=CARTESIAN_POINT('',(-7.35805084997795,-0.499712606543838,121.76));
#2157=CARTESIAN_POINT('Origin',(-7.3750000024576,3.71127157586503E-8,121.76));
#2158=CARTESIAN_POINT('',(-7.15234191412064,-1.79850775464359,121.76));
#2159=CARTESIAN_POINT('Origin',(0.,0.,121.76));
#2160=CARTESIAN_POINT('',(-6.84350252066733,-2.74901768812423,121.76));
#2161=CARTESIAN_POINT('Origin',(-7.01404182162534,-2.27900029820258,121.76));
#2162=CARTESIAN_POINT('',(-6.24651192387982,-3.92067772009219,121.76));
#2163=CARTESIAN_POINT('Origin',(0.,0.,121.76));
#2164=CARTESIAN_POINT('',(-5.65906448354416,-4.72922976509803,121.76));
#2165=CARTESIAN_POINT('Origin',(-5.96650035783614,-4.3349162056072,121.76));
#2166=CARTESIAN_POINT('',(-4.72922982479827,-5.65906443365319,121.76));
#2167=CARTESIAN_POINT('Origin',(0.,0.,121.76));
#2168=CARTESIAN_POINT('',(-3.92067778595847,-6.24651188253827,121.76));
#2169=CARTESIAN_POINT('Origin',(-4.33491626821625,-5.96650031167596,121.76));
#2170=CARTESIAN_POINT('',(-2.74901776004044,-6.84350249177878,121.76));
#2171=CARTESIAN_POINT('Origin',(0.,0.,121.76));
#2172=CARTESIAN_POINT('',(-1.79850782970149,-7.15234189524679,121.76));
#2173=CARTESIAN_POINT('Origin',(-2.27900037137245,-7.01404179619193,121.76));
#2174=CARTESIAN_POINT('',(-0.499712683259356,-7.35805084476791,121.76));
#2175=CARTESIAN_POINT('Origin',(0.,0.,121.76));
#2176=CARTESIAN_POINT('',(0.499712604049497,-7.35805085014735,121.76));
#2177=CARTESIAN_POINT('Origin',(-3.96961586904531E-8,-7.375,121.76));
#2178=CARTESIAN_POINT('',(1.79850775289414,-7.15234191456055,121.76));
#2179=CARTESIAN_POINT('Origin',(0.,0.,121.76));
#2180=CARTESIAN_POINT('',(2.74901768664769,-6.84350252126045,121.76));
#2181=CARTESIAN_POINT('Origin',(2.27900029561914,-7.01404181916774,121.76));
#2182=CARTESIAN_POINT('',(3.92067771944471,-6.24651192428621,121.76));
#2183=CARTESIAN_POINT('Origin',(0.,0.,121.76));
#2184=CARTESIAN_POINT('',(4.72922976469397,-5.65906448388182,121.76));
#2185=CARTESIAN_POINT('Origin',(4.33491620302376,-5.96650035537855,121.76));
#2186=CARTESIAN_POINT('',(5.65906443387753,-4.72922982452983,121.76));
#2187=CARTESIAN_POINT('Origin',(0.,0.,121.76));
#2188=CARTESIAN_POINT('',(6.24651188285172,-3.92067778545908,121.76));
#2189=CARTESIAN_POINT('Origin',(5.96650030909252,-4.33491626575865,121.76));
#2190=CARTESIAN_POINT('',(6.84350249231176,-2.7490177587136,121.76));
#2191=CARTESIAN_POINT('Origin',(0.,0.,121.76));
#2192=CARTESIAN_POINT('',(7.1523418956487,-1.79850782810317,121.76));
#2193=CARTESIAN_POINT('Origin',(7.01404179360849,-2.27900036891485,121.76));
#2194=CARTESIAN_POINT('',(7.35805084492849,-0.499712680894835,121.76));
#2195=CARTESIAN_POINT('Origin',(0.,0.,121.76));
#2196=CARTESIAN_POINT('',(7.35805084997489,0.499712606588865,121.76));
#2197=CARTESIAN_POINT('Origin',(7.37499999741656,-3.72385665467744E-8,121.76));
#2198=CARTESIAN_POINT('',(7.15234191380992,1.79850775587927,121.76));
#2199=CARTESIAN_POINT('Origin',(0.,0.,121.76));
#2200=CARTESIAN_POINT('',(6.84350252007019,2.74901768961078,121.76));
#2201=CARTESIAN_POINT('Origin',(7.0140418165843,2.27900029807673,121.76));
#2202=CARTESIAN_POINT('',(6.2465119224336,3.92067772239633,121.76));
#2203=CARTESIAN_POINT('Origin',(0.,0.,121.76));
#2204=CARTESIAN_POINT('',(5.65906448161908,4.72922976740161,121.76));
#2205=CARTESIAN_POINT('Origin',(5.96650035279511,4.33491620548136,121.76));
#2206=CARTESIAN_POINT('',(4.72922982180541,5.6590644361543,121.76));
#2207=CARTESIAN_POINT('Origin',(0.,0.,121.76));
#2208=CARTESIAN_POINT('',(3.92067778247884,6.24651188472229,121.76));
#2209=CARTESIAN_POINT('Origin',(4.33491626317521,5.96650031155011,121.76));
#2210=CARTESIAN_POINT('',(2.74901775568052,6.84350249353014,121.76));
#2211=CARTESIAN_POINT('Origin',(0.,0.,121.76));
#2212=CARTESIAN_POINT('',(1.79850782503446,7.15234189642035,121.76));
#2213=CARTESIAN_POINT('Origin',(2.27900036633141,7.01404179606608,121.76));
#2214=CARTESIAN_POINT('',(0.499712678234162,7.35805084510919,121.76));
#2215=CARTESIAN_POINT('Origin',(0.,0.,121.76));
#2216=CARTESIAN_POINT('',(-0.499712609083207,7.35805084980549,121.76));
#2217=CARTESIAN_POINT('Origin',(3.46551212429907E-8,7.37499999987415,121.76));
#2218=CARTESIAN_POINT('',(-1.79850775762872,7.15234191337001,121.76));
#2219=CARTESIAN_POINT('Origin',(0.,0.,121.76));
#2220=CARTESIAN_POINT('',(-2.74901769108732,6.84350251947707,121.76));
#2221=CARTESIAN_POINT('Origin',(-2.27900030066018,7.01404181904189,121.76));
#2222=CARTESIAN_POINT('Origin',(0.,0.,121.76));
#2223=CARTESIAN_POINT('',(5.875,7.1947999449907E-16,121.76));
#2224=CARTESIAN_POINT('Origin',(0.,0.,121.76));
#2225=CARTESIAN_POINT('Origin',(0.,0.,117.76));
#2226=CARTESIAN_POINT('',(4.72922976469397,-5.65906448388182,117.76));
#2227=CARTESIAN_POINT('',(4.72922976469397,-5.65906448388182,147.76));
#2228=CARTESIAN_POINT('',(5.65906443387753,-4.72922982452983,117.76));
#2229=CARTESIAN_POINT('Origin',(0.,0.,117.76));
#2230=CARTESIAN_POINT('',(5.65906443387753,-4.72922982452983,147.76));
#2231=CARTESIAN_POINT('Origin',(4.33491620302376,-5.96650035537855,147.76));
#2232=CARTESIAN_POINT('',(3.92067771944471,-6.24651192428621,117.76));
#2233=CARTESIAN_POINT('',(3.92067771944471,-6.24651192428621,147.76));
#2234=CARTESIAN_POINT('Origin',(4.33491620302376,-5.96650035537855,117.76));
#2235=CARTESIAN_POINT('Origin',(0.,0.,117.76));
#2236=CARTESIAN_POINT('',(2.74901768664769,-6.84350252126045,117.76));
#2237=CARTESIAN_POINT('',(2.74901768664769,-6.84350252126045,147.76));
#2238=CARTESIAN_POINT('Origin',(0.,0.,117.76));
#2239=CARTESIAN_POINT('Origin',(2.27900029561914,-7.01404181916774,147.76));
#2240=CARTESIAN_POINT('',(1.79850775289414,-7.15234191456055,117.76));
#2241=CARTESIAN_POINT('',(1.79850775289414,-7.15234191456055,147.76));
#2242=CARTESIAN_POINT('Origin',(2.27900029561914,-7.01404181916774,117.76));
#2243=CARTESIAN_POINT('Origin',(0.,0.,117.76));
#2244=CARTESIAN_POINT('',(0.499712604049497,-7.35805085014735,117.76));
#2245=CARTESIAN_POINT('',(0.499712604049497,-7.35805085014735,147.76));
#2246=CARTESIAN_POINT('Origin',(0.,0.,117.76));
#2247=CARTESIAN_POINT('Origin',(-3.96961586904531E-8,-7.375,147.76));
#2248=CARTESIAN_POINT('',(-0.499712683259355,-7.35805084476791,117.76));
#2249=CARTESIAN_POINT('',(-0.499712683259355,-7.35805084476791,147.76));
#2250=CARTESIAN_POINT('Origin',(-3.96961586904531E-8,-7.375,117.76));
#2251=CARTESIAN_POINT('Origin',(0.,0.,117.76));
#2252=CARTESIAN_POINT('',(-1.79850782970149,-7.15234189524679,117.76));
#2253=CARTESIAN_POINT('',(-1.79850782970149,-7.15234189524679,147.76));
#2254=CARTESIAN_POINT('Origin',(0.,0.,117.76));
#2255=CARTESIAN_POINT('Origin',(-2.27900037137245,-7.01404179619193,147.76));
#2256=CARTESIAN_POINT('',(-2.74901776004044,-6.84350249177878,117.76));
#2257=CARTESIAN_POINT('',(-2.74901776004044,-6.84350249177878,147.76));
#2258=CARTESIAN_POINT('Origin',(-2.27900037137245,-7.01404179619193,117.76));
#2259=CARTESIAN_POINT('Origin',(0.,0.,117.76));
#2260=CARTESIAN_POINT('',(-3.92067778595847,-6.24651188253827,117.76));
#2261=CARTESIAN_POINT('',(-3.92067778595847,-6.24651188253827,147.76));
#2262=CARTESIAN_POINT('Origin',(0.,0.,117.76));
#2263=CARTESIAN_POINT('Origin',(-4.33491626821625,-5.96650031167596,147.76));
#2264=CARTESIAN_POINT('',(-4.72922982479827,-5.65906443365319,117.76));
#2265=CARTESIAN_POINT('',(-4.72922982479827,-5.65906443365319,147.76));
#2266=CARTESIAN_POINT('Origin',(-4.33491626821625,-5.96650031167596,117.76));
#2267=CARTESIAN_POINT('Origin',(0.,0.,117.76));
#2268=CARTESIAN_POINT('',(-5.65906448354416,-4.72922976509803,117.76));
#2269=CARTESIAN_POINT('',(-5.65906448354416,-4.72922976509803,147.76));
#2270=CARTESIAN_POINT('Origin',(0.,0.,117.76));
#2271=CARTESIAN_POINT('Origin',(-5.96650035783614,-4.3349162056072,147.76));
#2272=CARTESIAN_POINT('',(-6.24651192387982,-3.92067772009219,117.76));
#2273=CARTESIAN_POINT('',(-6.24651192387982,-3.92067772009219,147.76));
#2274=CARTESIAN_POINT('Origin',(-5.96650035783614,-4.3349162056072,117.76));
#2275=CARTESIAN_POINT('Origin',(0.,0.,117.76));
#2276=CARTESIAN_POINT('',(-6.84350252066733,-2.74901768812423,117.76));
#2277=CARTESIAN_POINT('',(-6.84350252066733,-2.74901768812423,147.76));
#2278=CARTESIAN_POINT('Origin',(0.,0.,117.76));
#2279=CARTESIAN_POINT('Origin',(-7.01404182162534,-2.27900029820258,147.76));
#2280=CARTESIAN_POINT('',(-7.15234191412064,-1.79850775464359,117.76));
#2281=CARTESIAN_POINT('',(-7.15234191412064,-1.79850775464359,147.76));
#2282=CARTESIAN_POINT('Origin',(-7.01404182162534,-2.27900029820258,117.76));
#2283=CARTESIAN_POINT('Origin',(0.,0.,117.76));
#2284=CARTESIAN_POINT('',(-7.35805084997795,-0.499712606543838,117.76));
#2285=CARTESIAN_POINT('',(-7.35805084997795,-0.499712606543838,147.76));
#2286=CARTESIAN_POINT('Origin',(0.,0.,117.76));
#2287=CARTESIAN_POINT('Origin',(-7.3750000024576,3.71127157586503E-8,147.76));
#2288=CARTESIAN_POINT('',(-7.35805084494861,0.499712680598686,117.76));
#2289=CARTESIAN_POINT('',(-7.35805084494861,0.499712680598686,147.76));
#2290=CARTESIAN_POINT('Origin',(-7.3750000024576,3.71127157586503E-8,117.76));
#2291=CARTESIAN_POINT('Origin',(0.,0.,117.76));
#2292=CARTESIAN_POINT('',(-7.15234189601844,1.79850782663278,117.76));
#2293=CARTESIAN_POINT('',(-7.15234189601844,1.79850782663278,147.76));
#2294=CARTESIAN_POINT('Origin',(0.,0.,117.76));
#2295=CARTESIAN_POINT('Origin',(-7.01404179864953,2.279000368789,147.76));
#2296=CARTESIAN_POINT('',(-6.84350249299715,2.74901775700736,117.76));
#2297=CARTESIAN_POINT('',(-6.84350249299715,2.74901775700736,147.76));
#2298=CARTESIAN_POINT('Origin',(-7.01404179864953,2.279000368789,117.76));
#2299=CARTESIAN_POINT('Origin',(0.,0.,117.76));
#2300=CARTESIAN_POINT('',(-6.24651188440885,3.92067778297823,117.76));
#2301=CARTESIAN_POINT('',(-6.24651188440885,3.92067778297823,147.76));
#2302=CARTESIAN_POINT('Origin',(0.,0.,117.76));
#2303=CARTESIAN_POINT('Origin',(-5.96650031413356,4.3349162656328,147.76));
#2304=CARTESIAN_POINT('',(-5.65906443592997,4.72922982207385,117.76));
#2305=CARTESIAN_POINT('',(-5.65906443592997,4.72922982207385,147.76));
#2306=CARTESIAN_POINT('Origin',(-5.96650031413356,4.3349162656328,117.76));
#2307=CARTESIAN_POINT('Origin',(-4.3349162080648,5.9665003552527,147.76));
#2308=CARTESIAN_POINT('',(-3.92067772304381,6.24651192202721,117.76));
#2309=CARTESIAN_POINT('',(-3.92067772304381,6.24651192202721,147.76));
#2310=CARTESIAN_POINT('',(-4.72922976780566,5.65906448128141,117.76));
#2311=CARTESIAN_POINT('Origin',(-4.3349162080648,5.9665003552527,117.76));
#2312=CARTESIAN_POINT('',(-4.72922976780566,5.65906448128141,147.76));
#2313=CARTESIAN_POINT('Origin',(7.37499999741656,-3.72385665467744E-8,147.76));
#2314=CARTESIAN_POINT('',(7.35805084492849,-0.499712680894835,117.76));
#2315=CARTESIAN_POINT('',(7.35805084492849,-0.499712680894835,147.76));
#2316=CARTESIAN_POINT('',(7.35805084997489,0.499712606588865,117.76));
#2317=CARTESIAN_POINT('Origin',(7.37499999741656,-3.72385665467744E-8,117.76));
#2318=CARTESIAN_POINT('',(7.35805084997489,0.499712606588865,147.76));
#2319=CARTESIAN_POINT('Origin',(-2.27900030066018,7.01404181904189,147.76));
#2320=CARTESIAN_POINT('',(-1.79850775762872,7.15234191337001,117.76));
#2321=CARTESIAN_POINT('',(-1.79850775762872,7.15234191337001,147.76));
#2322=CARTESIAN_POINT('',(-2.74901769108732,6.84350251947707,117.76));
#2323=CARTESIAN_POINT('Origin',(-2.27900030066018,7.01404181904189,117.76));
#2324=CARTESIAN_POINT('',(-2.74901769108732,6.84350251947707,147.76));
#2325=CARTESIAN_POINT('Origin',(2.27900036633141,7.01404179606608,147.76));
#2326=CARTESIAN_POINT('',(2.74901775568052,6.84350249353014,117.76));
#2327=CARTESIAN_POINT('',(2.74901775568052,6.84350249353014,147.76));
#2328=CARTESIAN_POINT('',(1.79850782503446,7.15234189642035,117.76));
#2329=CARTESIAN_POINT('Origin',(2.27900036633141,7.01404179606608,117.76));
#2330=CARTESIAN_POINT('',(1.79850782503446,7.15234189642035,147.76));
#2331=CARTESIAN_POINT('Origin',(7.01404179360849,-2.27900036891485,147.76));
#2332=CARTESIAN_POINT('',(6.84350249231176,-2.7490177587136,117.76));
#2333=CARTESIAN_POINT('',(6.84350249231176,-2.7490177587136,147.76));
#2334=CARTESIAN_POINT('',(7.1523418956487,-1.79850782810317,117.76));
#2335=CARTESIAN_POINT('Origin',(7.01404179360849,-2.27900036891485,117.76));
#2336=CARTESIAN_POINT('',(7.1523418956487,-1.79850782810317,147.76));
#2337=CARTESIAN_POINT('Origin',(5.96650030909252,-4.33491626575865,147.76));
#2338=CARTESIAN_POINT('',(6.24651188285172,-3.92067778545908,117.76));
#2339=CARTESIAN_POINT('Origin',(5.96650030909252,-4.33491626575865,117.76));
#2340=CARTESIAN_POINT('',(6.24651188285172,-3.92067778545908,147.76));
#2341=CARTESIAN_POINT('Origin',(4.33491626317521,5.96650031155011,147.76));
#2342=CARTESIAN_POINT('',(4.72922982180541,5.6590644361543,117.76));
#2343=CARTESIAN_POINT('',(4.72922982180541,5.6590644361543,147.76));
#2344=CARTESIAN_POINT('',(3.92067778247884,6.24651188472229,117.76));
#2345=CARTESIAN_POINT('Origin',(4.33491626317521,5.96650031155011,117.76));
#2346=CARTESIAN_POINT('',(3.92067778247884,6.2465118847223,147.76));
#2347=CARTESIAN_POINT('Origin',(3.46551212429907E-8,7.37499999987415,147.76));
#2348=CARTESIAN_POINT('',(0.499712678234162,7.35805084510919,117.76));
#2349=CARTESIAN_POINT('',(0.499712678234162,7.35805084510919,147.76));
#2350=CARTESIAN_POINT('',(-0.499712609083208,7.35805084980549,117.76));
#2351=CARTESIAN_POINT('Origin',(3.46551212429907E-8,7.37499999987415,117.76));
#2352=CARTESIAN_POINT('',(-0.499712609083208,7.35805084980549,147.76));
#2353=CARTESIAN_POINT('Origin',(5.96650035279511,4.33491620548136,147.76));
#2354=CARTESIAN_POINT('',(6.2465119224336,3.92067772239633,117.76));
#2355=CARTESIAN_POINT('',(6.2465119224336,3.92067772239633,147.76));
#2356=CARTESIAN_POINT('',(5.65906448161908,4.72922976740161,117.76));
#2357=CARTESIAN_POINT('Origin',(5.96650035279511,4.33491620548136,117.76));
#2358=CARTESIAN_POINT('',(5.65906448161907,4.72922976740161,147.76));
#2359=CARTESIAN_POINT('Origin',(7.0140418165843,2.27900029807673,147.76));
#2360=CARTESIAN_POINT('',(7.15234191380992,1.79850775587927,117.76));
#2361=CARTESIAN_POINT('',(7.15234191380992,1.79850775587927,147.76));
#2362=CARTESIAN_POINT('',(6.84350252007019,2.74901768961078,117.76));
#2363=CARTESIAN_POINT('Origin',(7.0140418165843,2.27900029807673,117.76));
#2364=CARTESIAN_POINT('',(6.84350252007019,2.74901768961078,147.76));
#2365=CARTESIAN_POINT('Origin',(0.,0.,117.76));
#2366=CARTESIAN_POINT('Origin',(0.,0.,117.76));
#2367=CARTESIAN_POINT('Origin',(0.,0.,117.76));
#2368=CARTESIAN_POINT('Origin',(0.,0.,117.76));
#2369=CARTESIAN_POINT('Origin',(0.,0.,117.76));
#2370=CARTESIAN_POINT('Origin',(0.,0.,117.76));
#2371=CARTESIAN_POINT('Origin',(0.,0.,117.76));
#2372=CARTESIAN_POINT('Origin',(0.,0.,117.76));
#2373=CARTESIAN_POINT('Origin',(0.,0.,117.76));
#2374=CARTESIAN_POINT('Origin',(0.,0.,117.76));
#2375=CARTESIAN_POINT('Origin',(0.,0.,117.76));
#2376=CARTESIAN_POINT('Origin',(0.,0.,117.76));
#2377=CARTESIAN_POINT('Origin',(0.,0.,117.76));
#2378=CARTESIAN_POINT('Origin',(0.,0.,117.76));
#2379=CARTESIAN_POINT('Origin',(0.,0.,117.76));
#2380=CARTESIAN_POINT('Origin',(0.,0.,117.76));
#2381=CARTESIAN_POINT('Origin',(0.,0.,117.76));
#2382=CARTESIAN_POINT('Origin',(0.,0.,117.76));
#2383=CARTESIAN_POINT('Origin',(0.,0.,117.76));
#2384=CARTESIAN_POINT('Origin',(0.,0.,117.76));
#2385=CARTESIAN_POINT('Ctrl Pts',(3.95328135855715,8.16144954956437,118.254500505561));
#2386=CARTESIAN_POINT('Ctrl Pts',(5.26574021463425,7.52571454953858,118.216109473438));
#2387=CARTESIAN_POINT('Ctrl Pts',(7.57707281950789,5.60974359291782,118.139327409193));
#2388=CARTESIAN_POINT('Ctrl Pts',(9.31512867645751,1.45388899112665,118.024154312825));
#2389=CARTESIAN_POINT('Ctrl Pts',(8.92646775305209,-3.03349921584437,117.908981216458));
#2390=CARTESIAN_POINT('Ctrl Pts',(6.50035147921269,-6.82868106979698,117.79380812009));
#2391=CARTESIAN_POINT('Ctrl Pts',(2.5903535134575,-9.06503109584607,117.678635023722));
#2392=CARTESIAN_POINT('Ctrl Pts',(-1.91089968709878,-9.23219610929388,117.563461927355));
#2393=CARTESIAN_POINT('Ctrl Pts',(-5.9759769238242,-7.29195420342561,117.448288830987));
#2394=CARTESIAN_POINT('Ctrl Pts',(-8.67694001635669,-3.68722249472592,117.333115734619));
#2395=CARTESIAN_POINT('Ctrl Pts',(-9.3972633907088,0.759177548490954,117.217942638251));
#2396=CARTESIAN_POINT('Ctrl Pts',(-7.97251760701301,5.0322819292598,117.102769541884));
#2397=CARTESIAN_POINT('Ctrl Pts',(-4.72792459466727,8.1566925786272,116.987596445516));
#2398=CARTESIAN_POINT('Ctrl Pts',(-0.404110897631877,9.41921421118233,116.872423349148));
#2399=CARTESIAN_POINT('Ctrl Pts',(4.01194713836106,8.53165771179775,116.75725025278));
#2400=CARTESIAN_POINT('Ctrl Pts',(7.51221743444155,5.69662103280501,116.642077156413));
#2401=CARTESIAN_POINT('Ctrl Pts',(9.29771051599978,1.5612443613217,116.526904060045));
#2402=CARTESIAN_POINT('Ctrl Pts',(8.96085986240546,-2.93051001295304,116.411730963677));
#2403=CARTESIAN_POINT('Ctrl Pts',(6.578558294731,-6.75333107046548,116.29655786731));
#2404=CARTESIAN_POINT('Ctrl Pts',(2.69459877289642,-9.03460210668793,116.181384770942));
#2405=CARTESIAN_POINT('Ctrl Pts',(-1.80443860613383,-9.25358836428494,116.066211674574));
#2406=CARTESIAN_POINT('Ctrl Pts',(-5.89159702021098,-7.36030346969854,115.951038578206));
#2407=CARTESIAN_POINT('Ctrl Pts',(-8.63388496734803,-3.78691833341303,115.835865481839));
#2408=CARTESIAN_POINT('Ctrl Pts',(-9.40541357868221,0.650883952979666,115.720692385471));
#2409=CARTESIAN_POINT('Ctrl Pts',(-8.02990121425991,4.9401043033558,115.605519289103));
#2410=CARTESIAN_POINT('Ctrl Pts',(-4.8217170718229,8.1016331647867,115.490346192735));
#2411=CARTESIAN_POINT('Ctrl Pts',(-0.512388629233797,9.41375130237887,115.375173096368));
#2412=CARTESIAN_POINT('Ctrl Pts',(2.43748580399077,8.8556796715157,115.298391032123));
#2413=CARTESIAN_POINT('Ctrl Pts',(3.76424007708191,8.25034477413462,115.26));
#2414=CARTESIAN_POINT('Ctrl Pts',(4.07774095252176,8.41839323886256,118.089667003707));
#2415=CARTESIAN_POINT('Ctrl Pts',(5.43151943184526,7.76264364518761,118.051275971585));
#2416=CARTESIAN_POINT('Ctrl Pts',(7.81561880726435,5.78635293247542,117.97449390734));
#2417=CARTESIAN_POINT('Ctrl Pts',(9.60839318956647,1.49966120339622,117.859320810972));
#2418=CARTESIAN_POINT('Ctrl Pts',(9.20749620797808,-3.12900167227306,117.744147714604));
#2419=CARTESIAN_POINT('Ctrl Pts',(6.70499947472631,-7.04366573599613,117.628974618236));
#2420=CARTESIAN_POINT('Ctrl Pts',(2.67190458894872,-9.35042188570813,117.513801521869));
#2421=CARTESIAN_POINT('Ctrl Pts',(-1.97105978641694,-9.52284968918067,117.398628425501));
#2422=CARTESIAN_POINT('Ctrl Pts',(-6.16411624253752,-7.52152391452205,117.283455329133));
#2423=CARTESIAN_POINT('Ctrl Pts',(-8.95011268820649,-3.80330586267478,117.168282232765));
#2424=CARTESIAN_POINT('Ctrl Pts',(-9.69311371855214,0.783078435086772,117.053109136398));
#2425=CARTESIAN_POINT('Ctrl Pts',(-8.22351322666369,5.19071127157702,116.93793604003));
#2426=CARTESIAN_POINT('Ctrl Pts',(-4.87677197535619,8.41348650609018,116.822762943662));
#2427=CARTESIAN_POINT('Ctrl Pts',(-0.41683336124481,9.71575560802773,116.707589847295));
#2428=CARTESIAN_POINT('Ctrl Pts',(4.13825368387597,8.80025651829477,116.592416750927));
#2429=CARTESIAN_POINT('Ctrl Pts',(7.74872160575247,5.875965500453,116.477243654559));
#2430=CARTESIAN_POINT('Ctrl Pts',(9.59042666004983,1.61039640026501,116.362070558191));
#2431=CARTESIAN_POINT('Ctrl Pts',(9.24297107051229,-3.02277010102693,116.246897461824));
#2432=CARTESIAN_POINT('Ctrl Pts',(6.7856684444962,-6.96594352242754,116.131724365456));
#2433=CARTESIAN_POINT('Ctrl Pts',(2.77943176067411,-9.31903491271532,116.016551269088));
#2434=CARTESIAN_POINT('Ctrl Pts',(-1.86124703333251,-9.54491542807756,115.90137817272));
#2435=CARTESIAN_POINT('Ctrl Pts',(-6.07707983978094,-7.59202499372114,115.786205076353));
#2436=CARTESIAN_POINT('Ctrl Pts',(-8.90570215411297,-3.90614038603358,115.671031979985));
#2437=CARTESIAN_POINT('Ctrl Pts',(-9.7015204956711,0.67137547512508,115.555858883617));
#2438=CARTESIAN_POINT('Ctrl Pts',(-8.28270341932923,5.09563165392184,115.44068578725));
#2439=CARTESIAN_POINT('Ctrl Pts',(-4.97351728398648,8.35669367849312,115.325512690882));
#2440=CARTESIAN_POINT('Ctrl Pts',(-0.528519957859947,9.71012071262633,115.210339594514));
#2441=CARTESIAN_POINT('Ctrl Pts',(2.51422420582562,9.13447953325885,115.133557530269));
#2442=CARTESIAN_POINT('Ctrl Pts',(3.8827481591249,8.51008711664059,115.095166498146));
#2443=CARTESIAN_POINT('Ctrl Pts',(4.20220054648637,8.67533692816076,117.924833501854));
#2444=CARTESIAN_POINT('Ctrl Pts',(5.59729864905627,7.99957274083665,117.886442469731));
#2445=CARTESIAN_POINT('Ctrl Pts',(8.05416479502082,5.96296227203301,117.809660405486));
#2446=CARTESIAN_POINT('Ctrl Pts',(9.90165770267543,1.5454334156658,117.694487309118));
#2447=CARTESIAN_POINT('Ctrl Pts',(9.48852466290407,-3.22450412870175,117.57931421275));
#2448=CARTESIAN_POINT('Ctrl Pts',(6.90964747023993,-7.25865040219529,117.464141116383));
#2449=CARTESIAN_POINT('Ctrl Pts',(2.75345566443994,-9.63581267557019,117.348968020015));
#2450=CARTESIAN_POINT('Ctrl Pts',(-2.03121988573509,-9.81350326906747,117.233794923647));
#2451=CARTESIAN_POINT('Ctrl Pts',(-6.35225556125086,-7.75109362561848,117.11862182728));
#2452=CARTESIAN_POINT('Ctrl Pts',(-9.22328536005628,-3.91938923062364,117.003448730912));
#2453=CARTESIAN_POINT('Ctrl Pts',(-9.98896404639549,0.806979321682588,116.888275634544));
#2454=CARTESIAN_POINT('Ctrl Pts',(-8.47450884631438,5.34914061389424,116.773102538176));
#2455=CARTESIAN_POINT('Ctrl Pts',(-5.02561935604512,8.67028043355317,116.657929441809));
#2456=CARTESIAN_POINT('Ctrl Pts',(-0.429555824857749,10.0122970048731,116.542756345441));
#2457=CARTESIAN_POINT('Ctrl Pts',(4.2645602293909,9.0688553247918,116.427583249073));
#2458=CARTESIAN_POINT('Ctrl Pts',(7.98522577706338,6.055309968101,116.312410152705));
#2459=CARTESIAN_POINT('Ctrl Pts',(9.88314280409989,1.65954843920831,116.197237056338));
#2460=CARTESIAN_POINT('Ctrl Pts',(9.52508227861911,-3.11503018910082,116.08206395997));
#2461=CARTESIAN_POINT('Ctrl Pts',(6.9927785942614,-7.17855597438959,115.966890863602));
#2462=CARTESIAN_POINT('Ctrl Pts',(2.86426474845179,-9.60346771874271,115.851717767235));
#2463=CARTESIAN_POINT('Ctrl Pts',(-1.91805546053119,-9.83624249187018,115.736544670867));
#2464=CARTESIAN_POINT('Ctrl Pts',(-6.26256265935091,-7.82374651774374,115.621371574499));
#2465=CARTESIAN_POINT('Ctrl Pts',(-9.17751934087791,-4.02536243865413,115.506198478131));
#2466=CARTESIAN_POINT('Ctrl Pts',(-9.99762741266,0.691866997270496,115.391025381764));
#2467=CARTESIAN_POINT('Ctrl Pts',(-8.53550562439856,5.25115900448787,115.275852285396));
#2468=CARTESIAN_POINT('Ctrl Pts',(-5.12531749615006,8.61175419219953,115.160679189028));
#2469=CARTESIAN_POINT('Ctrl Pts',(-0.5446512864861,10.0064901228738,115.04550609266));
#2470=CARTESIAN_POINT('Ctrl Pts',(2.59096260766047,9.413279395002,114.968724028415));
#2471=CARTESIAN_POINT('Ctrl Pts',(4.0012562411679,8.76982945914657,114.930332996293));
#2472=CARTESIAN_POINT('Ctrl Pts',(4.32666014045098,8.93228061745894,117.76));
#2473=CARTESIAN_POINT('Ctrl Pts',(5.76307786626729,8.23650183648568,117.721608967877));
#2474=CARTESIAN_POINT('Ctrl Pts',(8.29271078277729,6.13957161159061,117.644826903632));
#2475=CARTESIAN_POINT('Ctrl Pts',(10.1949222157844,1.59120562793538,117.529653807265));
#2476=CARTESIAN_POINT('Ctrl Pts',(9.76955311783007,-3.32000658513044,117.414480710897));
#2477=CARTESIAN_POINT('Ctrl Pts',(7.11429546575354,-7.47363506839445,117.299307614529));
#2478=CARTESIAN_POINT('Ctrl Pts',(2.83500673993115,-9.92120346543224,117.184134518161));
#2479=CARTESIAN_POINT('Ctrl Pts',(-2.09137998505325,-10.1041568489543,117.068961421794));
#2480=CARTESIAN_POINT('Ctrl Pts',(-6.54039487996418,-7.98066333671492,116.953788325426));
#2481=CARTESIAN_POINT('Ctrl Pts',(-9.49645803190607,-4.03547259857251,116.838615229058));
#2482=CARTESIAN_POINT('Ctrl Pts',(-10.2848143742388,0.830880208278405,116.72344213269));
#2483=CARTESIAN_POINT('Ctrl Pts',(-8.72550446596506,5.50756995621145,116.608269036323));
#2484=CARTESIAN_POINT('Ctrl Pts',(-5.17446673673404,8.92707436101615,116.493095939955));
#2485=CARTESIAN_POINT('Ctrl Pts',(-0.442278288470682,10.3088384017185,116.377922843587));
#2486=CARTESIAN_POINT('Ctrl Pts',(4.39086677490582,9.33745413128882,116.26274974722));
#2487=CARTESIAN_POINT('Ctrl Pts',(8.22172994837431,6.23465443574899,116.147576650852));
#2488=CARTESIAN_POINT('Ctrl Pts',(10.1758589481499,1.70870047815161,116.032403554484));
#2489=CARTESIAN_POINT('Ctrl Pts',(9.80719348672594,-3.20729027717471,115.917230458116));
#2490=CARTESIAN_POINT('Ctrl Pts',(7.19988874402659,-7.39116842635165,115.802057361749));
#2491=CARTESIAN_POINT('Ctrl Pts',(2.94909773622948,-9.88790052477011,115.686884265381));
#2492=CARTESIAN_POINT('Ctrl Pts',(-1.97486388772986,-10.1275695556628,115.571711169013));
#2493=CARTESIAN_POINT('Ctrl Pts',(-6.44804547892088,-8.05546804176634,115.456538072645));
#2494=CARTESIAN_POINT('Ctrl Pts',(-9.44933652764285,-4.14458449127467,115.341364976278));
#2495=CARTESIAN_POINT('Ctrl Pts',(-10.2937343296489,0.71235851941591,115.22619187991));
#2496=CARTESIAN_POINT('Ctrl Pts',(-8.78830782946789,5.40668635505391,115.111018783542));
#2497=CARTESIAN_POINT('Ctrl Pts',(-5.27711770831364,8.86681470590594,114.995845687175));
#2498=CARTESIAN_POINT('Ctrl Pts',(-0.560782615112249,10.3028595331213,114.880672590807));
#2499=CARTESIAN_POINT('Ctrl Pts',(2.66770100949533,9.69207925674515,114.803890526562));
#2500=CARTESIAN_POINT('Ctrl Pts',(4.11976432321089,9.02957180165254,114.765499494439));
#2501=CARTESIAN_POINT('Ctrl Pts',(9.92456018380152,0.000174703060069029,
115.992686825365));
#2502=CARTESIAN_POINT('Ctrl Pts',(9.9238469881028,-1.04561895153541,115.967534702949));
#2503=CARTESIAN_POINT('Ctrl Pts',(9.75904115763708,-2.09163226613301,115.942382580533));
#2504=CARTESIAN_POINT('Ctrl Pts',(9.43408693984672,-3.08527150948315,115.917230458116));
#2505=CARTESIAN_POINT('Ctrl Pts',(8.93809190582616,-4.60191632690036,115.878839425994));
#2506=CARTESIAN_POINT('Ctrl Pts',(8.06899032492637,-5.996542376626,115.840448393871));
#2507=CARTESIAN_POINT('Ctrl Pts',(6.9259743665103,-7.1099774178919,115.802057361749));
#2508=CARTESIAN_POINT('Ctrl Pts',(5.78295840809422,-8.2234124591578,115.763666329626));
#2509=CARTESIAN_POINT('Ctrl Pts',(4.36602807216185,-9.05565649196396,115.725275297503));
#2510=CARTESIAN_POINT('Ctrl Pts',(2.83690263353578,-9.51172334684914,115.686884265381));
#2511=CARTESIAN_POINT('Ctrl Pts',(1.3077771949097,-9.96779020173433,115.648493233258));
#2512=CARTESIAN_POINT('Ctrl Pts',(-0.333543346410075,-10.0476798786986,
115.610102201136));
#2513=CARTESIAN_POINT('Ctrl Pts',(-1.89973388226846,-9.7422744648646,115.571711169013));
#2514=CARTESIAN_POINT('Ctrl Pts',(-3.46592441812686,-9.43686905103064,115.533320136891));
#2515=CARTESIAN_POINT('Ctrl Pts',(-4.95698494852387,-8.74616854639849,115.494929104768));
#2516=CARTESIAN_POINT('Ctrl Pts',(-6.20273038850937,-7.74900436900047,115.456538072645));
#2517=CARTESIAN_POINT('Ctrl Pts',(-7.44847582849488,-6.75184019160244,115.418147040523));
#2518=CARTESIAN_POINT('Ctrl Pts',(-8.44890617806888,-5.44821234143853,115.3797560084));
#2519=CARTESIAN_POINT('Ctrl Pts',(-9.08985431985688,-3.98690791457481,115.341364976278));
#2520=CARTESIAN_POINT('Ctrl Pts',(-9.54265737887443,-2.95455744579284,115.314243317519));
#2521=CARTESIAN_POINT('Ctrl Pts',(-9.81604892060769,-1.84351325238918,115.287121658759));
#2522=CARTESIAN_POINT('Ctrl Pts',(-9.89869162863183,-0.718925007242371,
115.26));
#2523=CARTESIAN_POINT('',(5.26288812583923,-7.38509991976415,117.76));
#2524=CARTESIAN_POINT('Ctrl Pts',(5.26291289978082,-7.38481796607218,117.76));
#2525=CARTESIAN_POINT('Ctrl Pts',(5.45872038068293,-7.25854699795281,117.76));
#2526=CARTESIAN_POINT('Ctrl Pts',(5.64931104952763,-7.12500405219519,117.76));
#2527=CARTESIAN_POINT('Ctrl Pts',(5.8342623401118,-6.98450359593034,117.76));
#2528=CARTESIAN_POINT('Ctrl Pts',(5.99147767416585,-6.86507309021903,117.76));
#2529=CARTESIAN_POINT('Ctrl Pts',(6.14461828108943,-6.74061435575532,117.76));
#2530=CARTESIAN_POINT('Ctrl Pts',(6.2934151616832,-6.61129250060955,117.76));
#2531=CARTESIAN_POINT('Ctrl Pts',(6.4675309865113,-6.45996552797981,117.76));
#2532=CARTESIAN_POINT('Ctrl Pts',(6.63570024339231,-6.30198053300409,117.76));
#2533=CARTESIAN_POINT('Ctrl Pts',(6.79768832564763,-6.13779157235691,117.76));
#2534=CARTESIAN_POINT('Ctrl Pts',(6.96074133069734,-5.97252322016225,117.76));
#2535=CARTESIAN_POINT('Ctrl Pts',(7.11753206652997,-5.80096859185896,117.76));
#2536=CARTESIAN_POINT('Ctrl Pts',(7.26778742485614,-5.62355010600771,117.76));
#2537=CARTESIAN_POINT('Ctrl Pts',(7.41791213256625,-5.44628588975948,117.76));
#2538=CARTESIAN_POINT('Ctrl Pts',(7.56151324070151,-5.2631674854528,117.76));
#2539=CARTESIAN_POINT('Ctrl Pts',(7.69827827212994,-5.07458331332131,117.76));
#2540=CARTESIAN_POINT('Ctrl Pts',(7.7235602969064,-5.03972213819138,117.76));
#2541=CARTESIAN_POINT('Ctrl Pts',(7.74860859711687,-5.00467410752657,117.76));
#2542=CARTESIAN_POINT('Ctrl Pts',(7.77342103074366,-4.96944157394048,117.76));
#2543=CARTESIAN_POINT('Ctrl Pts',(7.79404095594464,-4.9401622127092,117.76));
#2544=CARTESIAN_POINT('Ctrl Pts',(7.81450079467117,-4.91075123982001,117.76));
#2545=CARTESIAN_POINT('Ctrl Pts',(7.83478208189849,-4.88123534784558,117.76));
#2546=CARTESIAN_POINT('Ctrl Pts',(7.96784687960695,-4.68758263977337,117.76));
#2547=CARTESIAN_POINT('Ctrl Pts',(8.09335816976405,-4.48923691693783,117.76));
#2548=CARTESIAN_POINT('Ctrl Pts',(8.21109630543344,-4.28667884261485,117.76));
#2549=CARTESIAN_POINT('Ctrl Pts',(8.33091738571434,-4.08053724586702,117.76));
#2550=CARTESIAN_POINT('Ctrl Pts',(8.4426883666881,-3.87003248572571,117.76));
#2551=CARTESIAN_POINT('Ctrl Pts',(8.54614070844124,-3.65563071097213,117.76));
#2552=CARTESIAN_POINT('Ctrl Pts',(8.64959305019437,-3.44122893621855,117.76));
#2553=CARTESIAN_POINT('Ctrl Pts',(8.74472718893389,-3.22292957156612,117.76));
#2554=CARTESIAN_POINT('Ctrl Pts',(8.83123079808164,-3.00116655788572,117.76));
#2555=CARTESIAN_POINT('Ctrl Pts',(8.91663676177283,-2.78221749805998,117.76));
#2556=CARTESIAN_POINT('Ctrl Pts',(8.99363005202312,-2.55989149801129,117.76));
#2557=CARTESIAN_POINT('Ctrl Pts',(9.06216783299936,-2.33468712663724,117.76));
#2558=CARTESIAN_POINT('Ctrl Pts',(9.10881495630231,-2.18141201428002,117.76));
#2559=CARTESIAN_POINT('Ctrl Pts',(9.15154429471858,-2.02680311064102,117.76));
#2560=CARTESIAN_POINT('Ctrl Pts',(9.19032905228513,-1.87101392423751,117.76));
#2561=CARTESIAN_POINT('Ctrl Pts',(9.20168312828141,-1.82540728975516,117.76));
#2562=CARTESIAN_POINT('Ctrl Pts',(9.21269908158389,-1.77969949186198,117.76));
#2563=CARTESIAN_POINT('Ctrl Pts',(9.22337606080835,-1.73389435493201,117.76));
#2564=CARTESIAN_POINT('Ctrl Pts',(9.23142376486328,-1.69936902913912,117.76));
#2565=CARTESIAN_POINT('Ctrl Pts',(9.23927888614342,-1.66478840196176,117.76));
#2566=CARTESIAN_POINT('Ctrl Pts',(9.24694102918182,-1.63015410842232,117.76));
#2567=CARTESIAN_POINT('Ctrl Pts',(9.25241300254496,-1.60541978399777,117.76));
#2568=CARTESIAN_POINT('Ctrl Pts',(9.25778447495624,-1.58066747175485,117.76));
#2569=CARTESIAN_POINT('Ctrl Pts',(9.26305539038344,-1.55589845357146,117.76));
#2570=CARTESIAN_POINT('Ctrl Pts',(9.31215597628059,-1.32516560997004,117.76));
#2571=CARTESIAN_POINT('Ctrl Pts',(9.35253823865776,-1.09296760671998,117.76));
#2572=CARTESIAN_POINT('Ctrl Pts',(9.38424187339187,-0.859828218330092,117.76));
#2573=CARTESIAN_POINT('Ctrl Pts',(9.41640428264617,-0.623315134402092,117.76));
#2574=CARTESIAN_POINT('Ctrl Pts',(9.439635289164,-0.385832625754669,117.76));
#2575=CARTESIAN_POINT('Ctrl Pts',(9.45392786460286,-0.147905229729405,117.76));
#2576=CARTESIAN_POINT('Ctrl Pts',(9.46824015811358,0.0903504115103899,117.76));
#2577=CARTESIAN_POINT('Ctrl Pts',(9.47358946424859,0.329052831231153,117.76));
#2578=CARTESIAN_POINT('Ctrl Pts',(9.46991807326583,0.567687937235273,117.76));
#2579=CARTESIAN_POINT('Ctrl Pts',(9.46627552927967,0.804448030165034,117.76));
#2580=CARTESIAN_POINT('Ctrl Pts',(9.45375354027374,1.04114251929858,117.76));
#2581=CARTESIAN_POINT('Ctrl Pts',(9.43224471990018,1.27727188966512,117.76));
#2582=CARTESIAN_POINT('Ctrl Pts',(9.42641316992983,1.34129214734751,117.76));
#2583=CARTESIAN_POINT('Ctrl Pts',(9.41992072137002,1.40527084776211,117.76));
#2584=CARTESIAN_POINT('Ctrl Pts',(9.41276457184213,1.46919797139906,117.76));
#2585=CARTESIAN_POINT('Ctrl Pts',(9.40199392095867,1.56541406190876,117.76));
#2586=CARTESIAN_POINT('Ctrl Pts',(9.38971985161577,1.66151333201318,117.76));
#2587=CARTESIAN_POINT('Ctrl Pts',(9.37595310688889,1.75746462626159,117.76));
#2588=CARTESIAN_POINT('Ctrl Pts',(9.36435422221161,1.83830639522758,117.76));
#2589=CARTESIAN_POINT('Ctrl Pts',(9.35169572920825,1.91904312040427,117.76));
#2590=CARTESIAN_POINT('Ctrl Pts',(9.33798330000579,1.99965596939064,117.76));
#2591=CARTESIAN_POINT('Ctrl Pts',(9.33330972926676,2.02713103209829,117.76));
#2592=CARTESIAN_POINT('Ctrl Pts',(9.32851351187764,2.05459265498121,117.76));
#2593=CARTESIAN_POINT('Ctrl Pts',(9.32359794623626,2.08202352895484,117.76));
#2594=CARTESIAN_POINT('Ctrl Pts',(9.28169082623869,2.31588246017843,117.76));
#2595=CARTESIAN_POINT('Ctrl Pts',(9.23106695752835,2.54778627430727,117.76));
#2596=CARTESIAN_POINT('Ctrl Pts',(9.17202056517116,2.77729081861701,117.76));
#2597=CARTESIAN_POINT('Ctrl Pts',(9.11218727184016,3.00985392996531,117.76));
#2598=CARTESIAN_POINT('Ctrl Pts',(9.04370537782953,3.23995398946511,117.76));
#2599=CARTESIAN_POINT('Ctrl Pts',(8.96682755648139,3.46713092438762,117.76));
#2600=CARTESIAN_POINT('Ctrl Pts',(8.88932316951766,3.6961593849333,117.76));
#2601=CARTESIAN_POINT('Ctrl Pts',(8.80328530455959,3.92221751776977,117.76));
#2602=CARTESIAN_POINT('Ctrl Pts',(8.70892066490774,4.14482665422099,117.76));
#2603=CARTESIAN_POINT('Ctrl Pts',(8.61483998080145,4.36676593065875,117.76));
#2604=CARTESIAN_POINT('Ctrl Pts',(8.5124823361347,4.58527756576647,117.76));
#2605=CARTESIAN_POINT('Ctrl Pts',(8.40200374760433,4.79987052019116,117.76));
#2606=CARTESIAN_POINT('Ctrl Pts',(8.3145621490302,4.96971656210074,117.76));
#2607=CARTESIAN_POINT('Ctrl Pts',(8.22203227760066,5.13710757398329,117.76));
#2608=CARTESIAN_POINT('Ctrl Pts',(8.12447105140258,5.3017886897577,117.76));
#2609=CARTESIAN_POINT('Ctrl Pts',(8.09085922036465,5.35852469087467,117.76));
#2610=CARTESIAN_POINT('Ctrl Pts',(8.05665004348605,5.41493893895826,117.76));
#2611=CARTESIAN_POINT('Ctrl Pts',(8.02184537322954,5.47102066111408,117.76));
#2612=CARTESIAN_POINT('Ctrl Pts',(8.00349529069178,5.50058865365172,117.76));
#2613=CARTESIAN_POINT('Ctrl Pts',(7.98497848076645,5.53006597757962,117.76));
#2614=CARTESIAN_POINT('Ctrl Pts',(7.9663073749511,5.55943219049772,117.76));
#2615=CARTESIAN_POINT('Ctrl Pts',(7.91760114854429,5.63603811996138,117.76));
#2616=CARTESIAN_POINT('Ctrl Pts',(7.86782774219889,5.71191613854615,117.76));
#2617=CARTESIAN_POINT('Ctrl Pts',(7.81699880494866,5.7870418060931,117.76));
#2618=CARTESIAN_POINT('Ctrl Pts',(7.68144923451618,5.98738540002484,117.76));
#2619=CARTESIAN_POINT('Ctrl Pts',(7.53839654507771,6.18238012389498,117.76));
#2620=CARTESIAN_POINT('Ctrl Pts',(7.38828570254108,6.37174642502628,117.76));
#2621=CARTESIAN_POINT('Ctrl Pts',(7.23680790110367,6.562837158227,117.76));
#2622=CARTESIAN_POINT('Ctrl Pts',(7.07814242722611,6.74819697877985,117.76));
#2623=CARTESIAN_POINT('Ctrl Pts',(6.91270019622005,6.92751227241689,117.76));
#2624=CARTESIAN_POINT('Ctrl Pts',(6.81988196473021,7.02811372304567,117.76));
#2625=CARTESIAN_POINT('Ctrl Pts',(6.72492991176482,7.12681211013601,117.76));
#2626=CARTESIAN_POINT('Ctrl Pts',(6.62791101026427,7.22354758874678,117.76));
#2627=CARTESIAN_POINT('Ctrl Pts',(6.57129636725521,7.27999684248141,117.76));
#2628=CARTESIAN_POINT('Ctrl Pts',(6.51397784583023,7.33577761952587,117.76));
#2629=CARTESIAN_POINT('Ctrl Pts',(6.45596818854315,7.39087745570734,117.76));
#2630=CARTESIAN_POINT('Ctrl Pts',(6.43252169940807,7.41314784603183,117.76));
#2631=CARTESIAN_POINT('Ctrl Pts',(6.40896061991593,7.43530855193112,117.76));
#2632=CARTESIAN_POINT('Ctrl Pts',(6.38529125633151,7.45735363099696,117.76));
#2633=CARTESIAN_POINT('Ctrl Pts',(6.20487483822397,7.62538916721964,117.76));
#2634=CARTESIAN_POINT('Ctrl Pts',(6.01839249759567,7.78650447786764,117.76));
#2635=CARTESIAN_POINT('Ctrl Pts',(5.82628464867374,7.94040000325488,117.76));
#2636=CARTESIAN_POINT('Ctrl Pts',(5.63368295765019,8.09469114022235,117.76));
#2637=CARTESIAN_POINT('Ctrl Pts',(5.43542633564721,8.24172579901562,117.76));
#2638=CARTESIAN_POINT('Ctrl Pts',(5.23191811454258,8.3811688240581,117.76));
#2639=CARTESIAN_POINT('Ctrl Pts',(5.02971655350188,8.51971653081305,117.76));
#2640=CARTESIAN_POINT('Ctrl Pts',(4.82233011221509,8.65077019688598,117.76));
#2641=CARTESIAN_POINT('Ctrl Pts',(4.61012178395392,8.77396167820721,117.76));
#2642=CARTESIAN_POINT('Ctrl Pts',(4.51656240716224,8.82827490103357,117.76));
#2643=CARTESIAN_POINT('Ctrl Pts',(4.42206537341878,8.88105932469805,117.76));
#2644=CARTESIAN_POINT('Ctrl Pts',(4.32666014045098,8.93228061745894,117.76));
#2645=CARTESIAN_POINT('Ctrl Pts',(5.2629128997803,-7.38481796607256,117.76));
#2646=CARTESIAN_POINT('Ctrl Pts',(4.42336245470127,-7.98205673852323,117.732878341241));
#2647=CARTESIAN_POINT('Ctrl Pts',(2.14991816423311,-9.08138773649603,117.667365650359));
#2648=CARTESIAN_POINT('Ctrl Pts',(-1.91089968709878,-9.23219610929388,117.563461927355));
#2649=CARTESIAN_POINT('Ctrl Pts',(-5.9759769238242,-7.29195420342561,117.448288830987));
#2650=CARTESIAN_POINT('Ctrl Pts',(-8.67694001635669,-3.68722249472592,117.333115734619));
#2651=CARTESIAN_POINT('Ctrl Pts',(-9.3972633907088,0.759177548490954,117.217942638251));
#2652=CARTESIAN_POINT('Ctrl Pts',(-7.97251760701301,5.0322819292598,117.102769541884));
#2653=CARTESIAN_POINT('Ctrl Pts',(-4.72792459466727,8.1566925786272,116.987596445516));
#2654=CARTESIAN_POINT('Ctrl Pts',(-0.404110897631877,9.41921421118233,116.872423349148));
#2655=CARTESIAN_POINT('Ctrl Pts',(4.01194713836106,8.53165771179775,116.75725025278));
#2656=CARTESIAN_POINT('Ctrl Pts',(7.51221743444155,5.69662103280501,116.642077156413));
#2657=CARTESIAN_POINT('Ctrl Pts',(8.90778489988712,2.46435023898705,116.552056182461));
#2658=CARTESIAN_POINT('Ctrl Pts',(9.0684411364456,0.503113927665588,116.500426240632));
#2659=CARTESIAN_POINT('Ctrl Pts',(9.06809813872081,0.000159626670048832,
116.487187330926));
#2660=CARTESIAN_POINT('Origin',(0.,0.,120.532812669074));
#2661=CARTESIAN_POINT('',(-5.26288812584096,-7.38509991976292,117.76));
#2662=CARTESIAN_POINT('Origin',(0.,0.,117.76));
#2663=CARTESIAN_POINT('Ctrl Pts',(-5.26288812584071,-7.38509991976309,117.76));
#2664=CARTESIAN_POINT('Ctrl Pts',(-6.45050066131545,-6.538764463377,117.721608967877));
#2665=CARTESIAN_POINT('Ctrl Pts',(-8.40874157916275,-4.26313322382926,117.644826903632));
#2666=CARTESIAN_POINT('Ctrl Pts',(-9.42707860914814,0.124913131308646,117.529653807265));
#2667=CARTESIAN_POINT('Ctrl Pts',(-8.29320639072442,4.48404657656787,117.414480710897));
#2668=CARTESIAN_POINT('Ctrl Pts',(-5.26638885760213,7.81988524718513,117.299307614529));
#2669=CARTESIAN_POINT('Ctrl Pts',(-1.03737499476818,9.37062303755907,117.184134518161));
#2670=CARTESIAN_POINT('Ctrl Pts',(3.42841132019508,8.78242453139488,117.068961421794));
#2671=CARTESIAN_POINT('Ctrl Pts',(7.11162338545171,6.18948393671343,116.953788325426));
#2672=CARTESIAN_POINT('Ctrl Pts',(8.81754704930249,2.87202170983497,116.858405407853));
#2673=CARTESIAN_POINT('Ctrl Pts',(9.06790357704274,0.706732050330424,116.801413522402));
#2674=CARTESIAN_POINT('Ctrl Pts',(9.06785035619353,1.86498748713793E-5,
116.782812669074));
#2675=CARTESIAN_POINT('Ctrl Pts',(-5.75995640392227,-8.082606462331,118.254500505561));
#2676=CARTESIAN_POINT('Ctrl Pts',(-7.05973634708671,-7.15633647229605,118.216109473438));
#2677=CARTESIAN_POINT('Ctrl Pts',(-9.20292883863817,-4.66577683701885,118.139327409193));
#2678=CARTESIAN_POINT('Ctrl Pts',(-10.3174455748796,0.136710903483299,118.024154312825));
#2679=CARTESIAN_POINT('Ctrl Pts',(-9.0764816042278,4.90755497297636,117.908981216458));
#2680=CARTESIAN_POINT('Ctrl Pts',(-5.76378777214546,8.55845631342696,117.79380812009));
#2681=CARTESIAN_POINT('Ctrl Pts',(-1.13535279517828,10.2556578979736,117.678635023722));
#2682=CARTESIAN_POINT('Ctrl Pts',(3.75221727440439,9.61190532878582,117.563461927355));
#2683=CARTESIAN_POINT('Ctrl Pts',(7.78330066721157,6.77406716346483,117.448288830987));
#2684=CARTESIAN_POINT('Ctrl Pts',(10.0377220342496,2.38995673279403,117.333115734619));
#2685=CARTESIAN_POINT('Ctrl Pts',(10.0008841138507,-2.53970237268357,117.217942638251));
#2686=CARTESIAN_POINT('Ctrl Pts',(7.68119169334164,-6.88963364406816,117.102769541884));
#2687=CARTESIAN_POINT('Ctrl Pts',(3.60815149607957,-9.66690270969783,116.987596445516));
#2688=CARTESIAN_POINT('Ctrl Pts',(-1.28850416652796,-10.2375543396843,116.872423349148));
#2689=CARTESIAN_POINT('Ctrl Pts',(-5.89103916784748,-8.47132933934428,116.75725025278));
#2690=CARTESIAN_POINT('Ctrl Pts',(-9.14885519396633,-4.77139502504077,116.642077156413));
#2691=CARTESIAN_POINT('Ctrl Pts',(-10.3183066705666,0.0176824649180223,
116.526904060045));
#2692=CARTESIAN_POINT('Ctrl Pts',(-9.13244783853541,4.8027236080964,116.411730963677));
#2693=CARTESIAN_POINT('Ctrl Pts',(-5.86197062438429,8.49147052043059,116.29655786731));
#2694=CARTESIAN_POINT('Ctrl Pts',(-1.25340724517169,10.2419103247021,116.181384770942));
#2695=CARTESIAN_POINT('Ctrl Pts',(3.6412597990308,9.65447990765484,116.066211674574));
#2696=CARTESIAN_POINT('Ctrl Pts',(7.70476661597209,6.86326670888446,115.951038578206));
#2697=CARTESIAN_POINT('Ctrl Pts',(10.0095177631201,2.50541394575258,115.835865481839));
#2698=CARTESIAN_POINT('Ctrl Pts',(10.0295057070286,-2.4243430499521,115.720692385471));
#2699=CARTESIAN_POINT('Ctrl Pts',(7.75998688123221,-6.80067774032668,115.605519289103));
#2700=CARTESIAN_POINT('Ctrl Pts',(3.71943683461836,-9.62466428999044,115.490346192735));
#2701=CARTESIAN_POINT('Ctrl Pts',(-1.17066890607135,-10.2514831616824,115.375173096368));
#2702=CARTESIAN_POINT('Ctrl Pts',(-4.25148089558153,-9.10922275441749,115.298391032123));
#2703=CARTESIAN_POINT('Ctrl Pts',(-5.57225185822656,-8.21313790390072,115.26));
#2704=CARTESIAN_POINT('Ctrl Pts',(-5.59426697789508,-7.85010428147503,118.089667003707));
#2705=CARTESIAN_POINT('Ctrl Pts',(-6.85665778516296,-6.9504791359897,118.051275971585));
#2706=CARTESIAN_POINT('Ctrl Pts',(-8.93819975214636,-4.53156229928899,117.974493907339));
#2707=CARTESIAN_POINT('Ctrl Pts',(-10.0206565863024,0.132778312758415,117.859320810972));
#2708=CARTESIAN_POINT('Ctrl Pts',(-8.81538986639334,4.76638550750686,117.744147714604));
#2709=CARTESIAN_POINT('Ctrl Pts',(-5.59798813396435,8.31226595801301,117.628974618236));
#2710=CARTESIAN_POINT('Ctrl Pts',(-1.10269352837491,9.96064627783543,117.513801521869));
#2711=CARTESIAN_POINT('Ctrl Pts',(3.64428195633462,9.3354117296555,117.398628425501));
#2712=CARTESIAN_POINT('Ctrl Pts',(7.55940823995828,6.57920608788103,117.283455329133));
#2713=CARTESIAN_POINT('Ctrl Pts',(9.74897950117371,2.32120785146277,117.168282232765));
#2714=CARTESIAN_POINT('Ctrl Pts',(9.71320125092836,-2.46664594674894,117.053109136398));
#2715=CARTESIAN_POINT('Ctrl Pts',(7.46023650659615,-6.69144821279546,116.93793604003));
#2716=CARTESIAN_POINT('Ctrl Pts',(3.5043603371747,-9.38882707003852,116.822762943662));
#2717=CARTESIAN_POINT('Ctrl Pts',(-1.25143938672506,-9.94306348185257,116.707589847295));
#2718=CARTESIAN_POINT('Ctrl Pts',(-5.72157904871192,-8.22764525608153,116.592416750927));
#2719=CARTESIAN_POINT('Ctrl Pts',(-8.88568157604417,-4.63414230165043,116.477243654559));
#2720=CARTESIAN_POINT('Ctrl Pts',(-10.0214929119322,0.0171738156752873,
116.362070558191));
#2721=CARTESIAN_POINT('Ctrl Pts',(-8.86974619038408,4.66456969473504,116.246897461824));
#2722=CARTESIAN_POINT('Ctrl Pts',(-5.6933466835015,8.24720706112752,116.131724365456));
#2723=CARTESIAN_POINT('Ctrl Pts',(-1.21735205439119,9.94729416372449,116.016551269088));
#2724=CARTESIAN_POINT('Ctrl Pts',(3.53651625518967,9.37676161912734,115.90137817272));
#2725=CARTESIAN_POINT('Ctrl Pts',(7.48313327905924,6.66583974209488,115.786205076353));
#2726=CARTESIAN_POINT('Ctrl Pts',(9.72158654686105,2.43334385189743,115.671031979985));
#2727=CARTESIAN_POINT('Ctrl Pts',(9.7409995227106,-2.35460502065624,115.555858883617));
#2728=CARTESIAN_POINT('Ctrl Pts',(7.53676509235646,-6.60505119172585,115.44068578725));
#2729=CARTESIAN_POINT('Ctrl Pts',(3.6124444702573,-9.34780366986024,115.325512690882));
#2730=CARTESIAN_POINT('Ctrl Pts',(-1.13699374509569,-9.95659163093576,115.210339594514));
#2731=CARTESIAN_POINT('Ctrl Pts',(-4.12918388845926,-8.84718919306875,115.133557530269));
#2732=CARTESIAN_POINT('Ctrl Pts',(-5.4119618929345,-7.9768808891336,115.095166498146));
#2733=CARTESIAN_POINT('Ctrl Pts',(-5.4285775518679,-7.61760210061906,117.924833501854));
#2734=CARTESIAN_POINT('Ctrl Pts',(-6.65357922323921,-6.74462179968335,117.886442469731));
#2735=CARTESIAN_POINT('Ctrl Pts',(-8.67347066565456,-4.39734776155912,117.809660405486));
#2736=CARTESIAN_POINT('Ctrl Pts',(-9.72386759772528,0.12884572203353,117.694487309118));
#2737=CARTESIAN_POINT('Ctrl Pts',(-8.55429812855889,4.62521604203737,117.57931421275));
#2738=CARTESIAN_POINT('Ctrl Pts',(-5.43218849578324,8.06607560259907,117.464141116383));
#2739=CARTESIAN_POINT('Ctrl Pts',(-1.07003426157155,9.66563465769726,117.348968020015));
#2740=CARTESIAN_POINT('Ctrl Pts',(3.53634663826485,9.05891813052519,117.233794923647));
#2741=CARTESIAN_POINT('Ctrl Pts',(7.335515812705,6.38434501229724,117.118621827279));
#2742=CARTESIAN_POINT('Ctrl Pts',(9.46023696809781,2.25245897013152,117.003448730912));
#2743=CARTESIAN_POINT('Ctrl Pts',(9.42551838800601,-2.39358952081432,116.888275634544));
#2744=CARTESIAN_POINT('Ctrl Pts',(7.23928131985065,-6.49326278152277,116.773102538176));
#2745=CARTESIAN_POINT('Ctrl Pts',(3.40056917826985,-9.1107514303792,116.657929441809));
#2746=CARTESIAN_POINT('Ctrl Pts',(-1.21437460692217,-9.64857262402084,116.542756345441));
#2747=CARTESIAN_POINT('Ctrl Pts',(-5.55211892957636,-7.98396117281878,116.427583249073));
#2748=CARTESIAN_POINT('Ctrl Pts',(-8.62250795812202,-4.49688957826009,116.312410152705));
#2749=CARTESIAN_POINT('Ctrl Pts',(-9.72467915329772,0.0166651664325667,
116.197237056338));
#2750=CARTESIAN_POINT('Ctrl Pts',(-8.60704454223276,4.52641578137367,116.08206395997));
#2751=CARTESIAN_POINT('Ctrl Pts',(-5.52472274261871,8.00294360182446,115.966890863602));
#2752=CARTESIAN_POINT('Ctrl Pts',(-1.18129686361068,9.6526780027469,115.851717767235));
#2753=CARTESIAN_POINT('Ctrl Pts',(3.43177271134853,9.09904333059984,115.736544670867));
#2754=CARTESIAN_POINT('Ctrl Pts',(7.2614999421464,6.46841277530531,115.621371574499));
#2755=CARTESIAN_POINT('Ctrl Pts',(9.43365533060203,2.36127375804228,115.506198478131));
#2756=CARTESIAN_POINT('Ctrl Pts',(9.45249333839255,-2.2848669913604,115.391025381764));
#2757=CARTESIAN_POINT('Ctrl Pts',(7.31354330348072,-6.40942464312501,115.275852285396));
#2758=CARTESIAN_POINT('Ctrl Pts',(3.50545210589624,-9.07094304973004,115.160679189028));
#2759=CARTESIAN_POINT('Ctrl Pts',(-1.10331858412003,-9.66170010018913,115.04550609266));
#2760=CARTESIAN_POINT('Ctrl Pts',(-4.00688688133699,-8.58515563172002,114.968724028415));
#2761=CARTESIAN_POINT('Ctrl Pts',(-5.25167192764244,-7.74062387436648,114.930332996293));
#2762=CARTESIAN_POINT('Ctrl Pts',(-5.26288812584071,-7.38509991976309,117.76));
#2763=CARTESIAN_POINT('Ctrl Pts',(-6.45050066131545,-6.538764463377,117.721608967877));
#2764=CARTESIAN_POINT('Ctrl Pts',(-8.40874157916275,-4.26313322382926,117.644826903632));
#2765=CARTESIAN_POINT('Ctrl Pts',(-9.42707860914814,0.124913131308646,117.529653807265));
#2766=CARTESIAN_POINT('Ctrl Pts',(-8.29320639072442,4.48404657656787,117.414480710897));
#2767=CARTESIAN_POINT('Ctrl Pts',(-5.26638885760213,7.81988524718513,117.299307614529));
#2768=CARTESIAN_POINT('Ctrl Pts',(-1.03737499476818,9.37062303755907,117.184134518161));
#2769=CARTESIAN_POINT('Ctrl Pts',(3.42841132019508,8.78242453139488,117.068961421794));
#2770=CARTESIAN_POINT('Ctrl Pts',(7.11162338545171,6.18948393671343,116.953788325426));
#2771=CARTESIAN_POINT('Ctrl Pts',(9.17149443502192,2.18371008880027,116.838615229058));
#2772=CARTESIAN_POINT('Ctrl Pts',(9.13783552508364,-2.32053309487969,116.72344213269));
#2773=CARTESIAN_POINT('Ctrl Pts',(7.01832613310516,-6.29507735025008,116.608269036323));
#2774=CARTESIAN_POINT('Ctrl Pts',(3.29677801936499,-8.83267579071988,116.493095939955));
#2775=CARTESIAN_POINT('Ctrl Pts',(-1.17730982711927,-9.35408176618912,116.377922843587));
#2776=CARTESIAN_POINT('Ctrl Pts',(-5.3826588104408,-7.74027708955603,116.26274974722));
#2777=CARTESIAN_POINT('Ctrl Pts',(-8.35933434019987,-4.35963685486975,116.147576650852));
#2778=CARTESIAN_POINT('Ctrl Pts',(-9.42786539466329,0.0161565171898318,
116.032403554484));
#2779=CARTESIAN_POINT('Ctrl Pts',(-8.34434289408144,4.38826186801231,115.917230458116));
#2780=CARTESIAN_POINT('Ctrl Pts',(-5.35609880173591,7.75868014252139,115.802057361749));
#2781=CARTESIAN_POINT('Ctrl Pts',(-1.14524167283018,9.35806184176933,115.686884265381));
#2782=CARTESIAN_POINT('Ctrl Pts',(3.32702916750739,8.82132504207233,115.571711169013));
#2783=CARTESIAN_POINT('Ctrl Pts',(7.03986660523355,6.27098580851574,115.456538072645));
#2784=CARTESIAN_POINT('Ctrl Pts',(9.14572411434301,2.28920366418713,115.341364976278));
#2785=CARTESIAN_POINT('Ctrl Pts',(9.16398715407449,-2.21512896206454,115.22619187991));
#2786=CARTESIAN_POINT('Ctrl Pts',(7.09032151460497,-6.21379809452418,115.111018783542));
#2787=CARTESIAN_POINT('Ctrl Pts',(3.39845974153518,-8.79408242959983,114.995845687175));
#2788=CARTESIAN_POINT('Ctrl Pts',(-1.06964342314438,-9.36680856944249,114.880672590807));
#2789=CARTESIAN_POINT('Ctrl Pts',(-3.88458987421472,-8.32312207037128,114.803890526562));
#2790=CARTESIAN_POINT('Ctrl Pts',(-5.09138196235038,-7.50436685959936,114.765499494439));
#2791=CARTESIAN_POINT('Ctrl Pts',(-4.32673850752559,8.93198108114153,117.76));
#2792=CARTESIAN_POINT('Ctrl Pts',(-4.54403710516834,8.81555147086715,117.76));
#2793=CARTESIAN_POINT('Ctrl Pts',(-4.75658409146467,8.69129240916955,117.76));
#2794=CARTESIAN_POINT('Ctrl Pts',(-4.96392723044173,8.55942464839591,117.76));
#2795=CARTESIAN_POINT('Ctrl Pts',(-5.15089413327406,8.44051593052408,117.76));
#2796=CARTESIAN_POINT('Ctrl Pts',(-5.33362981651147,8.31541970789345,117.76));
#2797=CARTESIAN_POINT('Ctrl Pts',(-5.51178511168615,8.184266031414,117.76));
#2798=CARTESIAN_POINT('Ctrl Pts',(-5.7095195413101,8.03869866342574,117.76));
#2799=CARTESIAN_POINT('Ctrl Pts',(-5.90161244190091,7.88566954133603,117.76));
#2800=CARTESIAN_POINT('Ctrl Pts',(-6.08773897781768,7.72559115397081,117.76));
#2801=CARTESIAN_POINT('Ctrl Pts',(-6.27384249536371,7.56553256358751,117.76));
#2802=CARTESIAN_POINT('Ctrl Pts',(-6.45398153408957,7.39842591913122,117.76));
#2803=CARTESIAN_POINT('Ctrl Pts',(-6.62779178450048,7.22464989375087,117.76));
#2804=CARTESIAN_POINT('Ctrl Pts',(-6.80028540888782,7.05219023513685,117.76));
#2805=CARTESIAN_POINT('Ctrl Pts',(-6.96654611465437,6.87316131306006,117.76));
#2806=CARTESIAN_POINT('Ctrl Pts',(-7.12617321610492,6.68790816820077,117.76));
#2807=CARTESIAN_POINT('Ctrl Pts',(-7.1671111209417,6.64039821816064,117.76));
#2808=CARTESIAN_POINT('Ctrl Pts',(-7.20761247836734,6.59247878536859,117.76));
#2809=CARTESIAN_POINT('Ctrl Pts',(-7.24767000867278,6.54415548729912,117.76));
#2810=CARTESIAN_POINT('Ctrl Pts',(-7.26610631752076,6.52191489380851,117.76));
#2811=CARTESIAN_POINT('Ctrl Pts',(-7.2844493965352,6.49958771798501,117.76));
#2812=CARTESIAN_POINT('Ctrl Pts',(-7.30268732311142,6.47718844928317,117.76));
#2813=CARTESIAN_POINT('Ctrl Pts',(-7.45642534152831,6.28837207425183,117.76));
#2814=CARTESIAN_POINT('Ctrl Pts',(-7.60287970578563,6.09421446536181,117.76));
#2815=CARTESIAN_POINT('Ctrl Pts',(-7.74175919771818,5.89513205255448,117.76));
#2816=CARTESIAN_POINT('Ctrl Pts',(-7.88557811895589,5.68896901545715,117.76));
#2817=CARTESIAN_POINT('Ctrl Pts',(-8.02127446976837,5.47752422616899,117.76));
#2818=CARTESIAN_POINT('Ctrl Pts',(-8.14847818229025,5.2612244161652,117.76));
#2819=CARTESIAN_POINT('Ctrl Pts',(-8.27568189481212,5.04492460616141,117.76));
#2820=CARTESIAN_POINT('Ctrl Pts',(-8.39439343384236,4.82376915056788,117.76));
#2821=CARTESIAN_POINT('Ctrl Pts',(-8.50418839445157,4.59815781967558,117.76));
#2822=CARTESIAN_POINT('Ctrl Pts',(-8.61026283902057,4.38019156257155,117.76));
#2823=CARTESIAN_POINT('Ctrl Pts',(-8.70801446266662,4.15806544403773,117.76));
#2824=CARTESIAN_POINT('Ctrl Pts',(-8.79729849159686,3.93228174736344,117.76));
#2825=CARTESIAN_POINT('Ctrl Pts',(-8.8569465143046,3.78144232817919,117.76));
#2826=CARTESIAN_POINT('Ctrl Pts',(-8.91281425852064,3.62897019655094,117.76));
#2827=CARTESIAN_POINT('Ctrl Pts',(-8.96484562162694,3.47501394760732,117.76));
#2828=CARTESIAN_POINT('Ctrl Pts',(-8.99147021386963,3.39623410970524,117.76));
#2829=CARTESIAN_POINT('Ctrl Pts',(-9.01709012004357,3.31706566723392,117.76));
#2830=CARTESIAN_POINT('Ctrl Pts',(-9.04169674687011,3.23752856916458,117.76));
#2831=CARTESIAN_POINT('Ctrl Pts',(-9.04871751926566,3.21483501321789,117.76));
#2832=CARTESIAN_POINT('Ctrl Pts',(-9.05565504167482,3.19211382030196,117.76));
#2833=CARTESIAN_POINT('Ctrl Pts',(-9.06250673337039,3.16937373249024,117.76));
#2834=CARTESIAN_POINT('Ctrl Pts',(-9.13156771734023,2.94016714970501,117.76));
#2835=CARTESIAN_POINT('Ctrl Pts',(-9.19198784430226,2.70880095745615,117.76));
#2836=CARTESIAN_POINT('Ctrl Pts',(-9.24371660316784,2.47578022380302,117.76));
#2837=CARTESIAN_POINT('Ctrl Pts',(-9.29571824811149,2.24153022976339,117.76));
#2838=CARTESIAN_POINT('Ctrl Pts',(-9.3389367216615,2.00560753977719,117.76));
#2839=CARTESIAN_POINT('Ctrl Pts',(-9.37327022319879,1.76851157817905,117.76));
#2840=CARTESIAN_POINT('Ctrl Pts',(-9.40745279784809,1.5324578684352,117.76));
#2841=CARTESIAN_POINT('Ctrl Pts',(-9.43282840863656,1.29524052949424,117.76));
#2842=CARTESIAN_POINT('Ctrl Pts',(-9.44924528305489,1.05734868583129,117.76));
#2843=CARTESIAN_POINT('Ctrl Pts',(-9.46542408255863,0.822906712035147,117.76));
#2844=CARTESIAN_POINT('Ctrl Pts',(-9.4729020812074,0.587809062267291,117.76));
#2845=CARTESIAN_POINT('Ctrl Pts',(-9.47148385154239,0.352529435578321,117.76));
#2846=CARTESIAN_POINT('Ctrl Pts',(-9.47102752076474,0.276825663712881,117.76));
#2847=CARTESIAN_POINT('Ctrl Pts',(-9.46964977131034,0.201103131716494,117.76));
#2848=CARTESIAN_POINT('Ctrl Pts',(-9.46734296845407,0.125377897411592,117.76));
#2849=CARTESIAN_POINT('Ctrl Pts',(-9.46447244391008,0.0311474159984455,
117.76));
#2850=CARTESIAN_POINT('Ctrl Pts',(-9.4601633365792,-0.0630872679181435,
117.76));
#2851=CARTESIAN_POINT('Ctrl Pts',(-9.45442012201595,-0.157294428961377,
117.76));
#2852=CARTESIAN_POINT('Ctrl Pts',(-9.45044114283697,-0.222562464514253,
117.76));
#2853=CARTESIAN_POINT('Ctrl Pts',(-9.44577378063703,-0.287817280065506,
117.76));
#2854=CARTESIAN_POINT('Ctrl Pts',(-9.44041920312731,-0.353048175716268,
117.76));
#2855=CARTESIAN_POINT('Ctrl Pts',(-9.4381899621376,-0.380205385807279,117.76));
#2856=CARTESIAN_POINT('Ctrl Pts',(-9.43584160579043,-0.407358448385616,
117.76));
#2857=CARTESIAN_POINT('Ctrl Pts',(-9.43337420514434,-0.434506584355077,
117.76));
#2858=CARTESIAN_POINT('Ctrl Pts',(-9.43097275360482,-0.460929100302252,
117.76));
#2859=CARTESIAN_POINT('Ctrl Pts',(-9.42845934020368,-0.487338014801185,
117.76));
#2860=CARTESIAN_POINT('Ctrl Pts',(-9.42583456244589,-0.513729743075264,
117.76));
#2861=CARTESIAN_POINT('Ctrl Pts',(-9.40252017162669,-0.748152282488502,
117.76));
#2862=CARTESIAN_POINT('Ctrl Pts',(-9.37041699460865,-0.981293710348406,
117.76));
#2863=CARTESIAN_POINT('Ctrl Pts',(-9.32972889910175,-1.21268363703588,117.76));
#2864=CARTESIAN_POINT('Ctrl Pts',(-9.28872463547395,-1.44587158639817,117.76));
#2865=CARTESIAN_POINT('Ctrl Pts',(-9.2390013559835,-1.67728135655732,117.76));
#2866=CARTESIAN_POINT('Ctrl Pts',(-9.18071537841216,-1.90642457530867,117.76));
#2867=CARTESIAN_POINT('Ctrl Pts',(-9.12259111794134,-2.13493202575889,117.76));
#2868=CARTESIAN_POINT('Ctrl Pts',(-9.05595137218083,-2.36118611017385,117.76));
#2869=CARTESIAN_POINT('Ctrl Pts',(-8.98090242868389,-2.58468610519409,117.76));
#2870=CARTESIAN_POINT('Ctrl Pts',(-8.90651131902703,-2.80622703386202,117.76));
#2871=CARTESIAN_POINT('Ctrl Pts',(-8.82385752507215,-3.0250625165401,117.76));
#2872=CARTESIAN_POINT('Ctrl Pts',(-8.73300038113007,-3.24067985474524,117.76));
#2873=CARTESIAN_POINT('Ctrl Pts',(-8.66456949626741,-3.40307638852266,117.76));
#2874=CARTESIAN_POINT('Ctrl Pts',(-8.59148421976616,-3.56364693080162,117.76));
#2875=CARTESIAN_POINT('Ctrl Pts',(-8.51375441136985,-3.72215994889276,117.76));
#2876=CARTESIAN_POINT('Ctrl Pts',(-8.48561652191462,-3.77954104724207,117.76));
#2877=CARTESIAN_POINT('Ctrl Pts',(-8.45686988505261,-3.83665241047117,117.76));
#2878=CARTESIAN_POINT('Ctrl Pts',(-8.42751455793917,-3.89348264414033,117.76));
#2879=CARTESIAN_POINT('Ctrl Pts',(-8.41582038079514,-3.91612190198594,117.76));
#2880=CARTESIAN_POINT('Ctrl Pts',(-8.40402998732045,-3.93871573989072,117.76));
#2881=CARTESIAN_POINT('Ctrl Pts',(-8.39214826327544,-3.96125438039353,117.76));
#2882=CARTESIAN_POINT('Ctrl Pts',(-8.35146263395866,-4.03843162919414,117.76));
#2883=CARTESIAN_POINT('Ctrl Pts',(-8.30969144700101,-4.1149904081144,117.76));
#2884=CARTESIAN_POINT('Ctrl Pts',(-8.2668410405141,-4.19090572174269,117.76));
#2885=CARTESIAN_POINT('Ctrl Pts',(-8.15182609363795,-4.39467031769139,117.76));
#2886=CARTESIAN_POINT('Ctrl Pts',(-8.02903915655412,-4.59380125280217,117.76));
#2887=CARTESIAN_POINT('Ctrl Pts',(-7.89885767429045,-4.78794732596908,117.76));
#2888=CARTESIAN_POINT('Ctrl Pts',(-7.76831262607319,-4.98263560299631,117.76));
#2889=CARTESIAN_POINT('Ctrl Pts',(-7.63033119877622,-5.17231162474693,117.76));
#2890=CARTESIAN_POINT('Ctrl Pts',(-7.48525373063448,-5.35658780333522,117.76));
#2891=CARTESIAN_POINT('Ctrl Pts',(-7.4073751505099,-5.45550852012921,117.76));
#2892=CARTESIAN_POINT('Ctrl Pts',(-7.3274511190399,-5.55287259456752,117.76));
#2893=CARTESIAN_POINT('Ctrl Pts',(-7.24553023897509,-5.64861536119958,117.76));
#2894=CARTESIAN_POINT('Ctrl Pts',(-7.19806695537644,-5.70408676338157,117.76));
#2895=CARTESIAN_POINT('Ctrl Pts',(-7.14993331905428,-5.75901385950618,117.76));
#2896=CARTESIAN_POINT('Ctrl Pts',(-7.10113840488797,-5.81338351173159,117.76));
#2897=CARTESIAN_POINT('Ctrl Pts',(-7.07140631569848,-5.84651244282588,117.76));
#2898=CARTESIAN_POINT('Ctrl Pts',(-7.04142501969701,-5.87943827376273,117.76));
#2899=CARTESIAN_POINT('Ctrl Pts',(-7.01121808827683,-5.91213494074159,117.76));
#2900=CARTESIAN_POINT('Ctrl Pts',(-6.85327479130609,-6.08309634396258,117.76));
#2901=CARTESIAN_POINT('Ctrl Pts',(-6.68907275101208,-6.24790225340207,117.76));
#2902=CARTESIAN_POINT('Ctrl Pts',(-6.51896417650564,-6.40619194085739,117.76));
#2903=CARTESIAN_POINT('Ctrl Pts',(-6.34953859956576,-6.56384608438637,117.76));
#2904=CARTESIAN_POINT('Ctrl Pts',(-6.17425331937138,-6.71503665407933,117.76));
#2905=CARTESIAN_POINT('Ctrl Pts',(-5.99342382947564,-6.85936729903698,117.76));
#2906=CARTESIAN_POINT('Ctrl Pts',(-5.81515576550797,-7.00165351940204,117.76));
#2907=CARTESIAN_POINT('Ctrl Pts',(-5.63149894165947,-7.13727310595888,117.76));
#2908=CARTESIAN_POINT('Ctrl Pts',(-5.44273152796623,-7.2658019358911,117.76));
#2909=CARTESIAN_POINT('Ctrl Pts',(-5.38328790100257,-7.30627618762283,117.76));
#2910=CARTESIAN_POINT('Ctrl Pts',(-5.32333733297142,-7.34604693353483,117.76));
#2911=CARTESIAN_POINT('Ctrl Pts',(-5.26288812584071,-7.38509991976309,117.76));
#2912=CARTESIAN_POINT('Ctrl Pts',(-5.57225185822633,-8.21313790390088,115.26));
#2913=CARTESIAN_POINT('Ctrl Pts',(-4.25148089558135,-9.10922275441755,115.298391032123));
#2914=CARTESIAN_POINT('Ctrl Pts',(-2.71107490082634,-9.68035295804995,115.336782064245));
#2915=CARTESIAN_POINT('Ctrl Pts',(-1.12585428000059,-9.86144824791751,115.375173096368));
#2916=CARTESIAN_POINT('Ctrl Pts',(0.459366340825227,-10.0425435377851,115.41356412849));
#2917=CARTESIAN_POINT('Ctrl Pts',(2.08940158772179,-9.83360391388775,115.451955160613));
#2918=CARTESIAN_POINT('Ctrl Pts',(3.57784421893904,-9.25846967699514,115.490346192735));
#2919=CARTESIAN_POINT('Ctrl Pts',(5.0662868501563,-8.68333544010253,115.528737224858));
#2920=CARTESIAN_POINT('Ctrl Pts',(6.41313686569424,-7.74200659021462,115.567128256981));
#2921=CARTESIAN_POINT('Ctrl Pts',(7.46481501109595,-6.54195305020824,115.605519289103));
#2922=CARTESIAN_POINT('Ctrl Pts',(8.51649315649768,-5.34189951020184,115.643910321226));
#2923=CARTESIAN_POINT('Ctrl Pts',(9.27299943176317,-3.88312128007696,115.682301353348));
#2924=CARTESIAN_POINT('Ctrl Pts',(9.64792124541115,-2.33210599906374,115.720692385471));
#2925=CARTESIAN_POINT('Ctrl Pts',(9.83223832668271,-1.56960406079999,115.739565981859));
#2926=CARTESIAN_POINT('Ctrl Pts',(9.92433215595393,-0.78480980813805,115.758439578247));
#2927=CARTESIAN_POINT('Ctrl Pts',(9.92429666842513,-7.69193170657712E-6,
115.777313174635));
#2928=CARTESIAN_POINT('Origin',(0.,0.,117.76));
#2929=CARTESIAN_POINT('',(5.875,-7.1947999449907E-16,117.76));
#2930=CARTESIAN_POINT('Origin',(0.,0.,117.76));
#2931=CARTESIAN_POINT('Origin',(0.,0.,117.76));
#2932=CARTESIAN_POINT('',(0.0245671176376335,-0.0206142593488162,186.260013567083));
#2933=UNCERTAINTY_MEASURE_WITH_UNIT(LENGTH_MEASURE(0.01),#2939,
'DISTANCE_ACCURACY_VALUE',
'Maximum model space distance between geometric entities at asserted c
onnectivities');
#2934=UNCERTAINTY_MEASURE_WITH_UNIT(LENGTH_MEASURE(0.01),#2939,
'DISTANCE_ACCURACY_VALUE',
'Maximum model space distance between geometric entities at asserted c
onnectivities');
#2935=UNCERTAINTY_MEASURE_WITH_UNIT(LENGTH_MEASURE(0.01),#2939,
'DISTANCE_ACCURACY_VALUE',
'Maximum model space distance between geometric entities at asserted c
onnectivities');
#2936=(
GEOMETRIC_REPRESENTATION_CONTEXT(3)
GLOBAL_UNCERTAINTY_ASSIGNED_CONTEXT((#2933))
GLOBAL_UNIT_ASSIGNED_CONTEXT((#2939,#2941,#2942))
REPRESENTATION_CONTEXT('','3D')
);
#2937=(
GEOMETRIC_REPRESENTATION_CONTEXT(3)
GLOBAL_UNCERTAINTY_ASSIGNED_CONTEXT((#2934))
GLOBAL_UNIT_ASSIGNED_CONTEXT((#2939,#2941,#2942))
REPRESENTATION_CONTEXT('','3D')
);
#2938=(
GEOMETRIC_REPRESENTATION_CONTEXT(3)
GLOBAL_UNCERTAINTY_ASSIGNED_CONTEXT((#2935))
GLOBAL_UNIT_ASSIGNED_CONTEXT((#2939,#2941,#2942))
REPRESENTATION_CONTEXT('','3D')
);
#2939=(
LENGTH_UNIT()
NAMED_UNIT(*)
SI_UNIT(.MILLI.,.METRE.)
);
#2940=(
LENGTH_UNIT()
NAMED_UNIT(*)
SI_UNIT($,.METRE.)
);
#2941=(
NAMED_UNIT(*)
PLANE_ANGLE_UNIT()
SI_UNIT($,.RADIAN.)
);
#2942=(
NAMED_UNIT(*)
SI_UNIT($,.STERADIAN.)
SOLID_ANGLE_UNIT()
);
#2943=SHAPE_DEFINITION_REPRESENTATION(#2945,#2948);
#2944=SHAPE_DEFINITION_REPRESENTATION(#2946,#2949);
#2945=PRODUCT_DEFINITION_SHAPE('',$,#2951);
#2946=PRODUCT_DEFINITION_SHAPE('',$,#2952);
#2947=PRODUCT_DEFINITION_SHAPE($,$,#14);
#2948=SHAPE_REPRESENTATION('',(#1129,#1292),#2936);
#2949=SHAPE_REPRESENTATION('',(#1130),#2937);
#2950=PRODUCT_DEFINITION_CONTEXT('part definition',#2958,'design');
#2951=PRODUCT_DEFINITION('Particle Launcher V6',
'Particle Launcher V6 v11',#2953,#2950);
#2952=PRODUCT_DEFINITION('Backstop','Backstop',#2954,#2950);
#2953=PRODUCT_DEFINITION_FORMATION('',$,#2960);
#2954=PRODUCT_DEFINITION_FORMATION('',$,#2961);
#2955=PRODUCT_RELATED_PRODUCT_CATEGORY('Particle Launcher V6 v11',
'Particle Launcher V6 v11',(#2960));
#2956=PRODUCT_RELATED_PRODUCT_CATEGORY('Backstop','Backstop',(#2961));
#2957=APPLICATION_PROTOCOL_DEFINITION('international standard',
'automotive_design',2009,#2958);
#2958=APPLICATION_CONTEXT(
'Core Data for Automotive Mechanical Design Process');
#2959=PRODUCT_CONTEXT('part definition',#2958,'mechanical');
#2960=PRODUCT('Particle Launcher V6','Particle Launcher V6 v11',$,(#2959));
#2961=PRODUCT('Backstop','Backstop',$,(#2959));
#2962=PRESENTATION_STYLE_ASSIGNMENT((#2965));
#2963=PRESENTATION_STYLE_ASSIGNMENT((#2966));
#2964=PRESENTATION_STYLE_ASSIGNMENT((#2967));
#2965=SURFACE_STYLE_USAGE(.BOTH.,#2968);
#2966=SURFACE_STYLE_USAGE(.BOTH.,#2969);
#2967=SURFACE_STYLE_USAGE(.BOTH.,#2970);
#2968=SURFACE_SIDE_STYLE('',(#2971));
#2969=SURFACE_SIDE_STYLE('',(#2972));
#2970=SURFACE_SIDE_STYLE('',(#2973));
#2971=SURFACE_STYLE_FILL_AREA(#2974);
#2972=SURFACE_STYLE_FILL_AREA(#2975);
#2973=SURFACE_STYLE_FILL_AREA(#2976);
#2974=FILL_AREA_STYLE('Steel - Satin',(#2977));
#2975=FILL_AREA_STYLE('Steel - Satin (1) (4)',(#2978));
#2976=FILL_AREA_STYLE('Steel - Satin (2) (2)',(#2979));
#2977=FILL_AREA_STYLE_COLOUR('Steel - Satin',#2980);
#2978=FILL_AREA_STYLE_COLOUR('Steel - Satin (1) (4)',#2981);
#2979=FILL_AREA_STYLE_COLOUR('Steel - Satin (2) (2)',#2982);
#2980=COLOUR_RGB('Steel - Satin',0.627450980392157,0.627450980392157,0.627450980392157);
#2981=COLOUR_RGB('Steel - Satin (1) (4)',0.427450980392157,0.517647058823529,
0.913725490196078);
#2982=COLOUR_RGB('Steel - Satin (2) (2)',0.858823529411765,0.423529411764706,
0.0392156862745098);
ENDSEC;
END-ISO-10303-21;
