ISO-10303-21;
HEADER;
/* Generated by software containing ST-Developer
 * from STEP Tools, Inc. (www.steptools.com) 
 */

FILE_DESCRIPTION(
/* description */ (''),
/* implementation_level */ '2;1');

FILE_NAME(
/* name */ 'V6_Collar.step',
/* time_stamp */ '2026-04-16T22:26:26-04:00',
/* author */ (''),
/* organization */ (''),
/* preprocessor_version */ 'ST-DEVELOPER v20.1',
/* originating_system */ 'Autodesk Translation Framework v14.24.0.0',
/* authorisation */ '');

FILE_SCHEMA (('AUTOMOTIVE_DESIGN { 1 0 10303 214 3 1 1 }'));
ENDSEC;

DATA;
#10=MECHANICAL_DESIGN_GEOMETRIC_PRESENTATION_REPRESENTATION('',(#17),#3109);
#11=ITEM_DEFINED_TRANSFORMATION($,$,#1035,#1175);
#12=(
REPRESENTATION_RELATIONSHIP($,$,#3120,#3119)
REPRESENTATION_RELATIONSHIP_WITH_TRANSFORMATION(#11)
SHAPE_REPRESENTATION_RELATIONSHIP()
);
#13=CONTEXT_DEPENDENT_SHAPE_REPRESENTATION(#12,#3118);
#14=NEXT_ASSEMBLY_USAGE_OCCURRENCE('Collar:1','Collar:1','Collar:1',#3122,
#3123,'Collar:1');
#15=SHAPE_REPRESENTATION_RELATIONSHIP('SRR','None',#3120,#16);
#16=ADVANCED_BREP_SHAPE_REPRESENTATION('',(#18),#3108);
#17=STYLED_ITEM('',(#3135),#18);
#18=MANIFOLD_SOLID_BREP('Body1',#1021);
#19=B_SPLINE_SURFACE_WITH_KNOTS('',3,3,((#2162,#2163,#2164,#2165,#2166,
#2167,#2168,#2169,#2170,#2171,#2172,#2173,#2174,#2175,#2176,#2177,#2178,
#2179,#2180,#2181,#2182,#2183,#2184,#2185,#2186,#2187,#2188,#2189,#2190,
#2191,#2192,#2193,#2194,#2195,#2196,#2197,#2198,#2199,#2200,#2201,#2202,
#2203,#2204,#2205,#2206,#2207,#2208,#2209,#2210,#2211,#2212),(#2213,#2214,
#2215,#2216,#2217,#2218,#2219,#2220,#2221,#2222,#2223,#2224,#2225,#2226,
#2227,#2228,#2229,#2230,#2231,#2232,#2233,#2234,#2235,#2236,#2237,#2238,
#2239,#2240,#2241,#2242,#2243,#2244,#2245,#2246,#2247,#2248,#2249,#2250,
#2251,#2252,#2253,#2254,#2255,#2256,#2257,#2258,#2259,#2260,#2261,#2262,
#2263),(#2264,#2265,#2266,#2267,#2268,#2269,#2270,#2271,#2272,#2273,#2274,
#2275,#2276,#2277,#2278,#2279,#2280,#2281,#2282,#2283,#2284,#2285,#2286,
#2287,#2288,#2289,#2290,#2291,#2292,#2293,#2294,#2295,#2296,#2297,#2298,
#2299,#2300,#2301,#2302,#2303,#2304,#2305,#2306,#2307,#2308,#2309,#2310,
#2311,#2312,#2313,#2314),(#2315,#2316,#2317,#2318,#2319,#2320,#2321,#2322,
#2323,#2324,#2325,#2326,#2327,#2328,#2329,#2330,#2331,#2332,#2333,#2334,
#2335,#2336,#2337,#2338,#2339,#2340,#2341,#2342,#2343,#2344,#2345,#2346,
#2347,#2348,#2349,#2350,#2351,#2352,#2353,#2354,#2355,#2356,#2357,#2358,
#2359,#2360,#2361,#2362,#2363,#2364,#2365)),.UNSPECIFIED.,.F.,.F.,.F.,(4,
4),(4,1,1,1,1,1,1,1,1,1,1,1,1,1,1,1,1,1,1,1,1,1,1,1,1,1,1,1,1,1,1,1,1,1,
1,1,1,1,1,1,1,1,1,1,1,1,1,1,4),(0.,0.0989001011121828),(8.30505915324894,
8.78454477612159,9.26403039899425,9.7435160218669,10.2230016447396,10.7024872676122,
11.1819728904849,11.6614585133575,12.1409441362302,12.6204297591028,13.0999153819755,
13.5794010048481,14.0588866277208,14.5383722505934,15.0178578734661,15.4973434963388,
15.9768291192114,16.4563147420841,16.9358003649567,17.4152859878294,17.894771610702,
18.3742572335747,18.8537428564473,19.33322847932,19.8127141021927,20.2921997250653,
20.771685347938,21.2511709708106,21.7306565936833,22.2101422165559,22.6896278394286,
23.1691134623012,23.6485990851739,24.1280847080465,24.6075703309192,25.0870559537919,
25.5665415766645,26.0460271995372,26.5255128224098,27.0049984452825,27.4844840681551,
27.9639696910278,28.4434553139004,28.9229409367731,29.4024265596458,29.8819121825184,
30.3613978053911,30.8408834282637,31.3203690511364),.UNSPECIFIED.);
#20=B_SPLINE_SURFACE_WITH_KNOTS('',3,3,((#2647,#2648,#2649,#2650,#2651,
#2652,#2653,#2654,#2655,#2656,#2657,#2658,#2659,#2660,#2661,#2662,#2663,
#2664,#2665,#2666,#2667,#2668,#2669,#2670,#2671,#2672,#2673,#2674,#2675,
#2676,#2677,#2678,#2679,#2680,#2681,#2682,#2683,#2684,#2685,#2686,#2687,
#2688,#2689,#2690,#2691,#2692,#2693,#2694,#2695,#2696,#2697),(#2698,#2699,
#2700,#2701,#2702,#2703,#2704,#2705,#2706,#2707,#2708,#2709,#2710,#2711,
#2712,#2713,#2714,#2715,#2716,#2717,#2718,#2719,#2720,#2721,#2722,#2723,
#2724,#2725,#2726,#2727,#2728,#2729,#2730,#2731,#2732,#2733,#2734,#2735,
#2736,#2737,#2738,#2739,#2740,#2741,#2742,#2743,#2744,#2745,#2746,#2747,
#2748),(#2749,#2750,#2751,#2752,#2753,#2754,#2755,#2756,#2757,#2758,#2759,
#2760,#2761,#2762,#2763,#2764,#2765,#2766,#2767,#2768,#2769,#2770,#2771,
#2772,#2773,#2774,#2775,#2776,#2777,#2778,#2779,#2780,#2781,#2782,#2783,
#2784,#2785,#2786,#2787,#2788,#2789,#2790,#2791,#2792,#2793,#2794,#2795,
#2796,#2797,#2798,#2799),(#2800,#2801,#2802,#2803,#2804,#2805,#2806,#2807,
#2808,#2809,#2810,#2811,#2812,#2813,#2814,#2815,#2816,#2817,#2818,#2819,
#2820,#2821,#2822,#2823,#2824,#2825,#2826,#2827,#2828,#2829,#2830,#2831,
#2832,#2833,#2834,#2835,#2836,#2837,#2838,#2839,#2840,#2841,#2842,#2843,
#2844,#2845,#2846,#2847,#2848,#2849,#2850)),.UNSPECIFIED.,.F.,.F.,.F.,(4,
4),(4,1,1,1,1,1,1,1,1,1,1,1,1,1,1,1,1,1,1,1,1,1,1,1,1,1,1,1,1,1,1,1,1,1,
1,1,1,1,1,1,1,1,1,1,1,1,1,1,4),(0.,0.0989001011121828),(11.6147305479244,
12.094216170797,12.5737017936697,13.0531874165423,13.532673039415,14.0121586622876,
14.4916442851603,14.9711299080329,15.4506155309056,15.9301011537783,16.4095867766509,
16.8890723995236,17.3685580223962,17.8480436452689,18.3275292681415,18.8070148910142,
19.2865005138868,19.7659861367595,20.2454717596322,20.7249573825048,21.2044430053775,
21.6839286282501,22.1634142511228,22.6428998739954,23.1223854968681,23.6018711197407,
24.0813567426134,24.5608423654861,25.0403279883587,25.5198136112314,25.999299234104,
26.4787848569767,26.9582704798493,27.437756102722,27.9172417255946,28.3967273484673,
28.8762129713399,29.3556985942126,29.8351842170853,30.3146698399579,30.7941554628306,
31.2736410857032,31.7531267085759,32.2326123314485,32.7120979543212,33.1915835771939,
33.6710692000665,34.1505548229392,34.6300404458118),.UNSPECIFIED.);
#21=FACE_BOUND('',#90,.T.);
#22=FACE_BOUND('',#135,.T.);
#23=FACE_BOUND('',#139,.T.);
#24=PLANE('',#1045);
#25=PLANE('',#1169);
#26=PLANE('',#1174);
#27=FACE_OUTER_BOUND('',#82,.T.);
#28=FACE_OUTER_BOUND('',#83,.T.);
#29=FACE_OUTER_BOUND('',#84,.T.);
#30=FACE_OUTER_BOUND('',#85,.T.);
#31=FACE_OUTER_BOUND('',#86,.T.);
#32=FACE_OUTER_BOUND('',#87,.T.);
#33=FACE_OUTER_BOUND('',#88,.T.);
#34=FACE_OUTER_BOUND('',#89,.T.);
#35=FACE_OUTER_BOUND('',#91,.T.);
#36=FACE_OUTER_BOUND('',#92,.T.);
#37=FACE_OUTER_BOUND('',#93,.T.);
#38=FACE_OUTER_BOUND('',#94,.T.);
#39=FACE_OUTER_BOUND('',#95,.T.);
#40=FACE_OUTER_BOUND('',#96,.T.);
#41=FACE_OUTER_BOUND('',#97,.T.);
#42=FACE_OUTER_BOUND('',#98,.T.);
#43=FACE_OUTER_BOUND('',#99,.T.);
#44=FACE_OUTER_BOUND('',#100,.T.);
#45=FACE_OUTER_BOUND('',#101,.T.);
#46=FACE_OUTER_BOUND('',#102,.T.);
#47=FACE_OUTER_BOUND('',#103,.T.);
#48=FACE_OUTER_BOUND('',#104,.T.);
#49=FACE_OUTER_BOUND('',#105,.T.);
#50=FACE_OUTER_BOUND('',#106,.T.);
#51=FACE_OUTER_BOUND('',#107,.T.);
#52=FACE_OUTER_BOUND('',#108,.T.);
#53=FACE_OUTER_BOUND('',#109,.T.);
#54=FACE_OUTER_BOUND('',#110,.T.);
#55=FACE_OUTER_BOUND('',#111,.T.);
#56=FACE_OUTER_BOUND('',#112,.T.);
#57=FACE_OUTER_BOUND('',#113,.T.);
#58=FACE_OUTER_BOUND('',#114,.T.);
#59=FACE_OUTER_BOUND('',#115,.T.);
#60=FACE_OUTER_BOUND('',#116,.T.);
#61=FACE_OUTER_BOUND('',#117,.T.);
#62=FACE_OUTER_BOUND('',#118,.T.);
#63=FACE_OUTER_BOUND('',#119,.T.);
#64=FACE_OUTER_BOUND('',#120,.T.);
#65=FACE_OUTER_BOUND('',#121,.T.);
#66=FACE_OUTER_BOUND('',#122,.T.);
#67=FACE_OUTER_BOUND('',#123,.T.);
#68=FACE_OUTER_BOUND('',#124,.T.);
#69=FACE_OUTER_BOUND('',#125,.T.);
#70=FACE_OUTER_BOUND('',#126,.T.);
#71=FACE_OUTER_BOUND('',#127,.T.);
#72=FACE_OUTER_BOUND('',#128,.T.);
#73=FACE_OUTER_BOUND('',#129,.T.);
#74=FACE_OUTER_BOUND('',#130,.T.);
#75=FACE_OUTER_BOUND('',#131,.T.);
#76=FACE_OUTER_BOUND('',#132,.T.);
#77=FACE_OUTER_BOUND('',#133,.T.);
#78=FACE_OUTER_BOUND('',#134,.T.);
#79=FACE_OUTER_BOUND('',#136,.T.);
#80=FACE_OUTER_BOUND('',#137,.T.);
#81=FACE_OUTER_BOUND('',#138,.T.);
#82=EDGE_LOOP('',(#604,#605,#606,#607));
#83=EDGE_LOOP('',(#608,#609,#610,#611));
#84=EDGE_LOOP('',(#612,#613,#614,#615));
#85=EDGE_LOOP('',(#616,#617,#618,#619));
#86=EDGE_LOOP('',(#620,#621,#622,#623));
#87=EDGE_LOOP('',(#624,#625,#626,#627));
#88=EDGE_LOOP('',(#628,#629,#630,#631));
#89=EDGE_LOOP('',(#632,#633,#634,#635,#636,#637,#638,#639,#640,#641,#642,
#643,#644,#645,#646,#647,#648,#649,#650,#651,#652,#653,#654,#655,#656,#657,
#658,#659,#660,#661,#662,#663,#664,#665,#666,#667,#668,#669,#670,#671));
#90=EDGE_LOOP('',(#672));
#91=EDGE_LOOP('',(#673,#674,#675,#676));
#92=EDGE_LOOP('',(#677,#678,#679,#680));
#93=EDGE_LOOP('',(#681,#682,#683,#684));
#94=EDGE_LOOP('',(#685,#686,#687,#688));
#95=EDGE_LOOP('',(#689,#690,#691,#692));
#96=EDGE_LOOP('',(#693,#694,#695,#696));
#97=EDGE_LOOP('',(#697,#698,#699,#700));
#98=EDGE_LOOP('',(#701,#702,#703,#704));
#99=EDGE_LOOP('',(#705,#706,#707,#708));
#100=EDGE_LOOP('',(#709,#710,#711,#712));
#101=EDGE_LOOP('',(#713,#714,#715,#716));
#102=EDGE_LOOP('',(#717,#718,#719,#720));
#103=EDGE_LOOP('',(#721,#722,#723,#724));
#104=EDGE_LOOP('',(#725,#726,#727,#728));
#105=EDGE_LOOP('',(#729,#730,#731,#732));
#106=EDGE_LOOP('',(#733,#734,#735,#736));
#107=EDGE_LOOP('',(#737,#738,#739,#740));
#108=EDGE_LOOP('',(#741,#742,#743,#744));
#109=EDGE_LOOP('',(#745,#746,#747,#748));
#110=EDGE_LOOP('',(#749,#750,#751,#752));
#111=EDGE_LOOP('',(#753,#754,#755,#756));
#112=EDGE_LOOP('',(#757,#758,#759,#760));
#113=EDGE_LOOP('',(#761,#762,#763,#764));
#114=EDGE_LOOP('',(#765,#766,#767,#768));
#115=EDGE_LOOP('',(#769,#770,#771,#772));
#116=EDGE_LOOP('',(#773,#774,#775,#776));
#117=EDGE_LOOP('',(#777,#778,#779,#780));
#118=EDGE_LOOP('',(#781,#782,#783,#784));
#119=EDGE_LOOP('',(#785,#786,#787,#788));
#120=EDGE_LOOP('',(#789,#790,#791,#792));
#121=EDGE_LOOP('',(#793,#794,#795,#796));
#122=EDGE_LOOP('',(#797,#798,#799,#800));
#123=EDGE_LOOP('',(#801,#802,#803,#804));
#124=EDGE_LOOP('',(#805,#806,#807,#808));
#125=EDGE_LOOP('',(#809,#810,#811,#812));
#126=EDGE_LOOP('',(#813,#814,#815,#816));
#127=EDGE_LOOP('',(#817,#818,#819,#820));
#128=EDGE_LOOP('',(#821,#822,#823,#824));
#129=EDGE_LOOP('',(#825,#826,#827,#828));
#130=EDGE_LOOP('',(#829,#830,#831,#832));
#131=EDGE_LOOP('',(#833,#834,#835,#836,#837,#838,#839,#840,#841,#842,#843));
#132=EDGE_LOOP('',(#844,#845,#846,#847));
#133=EDGE_LOOP('',(#848,#849,#850,#851,#852,#853,#854,#855,#856,#857,#858));
#134=EDGE_LOOP('',(#859,#860,#861,#862));
#135=EDGE_LOOP('',(#863));
#136=EDGE_LOOP('',(#864,#865,#866,#867));
#137=EDGE_LOOP('',(#868,#869,#870,#871));
#138=EDGE_LOOP('',(#872,#873,#874,#875));
#139=EDGE_LOOP('',(#876,#877,#878,#879,#880,#881,#882,#883,#884,#885,#886,
#887,#888,#889,#890,#891,#892,#893,#894,#895,#896,#897,#898,#899,#900,#901,
#902,#903,#904,#905,#906,#907,#908,#909,#910,#911,#912,#913,#914,#915));
#140=CIRCLE('',#1037,9.925);
#141=CIRCLE('',#1042,9.0685);
#142=CIRCLE('',#1046,0.5);
#143=CIRCLE('',#1047,7.375);
#144=CIRCLE('',#1048,0.5);
#145=CIRCLE('',#1049,7.375);
#146=CIRCLE('',#1050,0.5);
#147=CIRCLE('',#1051,7.375);
#148=CIRCLE('',#1052,0.5);
#149=CIRCLE('',#1053,7.375);
#150=CIRCLE('',#1054,0.5);
#151=CIRCLE('',#1055,7.375);
#152=CIRCLE('',#1056,0.5);
#153=CIRCLE('',#1057,7.375);
#154=CIRCLE('',#1058,0.5);
#155=CIRCLE('',#1059,7.375);
#156=CIRCLE('',#1060,0.5);
#157=CIRCLE('',#1061,7.375);
#158=CIRCLE('',#1062,0.5);
#159=CIRCLE('',#1063,7.375);
#160=CIRCLE('',#1064,0.5);
#161=CIRCLE('',#1065,7.375);
#162=CIRCLE('',#1066,0.5);
#163=CIRCLE('',#1067,7.375);
#164=CIRCLE('',#1068,0.5);
#165=CIRCLE('',#1069,7.375);
#166=CIRCLE('',#1070,0.5);
#167=CIRCLE('',#1071,7.375);
#168=CIRCLE('',#1072,0.5);
#169=CIRCLE('',#1073,7.375);
#170=CIRCLE('',#1074,0.5);
#171=CIRCLE('',#1075,7.375);
#172=CIRCLE('',#1076,0.5);
#173=CIRCLE('',#1077,7.375);
#174=CIRCLE('',#1078,0.5);
#175=CIRCLE('',#1079,7.375);
#176=CIRCLE('',#1080,0.5);
#177=CIRCLE('',#1081,7.375);
#178=CIRCLE('',#1082,0.5);
#179=CIRCLE('',#1083,7.375);
#180=CIRCLE('',#1084,0.5);
#181=CIRCLE('',#1085,7.375);
#182=CIRCLE('',#1086,5.875);
#183=CIRCLE('',#1088,0.5);
#184=CIRCLE('',#1090,0.5);
#185=CIRCLE('',#1092,0.5);
#186=CIRCLE('',#1094,0.5);
#187=CIRCLE('',#1096,0.5);
#188=CIRCLE('',#1098,0.5);
#189=CIRCLE('',#1100,0.5);
#190=CIRCLE('',#1102,0.5);
#191=CIRCLE('',#1104,0.5);
#192=CIRCLE('',#1106,0.5);
#193=CIRCLE('',#1108,0.5);
#194=CIRCLE('',#1110,0.5);
#195=CIRCLE('',#1112,0.5);
#196=CIRCLE('',#1114,0.5);
#197=CIRCLE('',#1116,0.5);
#198=CIRCLE('',#1118,0.5);
#199=CIRCLE('',#1120,0.5);
#200=CIRCLE('',#1122,0.5);
#201=CIRCLE('',#1124,0.5);
#202=CIRCLE('',#1126,0.5);
#203=CIRCLE('',#1128,7.375);
#204=CIRCLE('',#1130,7.375);
#205=CIRCLE('',#1132,7.375);
#206=CIRCLE('',#1134,7.375);
#207=CIRCLE('',#1136,7.375);
#208=CIRCLE('',#1138,7.375);
#209=CIRCLE('',#1140,7.375);
#210=CIRCLE('',#1142,7.375);
#211=CIRCLE('',#1144,7.375);
#212=CIRCLE('',#1146,7.375);
#213=CIRCLE('',#1148,7.375);
#214=CIRCLE('',#1150,7.375);
#215=CIRCLE('',#1152,7.375);
#216=CIRCLE('',#1154,7.375);
#217=CIRCLE('',#1156,7.375);
#218=CIRCLE('',#1158,7.375);
#219=CIRCLE('',#1160,7.375);
#220=CIRCLE('',#1162,7.375);
#221=CIRCLE('',#1164,7.375);
#222=CIRCLE('',#1166,7.375);
#223=CIRCLE('',#1168,9.0685);
#224=CIRCLE('',#1170,9.925);
#225=CIRCLE('',#1171,5.875);
#226=B_SPLINE_CURVE_WITH_KNOTS('',3,(#1515,#1516,#1517,#1518,#1519,#1520,
#1521,#1522,#1523,#1524,#1525,#1526,#1527,#1528,#1529,#1530),
 .UNSPECIFIED.,.F.,.F.,(4,3,3,3,3,4),(-4.09323272002457,-3.83588498298124,
-3.35639936010859,-2.87691373723593,-2.39742811436328,-2.07135887395546),
 .UNSPECIFIED.);
#227=B_SPLINE_CURVE_WITH_KNOTS('',3,(#1533,#1534,#1535,#1536,#1537,#1538,
#1539,#1540,#1541,#1542),.UNSPECIFIED.,.F.,.F.,(4,3,3,4),(0.,0.479485622872657,
0.958971245745313,1.11971880752043),.UNSPECIFIED.);
#228=B_SPLINE_CURVE_WITH_KNOTS('',3,(#1547,#1548,#1549,#1550,#1551,#1552,
#1553,#1554,#1555,#1556,#1557,#1558,#1559,#1560,#1561,#1562,#1563,#1564,
#1565,#1566,#1567,#1568,#1569,#1570,#1571,#1572,#1573,#1574,#1575,#1576,
#1577,#1578,#1579,#1580,#1581,#1582,#1583,#1584,#1585,#1586,#1587,#1588,
#1589),.UNSPECIFIED.,.F.,.F.,(4,3,3,3,3,3,3,3,3,3,3,3,3,3,4),(-10.3764180272042,
-10.0691980803258,-9.58971245745311,-9.11022683458045,-8.6307412117078,
-8.15125558883514,-7.67176996596249,-7.19228434308984,-6.71279872021718,
-6.23331309734452,-5.75382747447187,-5.27434185159921,-4.79485622872656,
-4.3153706058539,-4.09323272002457),.UNSPECIFIED.);
#229=B_SPLINE_CURVE_WITH_KNOTS('',3,(#1590,#1591,#1592,#1593,#1594,#1595,
#1596,#1597,#1598,#1599,#1600,#1601,#1602,#1603,#1604,#1605,#1606,#1607,
#1608,#1609,#1610,#1611,#1612,#1613,#1614,#1615,#1616,#1617,#1618,#1619,
#1620,#1621,#1622,#1623,#1624,#1625,#1626,#1627,#1628,#1629,#1630,#1631,
#1632),.UNSPECIFIED.,.F.,.F.,(4,3,3,3,3,3,3,3,3,3,3,3,3,3,4),(1.11971880752043,
1.43845686861797,1.91794249149062,2.39742811436328,2.87691373723593,3.35639936010859,
3.83588498298124,4.3153706058539,4.79485622872655,5.27434185159921,5.75382747447186,
6.23331309734451,6.71279872021717,7.19228434308982,7.40290411470003),
 .UNSPECIFIED.);
#230=B_SPLINE_CURVE_WITH_KNOTS('',3,(#1637,#1638,#1639,#1640,#1641,#1642,
#1643,#1644,#1645,#1646,#1647,#1648,#1649,#1650,#1651,#1652,#1653,#1654,
#1655,#1656,#1657,#1658,#1659,#1660,#1661,#1662,#1663,#1664,#1665,#1666,
#1667,#1668,#1669,#1670,#1671,#1672,#1673,#1674,#1675,#1676,#1677,#1678,
#1679),.UNSPECIFIED.,.F.,.F.,(4,3,3,3,3,3,3,3,3,3,3,3,3,3,4),(-16.6596033343838,
-16.3025111776703,-15.8230255547976,-15.343539931925,-14.8640543090523,
-14.3845686861797,-13.905083063307,-13.4255974404344,-12.9461118175617,
-12.466626194689,-11.9871405718164,-11.5076549489437,-11.0281693260711,
-10.5486837031984,-10.3764180272042),.UNSPECIFIED.);
#231=B_SPLINE_CURVE_WITH_KNOTS('',3,(#1680,#1681,#1682,#1683,#1684,#1685,
#1686,#1687,#1688,#1689,#1690,#1691,#1692,#1693,#1694,#1695,#1696,#1697,
#1698,#1699,#1700,#1701,#1702,#1703,#1704,#1705,#1706,#1707,#1708,#1709,
#1710,#1711,#1712,#1713,#1714,#1715,#1716,#1717,#1718,#1719,#1720,#1721,
#1722),.UNSPECIFIED.,.F.,.F.,(4,3,3,3,3,3,3,3,3,3,3,3,3,3,4),(7.40290411470003,
7.67176996596248,8.15125558883513,8.63074121170779,9.11022683458044,9.5897124574531,
10.0691980803258,10.5486837031984,11.0281693260711,11.5076549489437,11.9871405718164,
12.466626194689,12.9461118175617,13.4255974404343,13.6860894218796),
 .UNSPECIFIED.);
#232=B_SPLINE_CURVE_WITH_KNOTS('',3,(#1727,#1728,#1729,#1730,#1731,#1732,
#1733,#1734,#1735,#1736,#1737,#1738,#1739,#1740,#1741,#1742,#1743,#1744,
#1745,#1746,#1747,#1748,#1749,#1750,#1751,#1752,#1753,#1754,#1755,#1756,
#1757,#1758,#1759,#1760,#1761,#1762,#1763,#1764,#1765,#1766,#1767,#1768,
#1769),.UNSPECIFIED.,.F.,.F.,(4,3,3,3,3,3,3,3,3,3,3,3,3,3,4),(-22.9427886415634,
-22.5358242750148,-22.0563386521421,-21.5768530292695,-21.0973674063968,
-20.6178817835242,-20.1383961606515,-19.6589105377789,-19.1794249149062,
-18.6999392920336,-18.2204536691609,-17.7409680462882,-17.2614824234156,
-16.7819968005429,-16.6596033343838),.UNSPECIFIED.);
#233=B_SPLINE_CURVE_WITH_KNOTS('',3,(#1770,#1771,#1772,#1773,#1774,#1775,
#1776,#1777,#1778,#1779,#1780,#1781,#1782,#1783,#1784,#1785,#1786,#1787,
#1788,#1789,#1790,#1791,#1792,#1793,#1794,#1795,#1796,#1797,#1798,#1799,
#1800,#1801,#1802,#1803,#1804,#1805,#1806,#1807,#1808,#1809,#1810,#1811,
#1812),.UNSPECIFIED.,.F.,.F.,(4,3,3,3,3,3,3,3,3,3,3,3,3,3,4),(13.6860894218796,
13.905083063307,14.3845686861796,14.8640543090523,15.343539931925,15.8230255547976,
16.3025111776703,16.7819968005429,17.2614824234156,17.7409680462882,18.2204536691609,
18.6999392920335,19.1794249149062,19.6589105377789,19.9692747290592),
 .UNSPECIFIED.);
#234=B_SPLINE_CURVE_WITH_KNOTS('',3,(#1818,#1819,#1820,#1821,#1822,#1823,
#1824,#1825,#1826,#1827,#1828,#1829,#1830),.UNSPECIFIED.,.F.,.F.,(4,1,1,
1,1,1,1,1,1,1,4),(28.2743338823082,28.3967273484673,28.8762129713399,29.3556985942126,
29.8351842170853,30.3146698399579,30.7941554628306,31.2736410857032,31.7531267085759,
32.2326123314485,32.5586815718563),.UNSPECIFIED.);
#235=B_SPLINE_CURVE_WITH_KNOTS('',3,(#1833,#1834,#1835,#1836,#1837,#1838,
#1839,#1840,#1841,#1842),.UNSPECIFIED.,.F.,.F.,(4,1,1,1,1,1,1,4),(28.2743338823082,
28.4434553139004,28.9229409367731,29.4024265596458,29.8819121825184,30.3613978053911,
30.8408834282637,31.3203690511364),.UNSPECIFIED.);
#236=B_SPLINE_CURVE_WITH_KNOTS('',3,(#1847,#1848,#1849,#1850,#1851,#1852,
#1853,#1854,#1855,#1856,#1857,#1858,#1859,#1860,#1861,#1862,#1863),
 .UNSPECIFIED.,.F.,.F.,(4,1,1,1,1,1,1,1,1,1,1,1,1,1,4),(21.9911485751286,
22.1634142511228,22.6428998739954,23.1223854968681,23.6018711197407,24.0813567426134,
24.5608423654861,25.0403279883587,25.5198136112314,25.999299234104,26.4787848569767,
26.9582704798493,27.437756102722,27.9172417255946,28.2743338823082),
 .UNSPECIFIED.);
#237=B_SPLINE_CURVE_WITH_KNOTS('',3,(#1864,#1865,#1866,#1867,#1868,#1869,
#1870,#1871,#1872,#1873,#1874,#1875,#1876,#1877,#1878,#1879,#1880),
 .UNSPECIFIED.,.F.,.F.,(4,1,1,1,1,1,1,1,1,1,1,1,1,1,4),(21.9911485751286,
22.2101422165559,22.6896278394286,23.1691134623012,23.6485990851739,24.1280847080465,
24.6075703309192,25.0870559537919,25.5665415766645,26.0460271995372,26.5255128224098,
27.0049984452825,27.4844840681551,27.9639696910278,28.2743338823082),
 .UNSPECIFIED.);
#238=B_SPLINE_CURVE_WITH_KNOTS('',3,(#1885,#1886,#1887,#1888,#1889,#1890,
#1891,#1892,#1893,#1894,#1895,#1896,#1897,#1898,#1899,#1900,#1901),
 .UNSPECIFIED.,.F.,.F.,(4,1,1,1,1,1,1,1,1,1,1,1,1,1,4),(15.707963267949,
15.9301011537783,16.4095867766509,16.8890723995236,17.3685580223962,17.8480436452689,
18.3275292681415,18.8070148910142,19.2865005138868,19.7659861367595,20.2454717596322,
20.7249573825048,21.2044430053775,21.6839286282501,21.9911485751286),
 .UNSPECIFIED.);
#239=B_SPLINE_CURVE_WITH_KNOTS('',3,(#1902,#1903,#1904,#1905,#1906,#1907,
#1908,#1909,#1910,#1911,#1912,#1913,#1914,#1915,#1916,#1917,#1918),
 .UNSPECIFIED.,.F.,.F.,(4,1,1,1,1,1,1,1,1,1,1,1,1,1,4),(15.707963267949,
15.9768291192114,16.4563147420841,16.9358003649567,17.4152859878294,17.894771610702,
18.3742572335747,18.8537428564473,19.33322847932,19.8127141021927,20.2921997250653,
20.771685347938,21.2511709708106,21.7306565936833,21.9911485751286),
 .UNSPECIFIED.);
#240=B_SPLINE_CURVE_WITH_KNOTS('',3,(#2367,#2368,#2369,#2370,#2371,#2372,
#2373,#2374,#2375,#2376,#2377,#2378,#2379,#2380,#2381,#2382,#2383,#2384,
#2385,#2386,#2387,#2388,#2389,#2390,#2391,#2392,#2393,#2394,#2395,#2396,
#2397,#2398,#2399,#2400,#2401,#2402,#2403,#2404,#2405,#2406,#2407,#2408,
#2409,#2410,#2411,#2412,#2413,#2414,#2415,#2416,#2417,#2418,#2419,#2420,
#2421,#2422,#2423,#2424,#2425,#2426,#2427,#2428,#2429,#2430,#2431,#2432,
#2433,#2434,#2435,#2436,#2437,#2438,#2439,#2440,#2441,#2442,#2443,#2444,
#2445,#2446,#2447,#2448,#2449,#2450,#2451,#2452,#2453,#2454,#2455,#2456,
#2457,#2458,#2459,#2460,#2461,#2462,#2463,#2464,#2465,#2466,#2467,#2468,
#2469,#2470,#2471,#2472,#2473,#2474,#2475,#2476,#2477,#2478,#2479,#2480,
#2481,#2482,#2483,#2484,#2485,#2486,#2487),.UNSPECIFIED.,.F.,.F.,(4,3,3,
3,3,3,3,3,3,3,3,3,3,3,3,3,3,3,3,3,3,3,3,3,3,3,3,3,3,3,3,3,3,3,3,3,3,3,3,
3,4),(0.,0.0761741584450931,0.152348316890186,0.226389266671217,0.300353541015983,
0.373697211622223,0.383245484825991,0.392014846408644,0.465096591515692,
0.538188049220612,0.610655247176192,0.622657216827273,0.695741031932334,
0.744214638400837,0.756364830727734,0.768114568273691,0.839973679813649,
0.912234636997668,0.984186554835149,1.05507986634578,1.08352988368036,1.11173729699778,
1.1299320467535,1.14001274781924,1.21075489652071,1.28207123701449,1.35322329179787,
1.42376587969385,1.47930718822649,1.49801475754428,1.50656043308414,1.53484849675914,
1.60524738638904,1.67582744792436,1.7133740153938,1.73416016072544,1.74630439850912,
1.81624620700169,1.88591233882077,1.95459758050921,1.97619998767991),
 .UNSPECIFIED.);
#241=B_SPLINE_CURVE_WITH_KNOTS('',3,(#2488,#2489,#2490,#2491,#2492,#2493,
#2494,#2495,#2496,#2497),.UNSPECIFIED.,.F.,.F.,(4,3,3,4),(19.9692747290592,
20.1383961606515,20.6178817835242,20.9439510239319),.UNSPECIFIED.);
#242=B_SPLINE_CURVE_WITH_KNOTS('',3,(#2499,#2500,#2501,#2502,#2503,#2504,
#2505,#2506,#2507,#2508,#2509,#2510,#2511,#2512,#2513,#2514,#2515,#2516,
#2517,#2518,#2519,#2520,#2521,#2522,#2523,#2524,#2525,#2526,#2527,#2528,
#2529,#2530,#2531,#2532,#2533,#2534,#2535,#2536,#2537,#2538,#2539,#2540,
#2541,#2542,#2543,#2544,#2545,#2546,#2547,#2548,#2549,#2550,#2551,#2552,
#2553,#2554,#2555,#2556,#2557,#2558,#2559,#2560,#2561,#2562,#2563,#2564,
#2565,#2566,#2567,#2568,#2569,#2570,#2571,#2572,#2573,#2574,#2575,#2576,
#2577,#2578,#2579,#2580,#2581,#2582,#2583,#2584,#2585,#2586,#2587,#2588,
#2589,#2590,#2591,#2592,#2593,#2594,#2595,#2596,#2597,#2598,#2599,#2600,
#2601,#2602,#2603,#2604,#2605,#2606,#2607,#2608,#2609,#2610,#2611,#2612,
#2613,#2614,#2615,#2616),.UNSPECIFIED.,.F.,.F.,(4,3,3,3,3,3,3,3,3,3,3,3,
3,3,3,3,3,3,3,3,3,3,3,3,3,3,3,3,3,3,3,3,3,3,3,3,3,3,3,4),(0.,0.0700656759878973,
0.140131351975795,0.209720533584512,0.279709537557892,0.349574255852622,
0.357947229535509,0.428358609161941,0.49923594255895,0.570096353890513,
0.58456459078338,0.655381974225469,0.70323708905652,0.715050770054713,0.725562125068034,
0.796242317169316,0.867988000758853,0.939853137647617,1.011158440221,1.03822289287388,
1.06714421618495,1.08475837960222,1.09485504898593,1.1660641593476,1.23822638169633,
1.31098650361499,1.38353160653321,1.44224783619211,1.46108922113805,1.47048894280754,
1.50096406585102,1.5735405896738,1.64676475188686,1.6874775840753,1.70950451397232,
1.72406250844019,1.79792943922356,1.87196123492996,1.94549760439386,1.97246740939433),
 .UNSPECIFIED.);
#243=B_SPLINE_CURVE_WITH_KNOTS('',3,(#2617,#2618,#2619,#2620,#2621,#2622,
#2623,#2624,#2625,#2626,#2627,#2628,#2629,#2630,#2631),.UNSPECIFIED.,.F.,
 .F.,(4,1,1,1,1,1,1,1,1,1,1,1,4),(10.3764180272044,10.7024872676122,11.1819728904849,
11.6614585133575,12.1409441362302,12.6204297591028,13.0999153819755,13.5794010048481,
14.0588866277208,14.5383722505934,15.0178578734661,15.4973434963388,15.707963267949),
 .UNSPECIFIED.);
#244=B_SPLINE_CURVE_WITH_KNOTS('',3,(#2635,#2636,#2637,#2638,#2639,#2640,
#2641,#2642,#2643,#2644,#2645,#2646),.UNSPECIFIED.,.F.,.F.,(4,1,1,1,1,1,
1,1,1,4),(11.6147305479244,12.094216170797,12.5737017936697,13.0531874165423,
13.532673039415,14.0121586622876,14.4916442851603,14.9711299080329,15.4506155309056,
15.707963267949),.UNSPECIFIED.);
#245=B_SPLINE_CURVE_WITH_KNOTS('',3,(#2852,#2853,#2854,#2855,#2856,#2857,
#2858,#2859,#2860,#2861,#2862,#2863,#2864,#2865,#2866,#2867,#2868,#2869,
#2870,#2871,#2872,#2873,#2874,#2875,#2876,#2877,#2878,#2879,#2880,#2881,
#2882,#2883,#2884,#2885,#2886,#2887,#2888,#2889,#2890,#2891,#2892,#2893,
#2894,#2895,#2896,#2897,#2898,#2899,#2900,#2901,#2902,#2903,#2904,#2905,
#2906,#2907,#2908,#2909,#2910,#2911,#2912,#2913,#2914,#2915,#2916,#2917,
#2918,#2919,#2920,#2921,#2922,#2923,#2924,#2925,#2926,#2927,#2928,#2929,
#2930,#2931,#2932,#2933,#2934,#2935,#2936,#2937,#2938,#2939,#2940,#2941,
#2942,#2943,#2944,#2945,#2946,#2947,#2948,#2949,#2950,#2951,#2952,#2953,
#2954,#2955,#2956,#2957,#2958,#2959,#2960,#2961,#2962,#2963,#2964,#2965,
#2966,#2967,#2968,#2969),.UNSPECIFIED.,.F.,.F.,(4,3,3,3,3,3,3,3,3,3,3,3,
3,3,3,3,3,3,3,3,3,3,3,3,3,3,3,3,3,3,3,3,3,3,3,3,3,3,3,4),(0.,0.0700656759879659,
0.140131351975932,0.209720534441496,0.279709538479779,0.349574256391182,
0.357947229895453,0.428358610360653,0.499235943892045,0.570096354814095,
0.58456459078354,0.655381973831908,0.703237088712173,0.715050769611979,
0.725562125027438,0.796242316179147,0.867987999401244,0.939853135182217,
1.0111584342442,1.03822289287403,1.0671442161851,1.08475838021968,1.0948550493387,
1.16606415486096,1.23822637341256,1.31098649824966,1.38353161014859,1.44224783799989,
1.46108922317533,1.47048894250744,1.50096406585118,1.57354060652594,1.64676477747647,
1.68747760646624,1.70950452421036,1.72406250732541,1.7979294452054,1.87196123789053,
1.94549758821184,1.97246740939458),.UNSPECIFIED.);
#246=B_SPLINE_CURVE_WITH_KNOTS('',3,(#2970,#2971,#2972,#2973,#2974,#2975,
#2976,#2977,#2978,#2979,#2980,#2981,#2982,#2983,#2984,#2985,#2986,#2987,
#2988,#2989,#2990,#2991,#2992,#2993,#2994,#2995,#2996,#2997,#2998,#2999,
#3000,#3001,#3002,#3003,#3004,#3005,#3006,#3007,#3008,#3009,#3010,#3011,
#3012,#3013,#3014,#3015,#3016,#3017,#3018,#3019,#3020,#3021,#3022,#3023,
#3024,#3025,#3026,#3027,#3028,#3029,#3030,#3031,#3032,#3033,#3034,#3035,
#3036,#3037,#3038,#3039,#3040,#3041,#3042,#3043,#3044,#3045,#3046,#3047,
#3048,#3049,#3050,#3051,#3052,#3053,#3054,#3055,#3056,#3057,#3058,#3059,
#3060,#3061,#3062,#3063,#3064,#3065,#3066,#3067,#3068,#3069,#3070,#3071,
#3072,#3073,#3074,#3075,#3076,#3077,#3078,#3079,#3080,#3081,#3082,#3083,
#3084,#3085,#3086,#3087,#3088,#3089,#3090),.UNSPECIFIED.,.F.,.F.,(4,3,3,
3,3,3,3,3,3,3,3,3,3,3,3,3,3,3,3,3,3,3,3,3,3,3,3,3,3,3,3,3,3,3,3,3,3,3,3,
3,4),(0.,0.0761741584450272,0.152348316890054,0.226389266668188,0.300353540787896,
0.373697211402082,0.383245483555859,0.392014846347159,0.465096591392501,
0.538188048876142,0.610655246913582,0.622657216827146,0.695741029837094,
0.744214636567487,0.756364829629438,0.768114568636214,0.839973680061405,
0.912234635337652,0.98418654933388,1.0550798537864,1.08352988368024,1.11173729699766,
1.12993204720802,1.14001274804849,1.21075489206581,1.28207123276402,1.35322329878079,
1.4237659043738,1.47930720056642,1.49801476960691,1.50656044415606,1.53484849675904,
1.6052473948963,1.67582745269212,1.71337401956559,1.73416016303187,1.74630439863508,
1.81624620160974,1.88591231740591,1.95459753076897,1.97619998767993),
 .UNSPECIFIED.);
#247=B_SPLINE_CURVE_WITH_KNOTS('',3,(#3091,#3092,#3093,#3094),
 .UNSPECIFIED.,.F.,.F.,(4,4),(-23.0153098978874,-22.9427886415634),
 .UNSPECIFIED.);
#248=LINE('',#1513,#296);
#249=LINE('',#1546,#297);
#250=LINE('',#1636,#298);
#251=LINE('',#1726,#299);
#252=LINE('',#1816,#300);
#253=LINE('',#1846,#301);
#254=LINE('',#1884,#302);
#255=LINE('',#2006,#303);
#256=LINE('',#2007,#304);
#257=LINE('',#2012,#305);
#258=LINE('',#2013,#306);
#259=LINE('',#2018,#307);
#260=LINE('',#2019,#308);
#261=LINE('',#2024,#309);
#262=LINE('',#2025,#310);
#263=LINE('',#2030,#311);
#264=LINE('',#2031,#312);
#265=LINE('',#2036,#313);
#266=LINE('',#2037,#314);
#267=LINE('',#2042,#315);
#268=LINE('',#2043,#316);
#269=LINE('',#2048,#317);
#270=LINE('',#2049,#318);
#271=LINE('',#2054,#319);
#272=LINE('',#2055,#320);
#273=LINE('',#2060,#321);
#274=LINE('',#2061,#322);
#275=LINE('',#2066,#323);
#276=LINE('',#2067,#324);
#277=LINE('',#2072,#325);
#278=LINE('',#2073,#326);
#279=LINE('',#2078,#327);
#280=LINE('',#2079,#328);
#281=LINE('',#2084,#329);
#282=LINE('',#2085,#330);
#283=LINE('',#2090,#331);
#284=LINE('',#2091,#332);
#285=LINE('',#2096,#333);
#286=LINE('',#2097,#334);
#287=LINE('',#2102,#335);
#288=LINE('',#2103,#336);
#289=LINE('',#2108,#337);
#290=LINE('',#2109,#338);
#291=LINE('',#2114,#339);
#292=LINE('',#2115,#340);
#293=LINE('',#2120,#341);
#294=LINE('',#2121,#342);
#295=LINE('',#3100,#343);
#296=VECTOR('',#1182,8.375);
#297=VECTOR('',#1187,8.375);
#298=VECTOR('',#1190,8.375);
#299=VECTOR('',#1193,8.375);
#300=VECTOR('',#1196,9.0685);
#301=VECTOR('',#1201,9.0685);
#302=VECTOR('',#1204,9.0685);
#303=VECTOR('',#1293,10.);
#304=VECTOR('',#1294,10.);
#305=VECTOR('',#1299,10.);
#306=VECTOR('',#1300,10.);
#307=VECTOR('',#1305,10.);
#308=VECTOR('',#1306,10.);
#309=VECTOR('',#1311,10.);
#310=VECTOR('',#1312,10.);
#311=VECTOR('',#1317,10.);
#312=VECTOR('',#1318,10.);
#313=VECTOR('',#1323,10.);
#314=VECTOR('',#1324,10.);
#315=VECTOR('',#1329,10.);
#316=VECTOR('',#1330,10.);
#317=VECTOR('',#1335,10.);
#318=VECTOR('',#1336,10.);
#319=VECTOR('',#1341,10.);
#320=VECTOR('',#1342,10.);
#321=VECTOR('',#1347,10.);
#322=VECTOR('',#1348,10.);
#323=VECTOR('',#1353,10.);
#324=VECTOR('',#1354,10.);
#325=VECTOR('',#1359,10.);
#326=VECTOR('',#1360,10.);
#327=VECTOR('',#1365,10.);
#328=VECTOR('',#1366,10.);
#329=VECTOR('',#1371,10.);
#330=VECTOR('',#1372,10.);
#331=VECTOR('',#1377,10.);
#332=VECTOR('',#1378,10.);
#333=VECTOR('',#1383,10.);
#334=VECTOR('',#1384,10.);
#335=VECTOR('',#1389,10.);
#336=VECTOR('',#1390,10.);
#337=VECTOR('',#1395,10.);
#338=VECTOR('',#1396,10.);
#339=VECTOR('',#1401,10.);
#340=VECTOR('',#1402,10.);
#341=VECTOR('',#1407,10.);
#342=VECTOR('',#1408,10.);
#343=VECTOR('',#1501,5.875);
#344=VERTEX_POINT('',#1511);
#345=VERTEX_POINT('',#1512);
#346=VERTEX_POINT('',#1514);
#347=VERTEX_POINT('',#1531);
#348=VERTEX_POINT('',#1544);
#349=VERTEX_POINT('',#1545);
#350=VERTEX_POINT('',#1634);
#351=VERTEX_POINT('',#1635);
#352=VERTEX_POINT('',#1724);
#353=VERTEX_POINT('',#1725);
#354=VERTEX_POINT('',#1814);
#355=VERTEX_POINT('',#1815);
#356=VERTEX_POINT('',#1817);
#357=VERTEX_POINT('',#1831);
#358=VERTEX_POINT('',#1844);
#359=VERTEX_POINT('',#1845);
#360=VERTEX_POINT('',#1882);
#361=VERTEX_POINT('',#1883);
#362=VERTEX_POINT('',#1920);
#363=VERTEX_POINT('',#1921);
#364=VERTEX_POINT('',#1923);
#365=VERTEX_POINT('',#1925);
#366=VERTEX_POINT('',#1927);
#367=VERTEX_POINT('',#1929);
#368=VERTEX_POINT('',#1931);
#369=VERTEX_POINT('',#1933);
#370=VERTEX_POINT('',#1935);
#371=VERTEX_POINT('',#1937);
#372=VERTEX_POINT('',#1939);
#373=VERTEX_POINT('',#1941);
#374=VERTEX_POINT('',#1943);
#375=VERTEX_POINT('',#1945);
#376=VERTEX_POINT('',#1947);
#377=VERTEX_POINT('',#1949);
#378=VERTEX_POINT('',#1951);
#379=VERTEX_POINT('',#1953);
#380=VERTEX_POINT('',#1955);
#381=VERTEX_POINT('',#1957);
#382=VERTEX_POINT('',#1959);
#383=VERTEX_POINT('',#1961);
#384=VERTEX_POINT('',#1963);
#385=VERTEX_POINT('',#1965);
#386=VERTEX_POINT('',#1967);
#387=VERTEX_POINT('',#1969);
#388=VERTEX_POINT('',#1971);
#389=VERTEX_POINT('',#1973);
#390=VERTEX_POINT('',#1975);
#391=VERTEX_POINT('',#1977);
#392=VERTEX_POINT('',#1979);
#393=VERTEX_POINT('',#1981);
#394=VERTEX_POINT('',#1983);
#395=VERTEX_POINT('',#1985);
#396=VERTEX_POINT('',#1987);
#397=VERTEX_POINT('',#1989);
#398=VERTEX_POINT('',#1991);
#399=VERTEX_POINT('',#1993);
#400=VERTEX_POINT('',#1995);
#401=VERTEX_POINT('',#1997);
#402=VERTEX_POINT('',#2000);
#403=VERTEX_POINT('',#2003);
#404=VERTEX_POINT('',#2004);
#405=VERTEX_POINT('',#2009);
#406=VERTEX_POINT('',#2010);
#407=VERTEX_POINT('',#2015);
#408=VERTEX_POINT('',#2016);
#409=VERTEX_POINT('',#2021);
#410=VERTEX_POINT('',#2022);
#411=VERTEX_POINT('',#2027);
#412=VERTEX_POINT('',#2028);
#413=VERTEX_POINT('',#2033);
#414=VERTEX_POINT('',#2034);
#415=VERTEX_POINT('',#2039);
#416=VERTEX_POINT('',#2040);
#417=VERTEX_POINT('',#2045);
#418=VERTEX_POINT('',#2046);
#419=VERTEX_POINT('',#2051);
#420=VERTEX_POINT('',#2052);
#421=VERTEX_POINT('',#2057);
#422=VERTEX_POINT('',#2058);
#423=VERTEX_POINT('',#2063);
#424=VERTEX_POINT('',#2064);
#425=VERTEX_POINT('',#2069);
#426=VERTEX_POINT('',#2070);
#427=VERTEX_POINT('',#2075);
#428=VERTEX_POINT('',#2076);
#429=VERTEX_POINT('',#2081);
#430=VERTEX_POINT('',#2082);
#431=VERTEX_POINT('',#2087);
#432=VERTEX_POINT('',#2088);
#433=VERTEX_POINT('',#2093);
#434=VERTEX_POINT('',#2094);
#435=VERTEX_POINT('',#2099);
#436=VERTEX_POINT('',#2100);
#437=VERTEX_POINT('',#2105);
#438=VERTEX_POINT('',#2106);
#439=VERTEX_POINT('',#2111);
#440=VERTEX_POINT('',#2112);
#441=VERTEX_POINT('',#2117);
#442=VERTEX_POINT('',#2118);
#443=VERTEX_POINT('',#2366);
#444=VERTEX_POINT('',#2498);
#445=VERTEX_POINT('',#2633);
#446=VERTEX_POINT('',#2851);
#447=VERTEX_POINT('',#3097);
#448=EDGE_CURVE('',#344,#345,#248,.T.);
#449=EDGE_CURVE('',#344,#346,#226,.T.);
#450=EDGE_CURVE('',#347,#346,#140,.F.);
#451=EDGE_CURVE('',#347,#345,#227,.T.);
#452=EDGE_CURVE('',#348,#349,#249,.T.);
#453=EDGE_CURVE('',#348,#344,#228,.T.);
#454=EDGE_CURVE('',#345,#349,#229,.T.);
#455=EDGE_CURVE('',#350,#351,#250,.T.);
#456=EDGE_CURVE('',#350,#348,#230,.T.);
#457=EDGE_CURVE('',#349,#351,#231,.T.);
#458=EDGE_CURVE('',#352,#353,#251,.T.);
#459=EDGE_CURVE('',#352,#350,#232,.T.);
#460=EDGE_CURVE('',#351,#353,#233,.T.);
#461=EDGE_CURVE('',#354,#355,#252,.T.);
#462=EDGE_CURVE('',#354,#356,#234,.T.);
#463=EDGE_CURVE('',#357,#356,#141,.T.);
#464=EDGE_CURVE('',#355,#357,#235,.T.);
#465=EDGE_CURVE('',#358,#359,#253,.T.);
#466=EDGE_CURVE('',#358,#354,#236,.T.);
#467=EDGE_CURVE('',#359,#355,#237,.T.);
#468=EDGE_CURVE('',#360,#361,#254,.T.);
#469=EDGE_CURVE('',#360,#358,#238,.T.);
#470=EDGE_CURVE('',#361,#359,#239,.T.);
#471=EDGE_CURVE('',#362,#363,#142,.T.);
#472=EDGE_CURVE('',#363,#364,#143,.T.);
#473=EDGE_CURVE('',#364,#365,#144,.T.);
#474=EDGE_CURVE('',#365,#366,#145,.T.);
#475=EDGE_CURVE('',#366,#367,#146,.T.);
#476=EDGE_CURVE('',#367,#368,#147,.T.);
#477=EDGE_CURVE('',#368,#369,#148,.T.);
#478=EDGE_CURVE('',#369,#370,#149,.T.);
#479=EDGE_CURVE('',#370,#371,#150,.T.);
#480=EDGE_CURVE('',#371,#372,#151,.T.);
#481=EDGE_CURVE('',#372,#373,#152,.T.);
#482=EDGE_CURVE('',#373,#374,#153,.T.);
#483=EDGE_CURVE('',#374,#375,#154,.T.);
#484=EDGE_CURVE('',#375,#376,#155,.T.);
#485=EDGE_CURVE('',#376,#377,#156,.T.);
#486=EDGE_CURVE('',#377,#378,#157,.T.);
#487=EDGE_CURVE('',#378,#379,#158,.T.);
#488=EDGE_CURVE('',#379,#380,#159,.T.);
#489=EDGE_CURVE('',#380,#381,#160,.T.);
#490=EDGE_CURVE('',#381,#382,#161,.T.);
#491=EDGE_CURVE('',#382,#383,#162,.T.);
#492=EDGE_CURVE('',#383,#384,#163,.T.);
#493=EDGE_CURVE('',#384,#385,#164,.T.);
#494=EDGE_CURVE('',#385,#386,#165,.T.);
#495=EDGE_CURVE('',#386,#387,#166,.T.);
#496=EDGE_CURVE('',#387,#388,#167,.T.);
#497=EDGE_CURVE('',#388,#389,#168,.T.);
#498=EDGE_CURVE('',#389,#390,#169,.T.);
#499=EDGE_CURVE('',#390,#391,#170,.T.);
#500=EDGE_CURVE('',#391,#392,#171,.T.);
#501=EDGE_CURVE('',#392,#393,#172,.T.);
#502=EDGE_CURVE('',#393,#394,#173,.T.);
#503=EDGE_CURVE('',#394,#395,#174,.T.);
#504=EDGE_CURVE('',#395,#396,#175,.T.);
#505=EDGE_CURVE('',#396,#397,#176,.T.);
#506=EDGE_CURVE('',#397,#398,#177,.T.);
#507=EDGE_CURVE('',#398,#399,#178,.T.);
#508=EDGE_CURVE('',#399,#400,#179,.T.);
#509=EDGE_CURVE('',#400,#401,#180,.T.);
#510=EDGE_CURVE('',#401,#362,#181,.T.);
#511=EDGE_CURVE('',#402,#402,#182,.T.);
#512=EDGE_CURVE('',#403,#404,#183,.T.);
#513=EDGE_CURVE('',#363,#404,#255,.T.);
#514=EDGE_CURVE('',#403,#362,#256,.T.);
#515=EDGE_CURVE('',#405,#406,#184,.T.);
#516=EDGE_CURVE('',#375,#406,#257,.T.);
#517=EDGE_CURVE('',#405,#374,#258,.T.);
#518=EDGE_CURVE('',#407,#408,#185,.T.);
#519=EDGE_CURVE('',#377,#408,#259,.T.);
#520=EDGE_CURVE('',#407,#376,#260,.T.);
#521=EDGE_CURVE('',#409,#410,#186,.T.);
#522=EDGE_CURVE('',#389,#410,#261,.T.);
#523=EDGE_CURVE('',#409,#388,#262,.T.);
#524=EDGE_CURVE('',#411,#412,#187,.T.);
#525=EDGE_CURVE('',#401,#412,#263,.T.);
#526=EDGE_CURVE('',#411,#400,#264,.T.);
#527=EDGE_CURVE('',#413,#414,#188,.T.);
#528=EDGE_CURVE('',#397,#414,#265,.T.);
#529=EDGE_CURVE('',#413,#396,#266,.T.);
#530=EDGE_CURVE('',#415,#416,#189,.T.);
#531=EDGE_CURVE('',#387,#416,#267,.T.);
#532=EDGE_CURVE('',#415,#386,#268,.T.);
#533=EDGE_CURVE('',#417,#418,#190,.T.);
#534=EDGE_CURVE('',#379,#418,#269,.T.);
#535=EDGE_CURVE('',#417,#378,#270,.T.);
#536=EDGE_CURVE('',#419,#420,#191,.T.);
#537=EDGE_CURVE('',#383,#420,#271,.T.);
#538=EDGE_CURVE('',#419,#382,#272,.T.);
#539=EDGE_CURVE('',#421,#422,#192,.T.);
#540=EDGE_CURVE('',#369,#422,#273,.T.);
#541=EDGE_CURVE('',#421,#368,#274,.T.);
#542=EDGE_CURVE('',#423,#424,#193,.T.);
#543=EDGE_CURVE('',#367,#424,#275,.T.);
#544=EDGE_CURVE('',#423,#366,#276,.T.);
#545=EDGE_CURVE('',#425,#426,#194,.T.);
#546=EDGE_CURVE('',#381,#426,#277,.T.);
#547=EDGE_CURVE('',#425,#380,#278,.T.);
#548=EDGE_CURVE('',#427,#428,#195,.T.);
#549=EDGE_CURVE('',#385,#428,#279,.T.);
#550=EDGE_CURVE('',#427,#384,#280,.T.);
#551=EDGE_CURVE('',#429,#430,#196,.T.);
#552=EDGE_CURVE('',#395,#430,#281,.T.);
#553=EDGE_CURVE('',#429,#394,#282,.T.);
#554=EDGE_CURVE('',#431,#432,#197,.T.);
#555=EDGE_CURVE('',#399,#432,#283,.T.);
#556=EDGE_CURVE('',#431,#398,#284,.T.);
#557=EDGE_CURVE('',#433,#434,#198,.T.);
#558=EDGE_CURVE('',#393,#434,#285,.T.);
#559=EDGE_CURVE('',#433,#392,#286,.T.);
#560=EDGE_CURVE('',#435,#436,#199,.T.);
#561=EDGE_CURVE('',#391,#436,#287,.T.);
#562=EDGE_CURVE('',#435,#390,#288,.T.);
#563=EDGE_CURVE('',#437,#438,#200,.T.);
#564=EDGE_CURVE('',#373,#438,#289,.T.);
#565=EDGE_CURVE('',#437,#372,#290,.T.);
#566=EDGE_CURVE('',#439,#440,#201,.T.);
#567=EDGE_CURVE('',#371,#440,#291,.T.);
#568=EDGE_CURVE('',#439,#370,#292,.T.);
#569=EDGE_CURVE('',#441,#442,#202,.T.);
#570=EDGE_CURVE('',#365,#442,#293,.T.);
#571=EDGE_CURVE('',#441,#364,#294,.T.);
#572=EDGE_CURVE('',#437,#440,#203,.T.);
#573=EDGE_CURVE('',#435,#410,#204,.T.);
#574=EDGE_CURVE('',#433,#436,#205,.T.);
#575=EDGE_CURVE('',#431,#414,#206,.T.);
#576=EDGE_CURVE('',#429,#434,#207,.T.);
#577=EDGE_CURVE('',#427,#420,#208,.T.);
#578=EDGE_CURVE('',#423,#442,#209,.T.);
#579=EDGE_CURVE('',#439,#422,#210,.T.);
#580=EDGE_CURVE('',#421,#424,#211,.T.);
#581=EDGE_CURVE('',#419,#426,#212,.T.);
#582=EDGE_CURVE('',#425,#418,#213,.T.);
#583=EDGE_CURVE('',#415,#428,#214,.T.);
#584=EDGE_CURVE('',#413,#430,#215,.T.);
#585=EDGE_CURVE('',#411,#432,#216,.T.);
#586=EDGE_CURVE('',#409,#416,#217,.T.);
#587=EDGE_CURVE('',#417,#408,#218,.T.);
#588=EDGE_CURVE('',#407,#406,#219,.T.);
#589=EDGE_CURVE('',#405,#438,#220,.T.);
#590=EDGE_CURVE('',#441,#404,#221,.T.);
#591=EDGE_CURVE('',#403,#412,#222,.T.);
#592=EDGE_CURVE('',#443,#357,#240,.T.);
#593=EDGE_CURVE('',#353,#443,#241,.T.);
#594=EDGE_CURVE('',#444,#347,#242,.T.);
#595=EDGE_CURVE('',#444,#361,#243,.T.);
#596=EDGE_CURVE('',#445,#444,#223,.T.);
#597=EDGE_CURVE('',#445,#360,#244,.T.);
#598=EDGE_CURVE('',#356,#446,#245,.T.);
#599=EDGE_CURVE('',#346,#445,#246,.T.);
#600=EDGE_CURVE('',#446,#352,#247,.T.);
#601=EDGE_CURVE('',#446,#443,#224,.T.);
#602=EDGE_CURVE('',#447,#447,#225,.T.);
#603=EDGE_CURVE('',#447,#402,#295,.T.);
#604=ORIENTED_EDGE('',*,*,#448,.F.);
#605=ORIENTED_EDGE('',*,*,#449,.T.);
#606=ORIENTED_EDGE('',*,*,#450,.F.);
#607=ORIENTED_EDGE('',*,*,#451,.T.);
#608=ORIENTED_EDGE('',*,*,#452,.F.);
#609=ORIENTED_EDGE('',*,*,#453,.T.);
#610=ORIENTED_EDGE('',*,*,#448,.T.);
#611=ORIENTED_EDGE('',*,*,#454,.T.);
#612=ORIENTED_EDGE('',*,*,#455,.F.);
#613=ORIENTED_EDGE('',*,*,#456,.T.);
#614=ORIENTED_EDGE('',*,*,#452,.T.);
#615=ORIENTED_EDGE('',*,*,#457,.T.);
#616=ORIENTED_EDGE('',*,*,#458,.F.);
#617=ORIENTED_EDGE('',*,*,#459,.T.);
#618=ORIENTED_EDGE('',*,*,#455,.T.);
#619=ORIENTED_EDGE('',*,*,#460,.T.);
#620=ORIENTED_EDGE('',*,*,#461,.F.);
#621=ORIENTED_EDGE('',*,*,#462,.T.);
#622=ORIENTED_EDGE('',*,*,#463,.F.);
#623=ORIENTED_EDGE('',*,*,#464,.F.);
#624=ORIENTED_EDGE('',*,*,#465,.F.);
#625=ORIENTED_EDGE('',*,*,#466,.T.);
#626=ORIENTED_EDGE('',*,*,#461,.T.);
#627=ORIENTED_EDGE('',*,*,#467,.F.);
#628=ORIENTED_EDGE('',*,*,#468,.F.);
#629=ORIENTED_EDGE('',*,*,#469,.T.);
#630=ORIENTED_EDGE('',*,*,#465,.T.);
#631=ORIENTED_EDGE('',*,*,#470,.F.);
#632=ORIENTED_EDGE('',*,*,#471,.T.);
#633=ORIENTED_EDGE('',*,*,#472,.T.);
#634=ORIENTED_EDGE('',*,*,#473,.T.);
#635=ORIENTED_EDGE('',*,*,#474,.T.);
#636=ORIENTED_EDGE('',*,*,#475,.T.);
#637=ORIENTED_EDGE('',*,*,#476,.T.);
#638=ORIENTED_EDGE('',*,*,#477,.T.);
#639=ORIENTED_EDGE('',*,*,#478,.T.);
#640=ORIENTED_EDGE('',*,*,#479,.T.);
#641=ORIENTED_EDGE('',*,*,#480,.T.);
#642=ORIENTED_EDGE('',*,*,#481,.T.);
#643=ORIENTED_EDGE('',*,*,#482,.T.);
#644=ORIENTED_EDGE('',*,*,#483,.T.);
#645=ORIENTED_EDGE('',*,*,#484,.T.);
#646=ORIENTED_EDGE('',*,*,#485,.T.);
#647=ORIENTED_EDGE('',*,*,#486,.T.);
#648=ORIENTED_EDGE('',*,*,#487,.T.);
#649=ORIENTED_EDGE('',*,*,#488,.T.);
#650=ORIENTED_EDGE('',*,*,#489,.T.);
#651=ORIENTED_EDGE('',*,*,#490,.T.);
#652=ORIENTED_EDGE('',*,*,#491,.T.);
#653=ORIENTED_EDGE('',*,*,#492,.T.);
#654=ORIENTED_EDGE('',*,*,#493,.T.);
#655=ORIENTED_EDGE('',*,*,#494,.T.);
#656=ORIENTED_EDGE('',*,*,#495,.T.);
#657=ORIENTED_EDGE('',*,*,#496,.T.);
#658=ORIENTED_EDGE('',*,*,#497,.T.);
#659=ORIENTED_EDGE('',*,*,#498,.T.);
#660=ORIENTED_EDGE('',*,*,#499,.T.);
#661=ORIENTED_EDGE('',*,*,#500,.T.);
#662=ORIENTED_EDGE('',*,*,#501,.T.);
#663=ORIENTED_EDGE('',*,*,#502,.T.);
#664=ORIENTED_EDGE('',*,*,#503,.T.);
#665=ORIENTED_EDGE('',*,*,#504,.T.);
#666=ORIENTED_EDGE('',*,*,#505,.T.);
#667=ORIENTED_EDGE('',*,*,#506,.T.);
#668=ORIENTED_EDGE('',*,*,#507,.T.);
#669=ORIENTED_EDGE('',*,*,#508,.T.);
#670=ORIENTED_EDGE('',*,*,#509,.T.);
#671=ORIENTED_EDGE('',*,*,#510,.T.);
#672=ORIENTED_EDGE('',*,*,#511,.T.);
#673=ORIENTED_EDGE('',*,*,#512,.T.);
#674=ORIENTED_EDGE('',*,*,#513,.F.);
#675=ORIENTED_EDGE('',*,*,#471,.F.);
#676=ORIENTED_EDGE('',*,*,#514,.F.);
#677=ORIENTED_EDGE('',*,*,#515,.T.);
#678=ORIENTED_EDGE('',*,*,#516,.F.);
#679=ORIENTED_EDGE('',*,*,#483,.F.);
#680=ORIENTED_EDGE('',*,*,#517,.F.);
#681=ORIENTED_EDGE('',*,*,#518,.T.);
#682=ORIENTED_EDGE('',*,*,#519,.F.);
#683=ORIENTED_EDGE('',*,*,#485,.F.);
#684=ORIENTED_EDGE('',*,*,#520,.F.);
#685=ORIENTED_EDGE('',*,*,#521,.T.);
#686=ORIENTED_EDGE('',*,*,#522,.F.);
#687=ORIENTED_EDGE('',*,*,#497,.F.);
#688=ORIENTED_EDGE('',*,*,#523,.F.);
#689=ORIENTED_EDGE('',*,*,#524,.T.);
#690=ORIENTED_EDGE('',*,*,#525,.F.);
#691=ORIENTED_EDGE('',*,*,#509,.F.);
#692=ORIENTED_EDGE('',*,*,#526,.F.);
#693=ORIENTED_EDGE('',*,*,#527,.T.);
#694=ORIENTED_EDGE('',*,*,#528,.F.);
#695=ORIENTED_EDGE('',*,*,#505,.F.);
#696=ORIENTED_EDGE('',*,*,#529,.F.);
#697=ORIENTED_EDGE('',*,*,#530,.T.);
#698=ORIENTED_EDGE('',*,*,#531,.F.);
#699=ORIENTED_EDGE('',*,*,#495,.F.);
#700=ORIENTED_EDGE('',*,*,#532,.F.);
#701=ORIENTED_EDGE('',*,*,#533,.T.);
#702=ORIENTED_EDGE('',*,*,#534,.F.);
#703=ORIENTED_EDGE('',*,*,#487,.F.);
#704=ORIENTED_EDGE('',*,*,#535,.F.);
#705=ORIENTED_EDGE('',*,*,#536,.T.);
#706=ORIENTED_EDGE('',*,*,#537,.F.);
#707=ORIENTED_EDGE('',*,*,#491,.F.);
#708=ORIENTED_EDGE('',*,*,#538,.F.);
#709=ORIENTED_EDGE('',*,*,#539,.T.);
#710=ORIENTED_EDGE('',*,*,#540,.F.);
#711=ORIENTED_EDGE('',*,*,#477,.F.);
#712=ORIENTED_EDGE('',*,*,#541,.F.);
#713=ORIENTED_EDGE('',*,*,#542,.T.);
#714=ORIENTED_EDGE('',*,*,#543,.F.);
#715=ORIENTED_EDGE('',*,*,#475,.F.);
#716=ORIENTED_EDGE('',*,*,#544,.F.);
#717=ORIENTED_EDGE('',*,*,#545,.T.);
#718=ORIENTED_EDGE('',*,*,#546,.F.);
#719=ORIENTED_EDGE('',*,*,#489,.F.);
#720=ORIENTED_EDGE('',*,*,#547,.F.);
#721=ORIENTED_EDGE('',*,*,#548,.T.);
#722=ORIENTED_EDGE('',*,*,#549,.F.);
#723=ORIENTED_EDGE('',*,*,#493,.F.);
#724=ORIENTED_EDGE('',*,*,#550,.F.);
#725=ORIENTED_EDGE('',*,*,#551,.T.);
#726=ORIENTED_EDGE('',*,*,#552,.F.);
#727=ORIENTED_EDGE('',*,*,#503,.F.);
#728=ORIENTED_EDGE('',*,*,#553,.F.);
#729=ORIENTED_EDGE('',*,*,#554,.T.);
#730=ORIENTED_EDGE('',*,*,#555,.F.);
#731=ORIENTED_EDGE('',*,*,#507,.F.);
#732=ORIENTED_EDGE('',*,*,#556,.F.);
#733=ORIENTED_EDGE('',*,*,#557,.T.);
#734=ORIENTED_EDGE('',*,*,#558,.F.);
#735=ORIENTED_EDGE('',*,*,#501,.F.);
#736=ORIENTED_EDGE('',*,*,#559,.F.);
#737=ORIENTED_EDGE('',*,*,#560,.T.);
#738=ORIENTED_EDGE('',*,*,#561,.F.);
#739=ORIENTED_EDGE('',*,*,#499,.F.);
#740=ORIENTED_EDGE('',*,*,#562,.F.);
#741=ORIENTED_EDGE('',*,*,#563,.T.);
#742=ORIENTED_EDGE('',*,*,#564,.F.);
#743=ORIENTED_EDGE('',*,*,#481,.F.);
#744=ORIENTED_EDGE('',*,*,#565,.F.);
#745=ORIENTED_EDGE('',*,*,#566,.T.);
#746=ORIENTED_EDGE('',*,*,#567,.F.);
#747=ORIENTED_EDGE('',*,*,#479,.F.);
#748=ORIENTED_EDGE('',*,*,#568,.F.);
#749=ORIENTED_EDGE('',*,*,#569,.T.);
#750=ORIENTED_EDGE('',*,*,#570,.F.);
#751=ORIENTED_EDGE('',*,*,#473,.F.);
#752=ORIENTED_EDGE('',*,*,#571,.F.);
#753=ORIENTED_EDGE('',*,*,#565,.T.);
#754=ORIENTED_EDGE('',*,*,#480,.F.);
#755=ORIENTED_EDGE('',*,*,#567,.T.);
#756=ORIENTED_EDGE('',*,*,#572,.F.);
#757=ORIENTED_EDGE('',*,*,#522,.T.);
#758=ORIENTED_EDGE('',*,*,#573,.F.);
#759=ORIENTED_EDGE('',*,*,#562,.T.);
#760=ORIENTED_EDGE('',*,*,#498,.F.);
#761=ORIENTED_EDGE('',*,*,#559,.T.);
#762=ORIENTED_EDGE('',*,*,#500,.F.);
#763=ORIENTED_EDGE('',*,*,#561,.T.);
#764=ORIENTED_EDGE('',*,*,#574,.F.);
#765=ORIENTED_EDGE('',*,*,#528,.T.);
#766=ORIENTED_EDGE('',*,*,#575,.F.);
#767=ORIENTED_EDGE('',*,*,#556,.T.);
#768=ORIENTED_EDGE('',*,*,#506,.F.);
#769=ORIENTED_EDGE('',*,*,#553,.T.);
#770=ORIENTED_EDGE('',*,*,#502,.F.);
#771=ORIENTED_EDGE('',*,*,#558,.T.);
#772=ORIENTED_EDGE('',*,*,#576,.F.);
#773=ORIENTED_EDGE('',*,*,#537,.T.);
#774=ORIENTED_EDGE('',*,*,#577,.F.);
#775=ORIENTED_EDGE('',*,*,#550,.T.);
#776=ORIENTED_EDGE('',*,*,#492,.F.);
#777=ORIENTED_EDGE('',*,*,#544,.T.);
#778=ORIENTED_EDGE('',*,*,#474,.F.);
#779=ORIENTED_EDGE('',*,*,#570,.T.);
#780=ORIENTED_EDGE('',*,*,#578,.F.);
#781=ORIENTED_EDGE('',*,*,#540,.T.);
#782=ORIENTED_EDGE('',*,*,#579,.F.);
#783=ORIENTED_EDGE('',*,*,#568,.T.);
#784=ORIENTED_EDGE('',*,*,#478,.F.);
#785=ORIENTED_EDGE('',*,*,#541,.T.);
#786=ORIENTED_EDGE('',*,*,#476,.F.);
#787=ORIENTED_EDGE('',*,*,#543,.T.);
#788=ORIENTED_EDGE('',*,*,#580,.F.);
#789=ORIENTED_EDGE('',*,*,#538,.T.);
#790=ORIENTED_EDGE('',*,*,#490,.F.);
#791=ORIENTED_EDGE('',*,*,#546,.T.);
#792=ORIENTED_EDGE('',*,*,#581,.F.);
#793=ORIENTED_EDGE('',*,*,#534,.T.);
#794=ORIENTED_EDGE('',*,*,#582,.F.);
#795=ORIENTED_EDGE('',*,*,#547,.T.);
#796=ORIENTED_EDGE('',*,*,#488,.F.);
#797=ORIENTED_EDGE('',*,*,#532,.T.);
#798=ORIENTED_EDGE('',*,*,#494,.F.);
#799=ORIENTED_EDGE('',*,*,#549,.T.);
#800=ORIENTED_EDGE('',*,*,#583,.F.);
#801=ORIENTED_EDGE('',*,*,#529,.T.);
#802=ORIENTED_EDGE('',*,*,#504,.F.);
#803=ORIENTED_EDGE('',*,*,#552,.T.);
#804=ORIENTED_EDGE('',*,*,#584,.F.);
#805=ORIENTED_EDGE('',*,*,#526,.T.);
#806=ORIENTED_EDGE('',*,*,#508,.F.);
#807=ORIENTED_EDGE('',*,*,#555,.T.);
#808=ORIENTED_EDGE('',*,*,#585,.F.);
#809=ORIENTED_EDGE('',*,*,#523,.T.);
#810=ORIENTED_EDGE('',*,*,#496,.F.);
#811=ORIENTED_EDGE('',*,*,#531,.T.);
#812=ORIENTED_EDGE('',*,*,#586,.F.);
#813=ORIENTED_EDGE('',*,*,#519,.T.);
#814=ORIENTED_EDGE('',*,*,#587,.F.);
#815=ORIENTED_EDGE('',*,*,#535,.T.);
#816=ORIENTED_EDGE('',*,*,#486,.F.);
#817=ORIENTED_EDGE('',*,*,#516,.T.);
#818=ORIENTED_EDGE('',*,*,#588,.F.);
#819=ORIENTED_EDGE('',*,*,#520,.T.);
#820=ORIENTED_EDGE('',*,*,#484,.F.);
#821=ORIENTED_EDGE('',*,*,#517,.T.);
#822=ORIENTED_EDGE('',*,*,#482,.F.);
#823=ORIENTED_EDGE('',*,*,#564,.T.);
#824=ORIENTED_EDGE('',*,*,#589,.F.);
#825=ORIENTED_EDGE('',*,*,#513,.T.);
#826=ORIENTED_EDGE('',*,*,#590,.F.);
#827=ORIENTED_EDGE('',*,*,#571,.T.);
#828=ORIENTED_EDGE('',*,*,#472,.F.);
#829=ORIENTED_EDGE('',*,*,#514,.T.);
#830=ORIENTED_EDGE('',*,*,#510,.F.);
#831=ORIENTED_EDGE('',*,*,#525,.T.);
#832=ORIENTED_EDGE('',*,*,#591,.F.);
#833=ORIENTED_EDGE('',*,*,#592,.F.);
#834=ORIENTED_EDGE('',*,*,#593,.F.);
#835=ORIENTED_EDGE('',*,*,#460,.F.);
#836=ORIENTED_EDGE('',*,*,#457,.F.);
#837=ORIENTED_EDGE('',*,*,#454,.F.);
#838=ORIENTED_EDGE('',*,*,#451,.F.);
#839=ORIENTED_EDGE('',*,*,#594,.F.);
#840=ORIENTED_EDGE('',*,*,#595,.T.);
#841=ORIENTED_EDGE('',*,*,#470,.T.);
#842=ORIENTED_EDGE('',*,*,#467,.T.);
#843=ORIENTED_EDGE('',*,*,#464,.T.);
#844=ORIENTED_EDGE('',*,*,#468,.T.);
#845=ORIENTED_EDGE('',*,*,#595,.F.);
#846=ORIENTED_EDGE('',*,*,#596,.F.);
#847=ORIENTED_EDGE('',*,*,#597,.T.);
#848=ORIENTED_EDGE('',*,*,#598,.F.);
#849=ORIENTED_EDGE('',*,*,#462,.F.);
#850=ORIENTED_EDGE('',*,*,#466,.F.);
#851=ORIENTED_EDGE('',*,*,#469,.F.);
#852=ORIENTED_EDGE('',*,*,#597,.F.);
#853=ORIENTED_EDGE('',*,*,#599,.F.);
#854=ORIENTED_EDGE('',*,*,#449,.F.);
#855=ORIENTED_EDGE('',*,*,#453,.F.);
#856=ORIENTED_EDGE('',*,*,#456,.F.);
#857=ORIENTED_EDGE('',*,*,#459,.F.);
#858=ORIENTED_EDGE('',*,*,#600,.F.);
#859=ORIENTED_EDGE('',*,*,#592,.T.);
#860=ORIENTED_EDGE('',*,*,#463,.T.);
#861=ORIENTED_EDGE('',*,*,#598,.T.);
#862=ORIENTED_EDGE('',*,*,#601,.T.);
#863=ORIENTED_EDGE('',*,*,#602,.T.);
#864=ORIENTED_EDGE('',*,*,#602,.F.);
#865=ORIENTED_EDGE('',*,*,#603,.T.);
#866=ORIENTED_EDGE('',*,*,#511,.F.);
#867=ORIENTED_EDGE('',*,*,#603,.F.);
#868=ORIENTED_EDGE('',*,*,#458,.T.);
#869=ORIENTED_EDGE('',*,*,#593,.T.);
#870=ORIENTED_EDGE('',*,*,#601,.F.);
#871=ORIENTED_EDGE('',*,*,#600,.T.);
#872=ORIENTED_EDGE('',*,*,#594,.T.);
#873=ORIENTED_EDGE('',*,*,#450,.T.);
#874=ORIENTED_EDGE('',*,*,#599,.T.);
#875=ORIENTED_EDGE('',*,*,#596,.T.);
#876=ORIENTED_EDGE('',*,*,#586,.T.);
#877=ORIENTED_EDGE('',*,*,#530,.F.);
#878=ORIENTED_EDGE('',*,*,#583,.T.);
#879=ORIENTED_EDGE('',*,*,#548,.F.);
#880=ORIENTED_EDGE('',*,*,#577,.T.);
#881=ORIENTED_EDGE('',*,*,#536,.F.);
#882=ORIENTED_EDGE('',*,*,#581,.T.);
#883=ORIENTED_EDGE('',*,*,#545,.F.);
#884=ORIENTED_EDGE('',*,*,#582,.T.);
#885=ORIENTED_EDGE('',*,*,#533,.F.);
#886=ORIENTED_EDGE('',*,*,#587,.T.);
#887=ORIENTED_EDGE('',*,*,#518,.F.);
#888=ORIENTED_EDGE('',*,*,#588,.T.);
#889=ORIENTED_EDGE('',*,*,#515,.F.);
#890=ORIENTED_EDGE('',*,*,#589,.T.);
#891=ORIENTED_EDGE('',*,*,#563,.F.);
#892=ORIENTED_EDGE('',*,*,#572,.T.);
#893=ORIENTED_EDGE('',*,*,#566,.F.);
#894=ORIENTED_EDGE('',*,*,#579,.T.);
#895=ORIENTED_EDGE('',*,*,#539,.F.);
#896=ORIENTED_EDGE('',*,*,#580,.T.);
#897=ORIENTED_EDGE('',*,*,#542,.F.);
#898=ORIENTED_EDGE('',*,*,#578,.T.);
#899=ORIENTED_EDGE('',*,*,#569,.F.);
#900=ORIENTED_EDGE('',*,*,#590,.T.);
#901=ORIENTED_EDGE('',*,*,#512,.F.);
#902=ORIENTED_EDGE('',*,*,#591,.T.);
#903=ORIENTED_EDGE('',*,*,#524,.F.);
#904=ORIENTED_EDGE('',*,*,#585,.T.);
#905=ORIENTED_EDGE('',*,*,#554,.F.);
#906=ORIENTED_EDGE('',*,*,#575,.T.);
#907=ORIENTED_EDGE('',*,*,#527,.F.);
#908=ORIENTED_EDGE('',*,*,#584,.T.);
#909=ORIENTED_EDGE('',*,*,#551,.F.);
#910=ORIENTED_EDGE('',*,*,#576,.T.);
#911=ORIENTED_EDGE('',*,*,#557,.F.);
#912=ORIENTED_EDGE('',*,*,#574,.T.);
#913=ORIENTED_EDGE('',*,*,#560,.F.);
#914=ORIENTED_EDGE('',*,*,#573,.T.);
#915=ORIENTED_EDGE('',*,*,#521,.F.);
#916=CYLINDRICAL_SURFACE('',#1036,9.925);
#917=CYLINDRICAL_SURFACE('',#1038,9.925);
#918=CYLINDRICAL_SURFACE('',#1039,9.925);
#919=CYLINDRICAL_SURFACE('',#1040,9.925);
#920=CYLINDRICAL_SURFACE('',#1041,9.0685);
#921=CYLINDRICAL_SURFACE('',#1043,9.0685);
#922=CYLINDRICAL_SURFACE('',#1044,9.0685);
#923=CYLINDRICAL_SURFACE('',#1087,0.5);
#924=CYLINDRICAL_SURFACE('',#1089,0.5);
#925=CYLINDRICAL_SURFACE('',#1091,0.5);
#926=CYLINDRICAL_SURFACE('',#1093,0.5);
#927=CYLINDRICAL_SURFACE('',#1095,0.5);
#928=CYLINDRICAL_SURFACE('',#1097,0.5);
#929=CYLINDRICAL_SURFACE('',#1099,0.5);
#930=CYLINDRICAL_SURFACE('',#1101,0.5);
#931=CYLINDRICAL_SURFACE('',#1103,0.5);
#932=CYLINDRICAL_SURFACE('',#1105,0.5);
#933=CYLINDRICAL_SURFACE('',#1107,0.5);
#934=CYLINDRICAL_SURFACE('',#1109,0.5);
#935=CYLINDRICAL_SURFACE('',#1111,0.5);
#936=CYLINDRICAL_SURFACE('',#1113,0.5);
#937=CYLINDRICAL_SURFACE('',#1115,0.5);
#938=CYLINDRICAL_SURFACE('',#1117,0.5);
#939=CYLINDRICAL_SURFACE('',#1119,0.5);
#940=CYLINDRICAL_SURFACE('',#1121,0.5);
#941=CYLINDRICAL_SURFACE('',#1123,0.5);
#942=CYLINDRICAL_SURFACE('',#1125,0.5);
#943=CYLINDRICAL_SURFACE('',#1127,7.375);
#944=CYLINDRICAL_SURFACE('',#1129,7.375);
#945=CYLINDRICAL_SURFACE('',#1131,7.375);
#946=CYLINDRICAL_SURFACE('',#1133,7.375);
#947=CYLINDRICAL_SURFACE('',#1135,7.375);
#948=CYLINDRICAL_SURFACE('',#1137,7.375);
#949=CYLINDRICAL_SURFACE('',#1139,7.375);
#950=CYLINDRICAL_SURFACE('',#1141,7.375);
#951=CYLINDRICAL_SURFACE('',#1143,7.375);
#952=CYLINDRICAL_SURFACE('',#1145,7.375);
#953=CYLINDRICAL_SURFACE('',#1147,7.375);
#954=CYLINDRICAL_SURFACE('',#1149,7.375);
#955=CYLINDRICAL_SURFACE('',#1151,7.375);
#956=CYLINDRICAL_SURFACE('',#1153,7.375);
#957=CYLINDRICAL_SURFACE('',#1155,7.375);
#958=CYLINDRICAL_SURFACE('',#1157,7.375);
#959=CYLINDRICAL_SURFACE('',#1159,7.375);
#960=CYLINDRICAL_SURFACE('',#1161,7.375);
#961=CYLINDRICAL_SURFACE('',#1163,7.375);
#962=CYLINDRICAL_SURFACE('',#1165,7.375);
#963=CYLINDRICAL_SURFACE('',#1167,9.0685);
#964=CYLINDRICAL_SURFACE('',#1172,5.875);
#965=CYLINDRICAL_SURFACE('',#1173,9.925);
#966=ADVANCED_FACE('',(#27),#916,.T.);
#967=ADVANCED_FACE('',(#28),#917,.T.);
#968=ADVANCED_FACE('',(#29),#918,.T.);
#969=ADVANCED_FACE('',(#30),#919,.T.);
#970=ADVANCED_FACE('',(#31),#920,.T.);
#971=ADVANCED_FACE('',(#32),#921,.T.);
#972=ADVANCED_FACE('',(#33),#922,.T.);
#973=ADVANCED_FACE('',(#34,#21),#24,.T.);
#974=ADVANCED_FACE('',(#35),#923,.F.);
#975=ADVANCED_FACE('',(#36),#924,.F.);
#976=ADVANCED_FACE('',(#37),#925,.F.);
#977=ADVANCED_FACE('',(#38),#926,.F.);
#978=ADVANCED_FACE('',(#39),#927,.F.);
#979=ADVANCED_FACE('',(#40),#928,.F.);
#980=ADVANCED_FACE('',(#41),#929,.F.);
#981=ADVANCED_FACE('',(#42),#930,.F.);
#982=ADVANCED_FACE('',(#43),#931,.F.);
#983=ADVANCED_FACE('',(#44),#932,.F.);
#984=ADVANCED_FACE('',(#45),#933,.F.);
#985=ADVANCED_FACE('',(#46),#934,.F.);
#986=ADVANCED_FACE('',(#47),#935,.F.);
#987=ADVANCED_FACE('',(#48),#936,.F.);
#988=ADVANCED_FACE('',(#49),#937,.F.);
#989=ADVANCED_FACE('',(#50),#938,.F.);
#990=ADVANCED_FACE('',(#51),#939,.F.);
#991=ADVANCED_FACE('',(#52),#940,.F.);
#992=ADVANCED_FACE('',(#53),#941,.F.);
#993=ADVANCED_FACE('',(#54),#942,.F.);
#994=ADVANCED_FACE('',(#55),#943,.T.);
#995=ADVANCED_FACE('',(#56),#944,.T.);
#996=ADVANCED_FACE('',(#57),#945,.T.);
#997=ADVANCED_FACE('',(#58),#946,.T.);
#998=ADVANCED_FACE('',(#59),#947,.T.);
#999=ADVANCED_FACE('',(#60),#948,.T.);
#1000=ADVANCED_FACE('',(#61),#949,.T.);
#1001=ADVANCED_FACE('',(#62),#950,.T.);
#1002=ADVANCED_FACE('',(#63),#951,.T.);
#1003=ADVANCED_FACE('',(#64),#952,.T.);
#1004=ADVANCED_FACE('',(#65),#953,.T.);
#1005=ADVANCED_FACE('',(#66),#954,.T.);
#1006=ADVANCED_FACE('',(#67),#955,.T.);
#1007=ADVANCED_FACE('',(#68),#956,.T.);
#1008=ADVANCED_FACE('',(#69),#957,.T.);
#1009=ADVANCED_FACE('',(#70),#958,.T.);
#1010=ADVANCED_FACE('',(#71),#959,.T.);
#1011=ADVANCED_FACE('',(#72),#960,.T.);
#1012=ADVANCED_FACE('',(#73),#961,.T.);
#1013=ADVANCED_FACE('',(#74),#962,.T.);
#1014=ADVANCED_FACE('',(#75),#19,.F.);
#1015=ADVANCED_FACE('',(#76),#963,.T.);
#1016=ADVANCED_FACE('',(#77),#20,.F.);
#1017=ADVANCED_FACE('',(#78,#22),#25,.F.);
#1018=ADVANCED_FACE('',(#79),#964,.F.);
#1019=ADVANCED_FACE('',(#80),#965,.T.);
#1020=ADVANCED_FACE('',(#81,#23),#26,.T.);
#1021=CLOSED_SHELL('',(#966,#967,#968,#969,#970,#971,#972,#973,#974,#975,
#976,#977,#978,#979,#980,#981,#982,#983,#984,#985,#986,#987,#988,#989,#990,
#991,#992,#993,#994,#995,#996,#997,#998,#999,#1000,#1001,#1002,#1003,#1004,
#1005,#1006,#1007,#1008,#1009,#1010,#1011,#1012,#1013,#1014,#1015,#1016,
#1017,#1018,#1019,#1020));
#1022=DERIVED_UNIT_ELEMENT(#1024,1.);
#1023=DERIVED_UNIT_ELEMENT(#3111,-3.);
#1024=(
MASS_UNIT()
NAMED_UNIT(*)
SI_UNIT(.KILO.,.GRAM.)
);
#1025=DERIVED_UNIT((#1022,#1023));
#1026=MEASURE_REPRESENTATION_ITEM('density measure',
POSITIVE_RATIO_MEASURE(7850.),#1025);
#1027=PROPERTY_DEFINITION_REPRESENTATION(#1032,#1029);
#1028=PROPERTY_DEFINITION_REPRESENTATION(#1033,#1030);
#1029=REPRESENTATION('material name',(#1031),#3108);
#1030=REPRESENTATION('density',(#1026),#3108);
#1031=DESCRIPTIVE_REPRESENTATION_ITEM('Steel','Steel');
#1032=PROPERTY_DEFINITION('material property','material name',#3123);
#1033=PROPERTY_DEFINITION('material property','density of part',#3123);
#1034=AXIS2_PLACEMENT_3D('',#1508,#1176,#1177);
#1035=AXIS2_PLACEMENT_3D('',#1509,#1178,#1179);
#1036=AXIS2_PLACEMENT_3D('',#1510,#1180,#1181);
#1037=AXIS2_PLACEMENT_3D('',#1532,#1183,#1184);
#1038=AXIS2_PLACEMENT_3D('',#1543,#1185,#1186);
#1039=AXIS2_PLACEMENT_3D('',#1633,#1188,#1189);
#1040=AXIS2_PLACEMENT_3D('',#1723,#1191,#1192);
#1041=AXIS2_PLACEMENT_3D('',#1813,#1194,#1195);
#1042=AXIS2_PLACEMENT_3D('',#1832,#1197,#1198);
#1043=AXIS2_PLACEMENT_3D('',#1843,#1199,#1200);
#1044=AXIS2_PLACEMENT_3D('',#1881,#1202,#1203);
#1045=AXIS2_PLACEMENT_3D('',#1919,#1205,#1206);
#1046=AXIS2_PLACEMENT_3D('',#1922,#1207,#1208);
#1047=AXIS2_PLACEMENT_3D('',#1924,#1209,#1210);
#1048=AXIS2_PLACEMENT_3D('',#1926,#1211,#1212);
#1049=AXIS2_PLACEMENT_3D('',#1928,#1213,#1214);
#1050=AXIS2_PLACEMENT_3D('',#1930,#1215,#1216);
#1051=AXIS2_PLACEMENT_3D('',#1932,#1217,#1218);
#1052=AXIS2_PLACEMENT_3D('',#1934,#1219,#1220);
#1053=AXIS2_PLACEMENT_3D('',#1936,#1221,#1222);
#1054=AXIS2_PLACEMENT_3D('',#1938,#1223,#1224);
#1055=AXIS2_PLACEMENT_3D('',#1940,#1225,#1226);
#1056=AXIS2_PLACEMENT_3D('',#1942,#1227,#1228);
#1057=AXIS2_PLACEMENT_3D('',#1944,#1229,#1230);
#1058=AXIS2_PLACEMENT_3D('',#1946,#1231,#1232);
#1059=AXIS2_PLACEMENT_3D('',#1948,#1233,#1234);
#1060=AXIS2_PLACEMENT_3D('',#1950,#1235,#1236);
#1061=AXIS2_PLACEMENT_3D('',#1952,#1237,#1238);
#1062=AXIS2_PLACEMENT_3D('',#1954,#1239,#1240);
#1063=AXIS2_PLACEMENT_3D('',#1956,#1241,#1242);
#1064=AXIS2_PLACEMENT_3D('',#1958,#1243,#1244);
#1065=AXIS2_PLACEMENT_3D('',#1960,#1245,#1246);
#1066=AXIS2_PLACEMENT_3D('',#1962,#1247,#1248);
#1067=AXIS2_PLACEMENT_3D('',#1964,#1249,#1250);
#1068=AXIS2_PLACEMENT_3D('',#1966,#1251,#1252);
#1069=AXIS2_PLACEMENT_3D('',#1968,#1253,#1254);
#1070=AXIS2_PLACEMENT_3D('',#1970,#1255,#1256);
#1071=AXIS2_PLACEMENT_3D('',#1972,#1257,#1258);
#1072=AXIS2_PLACEMENT_3D('',#1974,#1259,#1260);
#1073=AXIS2_PLACEMENT_3D('',#1976,#1261,#1262);
#1074=AXIS2_PLACEMENT_3D('',#1978,#1263,#1264);
#1075=AXIS2_PLACEMENT_3D('',#1980,#1265,#1266);
#1076=AXIS2_PLACEMENT_3D('',#1982,#1267,#1268);
#1077=AXIS2_PLACEMENT_3D('',#1984,#1269,#1270);
#1078=AXIS2_PLACEMENT_3D('',#1986,#1271,#1272);
#1079=AXIS2_PLACEMENT_3D('',#1988,#1273,#1274);
#1080=AXIS2_PLACEMENT_3D('',#1990,#1275,#1276);
#1081=AXIS2_PLACEMENT_3D('',#1992,#1277,#1278);
#1082=AXIS2_PLACEMENT_3D('',#1994,#1279,#1280);
#1083=AXIS2_PLACEMENT_3D('',#1996,#1281,#1282);
#1084=AXIS2_PLACEMENT_3D('',#1998,#1283,#1284);
#1085=AXIS2_PLACEMENT_3D('',#1999,#1285,#1286);
#1086=AXIS2_PLACEMENT_3D('',#2001,#1287,#1288);
#1087=AXIS2_PLACEMENT_3D('',#2002,#1289,#1290);
#1088=AXIS2_PLACEMENT_3D('',#2005,#1291,#1292);
#1089=AXIS2_PLACEMENT_3D('',#2008,#1295,#1296);
#1090=AXIS2_PLACEMENT_3D('',#2011,#1297,#1298);
#1091=AXIS2_PLACEMENT_3D('',#2014,#1301,#1302);
#1092=AXIS2_PLACEMENT_3D('',#2017,#1303,#1304);
#1093=AXIS2_PLACEMENT_3D('',#2020,#1307,#1308);
#1094=AXIS2_PLACEMENT_3D('',#2023,#1309,#1310);
#1095=AXIS2_PLACEMENT_3D('',#2026,#1313,#1314);
#1096=AXIS2_PLACEMENT_3D('',#2029,#1315,#1316);
#1097=AXIS2_PLACEMENT_3D('',#2032,#1319,#1320);
#1098=AXIS2_PLACEMENT_3D('',#2035,#1321,#1322);
#1099=AXIS2_PLACEMENT_3D('',#2038,#1325,#1326);
#1100=AXIS2_PLACEMENT_3D('',#2041,#1327,#1328);
#1101=AXIS2_PLACEMENT_3D('',#2044,#1331,#1332);
#1102=AXIS2_PLACEMENT_3D('',#2047,#1333,#1334);
#1103=AXIS2_PLACEMENT_3D('',#2050,#1337,#1338);
#1104=AXIS2_PLACEMENT_3D('',#2053,#1339,#1340);
#1105=AXIS2_PLACEMENT_3D('',#2056,#1343,#1344);
#1106=AXIS2_PLACEMENT_3D('',#2059,#1345,#1346);
#1107=AXIS2_PLACEMENT_3D('',#2062,#1349,#1350);
#1108=AXIS2_PLACEMENT_3D('',#2065,#1351,#1352);
#1109=AXIS2_PLACEMENT_3D('',#2068,#1355,#1356);
#1110=AXIS2_PLACEMENT_3D('',#2071,#1357,#1358);
#1111=AXIS2_PLACEMENT_3D('',#2074,#1361,#1362);
#1112=AXIS2_PLACEMENT_3D('',#2077,#1363,#1364);
#1113=AXIS2_PLACEMENT_3D('',#2080,#1367,#1368);
#1114=AXIS2_PLACEMENT_3D('',#2083,#1369,#1370);
#1115=AXIS2_PLACEMENT_3D('',#2086,#1373,#1374);
#1116=AXIS2_PLACEMENT_3D('',#2089,#1375,#1376);
#1117=AXIS2_PLACEMENT_3D('',#2092,#1379,#1380);
#1118=AXIS2_PLACEMENT_3D('',#2095,#1381,#1382);
#1119=AXIS2_PLACEMENT_3D('',#2098,#1385,#1386);
#1120=AXIS2_PLACEMENT_3D('',#2101,#1387,#1388);
#1121=AXIS2_PLACEMENT_3D('',#2104,#1391,#1392);
#1122=AXIS2_PLACEMENT_3D('',#2107,#1393,#1394);
#1123=AXIS2_PLACEMENT_3D('',#2110,#1397,#1398);
#1124=AXIS2_PLACEMENT_3D('',#2113,#1399,#1400);
#1125=AXIS2_PLACEMENT_3D('',#2116,#1403,#1404);
#1126=AXIS2_PLACEMENT_3D('',#2119,#1405,#1406);
#1127=AXIS2_PLACEMENT_3D('',#2122,#1409,#1410);
#1128=AXIS2_PLACEMENT_3D('',#2123,#1411,#1412);
#1129=AXIS2_PLACEMENT_3D('',#2124,#1413,#1414);
#1130=AXIS2_PLACEMENT_3D('',#2125,#1415,#1416);
#1131=AXIS2_PLACEMENT_3D('',#2126,#1417,#1418);
#1132=AXIS2_PLACEMENT_3D('',#2127,#1419,#1420);
#1133=AXIS2_PLACEMENT_3D('',#2128,#1421,#1422);
#1134=AXIS2_PLACEMENT_3D('',#2129,#1423,#1424);
#1135=AXIS2_PLACEMENT_3D('',#2130,#1425,#1426);
#1136=AXIS2_PLACEMENT_3D('',#2131,#1427,#1428);
#1137=AXIS2_PLACEMENT_3D('',#2132,#1429,#1430);
#1138=AXIS2_PLACEMENT_3D('',#2133,#1431,#1432);
#1139=AXIS2_PLACEMENT_3D('',#2134,#1433,#1434);
#1140=AXIS2_PLACEMENT_3D('',#2135,#1435,#1436);
#1141=AXIS2_PLACEMENT_3D('',#2136,#1437,#1438);
#1142=AXIS2_PLACEMENT_3D('',#2137,#1439,#1440);
#1143=AXIS2_PLACEMENT_3D('',#2138,#1441,#1442);
#1144=AXIS2_PLACEMENT_3D('',#2139,#1443,#1444);
#1145=AXIS2_PLACEMENT_3D('',#2140,#1445,#1446);
#1146=AXIS2_PLACEMENT_3D('',#2141,#1447,#1448);
#1147=AXIS2_PLACEMENT_3D('',#2142,#1449,#1450);
#1148=AXIS2_PLACEMENT_3D('',#2143,#1451,#1452);
#1149=AXIS2_PLACEMENT_3D('',#2144,#1453,#1454);
#1150=AXIS2_PLACEMENT_3D('',#2145,#1455,#1456);
#1151=AXIS2_PLACEMENT_3D('',#2146,#1457,#1458);
#1152=AXIS2_PLACEMENT_3D('',#2147,#1459,#1460);
#1153=AXIS2_PLACEMENT_3D('',#2148,#1461,#1462);
#1154=AXIS2_PLACEMENT_3D('',#2149,#1463,#1464);
#1155=AXIS2_PLACEMENT_3D('',#2150,#1465,#1466);
#1156=AXIS2_PLACEMENT_3D('',#2151,#1467,#1468);
#1157=AXIS2_PLACEMENT_3D('',#2152,#1469,#1470);
#1158=AXIS2_PLACEMENT_3D('',#2153,#1471,#1472);
#1159=AXIS2_PLACEMENT_3D('',#2154,#1473,#1474);
#1160=AXIS2_PLACEMENT_3D('',#2155,#1475,#1476);
#1161=AXIS2_PLACEMENT_3D('',#2156,#1477,#1478);
#1162=AXIS2_PLACEMENT_3D('',#2157,#1479,#1480);
#1163=AXIS2_PLACEMENT_3D('',#2158,#1481,#1482);
#1164=AXIS2_PLACEMENT_3D('',#2159,#1483,#1484);
#1165=AXIS2_PLACEMENT_3D('',#2160,#1485,#1486);
#1166=AXIS2_PLACEMENT_3D('',#2161,#1487,#1488);
#1167=AXIS2_PLACEMENT_3D('',#2632,#1489,#1490);
#1168=AXIS2_PLACEMENT_3D('',#2634,#1491,#1492);
#1169=AXIS2_PLACEMENT_3D('',#3095,#1493,#1494);
#1170=AXIS2_PLACEMENT_3D('',#3096,#1495,#1496);
#1171=AXIS2_PLACEMENT_3D('',#3098,#1497,#1498);
#1172=AXIS2_PLACEMENT_3D('',#3099,#1499,#1500);
#1173=AXIS2_PLACEMENT_3D('',#3101,#1502,#1503);
#1174=AXIS2_PLACEMENT_3D('',#3102,#1504,#1505);
#1175=AXIS2_PLACEMENT_3D('',#3103,#1506,#1507);
#1176=DIRECTION('axis',(0.,0.,1.));
#1177=DIRECTION('refdir',(1.,0.,0.));
#1178=DIRECTION('axis',(0.,0.,1.));
#1179=DIRECTION('refdir',(1.,0.,0.));
#1180=DIRECTION('center_axis',(0.,0.,-1.));
#1181=DIRECTION('ref_axis',(0.531061135942608,0.847333505705603,0.));
#1182=DIRECTION('',(0.,0.,1.));
#1183=DIRECTION('center_axis',(0.,0.,-1.));
#1184=DIRECTION('ref_axis',(-1.,0.,0.));
#1185=DIRECTION('center_axis',(0.,0.,-1.));
#1186=DIRECTION('ref_axis',(-1.,0.,0.));
#1187=DIRECTION('',(0.,0.,1.));
#1188=DIRECTION('center_axis',(0.,0.,-1.));
#1189=DIRECTION('ref_axis',(-1.,0.,0.));
#1190=DIRECTION('',(0.,0.,1.));
#1191=DIRECTION('center_axis',(0.,0.,-1.));
#1192=DIRECTION('ref_axis',(-1.,0.,0.));
#1193=DIRECTION('',(0.,0.,1.));
#1194=DIRECTION('center_axis',(0.,0.,-1.));
#1195=DIRECTION('ref_axis',(-1.,2.68062402415781E-16,0.));
#1196=DIRECTION('',(0.,0.,-1.));
#1197=DIRECTION('center_axis',(0.,0.,-1.));
#1198=DIRECTION('ref_axis',(-1.,2.68062402415781E-16,0.));
#1199=DIRECTION('center_axis',(0.,0.,-1.));
#1200=DIRECTION('ref_axis',(-1.,2.68062402415781E-16,0.));
#1201=DIRECTION('',(0.,0.,-1.));
#1202=DIRECTION('center_axis',(0.,0.,-1.));
#1203=DIRECTION('ref_axis',(-1.,2.68062402415781E-16,0.));
#1204=DIRECTION('',(0.,0.,-1.));
#1205=DIRECTION('center_axis',(0.,0.,1.));
#1206=DIRECTION('ref_axis',(-1.,0.,0.));
#1207=DIRECTION('center_axis',(0.,0.,-1.));
#1208=DIRECTION('ref_axis',(-1.,5.0407646800611E-9,0.));
#1209=DIRECTION('center_axis',(0.,0.,1.));
#1210=DIRECTION('ref_axis',(-1.,0.,0.));
#1211=DIRECTION('center_axis',(0.,0.,-1.));
#1212=DIRECTION('ref_axis',(-1.,5.0407646800611E-9,0.));
#1213=DIRECTION('center_axis',(0.,0.,1.));
#1214=DIRECTION('ref_axis',(-1.,0.,0.));
#1215=DIRECTION('center_axis',(0.,0.,-1.));
#1216=DIRECTION('ref_axis',(-1.,5.0407646800611E-9,0.));
#1217=DIRECTION('center_axis',(0.,0.,1.));
#1218=DIRECTION('ref_axis',(-1.,0.,0.));
#1219=DIRECTION('center_axis',(0.,0.,-1.));
#1220=DIRECTION('ref_axis',(-1.,5.0407646800611E-9,0.));
#1221=DIRECTION('center_axis',(0.,0.,1.));
#1222=DIRECTION('ref_axis',(-1.,0.,0.));
#1223=DIRECTION('center_axis',(0.,0.,-1.));
#1224=DIRECTION('ref_axis',(-1.,5.0407646800611E-9,0.));
#1225=DIRECTION('center_axis',(0.,0.,1.));
#1226=DIRECTION('ref_axis',(-1.,0.,0.));
#1227=DIRECTION('center_axis',(0.,0.,-1.));
#1228=DIRECTION('ref_axis',(-1.,5.0407646800611E-9,0.));
#1229=DIRECTION('center_axis',(0.,0.,1.));
#1230=DIRECTION('ref_axis',(-1.,0.,0.));
#1231=DIRECTION('center_axis',(0.,0.,-1.));
#1232=DIRECTION('ref_axis',(-1.,5.0407646800611E-9,0.));
#1233=DIRECTION('center_axis',(0.,0.,1.));
#1234=DIRECTION('ref_axis',(-1.,0.,0.));
#1235=DIRECTION('center_axis',(0.,0.,-1.));
#1236=DIRECTION('ref_axis',(-1.,5.0407646800611E-9,0.));
#1237=DIRECTION('center_axis',(0.,0.,1.));
#1238=DIRECTION('ref_axis',(-1.,0.,0.));
#1239=DIRECTION('center_axis',(0.,0.,-1.));
#1240=DIRECTION('ref_axis',(-1.,5.0407646800611E-9,0.));
#1241=DIRECTION('center_axis',(0.,0.,1.));
#1242=DIRECTION('ref_axis',(-1.,0.,0.));
#1243=DIRECTION('center_axis',(0.,0.,-1.));
#1244=DIRECTION('ref_axis',(-1.,5.0407646800611E-9,0.));
#1245=DIRECTION('center_axis',(0.,0.,1.));
#1246=DIRECTION('ref_axis',(-1.,0.,0.));
#1247=DIRECTION('center_axis',(0.,0.,-1.));
#1248=DIRECTION('ref_axis',(-1.,5.0407646800611E-9,0.));
#1249=DIRECTION('center_axis',(0.,0.,1.));
#1250=DIRECTION('ref_axis',(-1.,0.,0.));
#1251=DIRECTION('center_axis',(0.,0.,-1.));
#1252=DIRECTION('ref_axis',(-1.,5.0407646800611E-9,0.));
#1253=DIRECTION('center_axis',(0.,0.,1.));
#1254=DIRECTION('ref_axis',(-1.,0.,0.));
#1255=DIRECTION('center_axis',(0.,0.,-1.));
#1256=DIRECTION('ref_axis',(-1.,5.0407646800611E-9,0.));
#1257=DIRECTION('center_axis',(0.,0.,1.));
#1258=DIRECTION('ref_axis',(-1.,0.,0.));
#1259=DIRECTION('center_axis',(0.,0.,-1.));
#1260=DIRECTION('ref_axis',(-1.,5.0407646800611E-9,0.));
#1261=DIRECTION('center_axis',(0.,0.,1.));
#1262=DIRECTION('ref_axis',(-1.,0.,0.));
#1263=DIRECTION('center_axis',(0.,0.,-1.));
#1264=DIRECTION('ref_axis',(-1.,5.0407646800611E-9,0.));
#1265=DIRECTION('center_axis',(0.,0.,1.));
#1266=DIRECTION('ref_axis',(-1.,0.,0.));
#1267=DIRECTION('center_axis',(0.,0.,-1.));
#1268=DIRECTION('ref_axis',(-1.,5.0407646800611E-9,0.));
#1269=DIRECTION('center_axis',(0.,0.,1.));
#1270=DIRECTION('ref_axis',(-1.,0.,0.));
#1271=DIRECTION('center_axis',(0.,0.,-1.));
#1272=DIRECTION('ref_axis',(-1.,5.0407646800611E-9,0.));
#1273=DIRECTION('center_axis',(0.,0.,1.));
#1274=DIRECTION('ref_axis',(-1.,0.,0.));
#1275=DIRECTION('center_axis',(0.,0.,-1.));
#1276=DIRECTION('ref_axis',(-1.,5.0407646800611E-9,0.));
#1277=DIRECTION('center_axis',(0.,0.,1.));
#1278=DIRECTION('ref_axis',(-1.,0.,0.));
#1279=DIRECTION('center_axis',(0.,0.,-1.));
#1280=DIRECTION('ref_axis',(-1.,5.0407646800611E-9,0.));
#1281=DIRECTION('center_axis',(0.,0.,1.));
#1282=DIRECTION('ref_axis',(-1.,0.,0.));
#1283=DIRECTION('center_axis',(0.,0.,-1.));
#1284=DIRECTION('ref_axis',(-1.,5.0407646800611E-9,0.));
#1285=DIRECTION('center_axis',(0.,0.,1.));
#1286=DIRECTION('ref_axis',(-1.,0.,0.));
#1287=DIRECTION('center_axis',(0.,0.,-1.));
#1288=DIRECTION('ref_axis',(-1.,0.,0.));
#1289=DIRECTION('center_axis',(0.,0.,-1.));
#1290=DIRECTION('ref_axis',(0.587785248442155,-0.809016997172368,0.));
#1291=DIRECTION('center_axis',(0.,0.,-1.));
#1292=DIRECTION('ref_axis',(-1.,5.0407646800611E-9,0.));
#1293=DIRECTION('',(0.,0.,-1.));
#1294=DIRECTION('',(0.,0.,1.));
#1295=DIRECTION('center_axis',(0.,0.,-1.));
#1296=DIRECTION('ref_axis',(0.587785256590168,0.80901699125249,0.));
#1297=DIRECTION('center_axis',(0.,0.,-1.));
#1298=DIRECTION('ref_axis',(-1.,5.0407646800611E-9,0.));
#1299=DIRECTION('',(0.,0.,-1.));
#1300=DIRECTION('',(0.,0.,1.));
#1301=DIRECTION('center_axis',(0.,0.,-1.));
#1302=DIRECTION('ref_axis',(0.309016999475622,0.951056514637844,0.));
#1303=DIRECTION('center_axis',(0.,0.,-1.));
#1304=DIRECTION('ref_axis',(-1.,5.0407646800611E-9,0.));
#1305=DIRECTION('',(0.,0.,-1.));
#1306=DIRECTION('',(0.,0.,1.));
#1307=DIRECTION('center_axis',(0.,0.,-1.));
#1308=DIRECTION('ref_axis',(-1.,5.0407646800611E-9,0.));
#1309=DIRECTION('center_axis',(0.,0.,-1.));
#1310=DIRECTION('ref_axis',(-1.,5.0407646800611E-9,0.));
#1311=DIRECTION('',(0.,0.,-1.));
#1312=DIRECTION('',(0.,0.,1.));
#1313=DIRECTION('center_axis',(0.,0.,-1.));
#1314=DIRECTION('ref_axis',(0.309016989892533,-0.951056517751578,0.));
#1315=DIRECTION('center_axis',(0.,0.,-1.));
#1316=DIRECTION('ref_axis',(-1.,5.0407646800611E-9,0.));
#1317=DIRECTION('',(0.,0.,-1.));
#1318=DIRECTION('',(0.,0.,1.));
#1319=DIRECTION('center_axis',(0.,0.,-1.));
#1320=DIRECTION('ref_axis',(-1.,5.0407646800611E-9,0.));
#1321=DIRECTION('center_axis',(0.,0.,-1.));
#1322=DIRECTION('ref_axis',(-1.,5.0407646800611E-9,0.));
#1323=DIRECTION('',(0.,0.,-1.));
#1324=DIRECTION('',(0.,0.,1.));
#1325=DIRECTION('center_axis',(0.,0.,-1.));
#1326=DIRECTION('ref_axis',(-1.,5.0407646800611E-9,0.));
#1327=DIRECTION('center_axis',(0.,0.,-1.));
#1328=DIRECTION('ref_axis',(-1.,5.0407646800611E-9,0.));
#1329=DIRECTION('',(0.,0.,-1.));
#1330=DIRECTION('',(0.,0.,1.));
#1331=DIRECTION('center_axis',(0.,0.,-1.));
#1332=DIRECTION('ref_axis',(-1.,5.0407646800611E-9,0.));
#1333=DIRECTION('center_axis',(0.,0.,-1.));
#1334=DIRECTION('ref_axis',(-1.,5.0407646800611E-9,0.));
#1335=DIRECTION('',(0.,0.,-1.));
#1336=DIRECTION('',(0.,0.,1.));
#1337=DIRECTION('center_axis',(0.,0.,-1.));
#1338=DIRECTION('ref_axis',(-1.,5.0407646800611E-9,0.));
#1339=DIRECTION('center_axis',(0.,0.,-1.));
#1340=DIRECTION('ref_axis',(-1.,5.0407646800611E-9,0.));
#1341=DIRECTION('',(0.,0.,-1.));
#1342=DIRECTION('',(0.,0.,1.));
#1343=DIRECTION('center_axis',(0.,0.,-1.));
#1344=DIRECTION('ref_axis',(1.,-5.03223315978599E-9,0.));
#1345=DIRECTION('center_axis',(0.,0.,-1.));
#1346=DIRECTION('ref_axis',(-1.,5.0407646800611E-9,0.));
#1347=DIRECTION('',(0.,0.,-1.));
#1348=DIRECTION('',(0.,0.,1.));
#1349=DIRECTION('center_axis',(0.,0.,-1.));
#1350=DIRECTION('ref_axis',(0.951056514772615,-0.309016999060839,0.));
#1351=DIRECTION('center_axis',(0.,0.,-1.));
#1352=DIRECTION('ref_axis',(-1.,5.0407646800611E-9,0.));
#1353=DIRECTION('',(0.,0.,-1.));
#1354=DIRECTION('',(0.,0.,1.));
#1355=DIRECTION('center_axis',(0.,0.,-1.));
#1356=DIRECTION('ref_axis',(-1.,5.0407646800611E-9,0.));
#1357=DIRECTION('center_axis',(0.,0.,-1.));
#1358=DIRECTION('ref_axis',(-1.,5.0407646800611E-9,0.));
#1359=DIRECTION('',(0.,0.,-1.));
#1360=DIRECTION('',(0.,0.,1.));
#1361=DIRECTION('center_axis',(0.,0.,-1.));
#1362=DIRECTION('ref_axis',(-1.,5.0407646800611E-9,0.));
#1363=DIRECTION('center_axis',(0.,0.,-1.));
#1364=DIRECTION('ref_axis',(-1.,5.0407646800611E-9,0.));
#1365=DIRECTION('',(0.,0.,-1.));
#1366=DIRECTION('',(0.,0.,1.));
#1367=DIRECTION('center_axis',(0.,0.,-1.));
#1368=DIRECTION('ref_axis',(-1.,5.0407646800611E-9,0.));
#1369=DIRECTION('center_axis',(0.,0.,-1.));
#1370=DIRECTION('ref_axis',(-1.,5.0407646800611E-9,0.));
#1371=DIRECTION('',(0.,0.,-1.));
#1372=DIRECTION('',(0.,0.,1.));
#1373=DIRECTION('center_axis',(0.,0.,-1.));
#1374=DIRECTION('ref_axis',(-1.,5.0407646800611E-9,0.));
#1375=DIRECTION('center_axis',(0.,0.,-1.));
#1376=DIRECTION('ref_axis',(-1.,5.0407646800611E-9,0.));
#1377=DIRECTION('',(0.,0.,-1.));
#1378=DIRECTION('',(0.,0.,1.));
#1379=DIRECTION('center_axis',(0.,0.,-1.));
#1380=DIRECTION('ref_axis',(-1.,5.0407646800611E-9,0.));
#1381=DIRECTION('center_axis',(0.,0.,-1.));
#1382=DIRECTION('ref_axis',(-1.,5.0407646800611E-9,0.));
#1383=DIRECTION('',(0.,0.,-1.));
#1384=DIRECTION('',(0.,0.,1.));
#1385=DIRECTION('center_axis',(0.,0.,-1.));
#1386=DIRECTION('ref_axis',(-1.,5.0407646800611E-9,0.));
#1387=DIRECTION('center_axis',(0.,0.,-1.));
#1388=DIRECTION('ref_axis',(-1.,5.0407646800611E-9,0.));
#1389=DIRECTION('',(0.,0.,-1.));
#1390=DIRECTION('',(0.,0.,1.));
#1391=DIRECTION('center_axis',(0.,0.,-1.));
#1392=DIRECTION('ref_axis',(0.809016997451855,0.587785248057474,0.));
#1393=DIRECTION('center_axis',(0.,0.,-1.));
#1394=DIRECTION('ref_axis',(-1.,5.0407646800611E-9,0.));
#1395=DIRECTION('',(0.,0.,-1.));
#1396=DIRECTION('',(0.,0.,1.));
#1397=DIRECTION('center_axis',(0.,0.,-1.));
#1398=DIRECTION('ref_axis',(0.951056517882964,0.309016989488171,0.));
#1399=DIRECTION('center_axis',(0.,0.,-1.));
#1400=DIRECTION('ref_axis',(-1.,5.0407646800611E-9,0.));
#1401=DIRECTION('',(0.,0.,-1.));
#1402=DIRECTION('',(0.,0.,1.));
#1403=DIRECTION('center_axis',(0.,0.,-1.));
#1404=DIRECTION('ref_axis',(0.809016991534194,-0.587785256202435,0.));
#1405=DIRECTION('center_axis',(0.,0.,-1.));
#1406=DIRECTION('ref_axis',(-1.,5.0407646800611E-9,0.));
#1407=DIRECTION('',(0.,0.,-1.));
#1408=DIRECTION('',(0.,0.,1.));
#1409=DIRECTION('center_axis',(0.,0.,1.));
#1410=DIRECTION('ref_axis',(-1.,0.,0.));
#1411=DIRECTION('center_axis',(0.,0.,-1.));
#1412=DIRECTION('ref_axis',(-1.,0.,0.));
#1413=DIRECTION('center_axis',(0.,0.,1.));
#1414=DIRECTION('ref_axis',(-1.,0.,0.));
#1415=DIRECTION('center_axis',(0.,0.,-1.));
#1416=DIRECTION('ref_axis',(-1.,0.,0.));
#1417=DIRECTION('center_axis',(0.,0.,1.));
#1418=DIRECTION('ref_axis',(-1.,0.,0.));
#1419=DIRECTION('center_axis',(0.,0.,-1.));
#1420=DIRECTION('ref_axis',(-1.,0.,0.));
#1421=DIRECTION('center_axis',(0.,0.,1.));
#1422=DIRECTION('ref_axis',(-1.,0.,0.));
#1423=DIRECTION('center_axis',(0.,0.,-1.));
#1424=DIRECTION('ref_axis',(-1.,0.,0.));
#1425=DIRECTION('center_axis',(0.,0.,1.));
#1426=DIRECTION('ref_axis',(-1.,0.,0.));
#1427=DIRECTION('center_axis',(0.,0.,-1.));
#1428=DIRECTION('ref_axis',(-1.,0.,0.));
#1429=DIRECTION('center_axis',(0.,0.,1.));
#1430=DIRECTION('ref_axis',(-1.,0.,0.));
#1431=DIRECTION('center_axis',(0.,0.,-1.));
#1432=DIRECTION('ref_axis',(-1.,0.,0.));
#1433=DIRECTION('center_axis',(0.,0.,1.));
#1434=DIRECTION('ref_axis',(-1.,0.,0.));
#1435=DIRECTION('center_axis',(0.,0.,-1.));
#1436=DIRECTION('ref_axis',(-1.,0.,0.));
#1437=DIRECTION('center_axis',(0.,0.,1.));
#1438=DIRECTION('ref_axis',(-1.,0.,0.));
#1439=DIRECTION('center_axis',(0.,0.,-1.));
#1440=DIRECTION('ref_axis',(-1.,0.,0.));
#1441=DIRECTION('center_axis',(0.,0.,1.));
#1442=DIRECTION('ref_axis',(-1.,0.,0.));
#1443=DIRECTION('center_axis',(0.,0.,-1.));
#1444=DIRECTION('ref_axis',(-1.,0.,0.));
#1445=DIRECTION('center_axis',(0.,0.,1.));
#1446=DIRECTION('ref_axis',(-1.,0.,0.));
#1447=DIRECTION('center_axis',(0.,0.,-1.));
#1448=DIRECTION('ref_axis',(-1.,0.,0.));
#1449=DIRECTION('center_axis',(0.,0.,1.));
#1450=DIRECTION('ref_axis',(-1.,0.,0.));
#1451=DIRECTION('center_axis',(0.,0.,-1.));
#1452=DIRECTION('ref_axis',(-1.,0.,0.));
#1453=DIRECTION('center_axis',(0.,0.,1.));
#1454=DIRECTION('ref_axis',(-1.,0.,0.));
#1455=DIRECTION('center_axis',(0.,0.,-1.));
#1456=DIRECTION('ref_axis',(-1.,0.,0.));
#1457=DIRECTION('center_axis',(0.,0.,1.));
#1458=DIRECTION('ref_axis',(-1.,0.,0.));
#1459=DIRECTION('center_axis',(0.,0.,-1.));
#1460=DIRECTION('ref_axis',(-1.,0.,0.));
#1461=DIRECTION('center_axis',(0.,0.,1.));
#1462=DIRECTION('ref_axis',(-1.,0.,0.));
#1463=DIRECTION('center_axis',(0.,0.,-1.));
#1464=DIRECTION('ref_axis',(-1.,0.,0.));
#1465=DIRECTION('center_axis',(0.,0.,1.));
#1466=DIRECTION('ref_axis',(-1.,0.,0.));
#1467=DIRECTION('center_axis',(0.,0.,-1.));
#1468=DIRECTION('ref_axis',(-1.,0.,0.));
#1469=DIRECTION('center_axis',(0.,0.,1.));
#1470=DIRECTION('ref_axis',(-1.,0.,0.));
#1471=DIRECTION('center_axis',(0.,0.,-1.));
#1472=DIRECTION('ref_axis',(-1.,0.,0.));
#1473=DIRECTION('center_axis',(0.,0.,1.));
#1474=DIRECTION('ref_axis',(-1.,0.,0.));
#1475=DIRECTION('center_axis',(0.,0.,-1.));
#1476=DIRECTION('ref_axis',(-1.,0.,0.));
#1477=DIRECTION('center_axis',(0.,0.,1.));
#1478=DIRECTION('ref_axis',(-1.,0.,0.));
#1479=DIRECTION('center_axis',(0.,0.,-1.));
#1480=DIRECTION('ref_axis',(-1.,0.,0.));
#1481=DIRECTION('center_axis',(0.,0.,1.));
#1482=DIRECTION('ref_axis',(-1.,0.,0.));
#1483=DIRECTION('center_axis',(0.,0.,-1.));
#1484=DIRECTION('ref_axis',(-1.,0.,0.));
#1485=DIRECTION('center_axis',(0.,0.,1.));
#1486=DIRECTION('ref_axis',(-1.,0.,0.));
#1487=DIRECTION('center_axis',(0.,0.,-1.));
#1488=DIRECTION('ref_axis',(-1.,0.,0.));
#1489=DIRECTION('center_axis',(0.,0.,-1.));
#1490=DIRECTION('ref_axis',(-0.888920598919503,0.458061315564404,0.));
#1491=DIRECTION('center_axis',(0.,0.,1.));
#1492=DIRECTION('ref_axis',(-1.,2.68062402415781E-16,0.));
#1493=DIRECTION('center_axis',(0.,0.,1.));
#1494=DIRECTION('ref_axis',(-1.,0.,0.));
#1495=DIRECTION('center_axis',(0.,0.,-1.));
#1496=DIRECTION('ref_axis',(-1.,0.,0.));
#1497=DIRECTION('center_axis',(0.,0.,1.));
#1498=DIRECTION('ref_axis',(-1.,0.,0.));
#1499=DIRECTION('center_axis',(0.,0.,-1.));
#1500=DIRECTION('ref_axis',(-1.,0.,0.));
#1501=DIRECTION('',(0.,0.,1.));
#1502=DIRECTION('center_axis',(0.,0.,-1.));
#1503=DIRECTION('ref_axis',(-1.,0.,0.));
#1504=DIRECTION('center_axis',(0.,0.,1.));
#1505=DIRECTION('ref_axis',(-1.,0.,0.));
#1506=DIRECTION('',(0.,0.,1.));
#1507=DIRECTION('',(-0.642787609686539,-0.766044443118978,0.));
#1508=CARTESIAN_POINT('',(0.,0.,0.));
#1509=CARTESIAN_POINT('',(0.,0.,0.));
#1510=CARTESIAN_POINT('Origin',(0.,0.,117.76));
#1511=CARTESIAN_POINT('',(9.92430834200489,-4.56524132619318E-5,117.277313174635));
#1512=CARTESIAN_POINT('',(9.92460488466312,0.000115319093424702,117.492686825365));
#1513=CARTESIAN_POINT('',(9.925,-1.21546194815375E-15,117.76));
#1514=CARTESIAN_POINT('',(-4.32667656424161,8.93189082555482,117.76));
#1515=CARTESIAN_POINT('Ctrl Pts',(9.92430834200489,-4.56524132619318E-5,
117.277313174635));
#1516=CARTESIAN_POINT('Ctrl Pts',(9.92415964863731,0.851507570631693,117.297792256857));
#1517=CARTESIAN_POINT('Ctrl Pts',(9.81551270070571,1.70309797570667,117.318271339079));
#1518=CARTESIAN_POINT('Ctrl Pts',(9.59886868784727,2.52626498685077,117.338750421301));
#1519=CARTESIAN_POINT('Ctrl Pts',(9.19522150353349,4.05997478978638,117.376906674812));
#1520=CARTESIAN_POINT('Ctrl Pts',(8.41666829022381,5.49501430240968,117.415062928322));
#1521=CARTESIAN_POINT('Ctrl Pts',(7.3510034121353,6.66956067708707,117.453219181833));
#1522=CARTESIAN_POINT('Ctrl Pts',(6.2853385340468,7.84410705176445,117.491375435344));
#1523=CARTESIAN_POINT('Ctrl Pts',(4.93256199117946,8.75816028849593,117.529531688855));
#1524=CARTESIAN_POINT('Ctrl Pts',(3.44522597657196,9.30863786215835,117.567687942366));
#1525=CARTESIAN_POINT('Ctrl Pts',(1.95788996196445,9.85911543582077,117.605844195877));
#1526=CARTESIAN_POINT('Ctrl Pts',(0.335994475616779,10.0460173464141,117.644000449387));
#1527=CARTESIAN_POINT('Ctrl Pts',(-1.2375689206466,9.84828203679542,117.682156702898));
#1528=CARTESIAN_POINT('Ctrl Pts',(-2.30765443912191,9.71381418388484,117.708104468599));
#1529=CARTESIAN_POINT('Ctrl Pts',(-3.35538859208695,9.40146933283867,117.734052234299));
#1530=CARTESIAN_POINT('Ctrl Pts',(-4.32667656424161,8.93189082555482,117.76));
#1531=CARTESIAN_POINT('',(4.32666014045098,8.93228061745894,117.76));
#1532=CARTESIAN_POINT('Origin',(0.,0.,117.76));
#1533=CARTESIAN_POINT('Ctrl Pts',(4.32666014045098,8.93228061745894,117.76));
#1534=CARTESIAN_POINT('Ctrl Pts',(5.75429351896286,8.24075683999147,117.721843746489));
#1535=CARTESIAN_POINT('Ctrl Pts',(7.01249125576921,7.2009802552202,117.683687492978));
#1536=CARTESIAN_POINT('Ctrl Pts',(7.95989467596586,5.92931991271668,117.645531239467));
#1537=CARTESIAN_POINT('Ctrl Pts',(8.90729809616252,4.65765957021315,117.607374985957));
#1538=CARTESIAN_POINT('Ctrl Pts',(9.54390719974948,3.15411546997738,117.569218732446));
#1539=CARTESIAN_POINT('Ctrl Pts',(9.79777641463699,1.58860746311782,117.531062478935));
#1540=CARTESIAN_POINT('Ctrl Pts',(9.88288607247916,1.06377088191979,117.518270594412));
#1541=CARTESIAN_POINT('Ctrl Pts',(9.92497860986972,0.531970017892649,117.505478709888));
#1542=CARTESIAN_POINT('Ctrl Pts',(9.92460488466312,0.000115319093424702,
117.492686825365));
#1543=CARTESIAN_POINT('Origin',(0.,0.,117.76));
#1544=CARTESIAN_POINT('',(9.92451462096638,-0.000157726065834196,115.777313174635));
#1545=CARTESIAN_POINT('',(9.92433544428127,7.49461744602217E-5,115.992686825365));
#1546=CARTESIAN_POINT('',(9.925,-1.21546194815375E-15,117.76));
#1547=CARTESIAN_POINT('Ctrl Pts',(9.92451462096638,-0.000157726065834196,
115.777313174635));
#1548=CARTESIAN_POINT('Ctrl Pts',(9.92388581447579,1.01635975167734,115.801760961216));
#1549=CARTESIAN_POINT('Ctrl Pts',(9.76829110293439,2.03306550809489,115.826208747797));
#1550=CARTESIAN_POINT('Ctrl Pts',(9.46099577427447,3.00164198175559,115.850656534378));
#1551=CARTESIAN_POINT('Ctrl Pts',(8.98139250122697,4.51332277752374,115.888812787889));
#1552=CARTESIAN_POINT('Ctrl Pts',(8.13226773235681,5.90776736888484,115.9269690414));
#1553=CARTESIAN_POINT('Ctrl Pts',(7.00937528599091,7.02772749385395,115.965125294911));
#1554=CARTESIAN_POINT('Ctrl Pts',(5.88648283962501,8.14768761882307,116.003281548421));
#1555=CARTESIAN_POINT('Ctrl Pts',(4.48982271576338,8.99316327740019,116.041437801932));
#1556=CARTESIAN_POINT('Ctrl Pts',(2.97689301653944,9.46881215329425,116.079594055443));
#1557=CARTESIAN_POINT('Ctrl Pts',(1.46396331731552,9.9444610291883,116.117750308954));
#1558=CARTESIAN_POINT('Ctrl Pts',(-0.165235957270712,10.0502831223993,116.155906562465));
#1559=CARTESIAN_POINT('Ctrl Pts',(-1.72698380741646,9.77434512177271,116.194062815976));
#1560=CARTESIAN_POINT('Ctrl Pts',(-3.28873165756223,9.49840712114612,116.232219069486));
#1561=CARTESIAN_POINT('Ctrl Pts',(-4.78302808326752,8.84070902668191,116.270375322997));
#1562=CARTESIAN_POINT('Ctrl Pts',(-6.04136476499671,7.87541791888304,116.308531576508));
#1563=CARTESIAN_POINT('Ctrl Pts',(-7.29970144672589,6.91012681108419,116.346687830019));
#1564=CARTESIAN_POINT('Ctrl Pts',(-8.32207838447897,5.63724268995068,116.38484408353));
#1565=CARTESIAN_POINT('Ctrl Pts',(-8.99320451600649,4.20030572358034,116.423000337041));
#1566=CARTESIAN_POINT('Ctrl Pts',(-9.664330647534,2.76336875721,116.461156590551));
#1567=CARTESIAN_POINT('Ctrl Pts',(-9.98420597283596,1.16237894560284,116.499312844062));
#1568=CARTESIAN_POINT('Ctrl Pts',(-9.91675890084626,-0.422123820042804,
116.537469097573));
#1569=CARTESIAN_POINT('Ctrl Pts',(-9.84931182885657,-2.00662658568846,116.575625351084));
#1570=CARTESIAN_POINT('Ctrl Pts',(-9.3945423595752,-3.57464230537261,116.613781604595));
#1571=CARTESIAN_POINT('Ctrl Pts',(-8.60373377865741,-4.94934952124585,116.651937858106));
#1572=CARTESIAN_POINT('Ctrl Pts',(-7.81292519773963,-6.3240567371191,116.690094111616));
#1573=CARTESIAN_POINT('Ctrl Pts',(-6.68607750518543,-7.50545544918146,116.728250365127));
#1574=CARTESIAN_POINT('Ctrl Pts',(-5.3502626979021,-8.3603220498707,116.766406618638));
#1575=CARTESIAN_POINT('Ctrl Pts',(-4.01444789061878,-9.21518865055995,116.804562872149));
#1576=CARTESIAN_POINT('Ctrl Pts',(-2.46966596860634,-9.74352313987609,116.84271912566));
#1577=CARTESIAN_POINT('Ctrl Pts',(-0.890118356113362,-9.88574654007497,
116.880875379171));
#1578=CARTESIAN_POINT('Ctrl Pts',(0.689429256379611,-10.0279699402739,116.919031632681));
#1579=CARTESIAN_POINT('Ctrl Pts',(2.30374255935311,-9.78408225135549,116.957187886192));
#1580=CARTESIAN_POINT('Ctrl Pts',(3.77077915046345,-9.18158596929734,116.995344139703));
#1581=CARTESIAN_POINT('Ctrl Pts',(5.23781574157378,-8.57908968723919,117.033500393214));
#1582=CARTESIAN_POINT('Ctrl Pts',(6.55757562082094,-7.61798481204126,117.071656646725));
#1583=CARTESIAN_POINT('Ctrl Pts',(7.58123267423263,-6.40665321873186,117.109812900236));
#1584=CARTESIAN_POINT('Ctrl Pts',(8.60488972764433,-5.19532162542246,117.147969153747));
#1585=CARTESIAN_POINT('Ctrl Pts',(9.33244395522054,-3.73376331400159,117.186125407257));
#1586=CARTESIAN_POINT('Ctrl Pts',(9.68185049134972,-2.1867941116672,117.224281660768));
#1587=CARTESIAN_POINT('Ctrl Pts',(9.84372485322459,-1.47010845592041,117.241958832057));
#1588=CARTESIAN_POINT('Ctrl Pts',(9.92443669141526,-0.735090906013089,117.259636003346));
#1589=CARTESIAN_POINT('Ctrl Pts',(9.92430834200489,-4.56524132619318E-5,
117.277313174635));
#1590=CARTESIAN_POINT('Ctrl Pts',(9.92460488466312,0.000115319093424702,
117.492686825365));
#1591=CARTESIAN_POINT('Ctrl Pts',(9.9238638441993,-1.0544719704982,117.467322456378));
#1592=CARTESIAN_POINT('Ctrl Pts',(9.75615870196798,-2.1092709216257,117.44195808739));
#1593=CARTESIAN_POINT('Ctrl Pts',(9.42578391382542,-3.11040808238295,117.416593718402));
#1594=CARTESIAN_POINT('Ctrl Pts',(8.92879287193826,-4.61644370754085,117.378437464892));
#1595=CARTESIAN_POINT('Ctrl Pts',(8.06368146197589,-6.00104304437333,117.340281211381));
#1596=CARTESIAN_POINT('Ctrl Pts',(6.92796900187175,-7.10800237672274,117.30212495787));
#1597=CARTESIAN_POINT('Ctrl Pts',(5.79225654176762,-8.21496170907215,117.263968704359));
#1598=CARTESIAN_POINT('Ctrl Pts',(4.38594303152172,-9.04428103693851,117.225812450848));
#1599=CARTESIAN_POINT('Ctrl Pts',(2.86763315235595,-9.50246887351968,117.187656197337));
#1600=CARTESIAN_POINT('Ctrl Pts',(1.34932327319017,-9.96065671010085,117.149499943827));
#1601=CARTESIAN_POINT('Ctrl Pts',(-0.280982974895495,-10.0477130553968,
117.111343690316));
#1602=CARTESIAN_POINT('Ctrl Pts',(-1.83944798198344,-9.75380699457576,117.073187436805));
#1603=CARTESIAN_POINT('Ctrl Pts',(-3.39791298907138,-9.4599009337547,117.035031183294));
#1604=CARTESIAN_POINT('Ctrl Pts',(-4.88453675516161,-8.78503246681659,116.996874929783));
#1605=CARTESIAN_POINT('Ctrl Pts',(-6.13167233792692,-7.80531126672011,116.958718676272));
#1606=CARTESIAN_POINT('Ctrl Pts',(-7.37880792069222,-6.82559006662364,116.920562422762));
#1607=CARTESIAN_POINT('Ctrl Pts',(-8.3864553201326,-5.54101613336878,116.882406169251));
#1608=CARTESIAN_POINT('Ctrl Pts',(-9.0409862741139,-4.09644491377491,116.84424991574));
#1609=CARTESIAN_POINT('Ctrl Pts',(-9.69551722809519,-2.65187369418102,116.806093662229));
#1610=CARTESIAN_POINT('Ctrl Pts',(-9.99693173661738,-1.04730518824812,116.767937408718));
#1611=CARTESIAN_POINT('Ctrl Pts',(-9.91123915900591,0.536315787443454,116.729781155207));
#1612=CARTESIAN_POINT('Ctrl Pts',(-9.82554658139444,2.11993676313502,116.691624901696));
#1613=CARTESIAN_POINT('Ctrl Pts',(-9.35274691764931,3.68261020858525,116.653468648186));
#1614=CARTESIAN_POINT('Ctrl Pts',(-8.54615706781549,5.0481177247573,116.615312394675));
#1615=CARTESIAN_POINT('Ctrl Pts',(-7.73956721798167,6.41362524092935,116.577156141164));
#1616=CARTESIAN_POINT('Ctrl Pts',(-6.59918718205917,7.58196682782323,116.538999887653));
#1617=CARTESIAN_POINT('Ctrl Pts',(-5.25361477573793,8.42139103529038,116.500843634142));
#1618=CARTESIAN_POINT('Ctrl Pts',(-3.90804236941669,9.26081524275753,116.462687380631));
#1619=CARTESIAN_POINT('Ctrl Pts',(-2.3572775926967,9.77132207079797,116.424531127121));
#1620=CARTESIAN_POINT('Ctrl Pts',(-0.776196653139995,9.89534299375389,116.38637487361));
#1621=CARTESIAN_POINT('Ctrl Pts',(0.804884286416716,10.0193639167098,116.348218620099));
#1622=CARTESIAN_POINT('Ctrl Pts',(2.41628138881014,9.75689893458123,116.310062366588));
#1623=CARTESIAN_POINT('Ctrl Pts',(3.87628120263302,9.137545546761,116.271906113077));
#1624=CARTESIAN_POINT('Ctrl Pts',(5.33628101645591,8.51819215894077,116.233749859566));
#1625=CARTESIAN_POINT('Ctrl Pts',(6.64488354170826,7.54195036542888,116.195593606056));
#1626=CARTESIAN_POINT('Ctrl Pts',(7.65452070799871,6.31890870442076,116.157437352545));
#1627=CARTESIAN_POINT('Ctrl Pts',(8.66415787428915,5.09586704341265,116.119281099034));
#1628=CARTESIAN_POINT('Ctrl Pts',(9.37482968161771,3.62602551490832,116.081124845523));
#1629=CARTESIAN_POINT('Ctrl Pts',(9.70639533739335,2.07513470352955,116.042968592012));
#1630=CARTESIAN_POINT('Ctrl Pts',(9.85203950139324,1.39388743999748,116.02620800313));
#1631=CARTESIAN_POINT('Ctrl Pts',(9.92453474389164,0.697001634050716,116.009447414248));
#1632=CARTESIAN_POINT('Ctrl Pts',(9.92433544428127,7.49461744602216E-5,
115.992686825365));
#1633=CARTESIAN_POINT('Origin',(0.,0.,117.76));
#1634=CARTESIAN_POINT('',(9.92490648946866,-0.000210275593205411,114.277313174635));
#1635=CARTESIAN_POINT('',(9.92431447476068,-5.39595801917305E-5,114.492686825365));
#1636=CARTESIAN_POINT('',(9.925,-1.21546194815375E-15,117.76));
#1637=CARTESIAN_POINT('Ctrl Pts',(9.92490648946866,-0.000210275593205411,
114.277313174635));
#1638=CARTESIAN_POINT('Ctrl Pts',(9.92385964340092,1.18118813373267,114.305729665575));
#1639=CARTESIAN_POINT('Ctrl Pts',(9.71245486707411,2.3629515376127,114.334146156515));
#1640=CARTESIAN_POINT('Ctrl Pts',(9.29959586972201,3.46955505465995,114.362562647455));
#1641=CARTESIAN_POINT('Ctrl Pts',(8.74522930136642,4.95544732831805,114.400718900966));
#1642=CARTESIAN_POINT('Ctrl Pts',(7.82764509651731,6.30582793924907,114.438875154477));
#1643=CARTESIAN_POINT('Ctrl Pts',(6.65031707647984,7.36841763197782,114.477031407988));
#1644=CARTESIAN_POINT('Ctrl Pts',(5.47298905644239,8.43100732470657,114.515187661499));
#1645=CARTESIAN_POINT('Ctrl Pts',(4.03591722121661,9.20580609923306,114.553343915009));
#1646=CARTESIAN_POINT('Ctrl Pts',(2.50115681104107,9.60544169962236,114.59150016852));
#1647=CARTESIAN_POINT('Ctrl Pts',(0.966396400865522,10.0050773000117,114.629656422031));
#1648=CARTESIAN_POINT('Ctrl Pts',(-0.666052584259794,10.0295497262638,114.667812675542));
#1649=CARTESIAN_POINT('Ctrl Pts',(-2.21210268421377,9.67609928304284,114.705968929053));
#1650=CARTESIAN_POINT('Ctrl Pts',(-3.75815278416773,9.32264883982192,114.744125182564));
#1651=CARTESIAN_POINT('Ctrl Pts',(-5.21780399895039,8.591275527128,114.782281436074));
#1652=CARTESIAN_POINT('Ctrl Pts',(-6.42645486722265,7.5644546049369,114.820437689585));
#1653=CARTESIAN_POINT('Ctrl Pts',(-7.63510573549492,6.53763368274578,114.858593943096));
#1654=CARTESIAN_POINT('Ctrl Pts',(-8.59275625725679,5.21536515105746,114.896750196607));
#1655=CARTESIAN_POINT('Ctrl Pts',(-9.19141441875708,3.74675814657933,114.934906450118));
#1656=CARTESIAN_POINT('Ctrl Pts',(-9.79007258025737,2.27815114210121,114.973062703629));
#1657=CARTESIAN_POINT('Ctrl Pts',(-10.0297383814961,0.663205664833286,115.01121895714));
#1658=CARTESIAN_POINT('Ctrl Pts',(-9.88338526929637,-0.915964653459164,
115.04937521065));
#1659=CARTESIAN_POINT('Ctrl Pts',(-9.73703215709665,-2.49513497175161,115.087531464161));
#1660=CARTESIAN_POINT('Ctrl Pts',(-9.20466013145852,-4.03853013106856,115.125687717672));
#1661=CARTESIAN_POINT('Ctrl Pts',(-8.34630354319687,-5.37210506154675,115.163843971183));
#1662=CARTESIAN_POINT('Ctrl Pts',(-7.48794695493521,-6.70567999202496,115.202000224694));
#1663=CARTESIAN_POINT('Ctrl Pts',(-6.30360580405004,-7.82943469366439,115.240156478205));
#1664=CARTESIAN_POINT('Ctrl Pts',(-4.92683547775179,-8.61664597175362,115.278312731715));
#1665=CARTESIAN_POINT('Ctrl Pts',(-3.55006515145354,-9.40385724984283,115.316468985226));
#1666=CARTESIAN_POINT('Ctrl Pts',(-1.9808656497422,-9.85452510438184,115.354625238737));
#1667=CARTESIAN_POINT('Ctrl Pts',(-0.396191937818833,-9.91782877327163,
115.392781492248));
#1668=CARTESIAN_POINT('Ctrl Pts',(1.18848177410452,-9.98113244216142,115.430937745759));
#1669=CARTESIAN_POINT('Ctrl Pts',(2.78862969623992,-9.657071925402,115.46909399927));
#1670=CARTESIAN_POINT('Ctrl Pts',(4.22380688227979,-8.98219077110898,115.50725025278));
#1671=CARTESIAN_POINT('Ctrl Pts',(5.6589840683197,-8.30730961681594,115.545406506291));
#1672=CARTESIAN_POINT('Ctrl Pts',(6.92919051826407,-7.28160782498929,115.583562759802));
#1673=CARTESIAN_POINT('Ctrl Pts',(7.89118801549678,-6.02075139260933,115.621719013313));
#1674=CARTESIAN_POINT('Ctrl Pts',(8.85318551272949,-4.7598949602294,115.659875266824));
#1675=CARTESIAN_POINT('Ctrl Pts',(9.50697405725054,-3.26388388729617,115.698031520335));
#1676=CARTESIAN_POINT('Ctrl Pts',(9.77882744089866,-1.70141985074197,115.736187773845));
#1677=CARTESIAN_POINT('Ctrl Pts',(9.87649670285671,-1.14007054091043,115.749896240775));
#1678=CARTESIAN_POINT('Ctrl Pts',(9.92486720801767,-0.570143731996301,115.763604707705));
#1679=CARTESIAN_POINT('Ctrl Pts',(9.92451462096638,-0.000157726065834196,
115.777313174635));
#1680=CARTESIAN_POINT('Ctrl Pts',(9.92433544428127,7.49461744602216E-5,
115.992686825365));
#1681=CARTESIAN_POINT('Ctrl Pts',(9.92408102913787,-0.889584109909575,115.971291160737));
#1682=CARTESIAN_POINT('Ctrl Pts',(9.80536577013085,-1.77930978595882,115.949895496108));
#1683=CARTESIAN_POINT('Ctrl Pts',(9.56913487692101,-2.63665549743909,115.92849983148));
#1684=CARTESIAN_POINT('Ctrl Pts',(9.14784925645029,-4.16561479277572,115.890343577969));
#1685=CARTESIAN_POINT('Ctrl Pts',(8.35281851128615,-5.59159328919575,115.852187324458));
#1686=CARTESIAN_POINT('Ctrl Pts',(7.27369640470773,-6.75378672298254,115.814031070947));
#1687=CARTESIAN_POINT('Ctrl Pts',(6.19457429812931,-7.91598015676933,115.775874817436));
#1688=CARTESIAN_POINT('Ctrl Pts',(4.83136083013663,-8.81438852792289,115.737718563925));
#1689=CARTESIAN_POINT('Ctrl Pts',(3.33778240083682,-9.34770041998972,115.699562310415));
#1690=CARTESIAN_POINT('Ctrl Pts',(1.84420397153702,-9.88101231205655,115.661406056904));
#1691=CARTESIAN_POINT('Ctrl Pts',(0.220260580930102,-10.0492277250367,115.623249803393));
#1692=CARTESIAN_POINT('Ctrl Pts',(-1.35091946483627,-9.83337740008071,115.585093549882));
#1693=CARTESIAN_POINT('Ctrl Pts',(-2.92209951060265,-9.61752707512477,115.546937296371));
#1694=CARTESIAN_POINT('Ctrl Pts',(-4.44051621152849,-9.01761101223275,115.50878104286));
#1695=CARTESIAN_POINT('Ctrl Pts',(-5.73494126052634,-8.1012803452693,115.47062478935));
#1696=CARTESIAN_POINT('Ctrl Pts',(-7.02936630952418,-7.18494967830586,115.432468535839));
#1697=CARTESIAN_POINT('Ctrl Pts',(-8.09979970659404,-5.95220440727099,115.394312282328));
#1698=CARTESIAN_POINT('Ctrl Pts',(-8.82553117593259,-4.54205833920266,115.356156028817));
#1699=CARTESIAN_POINT('Ctrl Pts',(-9.55126264527115,-3.13191227113432,115.317999775306));
#1700=CARTESIAN_POINT('Ctrl Pts',(-9.93229218687839,-1.54436540603252,115.279843521795));
#1701=CARTESIAN_POINT('Ctrl Pts',(-9.92565198873796,0.0415583016405373,
115.241687268285));
#1702=CARTESIAN_POINT('Ctrl Pts',(-9.91901179059754,1.62748200931358,115.203531014774));
#1703=CARTESIAN_POINT('Ctrl Pts',(-9.52470185270946,3.21178255955787,115.165374761263));
#1704=CARTESIAN_POINT('Ctrl Pts',(-8.78718758640104,4.61580207716155,115.127218507752));
#1705=CARTESIAN_POINT('Ctrl Pts',(-8.04967332009262,6.01982159476523,115.089062254241));
#1706=CARTESIAN_POINT('Ctrl Pts',(-6.96895472536386,7.24356007972831,115.05090600073));
#1707=CARTESIAN_POINT('Ctrl Pts',(-5.66690191568014,8.1490193994156,115.01274974722));
#1708=CARTESIAN_POINT('Ctrl Pts',(-4.36484910599642,9.05447871910289,114.974593493709));
#1709=CARTESIAN_POINT('Ctrl Pts',(-2.84146208135773,9.64165887351439,114.936437240198));
#1710=CARTESIAN_POINT('Ctrl Pts',(-1.26852964082295,9.84434492713877,114.898280986687));
#1711=CARTESIAN_POINT('Ctrl Pts',(0.304402799711841,10.0470309807632,114.860124733176));
#1712=CARTESIAN_POINT('Ctrl Pts',(1.92688065614273,9.86522293360041,114.821968479665));
#1713=CARTESIAN_POINT('Ctrl Pts',(3.41594088755695,9.3194228548065,114.783812226154));
#1714=CARTESIAN_POINT('Ctrl Pts',(4.90500111897116,8.7736227760126,114.745655972644));
#1715=CARTESIAN_POINT('Ctrl Pts',(6.26064372536871,7.86383066558755,114.707499719133));
#1716=CARTESIAN_POINT('Ctrl Pts',(7.32999605424201,6.69264165624271,114.669343465622));
#1717=CARTESIAN_POINT('Ctrl Pts',(8.39934838311531,5.52145264689786,114.631187212111));
#1718=CARTESIAN_POINT('Ctrl Pts',(9.18241043446436,4.08886673863323,114.5930309586));
#1719=CARTESIAN_POINT('Ctrl Pts',(9.59087812838026,2.55643330069285,114.554874705089));
#1720=CARTESIAN_POINT('Ctrl Pts',(9.81278792894335,1.72390234743813,114.534145411848));
#1721=CARTESIAN_POINT('Ctrl Pts',(9.92413754099932,0.861901751932088,114.513416118607));
#1722=CARTESIAN_POINT('Ctrl Pts',(9.92431447476068,-5.39595801917305E-5,
114.492686825365));
#1723=CARTESIAN_POINT('Origin',(0.,0.,117.76));
#1724=CARTESIAN_POINT('',(9.92465735553709,-6.28252541878815E-6,112.777313174635));
#1725=CARTESIAN_POINT('',(9.92453604268069,-0.000164739619335826,112.992686825365));
#1726=CARTESIAN_POINT('',(9.925,-1.21546194815375E-15,117.76));
#1727=CARTESIAN_POINT('Ctrl Pts',(9.92465735553709,-6.28252541878815E-6,
112.777313174635));
#1728=CARTESIAN_POINT('Ctrl Pts',(9.92361307304524,1.34635435786736,112.809698369934));
#1729=CARTESIAN_POINT('Ctrl Pts',(9.64755550618856,2.69276885911568,112.842083565233));
#1730=CARTESIAN_POINT('Ctrl Pts',(9.11488851171451,3.92881111933619,112.874468760532));
#1731=CARTESIAN_POINT('Ctrl Pts',(8.48729998892767,5.38511673661931,112.912625014043));
#1732=CARTESIAN_POINT('Ctrl Pts',(7.5034974381773,6.68820841738834,112.950781267554));
#1733=CARTESIAN_POINT('Ctrl Pts',(6.27466246220228,7.69081960508106,112.988937521065));
#1734=CARTESIAN_POINT('Ctrl Pts',(5.04582748622726,8.69343079277377,113.027093774576));
#1735=CARTESIAN_POINT('Ctrl Pts',(3.57196008502759,9.39556148739016,113.065250028087));
#1736=CARTESIAN_POINT('Ctrl Pts',(2.01919945497178,9.71817243313678,113.103406281598));
#1737=CARTESIAN_POINT('Ctrl Pts',(0.466438824915945,10.0407833788834,113.141562535108));
#1738=CARTESIAN_POINT('Ctrl Pts',(-1.16521503399604,9.98387457576024,113.179718788619));
#1739=CARTESIAN_POINT('Ctrl Pts',(-2.691726155701,9.55379839428624,113.21787504213));
#1740=CARTESIAN_POINT('Ctrl Pts',(-4.21823727740595,9.12372221281223,113.256031295641));
#1741=CARTESIAN_POINT('Ctrl Pts',(-5.63960566190386,8.32047865298738,113.294187549152));
#1742=CARTESIAN_POINT('Ctrl Pts',(-6.79556291670477,7.2346776400006,113.332343802663));
#1743=CARTESIAN_POINT('Ctrl Pts',(-7.95152017150567,6.14887662701384,113.370500056173));
#1744=CARTESIAN_POINT('Ctrl Pts',(-8.84206629660957,4.78051816086515,113.408656309684));
#1745=CARTESIAN_POINT('Ctrl Pts',(-9.3667686850286,3.28389483382487,113.446812563195));
#1746=CARTESIAN_POINT('Ctrl Pts',(-9.89147107344764,1.78727150678456,113.484968816706));
#1747=CARTESIAN_POINT('Ctrl Pts',(-10.0503297251818,0.162383318852653,113.523125070217));
#1748=CARTESIAN_POINT('Ctrl Pts',(-9.82543406838185,-1.4075283863753,113.561281323728));
#1749=CARTESIAN_POINT('Ctrl Pts',(-9.60053841158191,-2.97744009160326,113.599437577238));
#1750=CARTESIAN_POINT('Ctrl Pts',(-8.99188844624786,-4.49237531412726,113.637593830749));
#1751=CARTESIAN_POINT('Ctrl Pts',(-8.06811854355864,-5.78150136533825,113.67575008426));
#1752=CARTESIAN_POINT('Ctrl Pts',(-7.14434864086943,-7.07062741654921,113.713906337771));
#1753=CARTESIAN_POINT('Ctrl Pts',(-5.90545880082507,-8.13394429644716,113.752062591282));
#1754=CARTESIAN_POINT('Ctrl Pts',(-4.49115650924028,-8.85154283914278,113.790218844793));
#1755=CARTESIAN_POINT('Ctrl Pts',(-3.07685421765549,-9.5691413818384,113.828375098303));
#1756=CARTESIAN_POINT('Ctrl Pts',(-1.48713947453027,-9.9410215873317,113.866531351814));
#1757=CARTESIAN_POINT('Ctrl Pts',(0.0987196577106139,-9.92524804501737,
113.904687605325));
#1758=CARTESIAN_POINT('Ctrl Pts',(1.68457878995152,-9.90947450270305,113.942843858836));
#1759=CARTESIAN_POINT('Ctrl Pts',(3.2665823113081,-9.50604721258111,113.981000112347));
#1760=CARTESIAN_POINT('Ctrl Pts',(4.66633121067348,-8.7604594254789,114.019156365858));
#1761=CARTESIAN_POINT('Ctrl Pts',(6.06608011003886,-8.0148716383767,114.057312619369));
#1762=CARTESIAN_POINT('Ctrl Pts',(7.28357438741305,-6.92712335429425,114.095468872879));
#1763=CARTESIAN_POINT('Ctrl Pts',(8.18152013226923,-5.61987754917912,114.13362512639));
#1764=CARTESIAN_POINT('Ctrl Pts',(9.0794658771254,-4.312631744064,114.171781379901));
#1765=CARTESIAN_POINT('Ctrl Pts',(9.65786308946357,-2.78588841791621,114.209937633412));
#1766=CARTESIAN_POINT('Ctrl Pts',(9.85148722970161,-1.21181478664973,114.248093886923));
#1767=CARTESIAN_POINT('Ctrl Pts',(9.90091171403514,-0.81001686293677,114.257833649493));
#1768=CARTESIAN_POINT('Ctrl Pts',(9.92526529633787,-0.405135008645611,114.267573412064));
#1769=CARTESIAN_POINT('Ctrl Pts',(9.92490648946866,-0.000210275593205411,
114.277313174635));
#1770=CARTESIAN_POINT('Ctrl Pts',(9.92431447476068,-5.39595801917305E-5,
114.492686825365));
#1771=CARTESIAN_POINT('Ctrl Pts',(9.92446322163755,-0.724693616301583,114.475259865096));
#1772=CARTESIAN_POINT('Ctrl Pts',(9.84603914492151,-1.44930155064138,114.457832904826));
#1773=CARTESIAN_POINT('Ctrl Pts',(9.68867832095441,-2.15634108757398,114.440405944557));
#1774=CARTESIAN_POINT('Ctrl Pts',(9.34413748312991,-3.70440107028435,114.402249691046));
#1775=CARTESIAN_POINT('Ctrl Pts',(8.62118247099816,-5.16824006808896,114.364093437535));
#1776=CARTESIAN_POINT('Ctrl Pts',(7.60133923337868,-6.38278437332094,114.325937184024));
#1777=CARTESIAN_POINT('Ctrl Pts',(6.58149599575921,-7.59732867855291,114.287780930514));
#1778=CARTESIAN_POINT('Ctrl Pts',(5.26476453265202,-8.56257829121226,114.249624677003));
#1779=CARTESIAN_POINT('Ctrl Pts',(3.79962957881479,-9.1696842667122,114.211468423492));
#1780=CARTESIAN_POINT('Ctrl Pts',(2.33449462497755,-9.77679024221214,114.173312169981));
#1781=CARTESIAN_POINT('Ctrl Pts',(0.720956180410306,-10.0257525805527,114.13515591647));
#1782=CARTESIAN_POINT('Ctrl Pts',(-0.859030792780747,-9.88849637720196,
114.096999662959));
#1783=CARTESIAN_POINT('Ctrl Pts',(-2.4390177659718,-9.75124017385126,114.058843409449));
#1784=CARTESIAN_POINT('Ctrl Pts',(-3.98545326778665,-9.22776542880931,114.020687155938));
#1785=CARTESIAN_POINT('Ctrl Pts',(-5.32394937150433,-8.37710317312749,113.982530902427));
#1786=CARTESIAN_POINT('Ctrl Pts',(-6.662445475222,-7.52644091744567,113.944374648916));
#1787=CARTESIAN_POINT('Ctrl Pts',(-7.79300218084253,-6.34859115112397,113.906218395405));
#1788=CARTESIAN_POINT('Ctrl Pts',(-8.58812925752986,-4.9763772304705,113.868062141894));
#1789=CARTESIAN_POINT('Ctrl Pts',(-9.38325633421719,-3.60416330981702,113.829905888384));
#1790=CARTESIAN_POINT('Ctrl Pts',(-9.84295378197131,-2.03758523483177,113.791749634873));
#1791=CARTESIAN_POINT('Ctrl Pts',(-9.91538257093954,-0.453302385749612,
113.753593381362));
#1792=CARTESIAN_POINT('Ctrl Pts',(-9.98781135990777,1.13098046333253,113.715437127851));
#1793=CARTESIAN_POINT('Ctrl Pts',(-9.67297149009013,2.73296808651158,113.67728087434));
#1794=CARTESIAN_POINT('Ctrl Pts',(-9.00636676529751,4.1720081372553,113.639124620829));
#1795=CARTESIAN_POINT('Ctrl Pts',(-8.33976204050489,5.61104818799903,113.600968367318));
#1796=CARTESIAN_POINT('Ctrl Pts',(-7.32139246073729,6.88714066630743,113.562812113808));
#1797=CARTESIAN_POINT('Ctrl Pts',(-6.06609708638327,7.85638347585538,113.524655860297));
#1798=CARTESIAN_POINT('Ctrl Pts',(-4.81080171202925,8.82562628540334,113.486499606786));
#1799=CARTESIAN_POINT('Ctrl Pts',(-3.31858054308882,9.48801942619085,113.448343353275));
#1800=CARTESIAN_POINT('Ctrl Pts',(-1.75770809329852,9.76886664099446,113.410187099764));
#1801=CARTESIAN_POINT('Ctrl Pts',(-0.196835643508211,10.0497138557981,113.372030846253));
#1802=CARTESIAN_POINT('Ctrl Pts',(1.43268808713196,9.94901514461776,113.333874592743));
#1803=CARTESIAN_POINT('Ctrl Pts',(2.9471059748713,9.47812548259155,113.295718339232));
#1804=CARTESIAN_POINT('Ctrl Pts',(4.46152386261062,9.00723582056534,113.257562085721));
#1805=CARTESIAN_POINT('Ctrl Pts',(5.8608359074491,8.16615520769322,113.21940583221));
#1806=CARTESIAN_POINT('Ctrl Pts',(6.9872439595265,7.04973159704457,113.181249578699));
#1807=CARTESIAN_POINT('Ctrl Pts',(8.11365201160392,5.9333079863959,113.143093325188));
#1808=CARTESIAN_POINT('Ctrl Pts',(8.96715607092024,4.54154137797069,113.104937071677));
#1809=CARTESIAN_POINT('Ctrl Pts',(9.45151062857091,3.03137534266169,113.066780818167));
#1810=CARTESIAN_POINT('Ctrl Pts',(9.76502641175036,2.05386645002856,113.042082820566));
#1811=CARTESIAN_POINT('Ctrl Pts',(9.92387638380988,1.02675070891674,113.017384822966));
#1812=CARTESIAN_POINT('Ctrl Pts',(9.92453604268069,-0.000164739619335826,
112.992686825365));
#1813=CARTESIAN_POINT('Origin',(0.,0.,120.532812669074));
#1814=CARTESIAN_POINT('',(9.06841455916842,-0.000192129392397023,113.782812669074));
#1815=CARTESIAN_POINT('',(9.06807608091183,-0.00015052304661145,113.487187330926));
#1816=CARTESIAN_POINT('',(9.0685,-3.54149484611429E-15,120.532812669074));
#1817=CARTESIAN_POINT('',(-3.76424007708066,8.25034477413519,112.76));
#1818=CARTESIAN_POINT('Ctrl Pts',(9.06841455916842,-0.000192129392397045,
113.782812669074));
#1819=CARTESIAN_POINT('Ctrl Pts',(9.06874240199897,-0.370172979940004,113.773072906503));
#1820=CARTESIAN_POINT('Ctrl Pts',(8.9593168324361,-2.18938901808812,113.725176890422));
#1821=CARTESIAN_POINT('Ctrl Pts',(7.76744999361439,-5.3354531812812,113.639124620829));
#1822=CARTESIAN_POINT('Ctrl Pts',(4.43016630967452,-8.31708904451595,113.524655860297));
#1823=CARTESIAN_POINT('Ctrl Pts',(0.0937233071288259,-9.42292694289506,
113.410187099764));
#1824=CARTESIAN_POINT('Ctrl Pts',(-4.26385698950528,-8.40356302042172,113.295718339232));
#1825=CARTESIAN_POINT('Ctrl Pts',(-7.65978822812766,-5.48889628227927,113.181249578699));
#1826=CARTESIAN_POINT('Ctrl Pts',(-9.32816370741182,-1.3362947511582,113.066780818167));
#1827=CARTESIAN_POINT('Ctrl Pts',(-8.89271493665579,3.11769976740918,112.952312057634));
#1828=CARTESIAN_POINT('Ctrl Pts',(-6.71198150656019,6.46848078522185,112.850051784912));
#1829=CARTESIAN_POINT('Ctrl Pts',(-4.66045879034512,7.84028551125101,112.785947765701));
#1830=CARTESIAN_POINT('Ctrl Pts',(-3.76395620388479,8.25012916607834,112.76));
#1831=CARTESIAN_POINT('',(-9.02712820292178,-0.865244854370221,112.76));
#1832=CARTESIAN_POINT('Origin',(0.,0.,112.76));
#1833=CARTESIAN_POINT('Ctrl Pts',(9.06807608091182,-0.000150523046612214,
113.487187330926));
#1834=CARTESIAN_POINT('Ctrl Pts',(9.06840451739037,-0.511439779666746,113.473729075016));
#1835=CARTESIAN_POINT('Ctrl Pts',(8.90506711857808,-2.4721053791885,113.422114565595));
#1836=CARTESIAN_POINT('Ctrl Pts',(7.50973902087792,-5.69244367037152,113.332343802662));
#1837=CARTESIAN_POINT('Ctrl Pts',(4.03685063246416,-8.51497054923004,113.21787504213));
#1838=CARTESIAN_POINT('Ctrl Pts',(-0.346566515504873,-9.41696985593147,
113.103406281598));
#1839=CARTESIAN_POINT('Ctrl Pts',(-4.65163055573444,-8.19532579058379,112.988937521065));
#1840=CARTESIAN_POINT('Ctrl Pts',(-7.90787891589155,-5.12487427283463,112.874468760532));
#1841=CARTESIAN_POINT('Ctrl Pts',(-8.88883738027681,-2.30803758407979,112.798156253511));
#1842=CARTESIAN_POINT('Ctrl Pts',(-9.0271282029218,-0.865244854370029,112.76));
#1843=CARTESIAN_POINT('Origin',(0.,0.,120.532812669074));
#1844=CARTESIAN_POINT('',(9.06805650783209,-0.000144114743634455,115.282812669074));
#1845=CARTESIAN_POINT('',(9.06787363368939,-4.93030179318787E-5,114.987187330926));
#1846=CARTESIAN_POINT('',(9.0685,-3.54149484611429E-15,120.532812669074));
#1847=CARTESIAN_POINT('Ctrl Pts',(9.06805650783209,-0.000144114743634363,
115.282812669074));
#1848=CARTESIAN_POINT('Ctrl Pts',(9.06837866759779,-0.52094190766853,115.269104202144));
#1849=CARTESIAN_POINT('Ctrl Pts',(8.90116617628099,-2.49112769071157,115.217239481703));
#1850=CARTESIAN_POINT('Ctrl Pts',(7.49181172858419,-5.71603867624539,115.127218507752));
#1851=CARTESIAN_POINT('Ctrl Pts',(4.01003827025053,-8.52759838380608,115.01274974722));
#1852=CARTESIAN_POINT('Ctrl Pts',(-0.37614050009253,-9.41588335999734,114.898280986687));
#1853=CARTESIAN_POINT('Ctrl Pts',(-4.67748629795724,-8.18055395781488,114.783812226154));
#1854=CARTESIAN_POINT('Ctrl Pts',(-7.92389367129795,-5.10022060411699,114.669343465622));
#1855=CARTESIAN_POINT('Ctrl Pts',(-9.38318305603329,-0.869607303683995,
114.554874705089));
#1856=CARTESIAN_POINT('Ctrl Pts',(-8.72623313607362,3.55713316803518,114.440405944557));
#1857=CARTESIAN_POINT('Ctrl Pts',(-6.10120933055299,7.18161443139499,114.325937184024));
#1858=CARTESIAN_POINT('Ctrl Pts',(-2.10014725259129,9.18638789824584,114.211468423492));
#1859=CARTESIAN_POINT('Ctrl Pts',(2.37457223001081,9.11930632722304,114.096999662959));
#1860=CARTESIAN_POINT('Ctrl Pts',(6.31374178298166,6.99549896597562,113.982530902427));
#1861=CARTESIAN_POINT('Ctrl Pts',(8.61492974595433,3.60891102027629,113.877801904465));
#1862=CARTESIAN_POINT('Ctrl Pts',(9.06745805301577,1.07925487060485,113.811229160014));
#1863=CARTESIAN_POINT('Ctrl Pts',(9.06841455916842,-0.000192129392397045,
113.782812669074));
#1864=CARTESIAN_POINT('Ctrl Pts',(9.06787363368939,-4.93030179320175E-5,
114.987187330926));
#1865=CARTESIAN_POINT('Ctrl Pts',(9.06800954412293,-0.662154565181967,114.969760370657));
#1866=CARTESIAN_POINT('Ctrl Pts',(8.83946209991407,-2.77384396442681,114.914177156876));
#1867=CARTESIAN_POINT('Ctrl Pts',(7.21663231342368,-6.05974901854466,114.820437689585));
#1868=CARTESIAN_POINT('Ctrl Pts',(3.60732875477756,-8.70560275529064,114.705968929053));
#1869=CARTESIAN_POINT('Ctrl Pts',(-0.815554887910113,-9.38803549037611,
114.59150016852));
#1870=CARTESIAN_POINT('Ctrl Pts',(-5.05450209643637,-7.95313451544024,114.477031407988));
#1871=CARTESIAN_POINT('Ctrl Pts',(-8.15348047978743,-4.72452073028507,114.362562647455));
#1872=CARTESIAN_POINT('Ctrl Pts',(-9.41356097498891,-0.430360547009423,
114.248093886923));
#1873=CARTESIAN_POINT('Ctrl Pts',(-8.55055079077492,3.96086104315662,114.13362512639));
#1874=CARTESIAN_POINT('Ctrl Pts',(-5.75908947063714,7.4587687427656,114.019156365858));
#1875=CARTESIAN_POINT('Ctrl Pts',(-1.66874962060097,9.27446008701695,113.904687605325));
#1876=CARTESIAN_POINT('Ctrl Pts',(2.79795142261624,8.99843401275846,113.790218844793));
#1877=CARTESIAN_POINT('Ctrl Pts',(6.63361730028414,6.69294095346451,113.67575008426));
#1878=CARTESIAN_POINT('Ctrl Pts',(8.69810047622914,3.32649094473525,113.574739579638));
#1879=CARTESIAN_POINT('Ctrl Pts',(9.06747334877379,0.938144967638464,113.511885328527));
#1880=CARTESIAN_POINT('Ctrl Pts',(9.06807608091182,-0.000150523046612214,
113.487187330926));
#1881=CARTESIAN_POINT('Origin',(0.,0.,120.532812669074));
#1882=CARTESIAN_POINT('',(9.06786803017343,-4.17127367967956E-5,116.782812669074));
#1883=CARTESIAN_POINT('',(9.06789279359846,6.84785272642152E-5,116.487187330926));
#1884=CARTESIAN_POINT('',(9.0685,-3.54149484611429E-15,120.532812669074));
#1885=CARTESIAN_POINT('Ctrl Pts',(9.06786803017343,-4.17127367966647E-5,
116.782812669074));
#1886=CARTESIAN_POINT('Ctrl Pts',(9.0679853033853,-0.671654597600174,116.765135497785));
#1887=CARTESIAN_POINT('Ctrl Pts',(8.8350562411705,-2.79286695565412,116.709302072985));
#1888=CARTESIAN_POINT('Ctrl Pts',(7.19754327278263,-6.08240964304924,116.615312394675));
#1889=CARTESIAN_POINT('Ctrl Pts',(3.57993849748201,-8.71690220548725,116.500843634142));
#1890=CARTESIAN_POINT('Ctrl Pts',(-0.84506911602385,-9.38542477685941,116.38637487361));
#1891=CARTESIAN_POINT('Ctrl Pts',(-5.07948368320869,-7.93720271649768,116.271906113077));
#1892=CARTESIAN_POINT('Ctrl Pts',(-8.16829526001306,-4.69886088667274,116.157437352545));
#1893=CARTESIAN_POINT('Ctrl Pts',(-9.41486763245982,-0.400759963562783,
116.042968592012));
#1894=CARTESIAN_POINT('Ctrl Pts',(-8.53805471936135,3.98772651700943,115.92849983148));
#1895=CARTESIAN_POINT('Ctrl Pts',(-5.735608796939,7.47683976209737,115.814031070947));
#1896=CARTESIAN_POINT('Ctrl Pts',(-1.63958044333448,9.27966147584505,115.699562310415));
#1897=CARTESIAN_POINT('Ctrl Pts',(2.82623123069636,8.98959165651487,115.585093549882));
#1898=CARTESIAN_POINT('Ctrl Pts',(6.65462790573084,6.67205130090583,115.47062478935));
#1899=CARTESIAN_POINT('Ctrl Pts',(8.70343066335504,3.30747870936999,115.369864495747));
#1900=CARTESIAN_POINT('Ctrl Pts',(9.06748196559939,0.928650721217556,115.307260455655));
#1901=CARTESIAN_POINT('Ctrl Pts',(9.06805650783209,-0.000144114743634363,
115.282812669074));
#1902=CARTESIAN_POINT('Ctrl Pts',(9.06789279359846,6.84785272644928E-5,
116.487187330926));
#1903=CARTESIAN_POINT('Ctrl Pts',(9.06766033377701,-0.812815466067,116.465791666298));
#1904=CARTESIAN_POINT('Ctrl Pts',(8.76574758035488,-3.07553662670989,116.406239748158));
#1905=CARTESIAN_POINT('Ctrl Pts',(6.90557162287933,-6.4119747846707,116.308531576508));
#1906=CARTESIAN_POINT('Ctrl Pts',(3.16885585426723,-8.87460943871785,116.194062815976));
#1907=CARTESIAN_POINT('Ctrl Pts',(-1.28254887249916,-9.33570610550177,116.079594055443));
#1908=CARTESIAN_POINT('Ctrl Pts',(-5.44469351300672,-7.69127119880067,115.965125294911));
#1909=CARTESIAN_POINT('Ctrl Pts',(-8.37886739552404,-4.31218288936598,115.850656534378));
#1910=CARTESIAN_POINT('Ctrl Pts',(-9.42331063927172,0.03945501879798,115.736187773846));
#1911=CARTESIAN_POINT('Ctrl Pts',(-8.34246439088742,4.38219442632148,115.621719013313));
#1912=CARTESIAN_POINT('Ctrl Pts',(-5.38009766757323,7.73659415958729,115.50725025278));
#1913=CARTESIAN_POINT('Ctrl Pts',(-1.20432883142129,9.34611856168726,115.392781492248));
#1914=CARTESIAN_POINT('Ctrl Pts',(3.24305870743312,8.84776301235867,115.278312731715));
#1915=CARTESIAN_POINT('Ctrl Pts',(6.95902192439519,6.35392429596887,115.163843971183));
#1916=CARTESIAN_POINT('Ctrl Pts',(8.77869864357192,3.02488642342896,115.06680217092));
#1917=CARTESIAN_POINT('Ctrl Pts',(9.0677119688214,0.787522018881222,115.007916624168));
#1918=CARTESIAN_POINT('Ctrl Pts',(9.06787363368939,-4.93030179320175E-5,
114.987187330926));
#1919=CARTESIAN_POINT('Origin',(0.,0.,157.76));
#1920=CARTESIAN_POINT('',(-3.92067772304381,6.24651192202721,157.76));
#1921=CARTESIAN_POINT('',(-4.72922976780566,5.65906448128141,157.76));
#1922=CARTESIAN_POINT('Origin',(-4.3349162080648,5.9665003552527,157.76));
#1923=CARTESIAN_POINT('',(-5.65906443592997,4.72922982207385,157.76));
#1924=CARTESIAN_POINT('Origin',(0.,0.,157.76));
#1925=CARTESIAN_POINT('',(-6.24651188440884,3.92067778297823,157.76));
#1926=CARTESIAN_POINT('Origin',(-5.96650031413356,4.3349162656328,157.76));
#1927=CARTESIAN_POINT('',(-6.84350249299715,2.74901775700736,157.76));
#1928=CARTESIAN_POINT('Origin',(0.,0.,157.76));
#1929=CARTESIAN_POINT('',(-7.15234189601844,1.79850782663278,157.76));
#1930=CARTESIAN_POINT('Origin',(-7.01404179864953,2.279000368789,157.76));
#1931=CARTESIAN_POINT('',(-7.35805084494861,0.499712680598686,157.76));
#1932=CARTESIAN_POINT('Origin',(0.,0.,157.76));
#1933=CARTESIAN_POINT('',(-7.35805084997795,-0.499712606543838,157.76));
#1934=CARTESIAN_POINT('Origin',(-7.3750000024576,3.71127157586503E-8,157.76));
#1935=CARTESIAN_POINT('',(-7.15234191412064,-1.79850775464359,157.76));
#1936=CARTESIAN_POINT('Origin',(0.,0.,157.76));
#1937=CARTESIAN_POINT('',(-6.84350252066733,-2.74901768812423,157.76));
#1938=CARTESIAN_POINT('Origin',(-7.01404182162534,-2.27900029820258,157.76));
#1939=CARTESIAN_POINT('',(-6.24651192387982,-3.92067772009219,157.76));
#1940=CARTESIAN_POINT('Origin',(0.,0.,157.76));
#1941=CARTESIAN_POINT('',(-5.65906448354416,-4.72922976509803,157.76));
#1942=CARTESIAN_POINT('Origin',(-5.96650035783614,-4.3349162056072,157.76));
#1943=CARTESIAN_POINT('',(-4.72922982479827,-5.65906443365319,157.76));
#1944=CARTESIAN_POINT('Origin',(0.,0.,157.76));
#1945=CARTESIAN_POINT('',(-3.92067778595847,-6.24651188253827,157.76));
#1946=CARTESIAN_POINT('Origin',(-4.33491626821625,-5.96650031167596,157.76));
#1947=CARTESIAN_POINT('',(-2.74901776004044,-6.84350249177878,157.76));
#1948=CARTESIAN_POINT('Origin',(0.,0.,157.76));
#1949=CARTESIAN_POINT('',(-1.79850782970149,-7.15234189524679,157.76));
#1950=CARTESIAN_POINT('Origin',(-2.27900037137245,-7.01404179619193,157.76));
#1951=CARTESIAN_POINT('',(-0.499712683259356,-7.35805084476791,157.76));
#1952=CARTESIAN_POINT('Origin',(0.,0.,157.76));
#1953=CARTESIAN_POINT('',(0.499712604049497,-7.35805085014735,157.76));
#1954=CARTESIAN_POINT('Origin',(-3.96961586904531E-8,-7.375,157.76));
#1955=CARTESIAN_POINT('',(1.79850775289414,-7.15234191456055,157.76));
#1956=CARTESIAN_POINT('Origin',(0.,0.,157.76));
#1957=CARTESIAN_POINT('',(2.74901768664769,-6.84350252126045,157.76));
#1958=CARTESIAN_POINT('Origin',(2.27900029561914,-7.01404181916774,157.76));
#1959=CARTESIAN_POINT('',(3.92067771944471,-6.24651192428621,157.76));
#1960=CARTESIAN_POINT('Origin',(0.,0.,157.76));
#1961=CARTESIAN_POINT('',(4.72922976469397,-5.65906448388182,157.76));
#1962=CARTESIAN_POINT('Origin',(4.33491620302376,-5.96650035537855,157.76));
#1963=CARTESIAN_POINT('',(5.65906443387753,-4.72922982452983,157.76));
#1964=CARTESIAN_POINT('Origin',(0.,0.,157.76));
#1965=CARTESIAN_POINT('',(6.24651188285172,-3.92067778545908,157.76));
#1966=CARTESIAN_POINT('Origin',(5.96650030909252,-4.33491626575865,157.76));
#1967=CARTESIAN_POINT('',(6.84350249231176,-2.7490177587136,157.76));
#1968=CARTESIAN_POINT('Origin',(0.,0.,157.76));
#1969=CARTESIAN_POINT('',(7.1523418956487,-1.79850782810317,157.76));
#1970=CARTESIAN_POINT('Origin',(7.01404179360849,-2.27900036891485,157.76));
#1971=CARTESIAN_POINT('',(7.35805084492849,-0.499712680894835,157.76));
#1972=CARTESIAN_POINT('Origin',(0.,0.,157.76));
#1973=CARTESIAN_POINT('',(7.35805084997489,0.499712606588865,157.76));
#1974=CARTESIAN_POINT('Origin',(7.37499999741656,-3.72385665467744E-8,157.76));
#1975=CARTESIAN_POINT('',(7.15234191380992,1.79850775587927,157.76));
#1976=CARTESIAN_POINT('Origin',(0.,0.,157.76));
#1977=CARTESIAN_POINT('',(6.84350252007019,2.74901768961078,157.76));
#1978=CARTESIAN_POINT('Origin',(7.0140418165843,2.27900029807673,157.76));
#1979=CARTESIAN_POINT('',(6.2465119224336,3.92067772239633,157.76));
#1980=CARTESIAN_POINT('Origin',(0.,0.,157.76));
#1981=CARTESIAN_POINT('',(5.65906448161908,4.72922976740161,157.76));
#1982=CARTESIAN_POINT('Origin',(5.96650035279511,4.33491620548136,157.76));
#1983=CARTESIAN_POINT('',(4.72922982180541,5.6590644361543,157.76));
#1984=CARTESIAN_POINT('Origin',(0.,0.,157.76));
#1985=CARTESIAN_POINT('',(3.92067778247884,6.24651188472229,157.76));
#1986=CARTESIAN_POINT('Origin',(4.33491626317521,5.96650031155011,157.76));
#1987=CARTESIAN_POINT('',(2.74901775568052,6.84350249353014,157.76));
#1988=CARTESIAN_POINT('Origin',(0.,0.,157.76));
#1989=CARTESIAN_POINT('',(1.79850782503446,7.15234189642035,157.76));
#1990=CARTESIAN_POINT('Origin',(2.27900036633141,7.01404179606608,157.76));
#1991=CARTESIAN_POINT('',(0.499712678234162,7.35805084510919,157.76));
#1992=CARTESIAN_POINT('Origin',(0.,0.,157.76));
#1993=CARTESIAN_POINT('',(-0.499712609083207,7.35805084980549,157.76));
#1994=CARTESIAN_POINT('Origin',(3.46551212429907E-8,7.37499999987415,157.76));
#1995=CARTESIAN_POINT('',(-1.79850775762872,7.15234191337001,157.76));
#1996=CARTESIAN_POINT('Origin',(0.,0.,157.76));
#1997=CARTESIAN_POINT('',(-2.74901769108732,6.84350251947707,157.76));
#1998=CARTESIAN_POINT('Origin',(-2.27900030066018,7.01404181904189,157.76));
#1999=CARTESIAN_POINT('Origin',(0.,0.,157.76));
#2000=CARTESIAN_POINT('',(5.875,7.1947999449907E-16,157.76));
#2001=CARTESIAN_POINT('Origin',(0.,0.,157.76));
#2002=CARTESIAN_POINT('Origin',(-4.3349162080648,5.9665003552527,147.76));
#2003=CARTESIAN_POINT('',(-3.92067772304381,6.24651192202721,117.76));
#2004=CARTESIAN_POINT('',(-4.72922976780566,5.65906448128141,117.76));
#2005=CARTESIAN_POINT('Origin',(-4.3349162080648,5.9665003552527,117.76));
#2006=CARTESIAN_POINT('',(-4.72922976780566,5.65906448128141,147.76));
#2007=CARTESIAN_POINT('',(-3.92067772304381,6.24651192202721,147.76));
#2008=CARTESIAN_POINT('Origin',(-4.33491626821625,-5.96650031167596,147.76));
#2009=CARTESIAN_POINT('',(-4.72922982479827,-5.65906443365319,117.76));
#2010=CARTESIAN_POINT('',(-3.92067778595847,-6.24651188253827,117.76));
#2011=CARTESIAN_POINT('Origin',(-4.33491626821625,-5.96650031167596,117.76));
#2012=CARTESIAN_POINT('',(-3.92067778595847,-6.24651188253827,147.76));
#2013=CARTESIAN_POINT('',(-4.72922982479827,-5.65906443365319,147.76));
#2014=CARTESIAN_POINT('Origin',(-2.27900037137245,-7.01404179619193,147.76));
#2015=CARTESIAN_POINT('',(-2.74901776004044,-6.84350249177878,117.76));
#2016=CARTESIAN_POINT('',(-1.79850782970149,-7.15234189524679,117.76));
#2017=CARTESIAN_POINT('Origin',(-2.27900037137245,-7.01404179619193,117.76));
#2018=CARTESIAN_POINT('',(-1.79850782970149,-7.15234189524679,147.76));
#2019=CARTESIAN_POINT('',(-2.74901776004044,-6.84350249177878,147.76));
#2020=CARTESIAN_POINT('Origin',(7.37499999741656,-3.72385665467744E-8,147.76));
#2021=CARTESIAN_POINT('',(7.35805084492849,-0.499712680894835,117.76));
#2022=CARTESIAN_POINT('',(7.35805084997489,0.499712606588865,117.76));
#2023=CARTESIAN_POINT('Origin',(7.37499999741656,-3.72385665467744E-8,117.76));
#2024=CARTESIAN_POINT('',(7.35805084997489,0.499712606588865,147.76));
#2025=CARTESIAN_POINT('',(7.35805084492849,-0.499712680894835,147.76));
#2026=CARTESIAN_POINT('Origin',(-2.27900030066018,7.01404181904189,147.76));
#2027=CARTESIAN_POINT('',(-1.79850775762872,7.15234191337001,117.76));
#2028=CARTESIAN_POINT('',(-2.74901769108732,6.84350251947707,117.76));
#2029=CARTESIAN_POINT('Origin',(-2.27900030066018,7.01404181904189,117.76));
#2030=CARTESIAN_POINT('',(-2.74901769108732,6.84350251947707,147.76));
#2031=CARTESIAN_POINT('',(-1.79850775762872,7.15234191337001,147.76));
#2032=CARTESIAN_POINT('Origin',(2.27900036633141,7.01404179606608,147.76));
#2033=CARTESIAN_POINT('',(2.74901775568052,6.84350249353014,117.76));
#2034=CARTESIAN_POINT('',(1.79850782503446,7.15234189642035,117.76));
#2035=CARTESIAN_POINT('Origin',(2.27900036633141,7.01404179606608,117.76));
#2036=CARTESIAN_POINT('',(1.79850782503446,7.15234189642035,147.76));
#2037=CARTESIAN_POINT('',(2.74901775568052,6.84350249353014,147.76));
#2038=CARTESIAN_POINT('Origin',(7.01404179360849,-2.27900036891485,147.76));
#2039=CARTESIAN_POINT('',(6.84350249231176,-2.7490177587136,117.76));
#2040=CARTESIAN_POINT('',(7.1523418956487,-1.79850782810317,117.76));
#2041=CARTESIAN_POINT('Origin',(7.01404179360849,-2.27900036891485,117.76));
#2042=CARTESIAN_POINT('',(7.1523418956487,-1.79850782810317,147.76));
#2043=CARTESIAN_POINT('',(6.84350249231176,-2.7490177587136,147.76));
#2044=CARTESIAN_POINT('Origin',(-3.96961586904531E-8,-7.375,147.76));
#2045=CARTESIAN_POINT('',(-0.499712683259355,-7.35805084476791,117.76));
#2046=CARTESIAN_POINT('',(0.499712604049497,-7.35805085014735,117.76));
#2047=CARTESIAN_POINT('Origin',(-3.96961586904531E-8,-7.375,117.76));
#2048=CARTESIAN_POINT('',(0.499712604049497,-7.35805085014735,147.76));
#2049=CARTESIAN_POINT('',(-0.499712683259355,-7.35805084476791,147.76));
#2050=CARTESIAN_POINT('Origin',(4.33491620302376,-5.96650035537855,147.76));
#2051=CARTESIAN_POINT('',(3.92067771944471,-6.24651192428621,117.76));
#2052=CARTESIAN_POINT('',(4.72922976469397,-5.65906448388182,117.76));
#2053=CARTESIAN_POINT('Origin',(4.33491620302376,-5.96650035537855,117.76));
#2054=CARTESIAN_POINT('',(4.72922976469397,-5.65906448388182,147.76));
#2055=CARTESIAN_POINT('',(3.92067771944471,-6.24651192428621,147.76));
#2056=CARTESIAN_POINT('Origin',(-7.3750000024576,3.71127157586503E-8,147.76));
#2057=CARTESIAN_POINT('',(-7.35805084494861,0.499712680598686,117.76));
#2058=CARTESIAN_POINT('',(-7.35805084997795,-0.499712606543838,117.76));
#2059=CARTESIAN_POINT('Origin',(-7.3750000024576,3.71127157586503E-8,117.76));
#2060=CARTESIAN_POINT('',(-7.35805084997795,-0.499712606543838,147.76));
#2061=CARTESIAN_POINT('',(-7.35805084494861,0.499712680598686,147.76));
#2062=CARTESIAN_POINT('Origin',(-7.01404179864953,2.279000368789,147.76));
#2063=CARTESIAN_POINT('',(-6.84350249299715,2.74901775700736,117.76));
#2064=CARTESIAN_POINT('',(-7.15234189601844,1.79850782663278,117.76));
#2065=CARTESIAN_POINT('Origin',(-7.01404179864953,2.279000368789,117.76));
#2066=CARTESIAN_POINT('',(-7.15234189601844,1.79850782663278,147.76));
#2067=CARTESIAN_POINT('',(-6.84350249299715,2.74901775700736,147.76));
#2068=CARTESIAN_POINT('Origin',(2.27900029561914,-7.01404181916774,147.76));
#2069=CARTESIAN_POINT('',(1.79850775289414,-7.15234191456055,117.76));
#2070=CARTESIAN_POINT('',(2.74901768664769,-6.84350252126045,117.76));
#2071=CARTESIAN_POINT('Origin',(2.27900029561914,-7.01404181916774,117.76));
#2072=CARTESIAN_POINT('',(2.74901768664769,-6.84350252126045,147.76));
#2073=CARTESIAN_POINT('',(1.79850775289414,-7.15234191456055,147.76));
#2074=CARTESIAN_POINT('Origin',(5.96650030909252,-4.33491626575865,147.76));
#2075=CARTESIAN_POINT('',(5.65906443387753,-4.72922982452983,117.76));
#2076=CARTESIAN_POINT('',(6.24651188285172,-3.92067778545908,117.76));
#2077=CARTESIAN_POINT('Origin',(5.96650030909252,-4.33491626575865,117.76));
#2078=CARTESIAN_POINT('',(6.24651188285172,-3.92067778545908,147.76));
#2079=CARTESIAN_POINT('',(5.65906443387753,-4.72922982452983,147.76));
#2080=CARTESIAN_POINT('Origin',(4.33491626317521,5.96650031155011,147.76));
#2081=CARTESIAN_POINT('',(4.72922982180541,5.6590644361543,117.76));
#2082=CARTESIAN_POINT('',(3.92067778247884,6.24651188472229,117.76));
#2083=CARTESIAN_POINT('Origin',(4.33491626317521,5.96650031155011,117.76));
#2084=CARTESIAN_POINT('',(3.92067778247884,6.2465118847223,147.76));
#2085=CARTESIAN_POINT('',(4.72922982180541,5.6590644361543,147.76));
#2086=CARTESIAN_POINT('Origin',(3.46551212429907E-8,7.37499999987415,147.76));
#2087=CARTESIAN_POINT('',(0.499712678234162,7.35805084510919,117.76));
#2088=CARTESIAN_POINT('',(-0.499712609083208,7.35805084980549,117.76));
#2089=CARTESIAN_POINT('Origin',(3.46551212429907E-8,7.37499999987415,117.76));
#2090=CARTESIAN_POINT('',(-0.499712609083208,7.35805084980549,147.76));
#2091=CARTESIAN_POINT('',(0.499712678234162,7.35805084510919,147.76));
#2092=CARTESIAN_POINT('Origin',(5.96650035279511,4.33491620548136,147.76));
#2093=CARTESIAN_POINT('',(6.2465119224336,3.92067772239633,117.76));
#2094=CARTESIAN_POINT('',(5.65906448161908,4.72922976740161,117.76));
#2095=CARTESIAN_POINT('Origin',(5.96650035279511,4.33491620548136,117.76));
#2096=CARTESIAN_POINT('',(5.65906448161907,4.72922976740161,147.76));
#2097=CARTESIAN_POINT('',(6.2465119224336,3.92067772239633,147.76));
#2098=CARTESIAN_POINT('Origin',(7.0140418165843,2.27900029807673,147.76));
#2099=CARTESIAN_POINT('',(7.15234191380992,1.79850775587927,117.76));
#2100=CARTESIAN_POINT('',(6.84350252007019,2.74901768961078,117.76));
#2101=CARTESIAN_POINT('Origin',(7.0140418165843,2.27900029807673,117.76));
#2102=CARTESIAN_POINT('',(6.84350252007019,2.74901768961078,147.76));
#2103=CARTESIAN_POINT('',(7.15234191380992,1.79850775587927,147.76));
#2104=CARTESIAN_POINT('Origin',(-5.96650035783614,-4.3349162056072,147.76));
#2105=CARTESIAN_POINT('',(-6.24651192387982,-3.92067772009219,117.76));
#2106=CARTESIAN_POINT('',(-5.65906448354416,-4.72922976509803,117.76));
#2107=CARTESIAN_POINT('Origin',(-5.96650035783614,-4.3349162056072,117.76));
#2108=CARTESIAN_POINT('',(-5.65906448354416,-4.72922976509803,147.76));
#2109=CARTESIAN_POINT('',(-6.24651192387982,-3.92067772009219,147.76));
#2110=CARTESIAN_POINT('Origin',(-7.01404182162534,-2.27900029820258,147.76));
#2111=CARTESIAN_POINT('',(-7.15234191412064,-1.79850775464359,117.76));
#2112=CARTESIAN_POINT('',(-6.84350252066733,-2.74901768812423,117.76));
#2113=CARTESIAN_POINT('Origin',(-7.01404182162534,-2.27900029820258,117.76));
#2114=CARTESIAN_POINT('',(-6.84350252066733,-2.74901768812423,147.76));
#2115=CARTESIAN_POINT('',(-7.15234191412064,-1.79850775464359,147.76));
#2116=CARTESIAN_POINT('Origin',(-5.96650031413356,4.3349162656328,147.76));
#2117=CARTESIAN_POINT('',(-5.65906443592997,4.72922982207385,117.76));
#2118=CARTESIAN_POINT('',(-6.24651188440885,3.92067778297823,117.76));
#2119=CARTESIAN_POINT('Origin',(-5.96650031413356,4.3349162656328,117.76));
#2120=CARTESIAN_POINT('',(-6.24651188440885,3.92067778297823,147.76));
#2121=CARTESIAN_POINT('',(-5.65906443592997,4.72922982207385,147.76));
#2122=CARTESIAN_POINT('Origin',(0.,0.,117.76));
#2123=CARTESIAN_POINT('Origin',(0.,0.,117.76));
#2124=CARTESIAN_POINT('Origin',(0.,0.,117.76));
#2125=CARTESIAN_POINT('Origin',(0.,0.,117.76));
#2126=CARTESIAN_POINT('Origin',(0.,0.,117.76));
#2127=CARTESIAN_POINT('Origin',(0.,0.,117.76));
#2128=CARTESIAN_POINT('Origin',(0.,0.,117.76));
#2129=CARTESIAN_POINT('Origin',(0.,0.,117.76));
#2130=CARTESIAN_POINT('Origin',(0.,0.,117.76));
#2131=CARTESIAN_POINT('Origin',(0.,0.,117.76));
#2132=CARTESIAN_POINT('Origin',(0.,0.,117.76));
#2133=CARTESIAN_POINT('Origin',(0.,0.,117.76));
#2134=CARTESIAN_POINT('Origin',(0.,0.,117.76));
#2135=CARTESIAN_POINT('Origin',(0.,0.,117.76));
#2136=CARTESIAN_POINT('Origin',(0.,0.,117.76));
#2137=CARTESIAN_POINT('Origin',(0.,0.,117.76));
#2138=CARTESIAN_POINT('Origin',(0.,0.,117.76));
#2139=CARTESIAN_POINT('Origin',(0.,0.,117.76));
#2140=CARTESIAN_POINT('Origin',(0.,0.,117.76));
#2141=CARTESIAN_POINT('Origin',(0.,0.,117.76));
#2142=CARTESIAN_POINT('Origin',(0.,0.,117.76));
#2143=CARTESIAN_POINT('Origin',(0.,0.,117.76));
#2144=CARTESIAN_POINT('Origin',(0.,0.,117.76));
#2145=CARTESIAN_POINT('Origin',(0.,0.,117.76));
#2146=CARTESIAN_POINT('Origin',(0.,0.,117.76));
#2147=CARTESIAN_POINT('Origin',(0.,0.,117.76));
#2148=CARTESIAN_POINT('Origin',(0.,0.,117.76));
#2149=CARTESIAN_POINT('Origin',(0.,0.,117.76));
#2150=CARTESIAN_POINT('Origin',(0.,0.,117.76));
#2151=CARTESIAN_POINT('Origin',(0.,0.,117.76));
#2152=CARTESIAN_POINT('Origin',(0.,0.,117.76));
#2153=CARTESIAN_POINT('Origin',(0.,0.,117.76));
#2154=CARTESIAN_POINT('Origin',(0.,0.,117.76));
#2155=CARTESIAN_POINT('Origin',(0.,0.,117.76));
#2156=CARTESIAN_POINT('Origin',(0.,0.,117.76));
#2157=CARTESIAN_POINT('Origin',(0.,0.,117.76));
#2158=CARTESIAN_POINT('Origin',(0.,0.,117.76));
#2159=CARTESIAN_POINT('Origin',(0.,0.,117.76));
#2160=CARTESIAN_POINT('Origin',(0.,0.,117.76));
#2161=CARTESIAN_POINT('Origin',(0.,0.,117.76));
#2162=CARTESIAN_POINT('Ctrl Pts',(3.95328135855715,8.16144954956437,118.254500505561));
#2163=CARTESIAN_POINT('Ctrl Pts',(5.25771393216269,7.5296023580315,118.21634425205));
#2164=CARTESIAN_POINT('Ctrl Pts',(7.55695144878302,5.62950886503437,118.140031745028));
#2165=CARTESIAN_POINT('Ctrl Pts',(9.30196595433818,1.50813163390446,118.025562984496));
#2166=CARTESIAN_POINT('Ctrl Pts',(8.94871747913511,-2.95294515624877,117.911094223963));
#2167=CARTESIAN_POINT('Ctrl Pts',(6.57735340218484,-6.74828190770426,117.796625463431));
#2168=CARTESIAN_POINT('Ctrl Pts',(2.72249574949016,-9.02153601090509,117.682156702898));
#2169=CARTESIAN_POINT('Ctrl Pts',(-1.74635025880147,-9.26016688263805,117.567687942366));
#2170=CARTESIAN_POINT('Ctrl Pts',(-5.82134702135741,-7.41027931817613,117.453219181833));
#2171=CARTESIAN_POINT('Ctrl Pts',(-8.58341768387382,-3.88912303191266,117.338750421301));
#2172=CARTESIAN_POINT('Ctrl Pts',(-9.40962749864467,0.509173037423132,117.224281660768));
#2173=CARTESIAN_POINT('Ctrl Pts',(-8.11363241028009,4.79263020822374,117.109812900236));
#2174=CARTESIAN_POINT('Ctrl Pts',(-4.98772721458342,7.99518104371406,116.995344139703));
#2175=CARTESIAN_POINT('Ctrl Pts',(-0.736912994628186,9.39453555356333,116.880875379171));
#2176=CARTESIAN_POINT('Ctrl Pts',(3.68010099722716,8.67509060935182,116.766406618638));
#2177=CARTESIAN_POINT('Ctrl Pts',(7.26712225674882,5.99910611430019,116.651937858106));
#2178=CARTESIAN_POINT('Ctrl Pts',(9.21515065516466,1.97011128269063,116.537469097573));
#2179=CARTESIAN_POINT('Ctrl Pts',(9.08483700701668,-2.503213274912,116.423000337041));
#2180=CARTESIAN_POINT('Ctrl Pts',(6.90557162287933,-6.4119747846707,116.308531576508));
#2181=CARTESIAN_POINT('Ctrl Pts',(3.16885585426723,-8.87460943871785,116.194062815976));
#2182=CARTESIAN_POINT('Ctrl Pts',(-1.28254887249916,-9.33570610550177,116.079594055443));
#2183=CARTESIAN_POINT('Ctrl Pts',(-5.44469351300672,-7.69127119880067,115.965125294911));
#2184=CARTESIAN_POINT('Ctrl Pts',(-8.37886739552404,-4.31218288936598,115.850656534378));
#2185=CARTESIAN_POINT('Ctrl Pts',(-9.42331063927172,0.03945501879798,115.736187773846));
#2186=CARTESIAN_POINT('Ctrl Pts',(-8.34246439088742,4.38219442632148,115.621719013313));
#2187=CARTESIAN_POINT('Ctrl Pts',(-5.38009766757323,7.73659415958729,115.50725025278));
#2188=CARTESIAN_POINT('Ctrl Pts',(-1.20432883142129,9.34611856168726,115.392781492248));
#2189=CARTESIAN_POINT('Ctrl Pts',(3.24305870743312,8.84776301235867,115.278312731715));
#2190=CARTESIAN_POINT('Ctrl Pts',(6.95902192439519,6.35392429596887,115.163843971183));
#2191=CARTESIAN_POINT('Ctrl Pts',(9.10547982242811,2.42705115467986,115.04937521065));
#2192=CARTESIAN_POINT('Ctrl Pts',(9.19833030662772,-2.04720777373127,114.934906450118));
#2193=CARTESIAN_POINT('Ctrl Pts',(7.21663231342368,-6.05974901854466,114.820437689585));
#2194=CARTESIAN_POINT('Ctrl Pts',(3.60732875477756,-8.70560275529064,114.705968929053));
#2195=CARTESIAN_POINT('Ctrl Pts',(-0.815554887910113,-9.38803549037611,
114.59150016852));
#2196=CARTESIAN_POINT('Ctrl Pts',(-5.05450209643637,-7.95313451544024,114.477031407988));
#2197=CARTESIAN_POINT('Ctrl Pts',(-8.15348047978743,-4.72452073028507,114.362562647455));
#2198=CARTESIAN_POINT('Ctrl Pts',(-9.41356097498891,-0.430360547009423,
114.248093886923));
#2199=CARTESIAN_POINT('Ctrl Pts',(-8.55055079077492,3.96086104315662,114.13362512639));
#2200=CARTESIAN_POINT('Ctrl Pts',(-5.75908947063714,7.4587687427656,114.019156365858));
#2201=CARTESIAN_POINT('Ctrl Pts',(-1.66874962060097,9.27446008701695,113.904687605325));
#2202=CARTESIAN_POINT('Ctrl Pts',(2.79795142261624,8.99843401275846,113.790218844793));
#2203=CARTESIAN_POINT('Ctrl Pts',(6.63361730028414,6.69294095346451,113.67575008426));
#2204=CARTESIAN_POINT('Ctrl Pts',(8.97316437189421,2.87795793426936,113.561281323728));
#2205=CARTESIAN_POINT('Ctrl Pts',(9.28895390847867,-1.58611639134127,113.446812563195));
#2206=CARTESIAN_POINT('Ctrl Pts',(7.50973902087792,-5.69244367037152,113.332343802662));
#2207=CARTESIAN_POINT('Ctrl Pts',(4.03685063246416,-8.51497054923004,113.21787504213));
#2208=CARTESIAN_POINT('Ctrl Pts',(-0.346566515504873,-9.41696985593147,
113.103406281598));
#2209=CARTESIAN_POINT('Ctrl Pts',(-4.65163055573444,-8.19532579058379,112.988937521065));
#2210=CARTESIAN_POINT('Ctrl Pts',(-7.90787891589155,-5.12487427283463,112.874468760532));
#2211=CARTESIAN_POINT('Ctrl Pts',(-8.88883738027681,-2.30803758407979,112.798156253511));
#2212=CARTESIAN_POINT('Ctrl Pts',(-9.0271282029218,-0.865244854370029,112.76));
#2213=CARTESIAN_POINT('Ctrl Pts',(4.07774095252176,8.41839323886256,118.089667003707));
#2214=CARTESIAN_POINT('Ctrl Pts',(5.42324046109608,7.76665385201815,118.051510750196));
#2215=CARTESIAN_POINT('Ctrl Pts',(7.79486396338053,5.80674046683922,117.975198243175));
#2216=CARTESIAN_POINT('Ctrl Pts',(9.59481607067094,1.55561154585018,117.860729482642));
#2217=CARTESIAN_POINT('Ctrl Pts',(9.23044641339028,-3.04591156106864,117.74626072211));
#2218=CARTESIAN_POINT('Ctrl Pts',(6.7844256187944,-6.96073539887144,117.631791961577));
#2219=CARTESIAN_POINT('Ctrl Pts',(2.80820700675205,-9.30555746220501,117.517323201045));
#2220=CARTESIAN_POINT('Ctrl Pts',(-1.80132991352803,-9.55170105532296,117.402854440512));
#2221=CARTESIAN_POINT('Ctrl Pts',(-6.00461818798888,-7.64357421207691,117.28838567998));
#2222=CARTESIAN_POINT('Ctrl Pts',(-8.85364602910688,-4.01156275464642,117.173916919447));
#2223=CARTESIAN_POINT('Ctrl Pts',(-9.70586708080964,0.525203130843686,117.059448158915));
#2224=CARTESIAN_POINT('Ctrl Pts',(-8.36907069148812,4.94351469016099,116.944979398382));
#2225=CARTESIAN_POINT('Ctrl Pts',(-5.14475385843451,8.24689016738173,116.830510637849));
#2226=CARTESIAN_POINT('Ctrl Pts',(-0.760112935077693,9.69030000198835,116.716041877317));
#2227=CARTESIAN_POINT('Ctrl Pts',(3.79596016188596,8.9482050570521,116.601573116784));
#2228=CARTESIAN_POINT('Ctrl Pts',(7.49591019348607,6.18797360017246,116.487104356252));
#2229=CARTESIAN_POINT('Ctrl Pts',(9.50526759975853,2.03213551726175,116.372635595719));
#2230=CARTESIAN_POINT('Ctrl Pts',(9.37085133854927,-2.58202094872656,116.258166835187));
#2231=CARTESIAN_POINT('Ctrl Pts',(7.12297700396023,-6.61384045165239,116.143698074654));
#2232=CARTESIAN_POINT('Ctrl Pts',(3.26861969022613,-9.15400525883738,116.029229314122));
#2233=CARTESIAN_POINT('Ctrl Pts',(-1.32292685155838,-9.62961844967344,115.914760553589));
#2234=CARTESIAN_POINT('Ctrl Pts',(-5.61610664615591,-7.93341244898069,115.800291793057));
#2235=CARTESIAN_POINT('Ctrl Pts',(-8.64265596490399,-4.4479416383227,115.685823032524));
#2236=CARTESIAN_POINT('Ctrl Pts',(-9.71998100234303,0.0406971655550878,
115.571354271992));
#2237=CARTESIAN_POINT('Ctrl Pts',(-8.60510689886541,4.52015732081503,115.456885511459));
#2238=CARTESIAN_POINT('Ctrl Pts',(-5.54947715526053,7.980162294622,115.342416750927));
#2239=CARTESIAN_POINT('Ctrl Pts',(-1.24224423985386,9.64035871710014,115.227947990394));
#2240=CARTESIAN_POINT('Ctrl Pts',(3.34515864247995,9.12631363705167,115.113479229862));
#2241=CARTESIAN_POINT('Ctrl Pts',(7.17811006018555,6.55396238236675,114.999010469329));
#2242=CARTESIAN_POINT('Ctrl Pts',(9.39214404355654,2.50346104657611,114.884541708797));
#2243=CARTESIAN_POINT('Ctrl Pts',(9.48791770283903,-2.11165920664745,114.770072948264));
#2244=CARTESIAN_POINT('Ctrl Pts',(7.44383069523792,-6.25052570099429,114.655604187732));
#2245=CARTESIAN_POINT('Ctrl Pts',(3.72089685969999,-8.97967780481764,114.541135427199));
#2246=CARTESIAN_POINT('Ctrl Pts',(-0.841230679992413,-9.6835952998818,114.426666666667));
#2247=CARTESIAN_POINT('Ctrl Pts',(-5.21363098749141,-8.20351990488262,114.312197906134));
#2248=CARTESIAN_POINT('Ctrl Pts',(-8.41017328201264,-4.87326094845747,114.197729145602));
#2249=CARTESIAN_POINT('Ctrl Pts',(-9.70992439323441,-0.443909417955134,
114.083260385069));
#2250=CARTESIAN_POINT('Ctrl Pts',(-8.81974440060745,4.08555926533462,113.968791624537));
#2251=CARTESIAN_POINT('Ctrl Pts',(-5.94040060741465,7.69359021004901,113.854322864004));
#2252=CARTESIAN_POINT('Ctrl Pts',(-1.72128620511677,9.56644424700409,113.739854103472));
#2253=CARTESIAN_POINT('Ctrl Pts',(2.88603822100153,9.28172815298479,113.625385342939));
#2254=CARTESIAN_POINT('Ctrl Pts',(6.84246085095196,6.90365216725004,113.510916582407));
#2255=CARTESIAN_POINT('Ctrl Pts',(9.25566295800832,2.96856354602808,113.396447821874));
#2256=CARTESIAN_POINT('Ctrl Pts',(9.58139437171632,-1.63605146657178,113.281979061342));
#2257=CARTESIAN_POINT('Ctrl Pts',(7.74616516527453,-5.87165662376966,113.167510300809));
#2258=CARTESIAN_POINT('Ctrl Pts',(4.16394120483759,-8.78304400038571,113.053041540276));
#2259=CARTESIAN_POINT('Ctrl Pts',(-0.357477332087182,-9.71344059462788,
112.938572779744));
#2260=CARTESIAN_POINT('Ctrl Pts',(-4.79807600136075,-8.45333599218401,112.824104019211));
#2261=CARTESIAN_POINT('Ctrl Pts',(-8.15683954118647,-5.28621866329548,112.709635258679));
#2262=CARTESIAN_POINT('Ctrl Pts',(-9.168681133055,-2.38070061878837,112.633322751657));
#2263=CARTESIAN_POINT('Ctrl Pts',(-9.31132571099195,-0.892485016019987,
112.595166498146));
#2264=CARTESIAN_POINT('Ctrl Pts',(4.20220054648637,8.67533692816076,117.924833501854));
#2265=CARTESIAN_POINT('Ctrl Pts',(5.58876699002947,8.00370534600481,117.886677248343));
#2266=CARTESIAN_POINT('Ctrl Pts',(8.03277647797804,5.98397206864407,117.810364741321));
#2267=CARTESIAN_POINT('Ctrl Pts',(9.88766618700369,1.60309145779589,117.695895980789));
#2268=CARTESIAN_POINT('Ctrl Pts',(9.51217534764545,-3.13887796588851,117.581427220256));
#2269=CARTESIAN_POINT('Ctrl Pts',(6.99149783540396,-7.17318889003862,117.466958459724));
#2270=CARTESIAN_POINT('Ctrl Pts',(2.89391826401394,-9.58957891350494,117.352489699191));
#2271=CARTESIAN_POINT('Ctrl Pts',(-1.85630956825459,-9.84323522800788,117.238020938658));
#2272=CARTESIAN_POINT('Ctrl Pts',(-6.18788935462036,-7.8768691059777,117.123552178126));
#2273=CARTESIAN_POINT('Ctrl Pts',(-9.12387437433993,-4.13400247738017,117.009083417593));
#2274=CARTESIAN_POINT('Ctrl Pts',(-10.0021066629746,0.54123322426424,116.894614657061));
#2275=CARTESIAN_POINT('Ctrl Pts',(-8.62450897269614,5.09439917209823,116.780145896528));
#2276=CARTESIAN_POINT('Ctrl Pts',(-5.3017805022856,8.49859929104942,116.665677135996));
#2277=CARTESIAN_POINT('Ctrl Pts',(-0.783312875527197,9.98606445041338,116.551208375463));
#2278=CARTESIAN_POINT('Ctrl Pts',(3.91181932654476,9.22131950475237,116.436739614931));
#2279=CARTESIAN_POINT('Ctrl Pts',(7.72469813022333,6.37684108604473,116.322270854398));
#2280=CARTESIAN_POINT('Ctrl Pts',(9.7953845443524,2.09415975183287,116.207802093866));
#2281=CARTESIAN_POINT('Ctrl Pts',(9.65686567008186,-2.66082862254113,116.093333333333));
#2282=CARTESIAN_POINT('Ctrl Pts',(7.34038238504111,-6.81570611863409,115.978864572801));
#2283=CARTESIAN_POINT('Ctrl Pts',(3.36838352618504,-9.43340107895691,115.864395812268));
#2284=CARTESIAN_POINT('Ctrl Pts',(-1.3633048306176,-9.92353079384511,115.749927051736));
#2285=CARTESIAN_POINT('Ctrl Pts',(-5.7875197793051,-8.17555369916072,115.635458291203));
#2286=CARTESIAN_POINT('Ctrl Pts',(-8.90644453428395,-4.58370038727942,115.520989530671));
#2287=CARTESIAN_POINT('Ctrl Pts',(-10.0166513654143,0.0419393123121939,
115.406520770138));
#2288=CARTESIAN_POINT('Ctrl Pts',(-8.8677494068434,4.65812021530859,115.292052009606));
#2289=CARTESIAN_POINT('Ctrl Pts',(-5.7188566429478,8.2237304296567,115.177583249073));
#2290=CARTESIAN_POINT('Ctrl Pts',(-1.28015964828643,9.93459887251303,115.063114488541));
#2291=CARTESIAN_POINT('Ctrl Pts',(3.44725857752678,9.40486426174466,114.948645728008));
#2292=CARTESIAN_POINT('Ctrl Pts',(7.3971981959759,6.75400046876462,114.834176967476));
#2293=CARTESIAN_POINT('Ctrl Pts',(9.67880826468498,2.57987093847235,114.719708206943));
#2294=CARTESIAN_POINT('Ctrl Pts',(9.77750509905034,-2.17611063956361,114.605239446411));
#2295=CARTESIAN_POINT('Ctrl Pts',(7.67102907705217,-6.44130238344392,114.490770685878));
#2296=CARTESIAN_POINT('Ctrl Pts',(3.83446496462241,-9.25375285434462,114.376301925346));
#2297=CARTESIAN_POINT('Ctrl Pts',(-0.866906472074712,-9.9791551093875,114.261833164813));
#2298=CARTESIAN_POINT('Ctrl Pts',(-5.37275987854644,-8.453905294325,114.14736440428));
#2299=CARTESIAN_POINT('Ctrl Pts',(-8.66686608423785,-5.02200116662986,114.032895643748));
#2300=CARTESIAN_POINT('Ctrl Pts',(-10.0062878114799,-0.457458288900847,
113.918426883215));
#2301=CARTESIAN_POINT('Ctrl Pts',(-9.08893801043997,4.21025748751262,113.803958122683));
#2302=CARTESIAN_POINT('Ctrl Pts',(-6.12171174419217,7.92841167733242,113.68948936215));
#2303=CARTESIAN_POINT('Ctrl Pts',(-1.77382278963258,9.85842840699122,113.575020601618));
#2304=CARTESIAN_POINT('Ctrl Pts',(2.97412501938681,9.56502229321113,113.460551841085));
#2305=CARTESIAN_POINT('Ctrl Pts',(7.05130440161977,7.11436338103558,113.346083080553));
#2306=CARTESIAN_POINT('Ctrl Pts',(9.53816154412243,3.05916915778679,113.23161432002));
#2307=CARTESIAN_POINT('Ctrl Pts',(9.87383483495397,-1.6859865418023,113.117145559488));
#2308=CARTESIAN_POINT('Ctrl Pts',(7.98259130967114,-6.0508695771678,113.002676798955));
#2309=CARTESIAN_POINT('Ctrl Pts',(4.29103177721103,-9.05111745154138,112.888208038423));
#2310=CARTESIAN_POINT('Ctrl Pts',(-0.368388148669481,-10.0099113333243,
112.77373927789));
#2311=CARTESIAN_POINT('Ctrl Pts',(-4.94452144698706,-8.71134619378424,112.659270517358));
#2312=CARTESIAN_POINT('Ctrl Pts',(-8.4058001664814,-5.44756305375634,112.544801756825));
#2313=CARTESIAN_POINT('Ctrl Pts',(-9.44852488583319,-2.45336365349695,112.468489249804));
#2314=CARTESIAN_POINT('Ctrl Pts',(-9.59552321906211,-0.919725177669945,
112.430332996293));
#2315=CARTESIAN_POINT('Ctrl Pts',(4.32666014045098,8.93228061745894,117.76));
#2316=CARTESIAN_POINT('Ctrl Pts',(5.75429351896286,8.24075683999147,117.721843746489));
#2317=CARTESIAN_POINT('Ctrl Pts',(8.27068899257556,6.16120367044893,117.645531239467));
#2318=CARTESIAN_POINT('Ctrl Pts',(10.1805163033364,1.65057136974161,117.531062478935));
#2319=CARTESIAN_POINT('Ctrl Pts',(9.79390428190063,-3.23184437070839,117.416593718402));
#2320=CARTESIAN_POINT('Ctrl Pts',(7.19857005201351,-7.3856423812058,117.30212495787));
#2321=CARTESIAN_POINT('Ctrl Pts',(2.97962952127583,-9.87360036480487,117.187656197337));
#2322=CARTESIAN_POINT('Ctrl Pts',(-1.91128922298115,-10.1347694006928,117.073187436805));
#2323=CARTESIAN_POINT('Ctrl Pts',(-6.37116052125184,-8.11016399987849,116.958718676272));
#2324=CARTESIAN_POINT('Ctrl Pts',(-9.39410271957299,-4.25644220011394,116.84424991574));
#2325=CARTESIAN_POINT('Ctrl Pts',(-10.2983462451396,0.557263317684797,116.729781155207));
#2326=CARTESIAN_POINT('Ctrl Pts',(-8.87994725390417,5.24528365403547,116.615312394675));
#2327=CARTESIAN_POINT('Ctrl Pts',(-5.45880714613668,8.7503084147171,116.500843634142));
#2328=CARTESIAN_POINT('Ctrl Pts',(-0.806512815976706,10.2818288988384,116.38637487361));
#2329=CARTESIAN_POINT('Ctrl Pts',(4.02767849120357,9.49443395245265,116.271906113077));
#2330=CARTESIAN_POINT('Ctrl Pts',(7.95348606696058,6.56570857191701,116.157437352545));
#2331=CARTESIAN_POINT('Ctrl Pts',(10.0855014889463,2.15618398640398,116.042968592012));
#2332=CARTESIAN_POINT('Ctrl Pts',(9.94288000161444,-2.73963629635569,115.92849983148));
#2333=CARTESIAN_POINT('Ctrl Pts',(7.557787766122,-7.01757178561578,115.814031070947));
#2334=CARTESIAN_POINT('Ctrl Pts',(3.46814736214394,-9.71279689907644,115.699562310415));
#2335=CARTESIAN_POINT('Ctrl Pts',(-1.40368280967682,-10.2174431380168,115.585093549882));
#2336=CARTESIAN_POINT('Ctrl Pts',(-5.95893291245429,-8.41769494934076,115.47062478935));
#2337=CARTESIAN_POINT('Ctrl Pts',(-9.1702331036639,-4.71945913623613,115.356156028817));
#2338=CARTESIAN_POINT('Ctrl Pts',(-10.3133217284856,0.0431814590693012,
115.241687268285));
#2339=CARTESIAN_POINT('Ctrl Pts',(-9.13039191482138,4.79608310980214,115.127218507752));
#2340=CARTESIAN_POINT('Ctrl Pts',(-5.88823613063509,8.4672985646914,115.01274974722));
#2341=CARTESIAN_POINT('Ctrl Pts',(-1.318075056719,10.2288390279259,114.898280986687));
#2342=CARTESIAN_POINT('Ctrl Pts',(3.54935851257361,9.68341488643765,114.783812226154));
#2343=CARTESIAN_POINT('Ctrl Pts',(7.61628633176626,6.9540385551625,114.669343465622));
#2344=CARTESIAN_POINT('Ctrl Pts',(9.96547248581341,2.6562808303686,114.554874705089));
#2345=CARTESIAN_POINT('Ctrl Pts',(10.0670924952616,-2.24056207247978,114.440405944557));
#2346=CARTESIAN_POINT('Ctrl Pts',(7.89822745886641,-6.63207906589355,114.325937184024));
#2347=CARTESIAN_POINT('Ctrl Pts',(3.94803306954483,-9.52782790387161,114.211468423492));
#2348=CARTESIAN_POINT('Ctrl Pts',(-0.892582264157013,-10.2747149188932,
114.096999662959));
#2349=CARTESIAN_POINT('Ctrl Pts',(-5.53188876960148,-8.70429068376738,113.982530902427));
#2350=CARTESIAN_POINT('Ctrl Pts',(-8.92355888646306,-5.17074138480226,113.868062141894));
#2351=CARTESIAN_POINT('Ctrl Pts',(-10.3026512297254,-0.47100715984656,113.753593381362));
#2352=CARTESIAN_POINT('Ctrl Pts',(-9.35813162027249,4.33495570969063,113.639124620829));
#2353=CARTESIAN_POINT('Ctrl Pts',(-6.30302288096969,8.16323314461583,113.524655860297));
#2354=CARTESIAN_POINT('Ctrl Pts',(-1.82635937414838,10.1504125669784,113.410187099764));
#2355=CARTESIAN_POINT('Ctrl Pts',(3.06221181777209,9.84831643343747,113.295718339232));
#2356=CARTESIAN_POINT('Ctrl Pts',(7.2601479522876,7.32507459482111,113.181249578699));
#2357=CARTESIAN_POINT('Ctrl Pts',(9.82066013023654,3.14977476954551,113.066780818167));
#2358=CARTESIAN_POINT('Ctrl Pts',(10.1662752981916,-1.73592161703281,112.952312057634));
#2359=CARTESIAN_POINT('Ctrl Pts',(8.21901745406775,-6.23008253056594,112.837843297102));
#2360=CARTESIAN_POINT('Ctrl Pts',(4.41812234958447,-9.31919090269705,112.723374536569));
#2361=CARTESIAN_POINT('Ctrl Pts',(-0.379298965251791,-10.3063820720207,
112.608905776037));
#2362=CARTESIAN_POINT('Ctrl Pts',(-5.09096689261337,-8.96935639538447,112.494437015504));
#2363=CARTESIAN_POINT('Ctrl Pts',(-8.65476079177633,-5.6089074442172,112.379968254972));
#2364=CARTESIAN_POINT('Ctrl Pts',(-9.72836863861139,-2.52602668820553,112.30365574795));
#2365=CARTESIAN_POINT('Ctrl Pts',(-9.87972072713226,-0.946965339319903,
112.265499494439));
#2366=CARTESIAN_POINT('',(5.57225185822535,-8.21313790390154,112.76));
#2367=CARTESIAN_POINT('Ctrl Pts',(5.57190604204315,-8.21295718656512,112.76));
#2368=CARTESIAN_POINT('Ctrl Pts',(5.35612334187138,-8.34681408324954,112.76));
#2369=CARTESIAN_POINT('Ctrl Pts',(5.13567277044687,-8.47216261765976,112.76));
#2370=CARTESIAN_POINT('Ctrl Pts',(4.91101599690335,-8.58870236218277,112.76));
#2371=CARTESIAN_POINT('Ctrl Pts',(4.68635922335983,-8.70524210670578,112.76));
#2372=CARTESIAN_POINT('Ctrl Pts',(4.45749560824288,-8.81297346930818,112.76));
#2373=CARTESIAN_POINT('Ctrl Pts',(4.22485711463792,-8.91154544853754,112.76));
#2374=CARTESIAN_POINT('Ctrl Pts',(3.99873351348838,-9.00735698243454,112.76));
#2375=CARTESIAN_POINT('Ctrl Pts',(3.76904276303578,-9.09451490866795,112.76));
#2376=CARTESIAN_POINT('Ctrl Pts',(3.53630432033859,-9.17294310715338,112.76));
#2377=CARTESIAN_POINT('Ctrl Pts',(3.30380689726206,-9.25129008684905,112.76));
#2378=CARTESIAN_POINT('Ctrl Pts',(3.06826742424005,-9.32092548616259,112.76));
#2379=CARTESIAN_POINT('Ctrl Pts',(2.83019596971928,-9.38172216116399,112.76));
#2380=CARTESIAN_POINT('Ctrl Pts',(2.59412207464219,-9.44200871632537,112.76));
#2381=CARTESIAN_POINT('Ctrl Pts',(2.35555786918722,-9.49360426946305,112.76));
#2382=CARTESIAN_POINT('Ctrl Pts',(2.11500277768038,-9.53633379856936,112.76));
#2383=CARTESIAN_POINT('Ctrl Pts',(2.08368602307457,-9.54189655830585,112.76));
#2384=CARTESIAN_POINT('Ctrl Pts',(2.05233553722891,-9.54730898287408,112.76));
#2385=CARTESIAN_POINT('Ctrl Pts',(2.02095243349023,-9.55257062140977,112.76));
#2386=CARTESIAN_POINT('Ctrl Pts',(1.99212944336445,-9.55740303559105,112.76));
#2387=CARTESIAN_POINT('Ctrl Pts',(1.96328591052151,-9.56210706752584,112.76));
#2388=CARTESIAN_POINT('Ctrl Pts',(1.9344309629566,-9.56668131304818,112.76));
#2389=CARTESIAN_POINT('Ctrl Pts',(1.69396078697623,-9.60480197236529,112.76));
#2390=CARTESIAN_POINT('Ctrl Pts',(1.45252162314001,-9.63394280075615,112.76));
#2391=CARTESIAN_POINT('Ctrl Pts',(1.21062083865999,-9.65406501983483,112.76));
#2392=CARTESIAN_POINT('Ctrl Pts',(0.968687905453344,-9.67418991316578,112.76));
#2393=CARTESIAN_POINT('Ctrl Pts',(0.726292567699393,-9.68529386003182,112.76));
#2394=CARTESIAN_POINT('Ctrl Pts',(0.483935862449925,-9.68728644870167,112.76));
#2395=CARTESIAN_POINT('Ctrl Pts',(0.24364907810258,-9.689262019064,112.76));
#2396=CARTESIAN_POINT('Ctrl Pts',(0.00339964149405256,-9.68228119700508,
112.76));
#2397=CARTESIAN_POINT('Ctrl Pts',(-0.236320953215567,-9.66620484312085,
112.76));
#2398=CARTESIAN_POINT('Ctrl Pts',(-0.276023320405304,-9.66354228796677,
112.76));
#2399=CARTESIAN_POINT('Ctrl Pts',(-0.315711162289063,-9.6606301302105,112.76));
#2400=CARTESIAN_POINT('Ctrl Pts',(-0.355382219061889,-9.65746760116843,
112.76));
#2401=CARTESIAN_POINT('Ctrl Pts',(-0.596951916577883,-9.63820995475747,
112.76));
#2402=CARTESIAN_POINT('Ctrl Pts',(-0.83790071238667,-9.60967252016191,112.76));
#2403=CARTESIAN_POINT('Ctrl Pts',(-1.07772118688877,-9.57198008296538,112.76));
#2404=CARTESIAN_POINT('Ctrl Pts',(-1.23678463051707,-9.54698017888434,112.76));
#2405=CARTESIAN_POINT('Ctrl Pts',(-1.39535139876882,-9.51795183711522,112.76));
#2406=CARTESIAN_POINT('Ctrl Pts',(-1.55326786003889,-9.48492008213837,112.76));
#2407=CARTESIAN_POINT('Ctrl Pts',(-1.59285054257069,-9.47664047999809,112.76));
#2408=CARTESIAN_POINT('Ctrl Pts',(-1.63239234122129,-9.46810930696492,112.76));
#2409=CARTESIAN_POINT('Ctrl Pts',(-1.67189078149346,-9.45932687157883,112.76));
#2410=CARTESIAN_POINT('Ctrl Pts',(-1.71008740375148,-9.45083389401727,112.76));
#2411=CARTESIAN_POINT('Ctrl Pts',(-1.74824963973539,-9.44210442812637,112.76));
#2412=CARTESIAN_POINT('Ctrl Pts',(-1.7863411968212,-9.43314692597253,112.76));
#2413=CARTESIAN_POINT('Ctrl Pts',(-2.01930175774043,-9.37836458348403,112.76));
#2414=CARTESIAN_POINT('Ctrl Pts',(-2.24981301754939,-9.31501711448265,112.76));
#2415=CARTESIAN_POINT('Ctrl Pts',(-2.47741420577235,-9.24331794905257,112.76));
#2416=CARTESIAN_POINT('Ctrl Pts',(-2.70628816990514,-9.17121783241821,112.76));
#2417=CARTESIAN_POINT('Ctrl Pts',(-2.9322200572366,-9.09067214228529,112.76));
#2418=CARTESIAN_POINT('Ctrl Pts',(-3.15472792616028,-9.00184730048638,112.76));
#2419=CARTESIAN_POINT('Ctrl Pts',(-3.37628419287592,-8.91340233700815,112.76));
#2420=CARTESIAN_POINT('Ctrl Pts',(-3.5944462604384,-8.81674861277865,112.76));
#2421=CARTESIAN_POINT('Ctrl Pts',(-3.80871593881496,-8.71200411412855,112.76));
#2422=CARTESIAN_POINT('Ctrl Pts',(-4.01983313364418,-8.60880068891063,112.76));
#2423=CARTESIAN_POINT('Ctrl Pts',(-4.22717213420236,-8.49774249565276,112.76));
#2424=CARTESIAN_POINT('Ctrl Pts',(-4.43022657525545,-8.37890181228869,112.76));
#2425=CARTESIAN_POINT('Ctrl Pts',(-4.51171384457222,-8.33121015520967,112.76));
#2426=CARTESIAN_POINT('Ctrl Pts',(-4.59251071455831,-8.28226471007108,112.76));
#2427=CARTESIAN_POINT('Ctrl Pts',(-4.67258280077002,-8.23206844058068,112.76));
#2428=CARTESIAN_POINT('Ctrl Pts',(-4.75197208213319,-8.18230021359308,112.76));
#2429=CARTESIAN_POINT('Ctrl Pts',(-4.83064888459407,-8.1313023866822,112.76));
#2430=CARTESIAN_POINT('Ctrl Pts',(-4.90858836467672,-8.07909431202967,112.76));
#2431=CARTESIAN_POINT('Ctrl Pts',(-4.95886200445492,-8.04541831193561,112.76));
#2432=CARTESIAN_POINT('Ctrl Pts',(-5.00882884747723,-8.01123874992305,112.76));
#2433=CARTESIAN_POINT('Ctrl Pts',(-5.05848200201075,-7.97656066739476,112.76));
#2434=CARTESIAN_POINT('Ctrl Pts',(-5.0859920592824,-7.95734746643327,112.76));
#2435=CARTESIAN_POINT('Ctrl Pts',(-5.11340864480617,-7.93797914951992,112.76));
#2436=CARTESIAN_POINT('Ctrl Pts',(-5.14070947036427,-7.91847183514083,112.76));
#2437=CARTESIAN_POINT('Ctrl Pts',(-5.33229525876431,-7.78157765232827,112.76));
#2438=CARTESIAN_POINT('Ctrl Pts',(-5.51838736790748,-7.63770133013558,112.76));
#2439=CARTESIAN_POINT('Ctrl Pts',(-5.69868357888246,-7.48725736884689,112.76));
#2440=CARTESIAN_POINT('Ctrl Pts',(-5.88044319754899,-7.33559230119713,112.76));
#2441=CARTESIAN_POINT('Ctrl Pts',(-6.0563129292546,-7.17725208499488,112.76));
#2442=CARTESIAN_POINT('Ctrl Pts',(-6.22595116810393,-7.01261930450772,112.76));
#2443=CARTESIAN_POINT('Ctrl Pts',(-6.3951986250036,-6.8483657752989,112.76));
#2444=CARTESIAN_POINT('Ctrl Pts',(-6.55824369085775,-6.67784812205539,112.76));
#2445=CARTESIAN_POINT('Ctrl Pts',(-6.71470871126213,-6.50141202753986,112.76));
#2446=CARTESIAN_POINT('Ctrl Pts',(-6.86983349983116,-6.32648723101392,112.76));
#2447=CARTESIAN_POINT('Ctrl Pts',(-7.01849085266323,-6.14574443519005,112.76));
#2448=CARTESIAN_POINT('Ctrl Pts',(-7.16026911728271,-5.95949452835048,112.76));
#2449=CARTESIAN_POINT('Ctrl Pts',(-7.2718974339255,-5.8128517151437,112.76));
#2450=CARTESIAN_POINT('Ctrl Pts',(-7.3792605472363,-5.66279439774715,112.76));
#2451=CARTESIAN_POINT('Ctrl Pts',(-7.48213596294325,-5.50946590693521,112.76));
#2452=CARTESIAN_POINT('Ctrl Pts',(-7.51678673047607,-5.45782140222265,112.76));
#2453=CARTESIAN_POINT('Ctrl Pts',(-7.5509282016386,-5.405805733343,112.76));
#2454=CARTESIAN_POINT('Ctrl Pts',(-7.58455134441844,-5.35342423566283,112.76));
#2455=CARTESIAN_POINT('Ctrl Pts',(-7.59991050005998,-5.32949620547021,112.76));
#2456=CARTESIAN_POINT('Ctrl Pts',(-7.61516079283945,-5.30549285487244,112.76));
#2457=CARTESIAN_POINT('Ctrl Pts',(-7.63029473308223,-5.28142548581596,112.76));
#2458=CARTESIAN_POINT('Ctrl Pts',(-7.68039140048376,-5.2017572062067,112.76));
#2459=CARTESIAN_POINT('Ctrl Pts',(-7.72923346882991,-5.1213560986469,112.76));
#2460=CARTESIAN_POINT('Ctrl Pts',(-7.77679779389262,-5.04024482978186,112.76));
#2461=CARTESIAN_POINT('Ctrl Pts',(-7.89516841511576,-4.83838784408731,112.76));
#2462=CARTESIAN_POINT('Ctrl Pts',(-8.0056288813891,-4.63213417111636,112.76));
#2463=CARTESIAN_POINT('Ctrl Pts',(-8.10806325727175,-4.4219859473598,112.76));
#2464=CARTESIAN_POINT('Ctrl Pts',(-8.21076124854885,-4.21129690606594,112.76));
#2465=CARTESIAN_POINT('Ctrl Pts',(-8.30539196936853,-3.996692587532,112.76));
#2466=CARTESIAN_POINT('Ctrl Pts',(-8.39178938689417,-3.77866123728691,112.76));
#2467=CARTESIAN_POINT('Ctrl Pts',(-8.43775033387761,-3.6626748152811,112.76));
#2468=CARTESIAN_POINT('Ctrl Pts',(-8.48138046222665,-3.5457183251111,112.76));
#2469=CARTESIAN_POINT('Ctrl Pts',(-8.52264884819192,-3.42786420031173,112.76));
#2470=CARTESIAN_POINT('Ctrl Pts',(-8.54549542848118,-3.36261900930973,112.76));
#2471=CARTESIAN_POINT('Ctrl Pts',(-8.56761809906616,-3.29709869913175,112.76));
#2472=CARTESIAN_POINT('Ctrl Pts',(-8.58901105384947,-3.23131552450578,112.76));
#2473=CARTESIAN_POINT('Ctrl Pts',(-8.60150981808107,-3.19288191875174,112.76));
#2474=CARTESIAN_POINT('Ctrl Pts',(-8.61376043837335,-3.1543553068537,112.76));
#2475=CARTESIAN_POINT('Ctrl Pts',(-8.62575423928397,-3.11576280175713,112.76));
#2476=CARTESIAN_POINT('Ctrl Pts',(-8.69482964288951,-2.89349857663281,112.76));
#2477=CARTESIAN_POINT('Ctrl Pts',(-8.75544380965766,-2.66889141899079,112.76));
#2478=CARTESIAN_POINT('Ctrl Pts',(-8.80746181753385,-2.44242702375581,112.76));
#2479=CARTESIAN_POINT('Ctrl Pts',(-8.859274795662,-2.2168552412869,112.76));
#2480=CARTESIAN_POINT('Ctrl Pts',(-8.90255936221505,-1.9894401825755,112.76));
#2481=CARTESIAN_POINT('Ctrl Pts',(-8.93713133167733,-1.76065365833008,112.76));
#2482=CARTESIAN_POINT('Ctrl Pts',(-8.97121653227851,-1.53508841877201,112.76));
#2483=CARTESIAN_POINT('Ctrl Pts',(-8.99683278432036,-1.30818946120755,112.76));
#2484=CARTESIAN_POINT('Ctrl Pts',(-9.01375308063258,-1.08041026520963,112.76));
#2485=CARTESIAN_POINT('Ctrl Pts',(-9.01907473520349,-1.00877072786504,112.76));
#2486=CARTESIAN_POINT('Ctrl Pts',(-9.0235358175465,-0.9370441643617,112.76));
#2487=CARTESIAN_POINT('Ctrl Pts',(-9.0271282029218,-0.865244854370029,112.76));
#2488=CARTESIAN_POINT('Ctrl Pts',(9.92453604268069,-0.000164739619335826,
112.992686825365));
#2489=CARTESIAN_POINT('Ctrl Pts',(9.92489549926663,-0.559744148777933,112.979228569455));
#2490=CARTESIAN_POINT('Ctrl Pts',(9.87828350638085,-1.11926408506229,112.965770313545));
#2491=CARTESIAN_POINT('Ctrl Pts',(9.78412979617846,-1.67066570485861,112.952312057634));
#2492=CARTESIAN_POINT('Ctrl Pts',(9.51718935015034,-3.23397525487717,112.914155804123));
#2493=CARTESIAN_POINT('Ctrl Pts',(8.86810340210905,-4.73202889272155,112.875999550613));
#2494=CARTESIAN_POINT('Ctrl Pts',(7.91007791067453,-5.99590710699891,112.837843297102));
#2495=CARTESIAN_POINT('Ctrl Pts',(7.2585825802998,-6.85539441931575,112.811895531401));
#2496=CARTESIAN_POINT('Ctrl Pts',(6.46421694071823,-7.60658638424457,112.785947765701));
#2497=CARTESIAN_POINT('Ctrl Pts',(5.57190604204256,-8.21295718656552,112.76));
#2498=CARTESIAN_POINT('',(5.26284331300683,-7.38474623045426,117.76));
#2499=CARTESIAN_POINT('Ctrl Pts',(5.26284331300737,-7.38474623045388,117.76));
#2500=CARTESIAN_POINT('Ctrl Pts',(5.4591360554112,-7.25813843845641,117.76));
#2501=CARTESIAN_POINT('Ctrl Pts',(5.65019299795937,-7.12422962579973,117.76));
#2502=CARTESIAN_POINT('Ctrl Pts',(5.83559300489293,-6.98334438827062,117.76));
#2503=CARTESIAN_POINT('Ctrl Pts',(6.02099301182649,-6.84245915074152,117.76));
#2504=CARTESIAN_POINT('Ctrl Pts',(6.2007367000748,-6.69459717631154,117.76));
#2505=CARTESIAN_POINT('Ctrl Pts',(6.37438565197564,-6.54003335640632,117.76));
#2506=CARTESIAN_POINT('Ctrl Pts',(6.54685367258075,-6.38652067588383,117.76));
#2507=CARTESIAN_POINT('Ctrl Pts',(6.71331025139414,-6.22639675219864,117.76));
#2508=CARTESIAN_POINT('Ctrl Pts',(6.87352113437666,-6.06011396469184,117.76));
#2509=CARTESIAN_POINT('Ctrl Pts',(7.03465250374223,-5.89287580487333,117.76));
#2510=CARTESIAN_POINT('Ctrl Pts',(7.18946663930474,-5.71940732437643,117.76));
#2511=CARTESIAN_POINT('Ctrl Pts',(7.33769029462957,-5.54012918968224,117.76));
#2512=CARTESIAN_POINT('Ctrl Pts',(7.48565073607011,-5.36116941506423,117.76));
#2513=CARTESIAN_POINT('Ctrl Pts',(7.62704449008834,-5.17642007029162,117.76));
#2514=CARTESIAN_POINT('Ctrl Pts',(7.76155878763533,-4.98626796256951,117.76));
#2515=CARTESIAN_POINT('Ctrl Pts',(7.77767972393657,-4.9634790838255,117.76));
#2516=CARTESIAN_POINT('Ctrl Pts',(7.79370316212043,-4.94061060570531,117.76));
#2517=CARTESIAN_POINT('Ctrl Pts',(7.80962413736933,-4.91766949204354,117.76));
#2518=CARTESIAN_POINT('Ctrl Pts',(7.94350940617939,-4.72474932720497,117.76));
#2519=CARTESIAN_POINT('Ctrl Pts',(8.06986605904388,-4.52711000645176,117.76));
#2520=CARTESIAN_POINT('Ctrl Pts',(8.18848292201147,-4.32523744348803,117.76));
#2521=CARTESIAN_POINT('Ctrl Pts',(8.30788474296237,-4.12202897030087,117.76));
#2522=CARTESIAN_POINT('Ctrl Pts',(8.41944442826475,-3.91453053773867,117.76));
#2523=CARTESIAN_POINT('Ctrl Pts',(8.52291137597771,-3.70319832556426,117.76));
#2524=CARTESIAN_POINT('Ctrl Pts',(8.62635362080786,-3.49191656925993,117.76));
#2525=CARTESIAN_POINT('Ctrl Pts',(8.72170739451408,-3.27680231653498,117.76));
#2526=CARTESIAN_POINT('Ctrl Pts',(8.80868099658682,-3.05828009382349,117.76));
#2527=CARTESIAN_POINT('Ctrl Pts',(8.82643921523908,-3.01366235558102,117.76));
#2528=CARTESIAN_POINT('Ctrl Pts',(8.84384792181898,-2.96890245317397,117.76));
#2529=CARTESIAN_POINT('Ctrl Pts',(8.86090439794537,-2.92400387156832,117.76));
#2530=CARTESIAN_POINT('Ctrl Pts',(8.94439038306973,-2.70423970174462,117.76));
#2531=CARTESIAN_POINT('Ctrl Pts',(9.01944162881413,-2.48115446441722,117.76));
#2532=CARTESIAN_POINT('Ctrl Pts',(9.08601442541763,-2.25524522961326,117.76));
#2533=CARTESIAN_POINT('Ctrl Pts',(9.13100124463116,-2.10258620936325,117.76));
#2534=CARTESIAN_POINT('Ctrl Pts',(9.17211542939424,-1.94863719198876,117.76));
#2535=CARTESIAN_POINT('Ctrl Pts',(9.20933044123037,-1.79354826034176,117.76));
#2536=CARTESIAN_POINT('Ctrl Pts',(9.21851746919443,-1.75526246432399,117.76));
#2537=CARTESIAN_POINT('Ctrl Pts',(9.22746682422526,-1.71690719207606,117.76));
#2538=CARTESIAN_POINT('Ctrl Pts',(9.23617800590482,-1.67848468833523,117.76));
#2539=CARTESIAN_POINT('Ctrl Pts',(9.243928877393,-1.64429783519587,117.76));
#2540=CARTESIAN_POINT('Ctrl Pts',(9.25149205533538,-1.61005346622518,117.76));
#2541=CARTESIAN_POINT('Ctrl Pts',(9.25886127533006,-1.5757813614012,117.76));
#2542=CARTESIAN_POINT('Ctrl Pts',(9.30841320124259,-1.34532972604076,117.76));
#2543=CARTESIAN_POINT('Ctrl Pts',(9.34925306719266,-1.11339821467209,117.76));
#2544=CARTESIAN_POINT('Ctrl Pts',(9.38142676438023,-0.880510299296197,117.76));
#2545=CARTESIAN_POINT('Ctrl Pts',(9.41408547440492,-0.644111639478715,117.76));
#2546=CARTESIAN_POINT('Ctrl Pts',(9.43781497803213,-0.406726929502592,117.76));
#2547=CARTESIAN_POINT('Ctrl Pts',(9.45261479827886,-0.168881096064775,117.76));
#2548=CARTESIAN_POINT('Ctrl Pts',(9.46743925955302,0.0693607398653158,117.76));
#2549=CARTESIAN_POINT('Ctrl Pts',(9.4733043984235,0.308065898135955,117.76));
#2550=CARTESIAN_POINT('Ctrl Pts',(9.47015909641595,0.546719748031627,117.76));
#2551=CARTESIAN_POINT('Ctrl Pts',(9.46703829652546,0.783514468167668,117.76));
#2552=CARTESIAN_POINT('Ctrl Pts',(9.45504694179191,1.02025933314797,117.76));
#2553=CARTESIAN_POINT('Ctrl Pts',(9.43408414405732,1.25645449453646,117.76));
#2554=CARTESIAN_POINT('Ctrl Pts',(9.42612755981625,1.34610410727962,117.76));
#2555=CARTESIAN_POINT('Ctrl Pts',(9.41687798484551,1.43567450605237,117.76));
#2556=CARTESIAN_POINT('Ctrl Pts',(9.406327933294,1.52513816635385,117.76));
#2557=CARTESIAN_POINT('Ctrl Pts',(9.39505405106246,1.62073985752258,117.76));
#2558=CARTESIAN_POINT('Ctrl Pts',(9.38229512872698,1.71621966951708,117.76));
#2559=CARTESIAN_POINT('Ctrl Pts',(9.36806162899159,1.81154700256534,117.76));
#2560=CARTESIAN_POINT('Ctrl Pts',(9.35939289735569,1.86960489999919,117.76));
#2561=CARTESIAN_POINT('Ctrl Pts',(9.35017717980484,1.9276062331821,117.76));
#2562=CARTESIAN_POINT('Ctrl Pts',(9.34041659792075,1.98554402302084,117.76));
#2563=CARTESIAN_POINT('Ctrl Pts',(9.33482170442841,2.018754723692,117.76));
#2564=CARTESIAN_POINT('Ctrl Pts',(9.32904711476826,2.05194793585644,117.76));
#2565=CARTESIAN_POINT('Ctrl Pts',(9.32309795275287,2.08509680583841,117.76));
#2566=CARTESIAN_POINT('Ctrl Pts',(9.28114010324684,2.31888692525358,117.76));
#2567=CARTESIAN_POINT('Ctrl Pts',(9.23046335459502,2.55071863899944,117.76));
#2568=CARTESIAN_POINT('Ctrl Pts',(9.17136411424494,2.78014913095544,117.76));
#2569=CARTESIAN_POINT('Ctrl Pts',(9.11147384878421,3.01265047930845,117.76));
#2570=CARTESIAN_POINT('Ctrl Pts',(9.04293402607149,3.24268648846104,117.76));
#2571=CARTESIAN_POINT('Ctrl Pts',(8.96599961730444,3.4697983329962,117.76));
#2572=CARTESIAN_POINT('Ctrl Pts',(8.88842776905151,3.69879191107214,117.76));
#2573=CARTESIAN_POINT('Ctrl Pts',(8.80232151382281,3.92481330533444,117.76));
#2574=CARTESIAN_POINT('Ctrl Pts',(8.7078899962749,4.14738488828843,117.76));
#2575=CARTESIAN_POINT('Ctrl Pts',(8.6137375405259,4.36929873293704,117.76));
#2576=CARTESIAN_POINT('Ctrl Pts',(8.51130872974969,4.58778375424554,117.76));
#2577=CARTESIAN_POINT('Ctrl Pts',(8.40076203935433,4.80234983350259,117.76));
#2578=CARTESIAN_POINT('Ctrl Pts',(8.31128825545739,4.97601436328995,117.76));
#2579=CARTESIAN_POINT('Ctrl Pts',(8.21649558095453,5.14711146730478,117.76));
#2580=CARTESIAN_POINT('Ctrl Pts',(8.11644599457375,5.31536892873101,117.76));
#2581=CARTESIAN_POINT('Ctrl Pts',(8.08434119524259,5.36936087642883,117.76));
#2582=CARTESIAN_POINT('Ctrl Pts',(8.05169494631406,5.42306032613842,117.76));
#2583=CARTESIAN_POINT('Ctrl Pts',(8.01850888414081,5.47645797791772,117.76));
#2584=CARTESIAN_POINT('Ctrl Pts',(8.0019527897438,5.50309737125163,117.76));
#2585=CARTESIAN_POINT('Ctrl Pts',(7.98526161010708,5.52966271018986,117.76));
#2586=CARTESIAN_POINT('Ctrl Pts',(7.96844524024208,5.55613779460627,117.76));
#2587=CARTESIAN_POINT('Ctrl Pts',(7.91392437688038,5.64197346969813,117.76));
#2588=CARTESIAN_POINT('Ctrl Pts',(7.85806535698039,5.72689679710638,117.76));
#2589=CARTESIAN_POINT('Ctrl Pts',(7.8008846847855,5.81087348278169,117.76));
#2590=CARTESIAN_POINT('Ctrl Pts',(7.66470887962684,6.01086401013007,117.76));
#2591=CARTESIAN_POINT('Ctrl Pts',(7.52104062095751,6.20548723149314,117.76));
#2592=CARTESIAN_POINT('Ctrl Pts',(7.37032415715574,6.39446363651131,117.76));
#2593=CARTESIAN_POINT('Ctrl Pts',(7.21826277129288,6.58512637711434,117.76));
#2594=CARTESIAN_POINT('Ctrl Pts',(7.05902644049688,6.77004155739326,117.76));
#2595=CARTESIAN_POINT('Ctrl Pts',(6.89302531879587,6.94889545152121,117.76));
#2596=CARTESIAN_POINT('Ctrl Pts',(6.80072824626344,7.04833870027689,117.76));
#2597=CARTESIAN_POINT('Ctrl Pts',(6.70633912849672,7.14590765429984,117.76));
#2598=CARTESIAN_POINT('Ctrl Pts',(6.6099230711913,7.24154401882975,117.76));
#2599=CARTESIAN_POINT('Ctrl Pts',(6.55775893470028,7.29328631686877,117.76));
#2600=CARTESIAN_POINT('Ctrl Pts',(6.50500141934921,7.34446285895866,117.76));
#2601=CARTESIAN_POINT('Ctrl Pts',(6.45166041466755,7.39506398219956,117.76));
#2602=CARTESIAN_POINT('Ctrl Pts',(6.41640638450098,7.42850717540228,117.76));
#2603=CARTESIAN_POINT('Ctrl Pts',(6.3808926104233,7.46170338763895,117.76));
#2604=CARTESIAN_POINT('Ctrl Pts',(6.34514783191059,7.49462615915724,117.76));
#2605=CARTESIAN_POINT('Ctrl Pts',(6.1637796437242,7.6616755484331,117.76));
#2606=CARTESIAN_POINT('Ctrl Pts',(5.9763752640968,7.82177865690851,117.76));
#2607=CARTESIAN_POINT('Ctrl Pts',(5.78337305752885,7.97463466845345,117.76));
#2608=CARTESIAN_POINT('Ctrl Pts',(5.58994008588658,8.12783184206251,117.76));
#2609=CARTESIAN_POINT('Ctrl Pts',(5.39088380568821,8.27375000459848,117.76));
#2610=CARTESIAN_POINT('Ctrl Pts',(5.18660556161007,8.41205251784608,117.76));
#2611=CARTESIAN_POINT('Ctrl Pts',(4.98369436262279,8.54942950046441,117.76));
#2612=CARTESIAN_POINT('Ctrl Pts',(4.77563035427141,8.67929283786945,117.76));
#2613=CARTESIAN_POINT('Ctrl Pts',(4.56277481512195,8.80127273999149,117.76));
#2614=CARTESIAN_POINT('Ctrl Pts',(4.48470905764734,8.84600943556392,117.76));
#2615=CARTESIAN_POINT('Ctrl Pts',(4.40599852107541,8.88968531849341,117.76));
#2616=CARTESIAN_POINT('Ctrl Pts',(4.32666014045098,8.93228061745894,117.76));
#2617=CARTESIAN_POINT('Ctrl Pts',(5.26284331300683,-7.38474623045426,117.76));
#2618=CARTESIAN_POINT('Ctrl Pts',(4.45965700629991,-7.95621841497079,117.734052234299));
#2619=CARTESIAN_POINT('Ctrl Pts',(2.2458779214956,-9.04698681578106,117.669948215088));
#2620=CARTESIAN_POINT('Ctrl Pts',(-1.74635025880147,-9.26016688263805,117.567687942366));
#2621=CARTESIAN_POINT('Ctrl Pts',(-5.82134702135741,-7.41027931817613,117.453219181833));
#2622=CARTESIAN_POINT('Ctrl Pts',(-8.58341768387382,-3.88912303191266,117.338750421301));
#2623=CARTESIAN_POINT('Ctrl Pts',(-9.40962749864467,0.509173037423132,117.224281660768));
#2624=CARTESIAN_POINT('Ctrl Pts',(-8.11363241028009,4.79263020822374,117.109812900236));
#2625=CARTESIAN_POINT('Ctrl Pts',(-4.98772721458342,7.99518104371406,116.995344139703));
#2626=CARTESIAN_POINT('Ctrl Pts',(-0.736912994628186,9.39453555356333,116.880875379171));
#2627=CARTESIAN_POINT('Ctrl Pts',(3.68010099722716,8.67509060935182,116.766406618638));
#2628=CARTESIAN_POINT('Ctrl Pts',(7.26712225674882,5.99910611430019,116.651937858106));
#2629=CARTESIAN_POINT('Ctrl Pts',(8.85103941550913,2.7231815684709,116.558864762202));
#2630=CARTESIAN_POINT('Ctrl Pts',(9.06807489420467,0.636852324270924,116.503947919808));
#2631=CARTESIAN_POINT('Ctrl Pts',(9.06789279359846,6.84785272644928E-5,
116.487187330926));
#2632=CARTESIAN_POINT('Origin',(0.,0.,120.532812669074));
#2633=CARTESIAN_POINT('',(-5.26288812584096,-7.38509991976292,117.76));
#2634=CARTESIAN_POINT('Origin',(0.,0.,117.76));
#2635=CARTESIAN_POINT('Ctrl Pts',(-5.26288812584071,-7.38509991976309,117.76));
#2636=CARTESIAN_POINT('Ctrl Pts',(-6.44323787084218,-6.54394018938715,117.721843746489));
#2637=CARTESIAN_POINT('Ctrl Pts',(-8.39221035436934,-4.28598622643524,117.645531239468));
#2638=CARTESIAN_POINT('Ctrl Pts',(-9.42317563274419,0.0692326895702887,
117.531062478935));
#2639=CARTESIAN_POINT('Ctrl Pts',(-8.32861836403335,4.40834966392619,117.416593718402));
#2640=CARTESIAN_POINT('Ctrl Pts',(-5.35575552806732,7.75350049590539,117.30212495787));
#2641=CARTESIAN_POINT('Ctrl Pts',(-1.17493131645472,9.34984667830453,117.187656197337));
#2642=CARTESIAN_POINT('Ctrl Pts',(3.27085988292378,8.83752829758435,117.073187436805));
#2643=CARTESIAN_POINT('Ctrl Pts',(6.97896690931949,6.33200937245606,116.958718676272));
#2644=CARTESIAN_POINT('Ctrl Pts',(8.78350119731821,3.00586806202043,116.861927087029));
#2645=CARTESIAN_POINT('Ctrl Pts',(9.0677321686315,0.778024826626844,116.803291751296));
#2646=CARTESIAN_POINT('Ctrl Pts',(9.06786803017343,-4.17127367966647E-5,
116.782812669074));
#2647=CARTESIAN_POINT('Ctrl Pts',(-5.75995640392227,-8.082606462331,118.254500505561));
#2648=CARTESIAN_POINT('Ctrl Pts',(-7.05178760193071,-7.162001034313,118.21634425205));
#2649=CARTESIAN_POINT('Ctrl Pts',(-9.18483627580258,-4.69078825576113,118.140031745028));
#2650=CARTESIAN_POINT('Ctrl Pts',(-10.3131739708867,0.0757715657479313,
118.025562984496));
#2651=CARTESIAN_POINT('Ctrl Pts',(-9.11523816100027,4.82470865241963,117.911094223963));
#2652=CARTESIAN_POINT('Ctrl Pts',(-5.86159492926815,8.48580166751513,117.796625463431));
#2653=CARTESIAN_POINT('Ctrl Pts',(-1.28590101073089,10.2329192570075,117.682156702898));
#2654=CARTESIAN_POINT('Ctrl Pts',(3.57978544831213,9.67221352522741,117.567687942366));
#2655=CARTESIAN_POINT('Ctrl Pts',(7.63811507691414,6.93005381503296,117.453219181833));
#2656=CARTESIAN_POINT('Ctrl Pts',(9.97377471684318,2.62493527716306,117.338750421301));
#2657=CARTESIAN_POINT('Ctrl Pts',(10.0599981827968,-2.27220500258072,117.224281660768));
#2658=CARTESIAN_POINT('Ctrl Pts',(7.87733550006811,-6.65687993684333,117.109812900236));
#2659=CARTESIAN_POINT('Ctrl Pts',(3.91805586232661,-9.54019456243712,116.995344139703));
#2660=CARTESIAN_POINT('Ctrl Pts',(-0.92488404659389,-10.2718576291922,116.880875379171));
#2661=CARTESIAN_POINT('Ctrl Pts',(-5.55922981263122,-8.68685416124382,116.766406618638));
#2662=CARTESIAN_POINT('Ctrl Pts',(-8.93977289029383,-5.14265802505673,116.651937858106));
#2663=CARTESIAN_POINT('Ctrl Pts',(-10.3040812981379,-0.438610866004368,
116.537469097573));
#2664=CARTESIAN_POINT('Ctrl Pts',(-9.34445532223205,4.36435856881717,116.423000337041));
#2665=CARTESIAN_POINT('Ctrl Pts',(-6.27732450897278,8.18301093221772,116.308531576508));
#2666=CARTESIAN_POINT('Ctrl Pts',(-1.79443523185694,10.1561052156103,116.194062815976));
#2667=CARTESIAN_POINT('Ctrl Pts',(3.09316259190179,9.83863893597729,116.079594055443));
#2668=CARTESIAN_POINT('Ctrl Pts',(7.28314296348664,7.30221196024595,115.965125294911));
#2669=CARTESIAN_POINT('Ctrl Pts',(9.83051727009714,3.11887818616263,115.850656534378));
#2670=CARTESIAN_POINT('Ctrl Pts',(10.1607626017716,-1.76787281436295,115.736187773845));
#2671=CARTESIAN_POINT('Ctrl Pts',(8.19939696820842,-6.25590603316266,115.621719013313));
#2672=CARTESIAN_POINT('Ctrl Pts',(4.38877761837532,-9.33301140864259,115.50725025278));
#2673=CARTESIAN_POINT('Ctrl Pts',(-0.411666148030917,-10.3051929589208,
115.392781492248));
#2674=CARTESIAN_POINT('Ctrl Pts',(-5.11926465316487,-8.95318939530382,115.278312731715));
#2675=CARTESIAN_POINT('Ctrl Pts',(-8.67228810582038,-5.58192529038553,115.163843971183));
#2676=CARTESIAN_POINT('Ctrl Pts',(-10.2694041827348,-0.951739812434654,
115.04937521065));
#2677=CARTESIAN_POINT('Ctrl Pts',(-9.55040677901865,3.89309661936915,114.934906450118));
#2678=CARTESIAN_POINT('Ctrl Pts',(-6.67745521373308,7.85990221443407,114.820437689585));
#2679=CARTESIAN_POINT('Ctrl Pts',(-2.29850156938508,10.0540221525158,114.705968929053));
#2680=CARTESIAN_POINT('Ctrl Pts',(2.59884538599077,9.98060487375957,114.59150016852));
#2681=CARTESIAN_POINT('Ctrl Pts',(6.91006089166819,7.65620855018008,114.477031407988));
#2682=CARTESIAN_POINT('Ctrl Pts',(9.66281350621552,3.60506671738707,114.362562647455));
#2683=CARTESIAN_POINT('Ctrl Pts',(10.2362603018017,-1.25914509176845,114.248093886923));
#2684=CARTESIAN_POINT('Ctrl Pts',(8.50106866478721,-5.83937507021182,114.13362512639));
#2685=CARTESIAN_POINT('Ctrl Pts',(4.84858583266467,-9.10261992245915,114.019156365858));
#2686=CARTESIAN_POINT('Ctrl Pts',(0.102575268594984,-10.312901792825,113.904687605325));
#2687=CARTESIAN_POINT('Ctrl Pts',(-4.66656896078071,-9.19726117634511,113.790218844793));
#2688=CARTESIAN_POINT('Ctrl Pts',(-8.38323848091382,-6.00731053665123,113.67575008426));
#2689=CARTESIAN_POINT('Ctrl Pts',(-10.209188376916,-1.46250486907925,113.561281323728));
#2690=CARTESIAN_POINT('Ctrl Pts',(-9.73261242171349,3.41215969471645,113.446812563195));
#2691=CARTESIAN_POINT('Ctrl Pts',(-7.06097404640175,7.51723509316254,113.332343802663));
#2692=CARTESIAN_POINT('Ctrl Pts',(-2.79686889290803,9.92696577263708,113.21787504213));
#2693=CARTESIAN_POINT('Ctrl Pts',(2.09809268382791,10.0976921820066,113.103406281598));
#2694=CARTESIAN_POINT('Ctrl Pts',(6.51969488742692,7.99130009815738,112.988937521065));
#2695=CARTESIAN_POINT('Ctrl Pts',(9.47110253967807,4.08202505585025,112.874468760532));
#2696=CARTESIAN_POINT('Ctrl Pts',(10.0138515293246,0.862985948255833,112.798156253511));
#2697=CARTESIAN_POINT('Ctrl Pts',(9.89891199867611,-0.719142713559784,112.76));
#2698=CARTESIAN_POINT('Ctrl Pts',(-5.59426697789508,-7.85010428147503,118.089667003707));
#2699=CARTESIAN_POINT('Ctrl Pts',(-6.84893769156787,-6.95598075267105,118.051510750196));
#2700=CARTESIAN_POINT('Ctrl Pts',(-8.92062763532484,-4.55585424598583,117.975198243175));
#2701=CARTESIAN_POINT('Ctrl Pts',(-10.0165078581725,0.0735919403553793,
117.860729482642));
#2702=CARTESIAN_POINT('Ctrl Pts',(-8.8530315620113,4.68592232292182,117.74626072211));
#2703=CARTESIAN_POINT('Ctrl Pts',(-5.69298179553454,8.24170127697855,117.631791961577));
#2704=CARTESIAN_POINT('Ctrl Pts',(-1.24891111263883,9.93856173077318,117.517323201045));
#2705=CARTESIAN_POINT('Ctrl Pts',(3.47681025984934,9.39398511601305,117.402854440512));
#2706=CARTESIAN_POINT('Ctrl Pts',(7.41839902104926,6.73070566750733,117.28838567998));
#2707=CARTESIAN_POINT('Ctrl Pts',(9.68687167587001,2.5494270633968,117.173916919447));
#2708=CARTESIAN_POINT('Ctrl Pts',(9.7706148597551,-2.20684333726718,117.059448158915));
#2709=CARTESIAN_POINT('Ctrl Pts',(7.65073809097295,-6.46538983891197,116.944979398382));
#2710=CARTESIAN_POINT('Ctrl Pts',(3.80535007404508,-9.26576377678716,116.83051063785));
#2711=CARTESIAN_POINT('Ctrl Pts',(-0.898279069737216,-9.97638001174795,
116.716041877317));
#2712=CARTESIAN_POINT('Ctrl Pts',(-5.39931443615704,-8.43697034632844,116.601573116784));
#2713=CARTESIAN_POINT('Ctrl Pts',(-8.68261368020025,-4.9947256455954,116.487104356252));
#2714=CARTESIAN_POINT('Ctrl Pts',(-10.0076767429119,-0.42599389852384,116.372635595719));
#2715=CARTESIAN_POINT('Ctrl Pts',(-9.07565512127515,4.23881455154792,116.258166835187));
#2716=CARTESIAN_POINT('Ctrl Pts',(-6.09675260496152,7.94762054217761,116.143698074654));
#2717=CARTESIAN_POINT('Ctrl Pts',(-1.74281696901612,9.86395730235523,116.029229314122));
#2718=CARTESIAN_POINT('Ctrl Pts',(3.00418547149998,9.55562317615648,115.914760553589));
#2719=CARTESIAN_POINT('Ctrl Pts',(7.07363794423471,7.09215840713258,115.800291793057));
#2720=CARTESIAN_POINT('Ctrl Pts',(9.54773513603037,3.02916133758334,115.685823032524));
#2721=CARTESIAN_POINT('Ctrl Pts',(9.8684807153428,-1.71701863919916,115.571354271992));
#2722=CARTESIAN_POINT('Ctrl Pts',(7.96353522166701,-6.07595024752357,115.456885511459));
#2723=CARTESIAN_POINT('Ctrl Pts',(4.26253116900039,-9.06454040036375,115.342416750927));
#2724=CARTESIAN_POINT('Ctrl Pts',(-0.399824265384785,-10.0087564259463,
115.227947990394));
#2725=CARTESIAN_POINT('Ctrl Pts',(-4.972005201429,-8.69564424947417,115.113479229862));
#2726=CARTESIAN_POINT('Ctrl Pts',(-8.4228232943129,-5.42135706162935,114.999010469329));
#2727=CARTESIAN_POINT('Ctrl Pts',(-9.97399714050096,-0.924362309517766,
114.884541708797));
#2728=CARTESIAN_POINT('Ctrl Pts',(-9.2756822313703,3.78110880225783,114.770072948264));
#2729=CARTESIAN_POINT('Ctrl Pts',(-6.48537325267305,7.63380628675437,114.655604187732));
#2730=CARTESIAN_POINT('Ctrl Pts',(-2.23238346378715,9.76481073442584,114.541135427199));
#2731=CARTESIAN_POINT('Ctrl Pts',(2.52408766733079,9.69350535824739,114.426666666667));
#2732=CARTESIAN_POINT('Ctrl Pts',(6.71128785543935,7.43597202211193,114.312197906134));
#2733=CARTESIAN_POINT('Ctrl Pts',(9.38485549553295,3.50136429443351,114.197729145602));
#2734=CARTESIAN_POINT('Ctrl Pts',(9.94180666793127,-1.22292484756695,114.083260385069));
#2735=CARTESIAN_POINT('Ctrl Pts',(8.2565291077296,-5.67140110723496,113.968791624537));
#2736=CARTESIAN_POINT('Ctrl Pts',(4.70911265833462,-8.84077629647808,113.854322864004));
#2737=CARTESIAN_POINT('Ctrl Pts',(0.0996246147729308,-10.016243509515,113.739854103472));
#2738=CARTESIAN_POINT('Ctrl Pts',(-4.53233163702223,-8.93269512437064,113.625385342939));
#2739=CARTESIAN_POINT('Ctrl Pts',(-8.14208839665177,-5.83450578519391,113.510916582406));
#2740=CARTESIAN_POINT('Ctrl Pts',(-9.91551348708124,-1.42043482977223,113.396447821874));
#2741=CARTESIAN_POINT('Ctrl Pts',(-9.45264659336092,3.31400638561403,113.281979061341));
#2742=CARTESIAN_POINT('Ctrl Pts',(-6.8578598811375,7.30099623985293,113.167510300809));
#2743=CARTESIAN_POINT('Ctrl Pts',(-2.71641488092564,9.64140922572646,113.053041540276));
#2744=CARTESIAN_POINT('Ctrl Pts',(2.03773948874148,9.80722456306823,112.938572779744));
#2745=CARTESIAN_POINT('Ctrl Pts',(6.33215101938053,7.76142441271416,112.824104019211));
#2746=CARTESIAN_POINT('Ctrl Pts',(9.19865923740319,3.96460257187592,112.709635258679));
#2747=CARTESIAN_POINT('Ctrl Pts',(9.72579564906043,0.838161516192654,112.633322751657));
#2748=CARTESIAN_POINT('Ctrl Pts',(9.61416243941948,-0.698456039028669,112.595166498146));
#2749=CARTESIAN_POINT('Ctrl Pts',(-5.4285775518679,-7.61760210061906,117.924833501854));
#2750=CARTESIAN_POINT('Ctrl Pts',(-6.64608778120502,-6.7499604710291,117.886677248343));
#2751=CARTESIAN_POINT('Ctrl Pts',(-8.65641899484709,-4.42092023621054,117.810364741321));
#2752=CARTESIAN_POINT('Ctrl Pts',(-9.71984174545836,0.0714123149628394,
117.695895980789));
#2753=CARTESIAN_POINT('Ctrl Pts',(-8.59082496302232,4.547135993424,117.581427220256));
#2754=CARTESIAN_POINT('Ctrl Pts',(-5.52436866180093,7.99760088644197,117.466958459724));
#2755=CARTESIAN_POINT('Ctrl Pts',(-1.21192121454678,9.64420420453885,117.352489699191));
#2756=CARTESIAN_POINT('Ctrl Pts',(3.37383507138656,9.11575670679871,117.238020938659));
#2757=CARTESIAN_POINT('Ctrl Pts',(7.19868296518437,6.53135751998169,117.123552178126));
#2758=CARTESIAN_POINT('Ctrl Pts',(9.39996863489684,2.47391884963055,117.009083417594));
#2759=CARTESIAN_POINT('Ctrl Pts',(9.48123153671345,-2.14148167195365,116.894614657061));
#2760=CARTESIAN_POINT('Ctrl Pts',(7.42414068187779,-6.27389974098061,116.780145896528));
#2761=CARTESIAN_POINT('Ctrl Pts',(3.69264428576354,-8.99133299113721,116.665677135996));
#2762=CARTESIAN_POINT('Ctrl Pts',(-0.871674092880528,-9.68090239430368,
116.551208375463));
#2763=CARTESIAN_POINT('Ctrl Pts',(-5.23939905968286,-8.18708653141306,116.436739614931));
#2764=CARTESIAN_POINT('Ctrl Pts',(-8.42545447010665,-4.84679326613408,116.322270854398));
#2765=CARTESIAN_POINT('Ctrl Pts',(-9.71127218768586,-0.413376931043309,
116.207802093866));
#2766=CARTESIAN_POINT('Ctrl Pts',(-8.80685492031824,4.11327053427867,116.093333333333));
#2767=CARTESIAN_POINT('Ctrl Pts',(-5.91618070095026,7.71223015213749,115.978864572801));
#2768=CARTESIAN_POINT('Ctrl Pts',(-1.6911987061753,9.57180938910014,115.864395812268));
#2769=CARTESIAN_POINT('Ctrl Pts',(2.91520835109817,9.27260741633568,115.749927051736));
#2770=CARTESIAN_POINT('Ctrl Pts',(6.86413292498277,6.8821048540192,115.635458291203));
#2771=CARTESIAN_POINT('Ctrl Pts',(9.26495300196359,2.93944448900405,115.520989530671));
#2772=CARTESIAN_POINT('Ctrl Pts',(9.57619882891401,-1.66616446403536,115.406520770138));
#2773=CARTESIAN_POINT('Ctrl Pts',(7.72767347512559,-5.89599446188449,115.292052009606));
#2774=CARTESIAN_POINT('Ctrl Pts',(4.13628471962546,-8.79606939208491,115.177583249073));
#2775=CARTESIAN_POINT('Ctrl Pts',(-0.387982382738661,-9.71231989297184,
115.063114488541));
#2776=CARTESIAN_POINT('Ctrl Pts',(-4.82474574969312,-8.43809910364452,114.948645728008));
#2777=CARTESIAN_POINT('Ctrl Pts',(-8.17335848280543,-5.26078883287317,114.834176967476));
#2778=CARTESIAN_POINT('Ctrl Pts',(-9.67859009826713,-0.896984806600884,
114.719708206943));
#2779=CARTESIAN_POINT('Ctrl Pts',(-9.00095768372196,3.6691209851465,114.60523944641));
#2780=CARTESIAN_POINT('Ctrl Pts',(-6.29329129161302,7.40771035907468,114.490770685878));
#2781=CARTESIAN_POINT('Ctrl Pts',(-2.16626535818922,9.47559931633585,114.376301925345));
#2782=CARTESIAN_POINT('Ctrl Pts',(2.4493299486708,9.40640584273521,114.261833164813));
#2783=CARTESIAN_POINT('Ctrl Pts',(6.5125148192105,7.21573549404378,114.14736440428));
#2784=CARTESIAN_POINT('Ctrl Pts',(9.10689748485038,3.39766187147996,114.032895643748));
#2785=CARTESIAN_POINT('Ctrl Pts',(9.64735303406079,-1.18670460336545,113.918426883215));
#2786=CARTESIAN_POINT('Ctrl Pts',(8.011989550672,-5.50342714425808,113.803958122683));
#2787=CARTESIAN_POINT('Ctrl Pts',(4.56963948400457,-8.57893267049701,113.68948936215));
#2788=CARTESIAN_POINT('Ctrl Pts',(0.0966739609508803,-9.71958522620505,
113.575020601618));
#2789=CARTESIAN_POINT('Ctrl Pts',(-4.39809431326376,-8.66812907239618,113.460551841085));
#2790=CARTESIAN_POINT('Ctrl Pts',(-7.90093831238971,-5.66170103373659,113.346083080553));
#2791=CARTESIAN_POINT('Ctrl Pts',(-9.62183859724653,-1.37836479046522,113.23161432002));
#2792=CARTESIAN_POINT('Ctrl Pts',(-9.17268076500836,3.2158530765116,113.117145559488));
#2793=CARTESIAN_POINT('Ctrl Pts',(-6.65474571587325,7.08475738654332,113.002676798955));
#2794=CARTESIAN_POINT('Ctrl Pts',(-2.63596086894325,9.35585267881584,112.888208038423));
#2795=CARTESIAN_POINT('Ctrl Pts',(1.97738629365504,9.51675694412991,112.77373927789));
#2796=CARTESIAN_POINT('Ctrl Pts',(6.14460715133414,7.53154872727094,112.659270517358));
#2797=CARTESIAN_POINT('Ctrl Pts',(8.92621593512832,3.84718008790159,112.544801756825));
#2798=CARTESIAN_POINT('Ctrl Pts',(9.43773976879623,0.813337084129478,112.468489249804));
#2799=CARTESIAN_POINT('Ctrl Pts',(9.32941288016286,-0.677769364497554,112.430332996293));
#2800=CARTESIAN_POINT('Ctrl Pts',(-5.26288812584071,-7.38509991976309,117.76));
#2801=CARTESIAN_POINT('Ctrl Pts',(-6.44323787084218,-6.54394018938715,117.721843746489));
#2802=CARTESIAN_POINT('Ctrl Pts',(-8.39221035436934,-4.28598622643524,117.645531239468));
#2803=CARTESIAN_POINT('Ctrl Pts',(-9.42317563274419,0.0692326895702887,
117.531062478935));
#2804=CARTESIAN_POINT('Ctrl Pts',(-8.32861836403335,4.40834966392619,117.416593718402));
#2805=CARTESIAN_POINT('Ctrl Pts',(-5.35575552806732,7.75350049590539,117.30212495787));
#2806=CARTESIAN_POINT('Ctrl Pts',(-1.17493131645472,9.34984667830453,117.187656197337));
#2807=CARTESIAN_POINT('Ctrl Pts',(3.27085988292378,8.83752829758435,117.073187436805));
#2808=CARTESIAN_POINT('Ctrl Pts',(6.97896690931949,6.33200937245606,116.958718676272));
#2809=CARTESIAN_POINT('Ctrl Pts',(9.11306559392366,2.3984106358643,116.84424991574));
#2810=CARTESIAN_POINT('Ctrl Pts',(9.19184821367178,-2.07612000664012,116.729781155207));
#2811=CARTESIAN_POINT('Ctrl Pts',(7.19754327278263,-6.08240964304924,116.615312394675));
#2812=CARTESIAN_POINT('Ctrl Pts',(3.57993849748201,-8.71690220548725,116.500843634142));
#2813=CARTESIAN_POINT('Ctrl Pts',(-0.84506911602385,-9.38542477685941,116.38637487361));
#2814=CARTESIAN_POINT('Ctrl Pts',(-5.07948368320869,-7.93720271649768,116.271906113077));
#2815=CARTESIAN_POINT('Ctrl Pts',(-8.16829526001306,-4.69886088667274,116.157437352545));
#2816=CARTESIAN_POINT('Ctrl Pts',(-9.41486763245982,-0.400759963562783,
116.042968592012));
#2817=CARTESIAN_POINT('Ctrl Pts',(-8.53805471936135,3.98772651700943,115.92849983148));
#2818=CARTESIAN_POINT('Ctrl Pts',(-5.735608796939,7.47683976209737,115.814031070947));
#2819=CARTESIAN_POINT('Ctrl Pts',(-1.63958044333448,9.27966147584505,115.699562310415));
#2820=CARTESIAN_POINT('Ctrl Pts',(2.82623123069636,8.98959165651487,115.585093549882));
#2821=CARTESIAN_POINT('Ctrl Pts',(6.65462790573084,6.67205130090583,115.47062478935));
#2822=CARTESIAN_POINT('Ctrl Pts',(8.98217086789682,2.84972764042477,115.356156028817));
#2823=CARTESIAN_POINT('Ctrl Pts',(9.28391694248521,-1.61531028887158,115.241687268285));
#2824=CARTESIAN_POINT('Ctrl Pts',(7.49181172858419,-5.71603867624539,115.127218507752));
#2825=CARTESIAN_POINT('Ctrl Pts',(4.01003827025053,-8.52759838380608,115.01274974722));
#2826=CARTESIAN_POINT('Ctrl Pts',(-0.37614050009253,-9.41588335999734,114.898280986687));
#2827=CARTESIAN_POINT('Ctrl Pts',(-4.67748629795724,-8.18055395781488,114.783812226154));
#2828=CARTESIAN_POINT('Ctrl Pts',(-7.92389367129795,-5.10022060411699,114.669343465622));
#2829=CARTESIAN_POINT('Ctrl Pts',(-9.38318305603329,-0.869607303683995,
114.554874705089));
#2830=CARTESIAN_POINT('Ctrl Pts',(-8.72623313607362,3.55713316803518,114.440405944557));
#2831=CARTESIAN_POINT('Ctrl Pts',(-6.10120933055299,7.18161443139499,114.325937184024));
#2832=CARTESIAN_POINT('Ctrl Pts',(-2.10014725259129,9.18638789824584,114.211468423492));
#2833=CARTESIAN_POINT('Ctrl Pts',(2.37457223001081,9.11930632722304,114.096999662959));
#2834=CARTESIAN_POINT('Ctrl Pts',(6.31374178298166,6.99549896597562,113.982530902427));
#2835=CARTESIAN_POINT('Ctrl Pts',(8.8289394741678,3.29395944852641,113.868062141894));
#2836=CARTESIAN_POINT('Ctrl Pts',(9.35289940019033,-1.15048435916395,113.753593381362));
#2837=CARTESIAN_POINT('Ctrl Pts',(7.76744999361439,-5.3354531812812,113.639124620829));
#2838=CARTESIAN_POINT('Ctrl Pts',(4.43016630967452,-8.31708904451595,113.524655860297));
#2839=CARTESIAN_POINT('Ctrl Pts',(0.0937233071288259,-9.42292694289506,
113.410187099764));
#2840=CARTESIAN_POINT('Ctrl Pts',(-4.26385698950528,-8.40356302042172,113.295718339232));
#2841=CARTESIAN_POINT('Ctrl Pts',(-7.65978822812766,-5.48889628227927,113.181249578699));
#2842=CARTESIAN_POINT('Ctrl Pts',(-9.32816370741182,-1.3362947511582,113.066780818167));
#2843=CARTESIAN_POINT('Ctrl Pts',(-8.89271493665579,3.11769976740918,112.952312057634));
#2844=CARTESIAN_POINT('Ctrl Pts',(-6.45163155060899,6.8685185332337,112.837843297102));
#2845=CARTESIAN_POINT('Ctrl Pts',(-2.55550685696086,9.07029613190523,112.723374536569));
#2846=CARTESIAN_POINT('Ctrl Pts',(1.91703309856861,9.22628932519158,112.608905776037));
#2847=CARTESIAN_POINT('Ctrl Pts',(5.95706328328776,7.30167304182773,112.494437015504));
#2848=CARTESIAN_POINT('Ctrl Pts',(8.65377263285345,3.72975760392725,112.379968254972));
#2849=CARTESIAN_POINT('Ctrl Pts',(9.14968388853203,0.788512652066299,112.30365574795));
#2850=CARTESIAN_POINT('Ctrl Pts',(9.04466332090623,-0.657082689966439,112.265499494439));
#2851=CARTESIAN_POINT('',(9.89891199867612,-0.719142713559644,112.76));
#2852=CARTESIAN_POINT('Ctrl Pts',(-3.76395620388531,8.2501291660781,112.76));
#2853=CARTESIAN_POINT('Ctrl Pts',(-3.55616426763498,8.35681977198967,112.76));
#2854=CARTESIAN_POINT('Ctrl Pts',(-3.34466736239667,8.4553255319575,112.76));
#2855=CARTESIAN_POINT('Ctrl Pts',(-3.12995716442853,8.54544402966359,112.76));
#2856=CARTESIAN_POINT('Ctrl Pts',(-2.9152469664604,8.63556252736968,112.76));
#2857=CARTESIAN_POINT('Ctrl Pts',(-2.6973228970729,8.71729414107629,112.76));
#2858=CARTESIAN_POINT('Ctrl Pts',(-2.47664222823636,8.7903966357172,112.76));
#2859=CARTESIAN_POINT('Ctrl Pts',(-2.25746233574626,8.863001984435,112.76));
#2860=CARTESIAN_POINT('Ctrl Pts',(-2.03556266035515,8.92709565023265,112.76));
#2861=CARTESIAN_POINT('Ctrl Pts',(-1.81145210081749,8.98270095275384,112.76));
#2862=CARTESIAN_POINT('Ctrl Pts',(-1.58605392396343,9.03862573308348,112.76));
#2863=CARTESIAN_POINT('Ctrl Pts',(-1.35841874855228,9.08596446820122,112.76));
#2864=CARTESIAN_POINT('Ctrl Pts',(-1.12904750537516,9.12469085291389,112.76));
#2865=CARTESIAN_POINT('Ctrl Pts',(-0.900083578516138,9.16334846750431,112.76));
#2866=CARTESIAN_POINT('Ctrl Pts',(-0.669389080796221,9.19342437900365,112.76));
#2867=CARTESIAN_POINT('Ctrl Pts',(-0.437455381312564,9.21484112499416,112.76));
#2868=CARTESIAN_POINT('Ctrl Pts',(-0.40965916630477,9.21740782607143,112.76));
#2869=CARTESIAN_POINT('Ctrl Pts',(-0.381842765273264,9.21985029161864,112.76));
#2870=CARTESIAN_POINT('Ctrl Pts',(-0.354014691486054,9.22216770389458,112.76));
#2871=CARTESIAN_POINT('Ctrl Pts',(-0.119998294557844,9.2416556668474,112.76));
#2872=CARTESIAN_POINT('Ctrl Pts',(0.114340703412107,9.25226407889223,112.76));
#2873=CARTESIAN_POINT('Ctrl Pts',(0.348475902107034,9.25405301479678,112.76));
#2874=CARTESIAN_POINT('Ctrl Pts',(0.584160509619322,9.25585378913093,112.76));
#2875=CARTESIAN_POINT('Ctrl Pts',(0.819639263494878,9.24871809489585,112.76));
#2876=CARTESIAN_POINT('Ctrl Pts',(1.05439179978882,9.23265699424476,112.76));
#2877=CARTESIAN_POINT('Ctrl Pts',(1.28908828677524,9.21659972832782,112.76));
#2878=CARTESIAN_POINT('Ctrl Pts',(1.52305957814673,9.19162139259524,112.76));
#2879=CARTESIAN_POINT('Ctrl Pts',(1.75579217327263,9.15768163013168,112.76));
#2880=CARTESIAN_POINT('Ctrl Pts',(1.80331137419523,9.15075182989936,112.76));
#2881=CARTESIAN_POINT('Ctrl Pts',(1.85077893690693,9.14344826128558,112.76));
#2882=CARTESIAN_POINT('Ctrl Pts',(1.89819048415129,9.13577031258563,112.76));
#2883=CARTESIAN_POINT('Ctrl Pts',(2.13025482905212,9.09818921180332,112.76));
#2884=CARTESIAN_POINT('Ctrl Pts',(2.36097793414252,9.05164287845753,112.76));
#2885=CARTESIAN_POINT('Ctrl Pts',(2.58990746851825,8.99634199392029,112.76));
#2886=CARTESIAN_POINT('Ctrl Pts',(2.74460746865175,8.9589722116918,112.76));
#2887=CARTESIAN_POINT('Ctrl Pts',(2.89848832196728,8.91760363098338,112.76));
#2888=CARTESIAN_POINT('Ctrl Pts',(3.05140678342825,8.87228831026497,112.76));
#2889=CARTESIAN_POINT('Ctrl Pts',(3.08915676923247,8.86110161182784,112.76));
#2890=CARTESIAN_POINT('Ctrl Pts',(3.12684808674486,8.84967434447817,112.76));
#2891=CARTESIAN_POINT('Ctrl Pts',(3.16447854175324,8.83800719721044,112.76));
#2892=CARTESIAN_POINT('Ctrl Pts',(3.19796066221961,8.82762622174178,112.76));
#2893=CARTESIAN_POINT('Ctrl Pts',(3.23139874607327,8.81705394096156,112.76));
#2894=CARTESIAN_POINT('Ctrl Pts',(3.26476387089077,8.8062998197289,112.76));
#2895=CARTESIAN_POINT('Ctrl Pts',(3.48911680223902,8.73398722878791,112.76));
#2896=CARTESIAN_POINT('Ctrl Pts',(3.7103953134247,8.65338983473745,112.76));
#2897=CARTESIAN_POINT('Ctrl Pts',(3.92816900926641,8.56480911663618,112.76));
#2898=CARTESIAN_POINT('Ctrl Pts',(4.1492256071812,8.47489305901207,112.76));
#2899=CARTESIAN_POINT('Ctrl Pts',(4.36667154516118,8.37675105685831,112.76));
#2900=CARTESIAN_POINT('Ctrl Pts',(4.58005198409353,8.27064516056907,112.76));
#2901=CARTESIAN_POINT('Ctrl Pts',(4.79378768954925,8.16436260388364,112.76));
#2902=CARTESIAN_POINT('Ctrl Pts',(5.00344498080869,8.0500893856414,112.76));
#2903=CARTESIAN_POINT('Ctrl Pts',(5.20855261460239,7.92803855142284,112.76));
#2904=CARTESIAN_POINT('Ctrl Pts',(5.41206243906204,7.80693850561979,112.76));
#2905=CARTESIAN_POINT('Ctrl Pts',(5.61109380794317,7.67818126260014,112.76));
#2906=CARTESIAN_POINT('Ctrl Pts',(5.80516339501855,7.54192937497976,112.76));
#2907=CARTESIAN_POINT('Ctrl Pts',(5.87882395573149,7.49021395376636,112.76));
#2908=CARTESIAN_POINT('Ctrl Pts',(5.95176941894596,7.43741837630188,112.76));
#2909=CARTESIAN_POINT('Ctrl Pts',(6.02397220475782,7.38354992191152,112.76));
#2910=CARTESIAN_POINT('Ctrl Pts',(6.10112874947152,7.32598560824836,112.76));
#2911=CARTESIAN_POINT('Ctrl Pts',(6.17743722303656,7.26719615179469,112.76));
#2912=CARTESIAN_POINT('Ctrl Pts',(6.25287635674763,7.20720591338922,112.76));
#2913=CARTESIAN_POINT('Ctrl Pts',(6.2988216014213,7.17066962186542,112.76));
#2914=CARTESIAN_POINT('Ctrl Pts',(6.34444436684627,7.13368790876154,112.76));
#2915=CARTESIAN_POINT('Ctrl Pts',(6.38973966976867,7.09626610096497,112.76));
#2916=CARTESIAN_POINT('Ctrl Pts',(6.41570352961211,7.07481543146877,112.76));
#2917=CARTESIAN_POINT('Ctrl Pts',(6.44156239583138,7.05321788479474,112.76));
#2918=CARTESIAN_POINT('Ctrl Pts',(6.46729557437667,7.03149132513058,112.76));
#2919=CARTESIAN_POINT('Ctrl Pts',(6.64878479669879,6.87825971364335,112.76));
#2920=CARTESIAN_POINT('Ctrl Pts',(6.82421853890343,6.71845651802451,112.76));
#2921=CARTESIAN_POINT('Ctrl Pts',(6.9933615166106,6.55255984239435,112.76));
#2922=CARTESIAN_POINT('Ctrl Pts',(7.16476842355396,6.38444268833088,112.76));
#2923=CARTESIAN_POINT('Ctrl Pts',(7.32971550572795,6.21006746825539,112.76));
#2924=CARTESIAN_POINT('Ctrl Pts',(7.48793289620302,6.02988440611592,112.76));
#2925=CARTESIAN_POINT('Ctrl Pts',(7.64746121051247,5.84820842167504,112.76));
#2926=CARTESIAN_POINT('Ctrl Pts',(7.80014833558445,5.66062751521085,112.76));
#2927=CARTESIAN_POINT('Ctrl Pts',(7.94568520809742,5.46756162487885,112.76));
#2928=CARTESIAN_POINT('Ctrl Pts',(8.09079200561202,5.27506626221477,112.76));
#2929=CARTESIAN_POINT('Ctrl Pts',(8.22879117911977,5.07711777574898,112.76));
#2930=CARTESIAN_POINT('Ctrl Pts',(8.35933751286827,4.87409846847735,112.76));
#2931=CARTESIAN_POINT('Ctrl Pts',(8.46499850196711,4.70977963855289,112.76));
#2932=CARTESIAN_POINT('Ctrl Pts',(8.5657765935726,4.54213822694032,112.76));
#2933=CARTESIAN_POINT('Ctrl Pts',(8.66146703142985,4.37136401705777,112.76));
#2934=CARTESIAN_POINT('Ctrl Pts',(8.69217302980975,4.31656447042172,112.76));
#2935=CARTESIAN_POINT('Ctrl Pts',(8.72235499315303,4.26144226361171,112.76));
#2936=CARTESIAN_POINT('Ctrl Pts',(8.75200568568474,4.20600346371753,112.76));
#2937=CARTESIAN_POINT('Ctrl Pts',(8.76679802633302,4.17834577537553,112.76));
#2938=CARTESIAN_POINT('Ctrl Pts',(8.78145869156191,4.15060812700953,112.76));
#2939=CARTESIAN_POINT('Ctrl Pts',(8.79597859916597,4.12280718800331,112.76));
#2940=CARTESIAN_POINT('Ctrl Pts',(8.84305404467018,4.03267289618545,112.76));
#2941=CARTESIAN_POINT('Ctrl Pts',(8.88867029695362,3.9418359004802,112.76));
#2942=CARTESIAN_POINT('Ctrl Pts',(8.93280590875828,3.85032764099055,112.76));
#2943=CARTESIAN_POINT('Ctrl Pts',(9.03791491813674,3.63240061762733,112.76));
#2944=CARTESIAN_POINT('Ctrl Pts',(9.13462948195652,3.41066858942059,112.76));
#2945=CARTESIAN_POINT('Ctrl Pts',(9.22292965843744,3.18565604266104,112.76));
#2946=CARTESIAN_POINT('Ctrl Pts',(9.3120177736533,2.95863561654607,112.76));
#2947=CARTESIAN_POINT('Ctrl Pts',(9.39254088674937,2.72827528469702,112.76));
#2948=CARTESIAN_POINT('Ctrl Pts',(9.4644323772659,2.49508711438334,112.76));
#2949=CARTESIAN_POINT('Ctrl Pts',(9.50440423247743,2.36543388680593,112.76));
#2950=CARTESIAN_POINT('Ctrl Pts',(9.54170687947956,2.23490604238541,112.76));
#2951=CARTESIAN_POINT('Ctrl Pts',(9.57632238588236,2.10358911173089,112.76));
#2952=CARTESIAN_POINT('Ctrl Pts',(9.59505046081907,2.03254253251468,112.76));
#2953=CARTESIAN_POINT('Ctrl Pts',(9.61299188827015,1.96126495036918,112.76));
#2954=CARTESIAN_POINT('Ctrl Pts',(9.63014324461033,1.889769761316,112.76));
#2955=CARTESIAN_POINT('Ctrl Pts',(9.64147888216531,1.84251731468979,112.76));
#2956=CARTESIAN_POINT('Ctrl Pts',(9.65247075652009,1.79516341388925,112.76));
#2957=CARTESIAN_POINT('Ctrl Pts',(9.66311032258086,1.74774617785066,112.76));
#2958=CARTESIAN_POINT('Ctrl Pts',(9.71709528458211,1.5071519965536,112.76));
#2959=CARTESIAN_POINT('Ctrl Pts',(9.76204649310235,1.26480346032149,112.76));
#2960=CARTESIAN_POINT('Ctrl Pts',(9.79792261302682,1.02123061254094,112.76));
#2961=CARTESIAN_POINT('Ctrl Pts',(9.83387880058274,0.777114163583573,112.76));
#2962=CARTESIAN_POINT('Ctrl Pts',(9.86071952275143,0.53176729276003,112.76));
#2963=CARTESIAN_POINT('Ctrl Pts',(9.87835391168792,0.285705894176714,112.76));
#2964=CARTESIAN_POINT('Ctrl Pts',(9.89587028614681,0.0412912102890316,112.76));
#2965=CARTESIAN_POINT('Ctrl Pts',(9.90430324681412,-0.203829113532082,112.76));
#2966=CARTESIAN_POINT('Ctrl Pts',(9.90351318257999,-0.449157305851113,112.76));
#2967=CARTESIAN_POINT('Ctrl Pts',(9.90322342260381,-0.539132637085519,112.76));
#2968=CARTESIAN_POINT('Ctrl Pts',(9.90169257967079,-0.629135956955918,112.76));
#2969=CARTESIAN_POINT('Ctrl Pts',(9.89891199867611,-0.719142713559783,112.76));
#2970=CARTESIAN_POINT('Ctrl Pts',(-4.32667656424193,8.93189082555467,117.76));
#2971=CARTESIAN_POINT('Ctrl Pts',(-4.55049138822085,8.81194597329727,117.76));
#2972=CARTESIAN_POINT('Ctrl Pts',(-4.76927168969819,8.68370444523961,117.76));
#2973=CARTESIAN_POINT('Ctrl Pts',(-4.98252645608271,8.54741584496097,117.76));
#2974=CARTESIAN_POINT('Ctrl Pts',(-5.19578122246724,8.41112724468232,117.76));
#2975=CARTESIAN_POINT('Ctrl Pts',(-5.40351112679568,8.26679122238203,117.76));
#2976=CARTESIAN_POINT('Ctrl Pts',(-5.60519621126987,8.11460636852939,117.76));
#2977=CARTESIAN_POINT('Ctrl Pts',(-5.80123323373765,7.96668335433256,117.76));
#2978=CARTESIAN_POINT('Ctrl Pts',(-5.99155958639497,7.81134429514583,117.76));
#2979=CARTESIAN_POINT('Ctrl Pts',(-6.17584961891207,7.64900099365516,117.76));
#2980=CARTESIAN_POINT('Ctrl Pts',(-6.35994880353179,7.48682581236784,117.76));
#2981=CARTESIAN_POINT('Ctrl Pts',(-6.53802456297819,7.3176603488751,117.76));
#2982=CARTESIAN_POINT('Ctrl Pts',(-6.70971175328358,7.14188276316117,117.76));
#2983=CARTESIAN_POINT('Ctrl Pts',(-6.87995838767972,6.96758005416555,117.76));
#2984=CARTESIAN_POINT('Ctrl Pts',(-7.04392354859082,6.78677517229767,117.76));
#2985=CARTESIAN_POINT('Ctrl Pts',(-7.20120595047323,6.59981312043031,117.76));
#2986=CARTESIAN_POINT('Ctrl Pts',(-7.22168181656498,6.57547339842419,117.76));
#2987=CARTESIAN_POINT('Ctrl Pts',(-7.2420443542266,6.55102929674479,117.76));
#2988=CARTESIAN_POINT('Ctrl Pts',(-7.26229261632532,6.5264815541458,117.76));
#2989=CARTESIAN_POINT('Ctrl Pts',(-7.28088910722726,6.50393631694571,117.76));
#2990=CARTESIAN_POINT('Ctrl Pts',(-7.29938468717667,6.48130909807879,117.76));
#2991=CARTESIAN_POINT('Ctrl Pts',(-7.31777357612649,6.45860710054494,117.76));
#2992=CARTESIAN_POINT('Ctrl Pts',(-7.47102212175978,6.26941415286184,117.76));
#2993=CARTESIAN_POINT('Ctrl Pts',(-7.61697839965442,6.07489212145739,117.76));
#2994=CARTESIAN_POINT('Ctrl Pts',(-7.75535514326125,5.87546100975836,117.76));
#2995=CARTESIAN_POINT('Ctrl Pts',(-7.89375027689946,5.67600339400737,117.76));
#2996=CARTESIAN_POINT('Ctrl Pts',(-8.02456424420099,5.47163485052667,117.76));
#2997=CARTESIAN_POINT('Ctrl Pts',(-8.14746822791055,5.26274408398741,117.76));
#2998=CARTESIAN_POINT('Ctrl Pts',(-8.26932251340027,5.05563741149586,117.76));
#2999=CARTESIAN_POINT('Ctrl Pts',(-8.38340166190845,4.84408488616862,117.76));
#3000=CARTESIAN_POINT('Ctrl Pts',(-8.48933942821757,4.62844258446107,117.76));
#3001=CARTESIAN_POINT('Ctrl Pts',(-8.50688477174383,4.59272804757711,117.76));
#3002=CARTESIAN_POINT('Ctrl Pts',(-8.52420669042372,4.55690128864426,117.76));
#3003=CARTESIAN_POINT('Ctrl Pts',(-8.54130338865562,4.52096388036813,117.76));
#3004=CARTESIAN_POINT('Ctrl Pts',(-8.64541062319015,4.30212956854844,117.76));
#3005=CARTESIAN_POINT('Ctrl Pts',(-8.74117087545696,4.07919307848274,117.76));
#3006=CARTESIAN_POINT('Ctrl Pts',(-8.82843850275552,3.85265624186759,117.76));
#3007=CARTESIAN_POINT('Ctrl Pts',(-8.88631967331499,3.70240330519424,117.76));
#3008=CARTESIAN_POINT('Ctrl Pts',(-8.94046377678023,3.55056628299035,117.76));
#3009=CARTESIAN_POINT('Ctrl Pts',(-8.99081566906551,3.39729073657358,117.76));
#3010=CARTESIAN_POINT('Ctrl Pts',(-9.00343666538839,3.35887132431491,117.76));
#3011=CARTESIAN_POINT('Ctrl Pts',(-9.01581935295095,3.32036153308104,117.76));
#3012=CARTESIAN_POINT('Ctrl Pts',(-9.0279627617059,3.28176366012321,117.76));
#3013=CARTESIAN_POINT('Ctrl Pts',(-9.03970594000733,3.24443792125151,117.76));
#3014=CARTESIAN_POINT('Ctrl Pts',(-9.05122712020755,3.20702371758502,117.76));
#3015=CARTESIAN_POINT('Ctrl Pts',(-9.06251547569438,3.16955670550331,117.76));
#3016=CARTESIAN_POINT('Ctrl Pts',(-9.13155285552617,2.94041576931771,117.76));
#3017=CARTESIAN_POINT('Ctrl Pts',(-9.19194796731071,2.70911342719653,117.76));
#3018=CARTESIAN_POINT('Ctrl Pts',(-9.24365526130179,2.47615543377629,117.76));
#3019=CARTESIAN_POINT('Ctrl Pts',(-9.29565170802149,2.24189471429454,117.76));
#3020=CARTESIAN_POINT('Ctrl Pts',(-9.33886303484057,2.00595912240182,117.76));
#3021=CARTESIAN_POINT('Ctrl Pts',(-9.37319239610729,1.7688492433213,117.76));
#3022=CARTESIAN_POINT('Ctrl Pts',(-9.4073749396395,1.53275342142084,117.76));
#3023=CARTESIAN_POINT('Ctrl Pts',(-9.43275138804824,1.29549268360548,117.76));
#3024=CARTESIAN_POINT('Ctrl Pts',(-9.44917482510928,1.05755746886028,117.76));
#3025=CARTESIAN_POINT('Ctrl Pts',(-9.46535662847015,0.823122932208603,117.76));
#3026=CARTESIAN_POINT('Ctrl Pts',(-9.47284690628104,0.588033026111418,117.76));
#3027=CARTESIAN_POINT('Ctrl Pts',(-9.47145507012646,0.352762415212481,117.76));
#3028=CARTESIAN_POINT('Ctrl Pts',(-9.47089651554206,0.258346504360148,117.76));
#3029=CARTESIAN_POINT('Ctrl Pts',(-9.46890694742129,0.163901603269137,117.76));
#3030=CARTESIAN_POINT('Ctrl Pts',(-9.46547174014359,0.0694589716804541,
117.76));
#3031=CARTESIAN_POINT('Ctrl Pts',(-9.46206582767619,-0.0241782706686019,
117.76));
#3032=CARTESIAN_POINT('Ctrl Pts',(-9.45723881066396,-0.117813287643598,
117.76));
#3033=CARTESIAN_POINT('Ctrl Pts',(-9.45099502691259,-0.211414888169678,
117.76));
#3034=CARTESIAN_POINT('Ctrl Pts',(-9.44696757198628,-0.271791134715113,
117.76));
#3035=CARTESIAN_POINT('Ctrl Pts',(-9.44235062113025,-0.332153468264294,
117.76));
#3036=CARTESIAN_POINT('Ctrl Pts',(-9.43714509447788,-0.392493399725953,
117.76));
#3037=CARTESIAN_POINT('Ctrl Pts',(-9.43426100119312,-0.425924405415339,
117.76));
#3038=CARTESIAN_POINT('Ctrl Pts',(-9.43119583765941,-0.459352020127315,
117.76));
#3039=CARTESIAN_POINT('Ctrl Pts',(-9.42795241879057,-0.492748882464071,
117.76));
#3040=CARTESIAN_POINT('Ctrl Pts',(-9.40519146115888,-0.727114099976363,
117.76));
#3041=CARTESIAN_POINT('Ctrl Pts',(-9.37363695379671,-0.960212719663267,
117.76));
#3042=CARTESIAN_POINT('Ctrl Pts',(-9.33349675600008,-1.19157576379869,117.76));
#3043=CARTESIAN_POINT('Ctrl Pts',(-9.29303075003541,-1.42481672517663,117.76));
#3044=CARTESIAN_POINT('Ctrl Pts',(-9.24383895212899,-1.65629446880311,117.76));
#3045=CARTESIAN_POINT('Ctrl Pts',(-9.18608188806467,-1.88552186476097,117.76));
#3046=CARTESIAN_POINT('Ctrl Pts',(-9.12845786536515,-2.11422124347795,117.76));
#3047=CARTESIAN_POINT('Ctrl Pts',(-9.06230775474552,-2.34068125660731,117.76));
#3048=CARTESIAN_POINT('Ctrl Pts',(-8.98774210014148,-2.56440200582552,117.76));
#3049=CARTESIAN_POINT('Ctrl Pts',(-8.91381514540939,-2.78620645169153,117.76));
#3050=CARTESIAN_POINT('Ctrl Pts',(-8.83161593532457,-3.00531893499654,117.76));
#3051=CARTESIAN_POINT('Ctrl Pts',(-8.74120788186483,-3.22122751130143,117.76));
#3052=CARTESIAN_POINT('Ctrl Pts',(-8.67002564478705,-3.39122183014278,117.76));
#3053=CARTESIAN_POINT('Ctrl Pts',(-8.59375376272605,-3.55922963015552,117.76));
#3054=CARTESIAN_POINT('Ctrl Pts',(-8.51240511714056,-3.72498656123422,117.76));
#3055=CARTESIAN_POINT('Ctrl Pts',(-8.48500504713926,-3.78081725739478,117.76));
#3056=CARTESIAN_POINT('Ctrl Pts',(-8.45702889163329,-3.83639247244765,117.76));
#3057=CARTESIAN_POINT('Ctrl Pts',(-8.42847675519949,-3.89170171678904,117.76));
#3058=CARTESIAN_POINT('Ctrl Pts',(-8.41543405226367,-3.91696714815954,117.76));
#3059=CARTESIAN_POINT('Ctrl Pts',(-8.40227168861453,-3.94217596180097,117.76));
#3060=CARTESIAN_POINT('Ctrl Pts',(-8.38899570717055,-3.96731602053153,117.76));
#3061=CARTESIAN_POINT('Ctrl Pts',(-8.34504930372597,-4.05053511572656,117.76));
#3062=CARTESIAN_POINT('Ctrl Pts',(-8.29984095478567,-4.13303411181697,117.76));
#3063=CARTESIAN_POINT('Ctrl Pts',(-8.25337871818239,-4.21478163212985,117.76));
#3064=CARTESIAN_POINT('Ctrl Pts',(-8.13775074238037,-4.41822212470284,117.76));
#3065=CARTESIAN_POINT('Ctrl Pts',(-8.01436004886398,-4.61701057161794,117.76));
#3066=CARTESIAN_POINT('Ctrl Pts',(-7.88358353144731,-4.81079549900524,117.76));
#3067=CARTESIAN_POINT('Ctrl Pts',(-7.75247048277989,-5.00507909913042,117.76));
#3068=CARTESIAN_POINT('Ctrl Pts',(-7.61393307313031,-5.19433388173783,117.76));
#3069=CARTESIAN_POINT('Ctrl Pts',(-7.46831111749501,-5.37817193300406,117.76));
#3070=CARTESIAN_POINT('Ctrl Pts',(-7.39084441278751,-5.47596850474569,117.76));
#3071=CARTESIAN_POINT('Ctrl Pts',(-7.31137219555825,-5.57223156304619,117.76));
#3072=CARTESIAN_POINT('Ctrl Pts',(-7.22994173297534,-5.66689811001549,117.76));
#3073=CARTESIAN_POINT('Ctrl Pts',(-7.18486103935355,-5.71930642828841,117.76));
#3074=CARTESIAN_POINT('Ctrl Pts',(-7.13918013084346,-5.77122538210598,117.76));
#3075=CARTESIAN_POINT('Ctrl Pts',(-7.09290671725978,-5.82264381581564,117.76));
#3076=CARTESIAN_POINT('Ctrl Pts',(-7.06587162834888,-5.8526848657262,117.76));
#3077=CARTESIAN_POINT('Ctrl Pts',(-7.0386319218639,-5.88255751981264,117.76));
#3078=CARTESIAN_POINT('Ctrl Pts',(-7.01120674056529,-5.91224070844156,117.76));
#3079=CARTESIAN_POINT('Ctrl Pts',(-6.85325800755291,-6.08319389138155,117.76));
#3080=CARTESIAN_POINT('Ctrl Pts',(-6.68904961782803,-6.24799089502079,117.76));
#3081=CARTESIAN_POINT('Ctrl Pts',(-6.51893473288707,-6.40627202362888,117.76));
#3082=CARTESIAN_POINT('Ctrl Pts',(-6.34949038388676,-6.56392926100315,117.76));
#3083=CARTESIAN_POINT('Ctrl Pts',(-6.17418550599165,-6.71512231553762,117.76));
#3084=CARTESIAN_POINT('Ctrl Pts',(-5.99333660475861,-6.85945577040398,117.76));
#3085=CARTESIAN_POINT('Ctrl Pts',(-5.81503406519965,-7.00175700292752,117.76));
#3086=CARTESIAN_POINT('Ctrl Pts',(-5.63134201887603,-7.13739077032606,117.76));
#3087=CARTESIAN_POINT('Ctrl Pts',(-5.44253968519718,-7.26593373701298,117.76));
#3088=CARTESIAN_POINT('Ctrl Pts',(-5.38315871980035,-7.30636229161881,117.76));
#3089=CARTESIAN_POINT('Ctrl Pts',(-5.32327209861577,-7.34608907794852,117.76));
#3090=CARTESIAN_POINT('Ctrl Pts',(-5.26288812584071,-7.38509991976309,117.76));
#3091=CARTESIAN_POINT('Ctrl Pts',(9.89891199867614,-0.719142713559361,112.76));
#3092=CARTESIAN_POINT('Ctrl Pts',(9.91629637636401,-0.47984886876431,112.765771058212));
#3093=CARTESIAN_POINT('Ctrl Pts',(9.92484344720626,-0.239928430831925,112.771542116423));
#3094=CARTESIAN_POINT('Ctrl Pts',(9.92465735553709,-6.28252541878815E-6,
112.777313174635));
#3095=CARTESIAN_POINT('Origin',(0.,0.,112.76));
#3096=CARTESIAN_POINT('Origin',(0.,0.,112.76));
#3097=CARTESIAN_POINT('',(5.875,7.1947999449907E-16,112.76));
#3098=CARTESIAN_POINT('Origin',(0.,0.,112.76));
#3099=CARTESIAN_POINT('Origin',(0.,0.,117.76));
#3100=CARTESIAN_POINT('',(5.875,-7.1947999449907E-16,117.76));
#3101=CARTESIAN_POINT('Origin',(0.,0.,117.76));
#3102=CARTESIAN_POINT('Origin',(0.,0.,117.76));
#3103=CARTESIAN_POINT('',(0.,4.33680868994202E-18,-12.57));
#3104=UNCERTAINTY_MEASURE_WITH_UNIT(LENGTH_MEASURE(0.01),#3110,
'DISTANCE_ACCURACY_VALUE',
'Maximum model space distance between geometric entities at asserted c
onnectivities');
#3105=UNCERTAINTY_MEASURE_WITH_UNIT(LENGTH_MEASURE(0.01),#3110,
'DISTANCE_ACCURACY_VALUE',
'Maximum model space distance between geometric entities at asserted c
onnectivities');
#3106=UNCERTAINTY_MEASURE_WITH_UNIT(LENGTH_MEASURE(0.01),#3110,
'DISTANCE_ACCURACY_VALUE',
'Maximum model space distance between geometric entities at asserted c
onnectivities');
#3107=(
GEOMETRIC_REPRESENTATION_CONTEXT(3)
GLOBAL_UNCERTAINTY_ASSIGNED_CONTEXT((#3104))
GLOBAL_UNIT_ASSIGNED_CONTEXT((#3110,#3112,#3113))
REPRESENTATION_CONTEXT('','3D')
);
#3108=(
GEOMETRIC_REPRESENTATION_CONTEXT(3)
GLOBAL_UNCERTAINTY_ASSIGNED_CONTEXT((#3105))
GLOBAL_UNIT_ASSIGNED_CONTEXT((#3110,#3112,#3113))
REPRESENTATION_CONTEXT('','3D')
);
#3109=(
GEOMETRIC_REPRESENTATION_CONTEXT(3)
GLOBAL_UNCERTAINTY_ASSIGNED_CONTEXT((#3106))
GLOBAL_UNIT_ASSIGNED_CONTEXT((#3110,#3112,#3113))
REPRESENTATION_CONTEXT('','3D')
);
#3110=(
LENGTH_UNIT()
NAMED_UNIT(*)
SI_UNIT(.MILLI.,.METRE.)
);
#3111=(
LENGTH_UNIT()
NAMED_UNIT(*)
SI_UNIT($,.METRE.)
);
#3112=(
NAMED_UNIT(*)
PLANE_ANGLE_UNIT()
SI_UNIT($,.RADIAN.)
);
#3113=(
NAMED_UNIT(*)
SI_UNIT($,.STERADIAN.)
SOLID_ANGLE_UNIT()
);
#3114=SHAPE_DEFINITION_REPRESENTATION(#3116,#3119);
#3115=SHAPE_DEFINITION_REPRESENTATION(#3117,#3120);
#3116=PRODUCT_DEFINITION_SHAPE('',$,#3122);
#3117=PRODUCT_DEFINITION_SHAPE('',$,#3123);
#3118=PRODUCT_DEFINITION_SHAPE($,$,#14);
#3119=SHAPE_REPRESENTATION('',(#1034,#1175),#3107);
#3120=SHAPE_REPRESENTATION('',(#1035),#3108);
#3121=PRODUCT_DEFINITION_CONTEXT('part definition',#3129,'design');
#3122=PRODUCT_DEFINITION('Particle Launcher V6',
'Particle Launcher V6 v11',#3124,#3121);
#3123=PRODUCT_DEFINITION('Collar','Collar',#3125,#3121);
#3124=PRODUCT_DEFINITION_FORMATION('',$,#3131);
#3125=PRODUCT_DEFINITION_FORMATION('',$,#3132);
#3126=PRODUCT_RELATED_PRODUCT_CATEGORY('Particle Launcher V6 v11',
'Particle Launcher V6 v11',(#3131));
#3127=PRODUCT_RELATED_PRODUCT_CATEGORY('Collar','Collar',(#3132));
#3128=APPLICATION_PROTOCOL_DEFINITION('international standard',
'automotive_design',2009,#3129);
#3129=APPLICATION_CONTEXT(
'Core Data for Automotive Mechanical Design Process');
#3130=PRODUCT_CONTEXT('part definition',#3129,'mechanical');
#3131=PRODUCT('Particle Launcher V6','Particle Launcher V6 v11',$,(#3130));
#3132=PRODUCT('Collar','Collar',$,(#3130));
#3133=PRESENTATION_STYLE_ASSIGNMENT((#3136));
#3134=PRESENTATION_STYLE_ASSIGNMENT((#3137));
#3135=PRESENTATION_STYLE_ASSIGNMENT((#3138));
#3136=SURFACE_STYLE_USAGE(.BOTH.,#3139);
#3137=SURFACE_STYLE_USAGE(.BOTH.,#3140);
#3138=SURFACE_STYLE_USAGE(.BOTH.,#3141);
#3139=SURFACE_SIDE_STYLE('',(#3142));
#3140=SURFACE_SIDE_STYLE('',(#3143));
#3141=SURFACE_SIDE_STYLE('',(#3144));
#3142=SURFACE_STYLE_FILL_AREA(#3145);
#3143=SURFACE_STYLE_FILL_AREA(#3146);
#3144=SURFACE_STYLE_FILL_AREA(#3147);
#3145=FILL_AREA_STYLE('Steel - Satin',(#3148));
#3146=FILL_AREA_STYLE('Steel - Satin (1) (4)',(#3149));
#3147=FILL_AREA_STYLE('Steel - Satin (2)',(#3150));
#3148=FILL_AREA_STYLE_COLOUR('Steel - Satin',#3151);
#3149=FILL_AREA_STYLE_COLOUR('Steel - Satin (1) (4)',#3152);
#3150=FILL_AREA_STYLE_COLOUR('Steel - Satin (2)',#3153);
#3151=COLOUR_RGB('Steel - Satin',0.627450980392157,0.627450980392157,0.627450980392157);
#3152=COLOUR_RGB('Steel - Satin (1) (4)',0.427450980392157,0.517647058823529,
0.913725490196078);
#3153=COLOUR_RGB('Steel - Satin (2)',0.67843137254902,0.0980392156862745,
0.611764705882353);
ENDSEC;
END-ISO-10303-21;
