ISO-10303-21;
HEADER;
/* Generated by software containing ST-Developer
 * from STEP Tools, Inc. (www.steptools.com) 
 */

FILE_DESCRIPTION(
/* description */ (''),
/* implementation_level */ '2;1');

FILE_NAME(
/* name */ 'V6_Funnel.step',
/* time_stamp */ '2026-04-16T22:28:44-04:00',
/* author */ (''),
/* organization */ (''),
/* preprocessor_version */ 'ST-DEVELOPER v20.1',
/* originating_system */ 'Autodesk Translation Framework v14.24.0.0',
/* authorisation */ '');

FILE_SCHEMA (('AUTOMOTIVE_DESIGN { 1 0 10303 214 3 1 1 }'));
ENDSEC;

DATA;
#10=MECHANICAL_DESIGN_GEOMETRIC_PRESENTATION_REPRESENTATION('',(#17),#1483);
#11=ITEM_DEFINED_TRANSFORMATION($,$,#365,#402);
#12=(
REPRESENTATION_RELATIONSHIP($,$,#1494,#1493)
REPRESENTATION_RELATIONSHIP_WITH_TRANSFORMATION(#11)
SHAPE_REPRESENTATION_RELATIONSHIP()
);
#13=CONTEXT_DEPENDENT_SHAPE_REPRESENTATION(#12,#1492);
#14=NEXT_ASSEMBLY_USAGE_OCCURRENCE('Funnel:1','Funnel:1','Funnel:1',#1496,
#1497,'Funnel:1');
#15=SHAPE_REPRESENTATION_RELATIONSHIP('SRR','None',#1494,#16);
#16=ADVANCED_BREP_SHAPE_REPRESENTATION('',(#18),#1482);
#17=STYLED_ITEM('',(#1509),#18);
#18=MANIFOLD_SOLID_BREP('Body1',#351);
#19=LINE('',#1349,#23);
#20=LINE('',#1465,#24);
#21=LINE('',#1471,#25);
#22=LINE('',#1476,#26);
#23=VECTOR('',#457,7.01000961758882);
#24=VECTOR('',#466,0.95);
#25=VECTOR('',#475,8.66507649603258);
#26=VECTOR('',#482,1.175);
#27=CONICAL_SURFACE('',#390,7.01000961758882,0.436332312998583);
#28=CONICAL_SURFACE('',#398,8.66507649603258,0.436332312998582);
#29=ELLIPSE('',#387,1.82768500031488,1.45);
#30=ELLIPSE('',#389,1.82768500031488,1.45);
#31=ELLIPSE('',#392,1.46302168827944,0.95);
#32=ELLIPSE('',#393,1.46302168827944,0.95);
#33=(
BOUNDED_SURFACE()
B_SPLINE_SURFACE(2,2,((#1117,#1118,#1119),(#1120,#1121,#1122),(#1123,#1124,
#1125)),.UNSPECIFIED.,.F.,.F.,.F.)
B_SPLINE_SURFACE_WITH_KNOTS((3,3),(3,3),(-1.5707963267949,-0.436332312998583),
(-3.01364790518804,-2.19900495046584),.UNSPECIFIED.)
GEOMETRIC_REPRESENTATION_ITEM()
RATIONAL_B_SPLINE_SURFACE(((1.,0.918185215716858,1.),(0.843391445812865,
0.774389556607438,0.843391445812865),(1.,0.918185215716858,1.)))
REPRESENTATION_ITEM('')
SURFACE()
);
#34=(
BOUNDED_SURFACE()
B_SPLINE_SURFACE(2,2,((#1182,#1183,#1184),(#1185,#1186,#1187),(#1188,#1189,
#1190)),.UNSPECIFIED.,.F.,.F.,.F.)
B_SPLINE_SURFACE_WITH_KNOTS((3,3),(3,3),(-1.5707963267949,-0.436332312998584),
(-0.942587703123949,-0.127944748401753),.UNSPECIFIED.)
GEOMETRIC_REPRESENTATION_ITEM()
RATIONAL_B_SPLINE_SURFACE(((1.,0.918185215716858,1.),(0.843391445812867,
0.77438955660744,0.843391445812867),(1.,0.918185215716858,1.)))
REPRESENTATION_ITEM('')
SURFACE()
);
#35=CYLINDRICAL_SURFACE('',#375,3.175);
#36=CYLINDRICAL_SURFACE('',#394,0.95);
#37=CYLINDRICAL_SURFACE('',#401,1.175);
#38=FACE_BOUND('',#104,.T.);
#39=FACE_BOUND('',#121,.T.);
#40=FACE_BOUND('',#124,.T.);
#41=PLANE('',#373);
#42=PLANE('',#386);
#43=PLANE('',#388);
#44=PLANE('',#396);
#45=PLANE('',#399);
#46=B_SPLINE_CURVE_WITH_KNOTS('',3,(#516,#517,#518,#519),.UNSPECIFIED.,
 .F.,.F.,(4,4),(-3.14159265358979,3.14159265358979),.UNSPECIFIED.);
#47=B_SPLINE_CURVE_WITH_KNOTS('',3,(#520,#521,#522,#523),.UNSPECIFIED.,
 .F.,.F.,(4,4),(-3.14159265358979,3.14159265358979),.UNSPECIFIED.);
#48=B_SPLINE_CURVE_WITH_KNOTS('',3,(#570,#571,#572,#573,#574),
 .UNSPECIFIED.,.F.,.F.,(4,1,4),(-1.06391050715619,-0.763029023868635,-1.71784698756637E-15),
 .UNSPECIFIED.);
#49=B_SPLINE_CURVE_WITH_KNOTS('',3,(#578,#579,#580,#581,#582,#583,#584,
#585,#586),.UNSPECIFIED.,.F.,.F.,(4,1,1,1,1,1,4),(1.71784698756637E-15,
0.763029023868635,1.14454353580295,1.52605804773727,1.90757255967159,2.2890870716059,
2.67060158354022),.UNSPECIFIED.);
#50=B_SPLINE_CURVE_WITH_KNOTS('',3,(#589,#590,#591,#592,#593,#594),
 .UNSPECIFIED.,.F.,.F.,(4,1,1,4),(-2.67060158354022,-2.2890870716059,-1.90757255967159,
-1.60658013170583),.UNSPECIFIED.);
#51=B_SPLINE_CURVE_WITH_KNOTS('',3,(#723,#724,#725,#726,#727,#728,#729,
#730,#731,#732,#733,#734,#735,#736,#737,#738,#739,#740,#741,#742,#743,#744,
#745,#746,#747,#748,#749,#750,#751,#752,#753),.UNSPECIFIED.,.F.,.F.,(4,
1,1,1,1,1,1,1,1,1,1,1,1,1,1,1,1,1,1,1,1,1,1,1,1,1,2,4),(-1.66726654027471,
-1.54817607311223,-1.42908560594975,-1.30999513878727,-1.19090467162479,
-1.13135943804355,-1.07181420446231,-1.01226897088108,-0.952723737299835,
-0.893178503718595,-0.833633270137355,-0.774088036556115,-0.714542802974876,
-0.654997569393636,-0.625224952603016,-0.595452335812396,-0.565679719021777,
-0.535907102231157,-0.476361868649917,-0.416816635068678,-0.357271401487438,
-0.297726167906198,-0.238180934324959,-0.119090467162479,-0.0595452335812397,
-0.0297726167906198,0.,0.000370327757661388),.UNSPECIFIED.);
#52=B_SPLINE_CURVE_WITH_KNOTS('',3,(#754,#755,#756,#757,#758,#759,#760,
#761,#762,#763,#764,#765,#766,#767,#768,#769,#770,#771,#772,#773,#774,#775,
#776,#777,#778,#779,#780,#781,#782,#783,#784),.UNSPECIFIED.,.F.,.F.,(4,
2,1,1,1,1,1,1,1,1,1,1,1,1,1,1,1,1,1,1,1,1,1,1,1,1,1,4),(-0.000370327757661388,
0.,0.0297726167906198,0.0595452335812397,0.119090467162479,0.238180934324959,
0.297726167906198,0.357271401487438,0.416816635068678,0.476361868649917,
0.535907102231157,0.565679719021777,0.595452335812396,0.625224952603016,
0.654997569393636,0.714542802974876,0.774088036556115,0.833633270137355,
0.893178503718595,0.952723737299835,1.01226897088108,1.07181420446231,1.13135943804355,
1.19090467162479,1.30999513878727,1.42908560594975,1.54817607311223,1.66726654027471),
 .UNSPECIFIED.);
#53=B_SPLINE_CURVE_WITH_KNOTS('',3,(#902,#903,#904,#905,#906,#907,#908,
#909,#910,#911,#912,#913,#914,#915,#916,#917,#918,#919,#920,#921,#922,#923,
#924,#925,#926,#927,#928,#929,#930),.UNSPECIFIED.,.F.,.F.,(4,1,1,1,1,1,
1,1,1,1,1,1,1,1,1,1,1,1,1,1,1,1,1,1,2,4),(0.,0.166211158394962,0.332422316789924,
0.498633475184886,0.664844633579847,0.747950212777328,0.831055791974809,
0.91416137117229,0.997266950369771,1.03881973996851,1.08037252956725,1.12192531916599,
1.16347810876473,1.20503089836347,1.24658368796221,1.28813647756095,1.32968926715969,
1.37124205675844,1.41279484635718,1.45434763595592,1.49590042555466,1.5374532151534,
1.57900600475214,1.62055879435088,1.66211158394962,1.6624819117052),
 .UNSPECIFIED.);
#54=B_SPLINE_CURVE_WITH_KNOTS('',3,(#931,#932,#933,#934,#935,#936,#937,
#938,#939,#940,#941,#942,#943,#944,#945,#946,#947,#948,#949,#950,#951,#952,
#953,#954,#955,#956,#957,#958,#959),.UNSPECIFIED.,.F.,.F.,(4,2,1,1,1,1,
1,1,1,1,1,1,1,1,1,1,1,1,1,1,1,1,1,1,1,4),(-1.6624819117052,-1.66211158394962,
-1.62055879435088,-1.57900600475214,-1.5374532151534,-1.49590042555466,
-1.45434763595592,-1.41279484635718,-1.37124205675844,-1.32968926715969,
-1.28813647756095,-1.24658368796221,-1.20503089836347,-1.16347810876473,
-1.12192531916599,-1.08037252956725,-1.03881973996851,-0.997266950369771,
-0.91416137117229,-0.831055791974809,-0.747950212777328,-0.664844633579847,
-0.498633475184886,-0.332422316789924,-0.166211158394962,0.),
 .UNSPECIFIED.);
#55=B_SPLINE_CURVE_WITH_KNOTS('',3,(#961,#962,#963,#964,#965,#966,#967),
 .UNSPECIFIED.,.F.,.F.,(4,1,1,1,4),(1.26609524805344,1.28176267251673,1.28959638480792,
1.30526380939031,1.32093123397269),.UNSPECIFIED.);
#56=B_SPLINE_CURVE_WITH_KNOTS('',3,(#997,#998,#999,#1000,#1001,#1002,#1003),
 .UNSPECIFIED.,.F.,.F.,(4,1,1,1,4),(0.286896016513275,0.417466462534802,
0.548036908556328,0.678607354577855,0.743892577588618),.UNSPECIFIED.);
#57=B_SPLINE_CURVE_WITH_KNOTS('',3,(#1070,#1071,#1072,#1073,#1074,#1075,
#1076),.UNSPECIFIED.,.F.,.F.,(4,1,1,1,4),(0.0461540304558412,0.111439253466604,
0.176724476477367,0.307294922498893,0.503150591531182),.UNSPECIFIED.);
#58=B_SPLINE_CURVE_WITH_KNOTS('',3,(#1106,#1107,#1108,#1109,#1110),
 .UNSPECIFIED.,.F.,.F.,(4,1,4),(-1.32093123397269,-1.30526380939031,-1.29351026103066),
 .UNSPECIFIED.);
#59=B_SPLINE_CURVE_WITH_KNOTS('',3,(#1111,#1112,#1113,#1114,#1115,#1116),
 .UNSPECIFIED.,.F.,.F.,(4,1,1,4),(-1.29351026103066,-1.28959638480792,-1.28176267251673,
-1.26609524805345),.UNSPECIFIED.);
#60=B_SPLINE_CURVE_WITH_KNOTS('',3,(#1163,#1164,#1165,#1166),
 .UNSPECIFIED.,.F.,.F.,(4,4),(-6.28318530717957,-3.14445975924193),
 .UNSPECIFIED.);
#61=B_SPLINE_CURVE_WITH_KNOTS('',3,(#1167,#1168,#1169,#1170,#1171),
 .UNSPECIFIED.,.F.,.F.,(4,1,4),(-3.14445975924193,-2.69279370307696,-2.58997133376245E-15),
 .UNSPECIFIED.);
#62=B_SPLINE_CURVE_WITH_KNOTS('',3,(#1173,#1174,#1175,#1176,#1177),
 .UNSPECIFIED.,.F.,.F.,(4,1,4),(2.58997133376245E-15,2.69279370307696,3.14159282081381),
 .UNSPECIFIED.);
#63=B_SPLINE_CURVE_WITH_KNOTS('',3,(#1178,#1179,#1180,#1181),
 .UNSPECIFIED.,.F.,.F.,(4,4),(3.14180367766031,6.28318530717957),
 .UNSPECIFIED.);
#64=B_SPLINE_CURVE_WITH_KNOTS('',3,(#1301,#1302,#1303,#1304,#1305,#1306,
#1307,#1308,#1309,#1310,#1311,#1312,#1313,#1314,#1315,#1316,#1317,#1318,
#1319,#1320,#1321),.UNSPECIFIED.,.F.,.F.,(4,1,1,1,1,1,1,1,1,1,1,1,1,1,1,
1,1,1,4),(-6.28318530717957,-5.38558740615392,-4.48798950512827,-4.03919055461544,
-3.92699081698724,-3.81479107935903,-3.70259134173082,-3.59039160410262,
-3.3659921288462,-3.253792391218,-3.14159265358979,-3.08549278477569,-3.02939291596158,
-2.91719317833338,-2.69279370307697,-2.46839422782055,-2.24399475256414,
-1.79519580205131,-1.2665050854741E-14),.UNSPECIFIED.);
#65=B_SPLINE_CURVE_WITH_KNOTS('',3,(#1322,#1323,#1324,#1325,#1326,#1327,
#1328,#1329,#1330,#1331,#1332,#1333,#1334,#1335,#1336,#1337,#1338,#1339,
#1340,#1341,#1342),.UNSPECIFIED.,.F.,.F.,(4,1,1,1,1,1,1,1,1,1,1,1,1,1,1,
1,1,1,4),(1.2665050854741E-14,1.79519580205131,2.24399475256414,2.46839422782055,
2.69279370307697,2.91719317833338,3.02939291596158,3.08549278477569,3.14159265358979,
3.253792391218,3.3659921288462,3.59039160410262,3.70259134173082,3.81479107935903,
3.92699081698724,4.03919055461544,4.48798950512827,5.38558740615392,6.28318530717957),
 .UNSPECIFIED.);
#66=B_SPLINE_CURVE_WITH_KNOTS('',3,(#1454,#1455,#1456,#1457,#1458,#1459),
 .UNSPECIFIED.,.F.,.F.,(4,1,1,4),(-1.,-0.571428571428571,-0.285714285714286,
-0.0289359314848416),.UNSPECIFIED.);
#67=B_SPLINE_SURFACE_WITH_KNOTS('',3,3,((#496,#497,#498,#499),(#500,#501,
#502,#503),(#504,#505,#506,#507),(#508,#509,#510,#511),(#512,#513,#514,
#515)),.UNSPECIFIED.,.F.,.F.,.F.,(4,1,4),(4,4),(0.,0.571428571428571,1.),
(-3.14159265358979,3.14159265358979),.UNSPECIFIED.);
#68=B_SPLINE_SURFACE_WITH_KNOTS('',3,3,((#524,#525,#526,#527,#528,#529,
#530,#531,#532),(#533,#534,#535,#536,#537,#538,#539,#540,#541),(#542,#543,
#544,#545,#546,#547,#548,#549,#550),(#551,#552,#553,#554,#555,#556,#557,
#558,#559),(#560,#561,#562,#563,#564,#565,#566,#567,#568)),
 .UNSPECIFIED.,.F.,.F.,.F.,(4,1,4),(4,1,1,1,1,1,4),(0.,0.571428571428571,
1.),(1.71784698756637E-15,0.763029023868635,1.14454353580295,1.52605804773727,
1.90757255967159,2.2890870716059,2.67060158354022),.UNSPECIFIED.);
#69=B_SPLINE_SURFACE_WITH_KNOTS('',3,3,((#598,#599,#600,#601,#602,#603,
#604,#605,#606,#607,#608,#609,#610,#611,#612,#613,#614,#615,#616,#617,#618,
#619,#620,#621,#622,#623,#624,#625,#626,#627,#628),(#629,#630,#631,#632,
#633,#634,#635,#636,#637,#638,#639,#640,#641,#642,#643,#644,#645,#646,#647,
#648,#649,#650,#651,#652,#653,#654,#655,#656,#657,#658,#659),(#660,#661,
#662,#663,#664,#665,#666,#667,#668,#669,#670,#671,#672,#673,#674,#675,#676,
#677,#678,#679,#680,#681,#682,#683,#684,#685,#686,#687,#688,#689,#690),
(#691,#692,#693,#694,#695,#696,#697,#698,#699,#700,#701,#702,#703,#704,
#705,#706,#707,#708,#709,#710,#711,#712,#713,#714,#715,#716,#717,#718,#719,
#720,#721)),.UNSPECIFIED.,.F.,.F.,.F.,(4,4),(4,2,1,1,1,1,1,1,1,1,1,1,1,
1,1,1,1,1,1,1,1,1,1,1,1,1,1,4),(0.,1.),(-0.000370327757661388,0.,0.0297726167906198,
0.0595452335812397,0.119090467162479,0.238180934324959,0.297726167906198,
0.357271401487438,0.416816635068678,0.476361868649917,0.535907102231157,
0.565679719021777,0.595452335812396,0.625224952603016,0.654997569393636,
0.714542802974876,0.774088036556115,0.833633270137355,0.893178503718595,
0.952723737299835,1.01226897088108,1.07181420446231,1.13135943804355,1.19090467162479,
1.30999513878727,1.42908560594975,1.54817607311223,1.66726654027471),
 .UNSPECIFIED.);
#70=B_SPLINE_SURFACE_WITH_KNOTS('',3,3,((#785,#786,#787,#788,#789,#790,
#791,#792,#793,#794,#795,#796,#797,#798,#799,#800,#801,#802,#803,#804,#805,
#806,#807,#808,#809,#810,#811,#812,#813),(#814,#815,#816,#817,#818,#819,
#820,#821,#822,#823,#824,#825,#826,#827,#828,#829,#830,#831,#832,#833,#834,
#835,#836,#837,#838,#839,#840,#841,#842),(#843,#844,#845,#846,#847,#848,
#849,#850,#851,#852,#853,#854,#855,#856,#857,#858,#859,#860,#861,#862,#863,
#864,#865,#866,#867,#868,#869,#870,#871),(#872,#873,#874,#875,#876,#877,
#878,#879,#880,#881,#882,#883,#884,#885,#886,#887,#888,#889,#890,#891,#892,
#893,#894,#895,#896,#897,#898,#899,#900)),.UNSPECIFIED.,.F.,.F.,.F.,(4,
4),(4,1,1,1,1,1,1,1,1,1,1,1,1,1,1,1,1,1,1,1,1,1,1,1,2,4),(0.,1.),(0.,0.166211158394962,
0.332422316789924,0.498633475184886,0.664844633579847,0.747950212777328,
0.831055791974809,0.91416137117229,0.997266950369771,1.03881973996851,1.08037252956725,
1.12192531916599,1.16347810876473,1.20503089836347,1.24658368796221,1.28813647756095,
1.32968926715969,1.37124205675844,1.41279484635718,1.45434763595592,1.49590042555466,
1.5374532151534,1.57900600475214,1.62055879435088,1.66211158394962,1.6624819117052),
 .UNSPECIFIED.);
#71=B_SPLINE_SURFACE_WITH_KNOTS('',3,3,((#968,#969,#970,#971,#972,#973,
#974),(#975,#976,#977,#978,#979,#980,#981),(#982,#983,#984,#985,#986,#987,
#988),(#989,#990,#991,#992,#993,#994,#995)),.UNSPECIFIED.,.F.,.F.,.F.,(4,
4),(4,1,1,1,4),(0.,1.),(-0.743892577588618,-0.678607354577855,-0.548036908556328,
-0.417466462534802,-0.286896016513275),.UNSPECIFIED.);
#72=B_SPLINE_SURFACE_WITH_KNOTS('',3,3,((#1005,#1006,#1007,#1008,#1009,
#1010,#1011),(#1012,#1013,#1014,#1015,#1016,#1017,#1018),(#1019,#1020,#1021,
#1022,#1023,#1024,#1025),(#1026,#1027,#1028,#1029,#1030,#1031,#1032),(#1033,
#1034,#1035,#1036,#1037,#1038,#1039),(#1040,#1041,#1042,#1043,#1044,#1045,
#1046),(#1047,#1048,#1049,#1050,#1051,#1052,#1053),(#1054,#1055,#1056,#1057,
#1058,#1059,#1060),(#1061,#1062,#1063,#1064,#1065,#1066,#1067)),
 .UNSPECIFIED.,.F.,.F.,.F.,(4,1,1,1,1,1,4),(4,1,1,1,4),(0.,0.5,0.785714285714286,
0.857142857142857,0.928571428571429,0.964285714285714,1.),(-0.503150591531182,
-0.307294922498893,-0.176724476477367,-0.111439253466604,-0.0461540304558412),
 .UNSPECIFIED.);
#73=B_SPLINE_SURFACE_WITH_KNOTS('',3,3,((#1077,#1078,#1079,#1080,#1081,
#1082,#1083),(#1084,#1085,#1086,#1087,#1088,#1089,#1090),(#1091,#1092,#1093,
#1094,#1095,#1096,#1097),(#1098,#1099,#1100,#1101,#1102,#1103,#1104)),
 .UNSPECIFIED.,.F.,.F.,.F.,(4,4),(4,1,1,1,4),(0.,1.),(1.26609524793434,
1.28176267251673,1.28959638480792,1.30526380939031,1.32093123397269),
 .UNSPECIFIED.);
#74=B_SPLINE_SURFACE_WITH_KNOTS('',3,3,((#1134,#1135,#1136,#1137,#1138),
(#1139,#1140,#1141,#1142,#1143),(#1144,#1145,#1146,#1147,#1148),(#1149,
#1150,#1151,#1152,#1153),(#1154,#1155,#1156,#1157,#1158)),.UNSPECIFIED.,
 .F.,.F.,.F.,(4,1,4),(4,1,4),(0.,0.5,1.),(2.58997133376245E-15,2.69279370307696,
6.28318530717957),.UNSPECIFIED.);
#75=B_SPLINE_SURFACE_WITH_KNOTS('',3,3,((#1196,#1197,#1198,#1199,#1200,
#1201,#1202,#1203,#1204,#1205,#1206,#1207,#1208,#1209,#1210,#1211,#1212,
#1213,#1214,#1215,#1216),(#1217,#1218,#1219,#1220,#1221,#1222,#1223,#1224,
#1225,#1226,#1227,#1228,#1229,#1230,#1231,#1232,#1233,#1234,#1235,#1236,
#1237),(#1238,#1239,#1240,#1241,#1242,#1243,#1244,#1245,#1246,#1247,#1248,
#1249,#1250,#1251,#1252,#1253,#1254,#1255,#1256,#1257,#1258),(#1259,#1260,
#1261,#1262,#1263,#1264,#1265,#1266,#1267,#1268,#1269,#1270,#1271,#1272,
#1273,#1274,#1275,#1276,#1277,#1278,#1279),(#1280,#1281,#1282,#1283,#1284,
#1285,#1286,#1287,#1288,#1289,#1290,#1291,#1292,#1293,#1294,#1295,#1296,
#1297,#1298,#1299,#1300)),.UNSPECIFIED.,.F.,.F.,.F.,(4,1,4),(4,1,1,1,1,
1,1,1,1,1,1,1,1,1,1,1,1,1,4),(0.,0.5,1.),(1.2665050854741E-14,1.79519580205131,
2.24399475256414,2.46839422782055,2.69279370307697,2.91719317833338,3.02939291596158,
3.08549278477569,3.14159265358979,3.253792391218,3.3659921288462,3.59039160410262,
3.70259134173082,3.81479107935903,3.92699081698724,4.03919055461544,4.48798950512827,
5.38558740615392,6.28318530717957),.UNSPECIFIED.);
#76=B_SPLINE_SURFACE_WITH_KNOTS('',3,3,((#1351,#1352,#1353,#1354,#1355,
#1356,#1357,#1358,#1359,#1360,#1361,#1362,#1363,#1364,#1365,#1366,#1367),
(#1368,#1369,#1370,#1371,#1372,#1373,#1374,#1375,#1376,#1377,#1378,#1379,
#1380,#1381,#1382,#1383,#1384),(#1385,#1386,#1387,#1388,#1389,#1390,#1391,
#1392,#1393,#1394,#1395,#1396,#1397,#1398,#1399,#1400,#1401),(#1402,#1403,
#1404,#1405,#1406,#1407,#1408,#1409,#1410,#1411,#1412,#1413,#1414,#1415,
#1416,#1417,#1418),(#1419,#1420,#1421,#1422,#1423,#1424,#1425,#1426,#1427,
#1428,#1429,#1430,#1431,#1432,#1433,#1434,#1435),(#1436,#1437,#1438,#1439,
#1440,#1441,#1442,#1443,#1444,#1445,#1446,#1447,#1448,#1449,#1450,#1451,
#1452)),.UNSPECIFIED.,.F.,.T.,.F.,(4,1,1,4),(4,1,1,1,1,1,1,1,1,1,1,1,1,
1,4),(0.,0.285714285714286,0.571428571428571,1.),(-3.14159265358979,-2.69279370307697,
-2.24399475256414,-1.34639685153848,-0.897597901025655,-0.560998688141034,
-0.448798950512828,0.,0.448798950512828,0.897597901025655,1.34639685153848,
1.5707963267949,2.24399475256414,2.69279370307697,3.14159265358979),
 .UNSPECIFIED.);
#77=FACE_OUTER_BOUND('',#100,.T.);
#78=FACE_OUTER_BOUND('',#101,.T.);
#79=FACE_OUTER_BOUND('',#102,.T.);
#80=FACE_OUTER_BOUND('',#103,.T.);
#81=FACE_OUTER_BOUND('',#105,.T.);
#82=FACE_OUTER_BOUND('',#106,.T.);
#83=FACE_OUTER_BOUND('',#107,.T.);
#84=FACE_OUTER_BOUND('',#108,.T.);
#85=FACE_OUTER_BOUND('',#109,.T.);
#86=FACE_OUTER_BOUND('',#110,.T.);
#87=FACE_OUTER_BOUND('',#111,.T.);
#88=FACE_OUTER_BOUND('',#112,.T.);
#89=FACE_OUTER_BOUND('',#113,.T.);
#90=FACE_OUTER_BOUND('',#114,.T.);
#91=FACE_OUTER_BOUND('',#115,.T.);
#92=FACE_OUTER_BOUND('',#116,.T.);
#93=FACE_OUTER_BOUND('',#117,.T.);
#94=FACE_OUTER_BOUND('',#118,.T.);
#95=FACE_OUTER_BOUND('',#119,.T.);
#96=FACE_OUTER_BOUND('',#120,.T.);
#97=FACE_OUTER_BOUND('',#122,.T.);
#98=FACE_OUTER_BOUND('',#123,.T.);
#99=FACE_OUTER_BOUND('',#125,.T.);
#100=EDGE_LOOP('',(#227,#228,#229,#230));
#101=EDGE_LOOP('',(#231,#232,#233,#234));
#102=EDGE_LOOP('',(#235,#236,#237,#238,#239,#240));
#103=EDGE_LOOP('',(#241,#242));
#104=EDGE_LOOP('',(#243));
#105=EDGE_LOOP('',(#244,#245,#246));
#106=EDGE_LOOP('',(#247,#248,#249));
#107=EDGE_LOOP('',(#250,#251,#252,#253,#254,#255));
#108=EDGE_LOOP('',(#256,#257,#258));
#109=EDGE_LOOP('',(#259,#260,#261));
#110=EDGE_LOOP('',(#262,#263,#264,#265,#266));
#111=EDGE_LOOP('',(#267,#268,#269,#270));
#112=EDGE_LOOP('',(#271,#272,#273,#274,#275,#276));
#113=EDGE_LOOP('',(#277,#278,#279,#280));
#114=EDGE_LOOP('',(#281,#282,#283,#284));
#115=EDGE_LOOP('',(#285,#286));
#116=EDGE_LOOP('',(#287,#288));
#117=EDGE_LOOP('',(#289,#290,#291,#292,#293,#294,#295,#296));
#118=EDGE_LOOP('',(#297,#298,#299,#300,#301,#302,#303,#304,#305));
#119=EDGE_LOOP('',(#306,#307,#308,#309,#310));
#120=EDGE_LOOP('',(#311));
#121=EDGE_LOOP('',(#312));
#122=EDGE_LOOP('',(#313,#314,#315,#316,#317,#318,#319,#320));
#123=EDGE_LOOP('',(#321));
#124=EDGE_LOOP('',(#322));
#125=EDGE_LOOP('',(#323,#324,#325,#326));
#126=CIRCLE('',#367,1.);
#127=CIRCLE('',#368,3.175);
#128=CIRCLE('',#369,1.);
#129=CIRCLE('',#370,2.175);
#130=CIRCLE('',#371,7.);
#131=CIRCLE('',#372,7.);
#132=CIRCLE('',#374,1.175);
#133=CIRCLE('',#376,2.5);
#134=CIRCLE('',#377,2.5);
#135=CIRCLE('',#378,1.5);
#136=CIRCLE('',#379,2.75078932538256);
#137=CIRCLE('',#380,1.5);
#138=CIRCLE('',#381,1.39132764482758);
#139=CIRCLE('',#382,1.5);
#140=CIRCLE('',#383,2.75078932538256);
#141=CIRCLE('',#384,1.5);
#142=CIRCLE('',#385,1.39132764482758);
#143=CIRCLE('',#391,11.6730861991388);
#144=CIRCLE('',#395,0.95);
#145=CIRCLE('',#397,13.3281530775826);
#146=CIRCLE('',#400,1.175);
#147=VERTEX_POINT('',#488);
#148=VERTEX_POINT('',#489);
#149=VERTEX_POINT('',#491);
#150=VERTEX_POINT('',#493);
#151=VERTEX_POINT('',#569);
#152=VERTEX_POINT('',#575);
#153=VERTEX_POINT('',#577);
#154=VERTEX_POINT('',#587);
#155=VERTEX_POINT('',#596);
#156=VERTEX_POINT('',#722);
#157=VERTEX_POINT('',#901);
#158=VERTEX_POINT('',#996);
#159=VERTEX_POINT('',#1068);
#160=VERTEX_POINT('',#1105);
#161=VERTEX_POINT('',#1126);
#162=VERTEX_POINT('',#1127);
#163=VERTEX_POINT('',#1129);
#164=VERTEX_POINT('',#1131);
#165=VERTEX_POINT('',#1159);
#166=VERTEX_POINT('',#1160);
#167=VERTEX_POINT('',#1162);
#168=VERTEX_POINT('',#1172);
#169=VERTEX_POINT('',#1191);
#170=VERTEX_POINT('',#1193);
#171=VERTEX_POINT('',#1348);
#172=VERTEX_POINT('',#1453);
#173=VERTEX_POINT('',#1460);
#174=VERTEX_POINT('',#1464);
#175=VERTEX_POINT('',#1468);
#176=VERTEX_POINT('',#1473);
#177=EDGE_CURVE('',#147,#148,#126,.T.);
#178=EDGE_CURVE('',#148,#149,#127,.T.);
#179=EDGE_CURVE('',#149,#150,#128,.T.);
#180=EDGE_CURVE('',#150,#147,#129,.T.);
#181=EDGE_CURVE('',#147,#150,#46,.T.);
#182=EDGE_CURVE('',#149,#148,#47,.T.);
#183=EDGE_CURVE('',#149,#151,#48,.T.);
#184=EDGE_CURVE('',#152,#151,#130,.T.);
#185=EDGE_CURVE('',#152,#153,#49,.T.);
#186=EDGE_CURVE('',#154,#153,#131,.T.);
#187=EDGE_CURVE('',#154,#148,#50,.T.);
#188=EDGE_CURVE('',#155,#155,#132,.T.);
#189=EDGE_CURVE('',#151,#156,#51,.T.);
#190=EDGE_CURVE('',#156,#152,#52,.T.);
#191=EDGE_CURVE('',#153,#157,#53,.T.);
#192=EDGE_CURVE('',#157,#154,#54,.T.);
#193=EDGE_CURVE('',#156,#157,#55,.T.);
#194=EDGE_CURVE('',#153,#158,#56,.T.);
#195=EDGE_CURVE('',#158,#157,#133,.T.);
#196=EDGE_CURVE('',#156,#159,#134,.T.);
#197=EDGE_CURVE('',#159,#152,#57,.T.);
#198=EDGE_CURVE('',#158,#160,#58,.T.);
#199=EDGE_CURVE('',#160,#159,#59,.T.);
#200=EDGE_CURVE('',#161,#162,#135,.T.);
#201=EDGE_CURVE('',#162,#163,#136,.T.);
#202=EDGE_CURVE('',#163,#164,#137,.T.);
#203=EDGE_CURVE('',#164,#161,#138,.T.);
#204=EDGE_CURVE('',#165,#166,#139,.T.);
#205=EDGE_CURVE('',#166,#167,#60,.T.);
#206=EDGE_CURVE('',#167,#164,#61,.T.);
#207=EDGE_CURVE('',#163,#168,#62,.T.);
#208=EDGE_CURVE('',#168,#165,#63,.T.);
#209=EDGE_CURVE('',#165,#169,#140,.T.);
#210=EDGE_CURVE('',#169,#170,#141,.T.);
#211=EDGE_CURVE('',#170,#166,#142,.T.);
#212=EDGE_CURVE('',#161,#170,#64,.T.);
#213=EDGE_CURVE('',#169,#162,#65,.T.);
#214=EDGE_CURVE('',#161,#164,#29,.T.);
#215=EDGE_CURVE('',#166,#170,#30,.T.);
#216=EDGE_CURVE('',#168,#171,#19,.T.);
#217=EDGE_CURVE('',#171,#171,#143,.T.);
#218=EDGE_CURVE('',#172,#167,#66,.T.);
#219=EDGE_CURVE('',#172,#173,#31,.T.);
#220=EDGE_CURVE('',#173,#172,#32,.T.);
#221=EDGE_CURVE('',#173,#174,#20,.T.);
#222=EDGE_CURVE('',#174,#174,#144,.T.);
#223=EDGE_CURVE('',#175,#175,#145,.T.);
#224=EDGE_CURVE('',#160,#175,#21,.T.);
#225=EDGE_CURVE('',#176,#176,#146,.T.);
#226=EDGE_CURVE('',#155,#176,#22,.T.);
#227=ORIENTED_EDGE('',*,*,#177,.T.);
#228=ORIENTED_EDGE('',*,*,#178,.T.);
#229=ORIENTED_EDGE('',*,*,#179,.T.);
#230=ORIENTED_EDGE('',*,*,#180,.T.);
#231=ORIENTED_EDGE('',*,*,#177,.F.);
#232=ORIENTED_EDGE('',*,*,#181,.T.);
#233=ORIENTED_EDGE('',*,*,#179,.F.);
#234=ORIENTED_EDGE('',*,*,#182,.T.);
#235=ORIENTED_EDGE('',*,*,#182,.F.);
#236=ORIENTED_EDGE('',*,*,#183,.T.);
#237=ORIENTED_EDGE('',*,*,#184,.F.);
#238=ORIENTED_EDGE('',*,*,#185,.T.);
#239=ORIENTED_EDGE('',*,*,#186,.F.);
#240=ORIENTED_EDGE('',*,*,#187,.T.);
#241=ORIENTED_EDGE('',*,*,#180,.F.);
#242=ORIENTED_EDGE('',*,*,#181,.F.);
#243=ORIENTED_EDGE('',*,*,#188,.T.);
#244=ORIENTED_EDGE('',*,*,#184,.T.);
#245=ORIENTED_EDGE('',*,*,#189,.T.);
#246=ORIENTED_EDGE('',*,*,#190,.T.);
#247=ORIENTED_EDGE('',*,*,#191,.T.);
#248=ORIENTED_EDGE('',*,*,#192,.T.);
#249=ORIENTED_EDGE('',*,*,#186,.T.);
#250=ORIENTED_EDGE('',*,*,#178,.F.);
#251=ORIENTED_EDGE('',*,*,#187,.F.);
#252=ORIENTED_EDGE('',*,*,#192,.F.);
#253=ORIENTED_EDGE('',*,*,#193,.F.);
#254=ORIENTED_EDGE('',*,*,#189,.F.);
#255=ORIENTED_EDGE('',*,*,#183,.F.);
#256=ORIENTED_EDGE('',*,*,#191,.F.);
#257=ORIENTED_EDGE('',*,*,#194,.T.);
#258=ORIENTED_EDGE('',*,*,#195,.T.);
#259=ORIENTED_EDGE('',*,*,#190,.F.);
#260=ORIENTED_EDGE('',*,*,#196,.T.);
#261=ORIENTED_EDGE('',*,*,#197,.T.);
#262=ORIENTED_EDGE('',*,*,#196,.F.);
#263=ORIENTED_EDGE('',*,*,#193,.T.);
#264=ORIENTED_EDGE('',*,*,#195,.F.);
#265=ORIENTED_EDGE('',*,*,#198,.T.);
#266=ORIENTED_EDGE('',*,*,#199,.T.);
#267=ORIENTED_EDGE('',*,*,#200,.T.);
#268=ORIENTED_EDGE('',*,*,#201,.T.);
#269=ORIENTED_EDGE('',*,*,#202,.T.);
#270=ORIENTED_EDGE('',*,*,#203,.T.);
#271=ORIENTED_EDGE('',*,*,#204,.T.);
#272=ORIENTED_EDGE('',*,*,#205,.T.);
#273=ORIENTED_EDGE('',*,*,#206,.T.);
#274=ORIENTED_EDGE('',*,*,#202,.F.);
#275=ORIENTED_EDGE('',*,*,#207,.T.);
#276=ORIENTED_EDGE('',*,*,#208,.T.);
#277=ORIENTED_EDGE('',*,*,#204,.F.);
#278=ORIENTED_EDGE('',*,*,#209,.T.);
#279=ORIENTED_EDGE('',*,*,#210,.T.);
#280=ORIENTED_EDGE('',*,*,#211,.T.);
#281=ORIENTED_EDGE('',*,*,#200,.F.);
#282=ORIENTED_EDGE('',*,*,#212,.T.);
#283=ORIENTED_EDGE('',*,*,#210,.F.);
#284=ORIENTED_EDGE('',*,*,#213,.T.);
#285=ORIENTED_EDGE('',*,*,#203,.F.);
#286=ORIENTED_EDGE('',*,*,#214,.F.);
#287=ORIENTED_EDGE('',*,*,#211,.F.);
#288=ORIENTED_EDGE('',*,*,#215,.F.);
#289=ORIENTED_EDGE('',*,*,#201,.F.);
#290=ORIENTED_EDGE('',*,*,#213,.F.);
#291=ORIENTED_EDGE('',*,*,#209,.F.);
#292=ORIENTED_EDGE('',*,*,#208,.F.);
#293=ORIENTED_EDGE('',*,*,#216,.T.);
#294=ORIENTED_EDGE('',*,*,#217,.F.);
#295=ORIENTED_EDGE('',*,*,#216,.F.);
#296=ORIENTED_EDGE('',*,*,#207,.F.);
#297=ORIENTED_EDGE('',*,*,#205,.F.);
#298=ORIENTED_EDGE('',*,*,#215,.T.);
#299=ORIENTED_EDGE('',*,*,#212,.F.);
#300=ORIENTED_EDGE('',*,*,#214,.T.);
#301=ORIENTED_EDGE('',*,*,#206,.F.);
#302=ORIENTED_EDGE('',*,*,#218,.F.);
#303=ORIENTED_EDGE('',*,*,#219,.T.);
#304=ORIENTED_EDGE('',*,*,#220,.T.);
#305=ORIENTED_EDGE('',*,*,#218,.T.);
#306=ORIENTED_EDGE('',*,*,#219,.F.);
#307=ORIENTED_EDGE('',*,*,#220,.F.);
#308=ORIENTED_EDGE('',*,*,#221,.T.);
#309=ORIENTED_EDGE('',*,*,#222,.T.);
#310=ORIENTED_EDGE('',*,*,#221,.F.);
#311=ORIENTED_EDGE('',*,*,#223,.F.);
#312=ORIENTED_EDGE('',*,*,#217,.T.);
#313=ORIENTED_EDGE('',*,*,#185,.F.);
#314=ORIENTED_EDGE('',*,*,#197,.F.);
#315=ORIENTED_EDGE('',*,*,#199,.F.);
#316=ORIENTED_EDGE('',*,*,#224,.T.);
#317=ORIENTED_EDGE('',*,*,#223,.T.);
#318=ORIENTED_EDGE('',*,*,#224,.F.);
#319=ORIENTED_EDGE('',*,*,#198,.F.);
#320=ORIENTED_EDGE('',*,*,#194,.F.);
#321=ORIENTED_EDGE('',*,*,#225,.T.);
#322=ORIENTED_EDGE('',*,*,#222,.F.);
#323=ORIENTED_EDGE('',*,*,#188,.F.);
#324=ORIENTED_EDGE('',*,*,#226,.T.);
#325=ORIENTED_EDGE('',*,*,#225,.F.);
#326=ORIENTED_EDGE('',*,*,#226,.F.);
#327=TOROIDAL_SURFACE('',#366,2.175,1.);
#328=ADVANCED_FACE('',(#77),#327,.T.);
#329=ADVANCED_FACE('',(#78),#67,.F.);
#330=ADVANCED_FACE('',(#79),#68,.T.);
#331=ADVANCED_FACE('',(#80,#38),#41,.F.);
#332=ADVANCED_FACE('',(#81),#69,.T.);
#333=ADVANCED_FACE('',(#82),#70,.T.);
#334=ADVANCED_FACE('',(#83),#35,.T.);
#335=ADVANCED_FACE('',(#84),#71,.F.);
#336=ADVANCED_FACE('',(#85),#72,.F.);
#337=ADVANCED_FACE('',(#86),#73,.F.);
#338=ADVANCED_FACE('',(#87),#33,.T.);
#339=ADVANCED_FACE('',(#88),#74,.T.);
#340=ADVANCED_FACE('',(#89),#34,.T.);
#341=ADVANCED_FACE('',(#90),#75,.T.);
#342=ADVANCED_FACE('',(#91),#42,.F.);
#343=ADVANCED_FACE('',(#92),#43,.F.);
#344=ADVANCED_FACE('',(#93),#27,.F.);
#345=ADVANCED_FACE('',(#94),#76,.F.);
#346=ADVANCED_FACE('',(#95),#36,.F.);
#347=ADVANCED_FACE('',(#96,#39),#44,.T.);
#348=ADVANCED_FACE('',(#97),#28,.T.);
#349=ADVANCED_FACE('',(#98,#40),#45,.F.);
#350=ADVANCED_FACE('',(#99),#37,.F.);
#351=CLOSED_SHELL('',(#328,#329,#330,#331,#332,#333,#334,#335,#336,#337,
#338,#339,#340,#341,#342,#343,#344,#345,#346,#347,#348,#349,#350));
#352=DERIVED_UNIT_ELEMENT(#354,1.);
#353=DERIVED_UNIT_ELEMENT(#1485,-3.);
#354=(
MASS_UNIT()
NAMED_UNIT(*)
SI_UNIT(.KILO.,.GRAM.)
);
#355=DERIVED_UNIT((#352,#353));
#356=MEASURE_REPRESENTATION_ITEM('density measure',
POSITIVE_RATIO_MEASURE(7850.),#355);
#357=PROPERTY_DEFINITION_REPRESENTATION(#362,#359);
#358=PROPERTY_DEFINITION_REPRESENTATION(#363,#360);
#359=REPRESENTATION('material name',(#361),#1482);
#360=REPRESENTATION('density',(#356),#1482);
#361=DESCRIPTIVE_REPRESENTATION_ITEM('Steel','Steel');
#362=PROPERTY_DEFINITION('material property','material name',#1497);
#363=PROPERTY_DEFINITION('material property','density of part',#1497);
#364=AXIS2_PLACEMENT_3D('',#485,#403,#404);
#365=AXIS2_PLACEMENT_3D('',#486,#405,#406);
#366=AXIS2_PLACEMENT_3D('',#487,#407,#408);
#367=AXIS2_PLACEMENT_3D('',#490,#409,#410);
#368=AXIS2_PLACEMENT_3D('',#492,#411,#412);
#369=AXIS2_PLACEMENT_3D('',#494,#413,#414);
#370=AXIS2_PLACEMENT_3D('',#495,#415,#416);
#371=AXIS2_PLACEMENT_3D('',#576,#417,#418);
#372=AXIS2_PLACEMENT_3D('',#588,#419,#420);
#373=AXIS2_PLACEMENT_3D('',#595,#421,#422);
#374=AXIS2_PLACEMENT_3D('',#597,#423,#424);
#375=AXIS2_PLACEMENT_3D('',#960,#425,#426);
#376=AXIS2_PLACEMENT_3D('',#1004,#427,#428);
#377=AXIS2_PLACEMENT_3D('',#1069,#429,#430);
#378=AXIS2_PLACEMENT_3D('',#1128,#431,#432);
#379=AXIS2_PLACEMENT_3D('',#1130,#433,#434);
#380=AXIS2_PLACEMENT_3D('',#1132,#435,#436);
#381=AXIS2_PLACEMENT_3D('',#1133,#437,#438);
#382=AXIS2_PLACEMENT_3D('',#1161,#439,#440);
#383=AXIS2_PLACEMENT_3D('',#1192,#441,#442);
#384=AXIS2_PLACEMENT_3D('',#1194,#443,#444);
#385=AXIS2_PLACEMENT_3D('',#1195,#445,#446);
#386=AXIS2_PLACEMENT_3D('',#1343,#447,#448);
#387=AXIS2_PLACEMENT_3D('',#1344,#449,#450);
#388=AXIS2_PLACEMENT_3D('',#1345,#451,#452);
#389=AXIS2_PLACEMENT_3D('',#1346,#453,#454);
#390=AXIS2_PLACEMENT_3D('',#1347,#455,#456);
#391=AXIS2_PLACEMENT_3D('',#1350,#458,#459);
#392=AXIS2_PLACEMENT_3D('',#1461,#460,#461);
#393=AXIS2_PLACEMENT_3D('',#1462,#462,#463);
#394=AXIS2_PLACEMENT_3D('',#1463,#464,#465);
#395=AXIS2_PLACEMENT_3D('',#1466,#467,#468);
#396=AXIS2_PLACEMENT_3D('',#1467,#469,#470);
#397=AXIS2_PLACEMENT_3D('',#1469,#471,#472);
#398=AXIS2_PLACEMENT_3D('',#1470,#473,#474);
#399=AXIS2_PLACEMENT_3D('',#1472,#476,#477);
#400=AXIS2_PLACEMENT_3D('',#1474,#478,#479);
#401=AXIS2_PLACEMENT_3D('',#1475,#480,#481);
#402=AXIS2_PLACEMENT_3D('',#1477,#483,#484);
#403=DIRECTION('axis',(0.,0.,1.));
#404=DIRECTION('refdir',(1.,0.,0.));
#405=DIRECTION('axis',(0.,0.,1.));
#406=DIRECTION('refdir',(1.,0.,0.));
#407=DIRECTION('center_axis',(-4.43798613356872E-35,0.608761429008721,-0.793353340291235));
#408=DIRECTION('ref_axis',(1.24533141193201E-8,-0.793353340291234,-0.608761429008722));
#409=DIRECTION('center_axis',(0.964753807424868,-0.208774200394147,-0.160198078356157));
#410=DIRECTION('ref_axis',(0.,0.608761429008721,-0.793353340291235));
#411=DIRECTION('center_axis',(-4.43798613356872E-35,0.608761429008721,-0.793353340291235));
#412=DIRECTION('ref_axis',(1.,-8.08627006124622E-16,-6.11933950580795E-16));
#413=DIRECTION('center_axis',(-0.964753800870586,-0.208774219457447,-0.160198092983941));
#414=DIRECTION('ref_axis',(-0.263154144382637,0.765390643683597,0.587304911315963));
#415=DIRECTION('center_axis',(4.43798613356872E-35,-0.608761429008721,0.793353340291235));
#416=DIRECTION('ref_axis',(1.,-8.04498941271497E-16,-6.17313749438121E-16));
#417=DIRECTION('center_axis',(0.26935504108443,0.898201249146085,0.347393692911684));
#418=DIRECTION('ref_axis',(0.810088989330583,-0.406386065470539,0.422618261740699));
#419=DIRECTION('center_axis',(-0.269355041084432,0.898201249146086,0.347393692911681));
#420=DIRECTION('ref_axis',(-0.960046239074216,-0.222013123171013,-0.170356661094616));
#421=DIRECTION('center_axis',(4.43798613356872E-35,-0.608761429008721,0.793353340291235));
#422=DIRECTION('ref_axis',(1.,7.2901894274008E-35,6.84227765783602E-49));
#423=DIRECTION('center_axis',(4.43798613356872E-35,-0.608761429008721,0.793353340291235));
#424=DIRECTION('ref_axis',(1.,7.29018942740079E-35,6.84227765783602E-49));
#425=DIRECTION('center_axis',(0.,0.608761429008721,-0.793353340291235));
#426=DIRECTION('ref_axis',(1.19936239330633E-8,-0.793353340291235,-0.608761429008721));
#427=DIRECTION('center_axis',(0.637228652778606,-0.262539992441359,0.724577391620008));
#428=DIRECTION('ref_axis',(0.109903357498583,-0.899619395552257,-0.422618261740699));
#429=DIRECTION('center_axis',(-0.637228652778604,-0.26253999244136,0.724577391620009));
#430=DIRECTION('ref_axis',(-0.343159457411197,-0.745178673819837,-0.57179570728833));
#431=DIRECTION('center_axis',(-0.127595961096539,0.991826230098726,2.36099956430922E-17));
#432=DIRECTION('ref_axis',(-1.85037170770859E-16,0.,-1.));
#433=DIRECTION('center_axis',(0.,0.,1.));
#434=DIRECTION('ref_axis',(-1.22464679914735E-16,-1.,0.));
#435=DIRECTION('center_axis',(0.809081591229891,-0.587696332073723,-7.48550842819818E-17));
#436=DIRECTION('ref_axis',(-0.532633762171292,-0.733276946479653,-0.422618261740702));
#437=DIRECTION('center_axis',(0.,0.,-1.));
#438=DIRECTION('ref_axis',(-1.22464679914735E-16,-1.,0.));
#439=DIRECTION('center_axis',(0.809081591229888,0.587696332073727,3.5364526877169E-15));
#440=DIRECTION('ref_axis',(0.532633762171296,-0.73327694647965,-0.422618261740701));
#441=DIRECTION('center_axis',(0.,0.,1.));
#442=DIRECTION('ref_axis',(-1.22464679914735E-16,-1.,0.));
#443=DIRECTION('center_axis',(0.127595961096539,0.991826230098726,2.36099956430922E-17));
#444=DIRECTION('ref_axis',(0.898899835725678,-0.115641213136219,-0.422618261740701));
#445=DIRECTION('center_axis',(0.,0.,-1.));
#446=DIRECTION('ref_axis',(-1.22464679914735E-16,-1.,0.));
#447=DIRECTION('center_axis',(0.,0.,-1.));
#448=DIRECTION('ref_axis',(0.,1.,0.));
#449=DIRECTION('center_axis',(0.,0.,1.));
#450=DIRECTION('ref_axis',(-4.58851464680861E-35,1.,0.));
#451=DIRECTION('center_axis',(0.,0.,-1.));
#452=DIRECTION('ref_axis',(0.,1.,0.));
#453=DIRECTION('center_axis',(0.,0.,1.));
#454=DIRECTION('ref_axis',(-4.58851464680861E-35,1.,0.));
#455=DIRECTION('center_axis',(0.,0.,1.));
#456=DIRECTION('ref_axis',(0.,1.,0.));
#457=DIRECTION('',(-5.17558101501967E-17,-0.4226182617407,0.90630778703665));
#458=DIRECTION('center_axis',(0.,0.,-1.));
#459=DIRECTION('ref_axis',(1.,0.,0.));
#460=DIRECTION('center_axis',(0.,-0.208049352202237,-0.978118329778269));
#461=DIRECTION('ref_axis',(-3.75559116513634E-35,0.978118329778268,-0.208049352202237));
#462=DIRECTION('center_axis',(0.,-0.208049352202237,-0.978118329778269));
#463=DIRECTION('ref_axis',(-3.75559116513634E-35,0.978118329778268,-0.208049352202237));
#464=DIRECTION('center_axis',(0.,-0.608761429008721,0.793353340291235));
#465=DIRECTION('ref_axis',(1.,4.58851464680861E-35,3.520891123233E-35));
#466=DIRECTION('',(0.,0.608761429008721,-0.793353340291235));
#467=DIRECTION('center_axis',(-4.43798613356872E-35,0.608761429008721,-0.793353340291235));
#468=DIRECTION('ref_axis',(1.,7.29018942740079E-35,6.84227765783602E-49));
#469=DIRECTION('center_axis',(0.,0.,1.));
#470=DIRECTION('ref_axis',(1.,0.,0.));
#471=DIRECTION('center_axis',(0.,0.,-1.));
#472=DIRECTION('ref_axis',(1.,0.,0.));
#473=DIRECTION('center_axis',(0.,0.,1.));
#474=DIRECTION('ref_axis',(0.,1.,0.));
#475=DIRECTION('',(-5.17558101501966E-17,-0.422618261740699,0.90630778703665));
#476=DIRECTION('center_axis',(4.43798613356872E-35,-0.608761429008721,0.793353340291235));
#477=DIRECTION('ref_axis',(1.,7.2901894274008E-35,6.84227765783602E-49));
#478=DIRECTION('center_axis',(-4.43798613356872E-35,0.608761429008721,-0.793353340291235));
#479=DIRECTION('ref_axis',(1.,7.29018942740079E-35,6.84227765783602E-49));
#480=DIRECTION('center_axis',(0.,0.608761429008721,-0.793353340291235));
#481=DIRECTION('ref_axis',(1.,4.58851464680861E-35,3.520891123233E-35));
#482=DIRECTION('',(0.,-0.608761429008721,0.793353340291235));
#483=DIRECTION('',(0.,0.,1.));
#484=DIRECTION('',(1.,0.,0.));
#485=CARTESIAN_POINT('',(0.,0.,0.));
#486=CARTESIAN_POINT('',(0.,0.,0.));
#487=CARTESIAN_POINT('Origin',(6.53014551098783E-33,-28.2756475623387,51.6738867648492));
#488=CARTESIAN_POINT('',(0.572360211769674,-26.0021614572277,52.1579215960858));
#489=CARTESIAN_POINT('',(0.835514332123549,-25.8455322305573,53.5385798428267));
#490=CARTESIAN_POINT('Origin',(0.572360211769674,-26.6109228862365,52.951274936377));
#491=CARTESIAN_POINT('',(-0.835514408414874,-25.8455322538626,53.5385798390148));
#492=CARTESIAN_POINT('Origin',(6.53014551098783E-33,-28.2756475623387,51.6738867648492));
#493=CARTESIAN_POINT('',(-0.572360264032237,-26.0021614685374,52.1579215874076));
#494=CARTESIAN_POINT('Origin',(-0.572360264032237,-26.6109228975462,52.9512749276988));
#495=CARTESIAN_POINT('Origin',(6.48576564965215E-33,-27.66688613333,50.880533424558));
#496=CARTESIAN_POINT('Ctrl Pts',(-0.835514404588605,-25.8455322478182,53.538579832852));
#497=CARTESIAN_POINT('Ctrl Pts',(-0.299258903977459,-25.7177982899668,53.6123940971506));
#498=CARTESIAN_POINT('Ctrl Pts',(0.299258826281083,-25.7177982829763,53.6123941010719));
#499=CARTESIAN_POINT('Ctrl Pts',(0.835514332123525,-25.8455322305573,53.5385798428266));
#500=CARTESIAN_POINT('Ctrl Pts',(-0.835514404792875,-25.6633912532887,53.3012090685768));
#501=CARTESIAN_POINT('Ctrl Pts',(-0.2971780145101,-25.5423121576275,53.3745488631616));
#502=CARTESIAN_POINT('Ctrl Pts',(0.297177936984965,-25.5423121510798,53.3745488670354));
#503=CARTESIAN_POINT('Ctrl Pts',(0.835514332123527,-25.6633912369227,53.3012090784876));
#504=CARTESIAN_POINT('Ctrl Pts',(-0.769399803033583,-25.5404287500011,52.7428022060586));
#505=CARTESIAN_POINT('Ctrl Pts',(-0.271996451894001,-25.4374497511318,52.815926743868));
#506=CARTESIAN_POINT('Ctrl Pts',(0.271996380754332,-25.437449745699,52.8159267476983));
#507=CARTESIAN_POINT('Ctrl Pts',(0.76939973579896,-25.5404287360868,52.7428022159403));
#508=CARTESIAN_POINT('Ctrl Pts',(-0.631411913697294,-25.8304082074129,52.2897124999418));
#509=CARTESIAN_POINT('Ctrl Pts',(-0.221458619055197,-25.7439596775843,52.3561091896948));
#510=CARTESIAN_POINT('Ctrl Pts',(0.221458560844135,-25.7439596731178,52.356109193117));
#511=CARTESIAN_POINT('Ctrl Pts',(0.631411858288634,-25.8304081957271,52.2897125089086));
#512=CARTESIAN_POINT('Ctrl Pts',(-0.572360262117751,-26.0021614681231,52.1579215877255));
#513=CARTESIAN_POINT('Ctrl Pts',(-0.199774802676208,-25.9215333972114,52.2197896825247));
#514=CARTESIAN_POINT('Ctrl Pts',(0.199774749998259,-25.9215333930924,52.2197896856853));
#515=CARTESIAN_POINT('Ctrl Pts',(0.572360211769663,-26.0021614572277,52.1579215960858));
#516=CARTESIAN_POINT('Ctrl Pts',(0.572360211769663,-26.0021614572277,52.1579215960858));
#517=CARTESIAN_POINT('Ctrl Pts',(0.199774749998259,-25.9215333930924,52.2197896856853));
#518=CARTESIAN_POINT('Ctrl Pts',(-0.199774802676208,-25.9215333972114,52.2197896825247));
#519=CARTESIAN_POINT('Ctrl Pts',(-0.572360262117751,-26.0021614681231,52.1579215877255));
#520=CARTESIAN_POINT('Ctrl Pts',(-0.835514404588605,-25.8455322478182,53.538579832852));
#521=CARTESIAN_POINT('Ctrl Pts',(-0.299258903977459,-25.7177982899668,53.6123940971506));
#522=CARTESIAN_POINT('Ctrl Pts',(0.299258826281083,-25.7177982829763,53.6123941010719));
#523=CARTESIAN_POINT('Ctrl Pts',(0.835514332123525,-25.8455322305573,53.5385798428266));
#524=CARTESIAN_POINT('Ctrl Pts',(-3.04814680906064,-28.925076633168,53.9797543111141));
#525=CARTESIAN_POINT('Ctrl Pts',(-2.83437313430847,-27.9233539117137,53.8790069885717));
#526=CARTESIAN_POINT('Ctrl Pts',(-2.10182588642396,-26.5098113905955,53.6491457599136));
#527=CARTESIAN_POINT('Ctrl Pts',(-0.606163896506141,-25.6577578187599,53.5081031267929));
#528=CARTESIAN_POINT('Ctrl Pts',(0.60716613139561,-25.6575252158757,53.5070220419422));
#529=CARTESIAN_POINT('Ctrl Pts',(1.72761532996042,-26.2975233424269,53.615059907884));
#530=CARTESIAN_POINT('Ctrl Pts',(2.59477220028856,-27.4481587465247,53.7972696656057));
#531=CARTESIAN_POINT('Ctrl Pts',(2.94125997168455,-28.4242152724408,53.9293806498429));
#532=CARTESIAN_POINT('Ctrl Pts',(3.04814680906063,-28.925076633168,53.9797543111141));
#533=CARTESIAN_POINT('Ctrl Pts',(-2.98235433082994,-29.254002090469,54.7791923165055));
#534=CARTESIAN_POINT('Ctrl Pts',(-2.69786888636133,-28.3302758466127,54.842935486836));
#535=CARTESIAN_POINT('Ctrl Pts',(-1.83779866433943,-27.1515163305492,54.7659013299692));
#536=CARTESIAN_POINT('Ctrl Pts',(-0.502788194648093,-26.5558500779472,54.6609972283185));
#537=CARTESIAN_POINT('Ctrl Pts',(0.503798727556549,-26.5519530333602,54.6615432000658));
#538=CARTESIAN_POINT('Ctrl Pts',(1.50357980424506,-27.0063704977141,54.7394382290892));
#539=CARTESIAN_POINT('Ctrl Pts',(2.41230727762254,-27.9236552312163,54.8168849081805));
#540=CARTESIAN_POINT('Ctrl Pts',(2.8401116085956,-28.7921389685408,54.8110639016707));
#541=CARTESIAN_POINT('Ctrl Pts',(2.98235433082994,-29.254002090469,54.7791923165055));
#542=CARTESIAN_POINT('Ctrl Pts',(-3.14115978226641,-29.7661005526993,56.2263761244307));
#543=CARTESIAN_POINT('Ctrl Pts',(-2.83477184897888,-28.8978393946041,56.6390643824139));
#544=CARTESIAN_POINT('Ctrl Pts',(-1.8574066768474,-27.8747031087106,57.0235365371219));
#545=CARTESIAN_POINT('Ctrl Pts',(-0.491825078670349,-27.4543475288312,57.1840412194243));
#546=CARTESIAN_POINT('Ctrl Pts',(0.492979137012385,-27.4489434091455,57.1844286085702));
#547=CARTESIAN_POINT('Ctrl Pts',(1.51548319521611,-27.7741236526565,57.0635831593157));
#548=CARTESIAN_POINT('Ctrl Pts',(2.50947055062464,-28.5368120952716,56.7678389167456));
#549=CARTESIAN_POINT('Ctrl Pts',(2.98796581562256,-29.3319699736514,56.4327202534224));
#550=CARTESIAN_POINT('Ctrl Pts',(3.14115978226641,-29.7661005526993,56.2263761244307));
#551=CARTESIAN_POINT('Ctrl Pts',(-3.75923058238546,-30.1067196688822,57.5862885553043));
#552=CARTESIAN_POINT('Ctrl Pts',(-3.59897318938203,-29.1227051483218,58.3403673663167));
#553=CARTESIAN_POINT('Ctrl Pts',(-2.69348985590776,-27.7192576779296,59.2391277098751));
#554=CARTESIAN_POINT('Ctrl Pts',(-0.773320746820616,-26.9118384133905,59.7600476787162));
#555=CARTESIAN_POINT('Ctrl Pts',(0.775489678032796,-26.9103539724595,59.7587867671158));
#556=CARTESIAN_POINT('Ctrl Pts',(2.2126902012503,-27.5191053974331,59.3704642372646));
#557=CARTESIAN_POINT('Ctrl Pts',(3.30531928924044,-28.6468078608585,58.6363431136976));
#558=CARTESIAN_POINT('Ctrl Pts',(3.6791018858836,-29.6147124086016,57.9633279608107));
#559=CARTESIAN_POINT('Ctrl Pts',(3.75923058238546,-30.1067196688822,57.5862885553043));
#560=CARTESIAN_POINT('Ctrl Pts',(-4.09784755726608,-30.2156872292647,58.1305787709613));
#561=CARTESIAN_POINT('Ctrl Pts',(-4.02424005840221,-29.1500943328825,59.0141503389628));
#562=CARTESIAN_POINT('Ctrl Pts',(-3.16812892130112,-27.49568122289,60.101621273972));
#563=CARTESIAN_POINT('Ctrl Pts',(-0.933427939913574,-26.4412304545799,60.7526065240705));
#564=CARTESIAN_POINT('Ctrl Pts',(0.936308768170813,-26.4423237687733,60.7508898145611));
#565=CARTESIAN_POINT('Ctrl Pts',(2.60852163858325,-27.2318035959353,60.2657299208211));
#566=CARTESIAN_POINT('Ctrl Pts',(3.75205915155473,-28.5979194113432,59.3716174173325));
#567=CARTESIAN_POINT('Ctrl Pts',(4.06104380783399,-29.6828907810731,58.5723645549623));
#568=CARTESIAN_POINT('Ctrl Pts',(4.09784755726608,-30.2156872292647,58.1305787709613));
#569=CARTESIAN_POINT('',(-3.04814680906064,-28.925076633168,53.9797543111141));
#570=CARTESIAN_POINT('Ctrl Pts',(-0.835349374060815,-25.8458555094819,53.5391498623899));
#571=CARTESIAN_POINT('Ctrl Pts',(-1.13620167877318,-25.9646559079805,53.5588842830931));
#572=CARTESIAN_POINT('Ctrl Pts',(-2.15343379942689,-26.6093953828451,53.6653394707296));
#573=CARTESIAN_POINT('Ctrl Pts',(-2.83437313430847,-27.9233539117137,53.8790069885717));
#574=CARTESIAN_POINT('Ctrl Pts',(-3.04814680906064,-28.925076633168,53.9797543111141));
#575=CARTESIAN_POINT('',(-4.09784755726608,-30.2156872292647,58.1305787709613));
#576=CARTESIAN_POINT('Origin',(-9.76847048258015,-27.3709847709709,55.1722509387764));
#577=CARTESIAN_POINT('',(4.09784755726607,-30.2156872292647,58.1305787709613));
#578=CARTESIAN_POINT('Ctrl Pts',(-4.09784755726608,-30.2156872292647,58.1305787709613));
#579=CARTESIAN_POINT('Ctrl Pts',(-4.02424005840221,-29.1500943328825,59.0141503389628));
#580=CARTESIAN_POINT('Ctrl Pts',(-3.16812892130112,-27.49568122289,60.101621273972));
#581=CARTESIAN_POINT('Ctrl Pts',(-0.933427939913574,-26.4412304545799,60.7526065240705));
#582=CARTESIAN_POINT('Ctrl Pts',(0.936308768170813,-26.4423237687733,60.7508898145611));
#583=CARTESIAN_POINT('Ctrl Pts',(2.60852163858325,-27.2318035959353,60.2657299208211));
#584=CARTESIAN_POINT('Ctrl Pts',(3.75205915155473,-28.5979194113432,59.3716174173325));
#585=CARTESIAN_POINT('Ctrl Pts',(4.06104380783399,-29.6828907810731,58.5723645549623));
#586=CARTESIAN_POINT('Ctrl Pts',(4.09784755726608,-30.2156872292647,58.1305787709613));
#587=CARTESIAN_POINT('',(3.04814680906064,-28.925076633168,53.9797543111141));
#588=CARTESIAN_POINT('Origin',(9.76847048258015,-27.3709847709709,55.1722509387764));
#589=CARTESIAN_POINT('Ctrl Pts',(3.04814680906063,-28.925076633168,53.9797543111141));
#590=CARTESIAN_POINT('Ctrl Pts',(2.94125997168455,-28.4242152724408,53.9293806498429));
#591=CARTESIAN_POINT('Ctrl Pts',(2.59477220028856,-27.4481587465247,53.7972696656057));
#592=CARTESIAN_POINT('Ctrl Pts',(1.78862242680055,-26.3784740076727,53.627878912974));
#593=CARTESIAN_POINT('Ctrl Pts',(1.13642262407047,-25.9647006493676,53.5587869180685));
#594=CARTESIAN_POINT('Ctrl Pts',(0.835648495840333,-25.8458012467933,53.5388712719321));
#595=CARTESIAN_POINT('Origin',(2.2388677144615E-33,-27.66688613333,50.880533424558));
#596=CARTESIAN_POINT('',(-1.175,-27.66688613333,50.880533424558));
#597=CARTESIAN_POINT('Origin',(6.53014551098783E-33,-27.66688613333,50.880533424558));
#598=CARTESIAN_POINT('Ctrl Pts',(-1.08953127728059,-36.0303844857931,56.8812492903677));
#599=CARTESIAN_POINT('Ctrl Pts',(-1.08985801081405,-36.02996703916,56.8809013503187));
#600=CARTESIAN_POINT('Ctrl Pts',(-1.09018479425032,-36.0295498456965,56.8805538701341));
#601=CARTESIAN_POINT('Ctrl Pts',(-1.11670625236392,-35.9957150406527,56.8523924097172));
#602=CARTESIAN_POINT('Ctrl Pts',(-1.16941967459915,-35.9306882176342,56.8006164624256));
#603=CARTESIAN_POINT('Ctrl Pts',(-1.27384599777714,-35.799224685461,56.6998965988997));
#604=CARTESIAN_POINT('Ctrl Pts',(-1.45357133242838,-35.5624402026762,56.5269262428931));
#605=CARTESIAN_POINT('Ctrl Pts',(-1.64939968739612,-35.2734227498639,56.3304461528912));
#606=CARTESIAN_POINT('Ctrl Pts',(-1.8353045179873,-34.9662627031294,56.1344353414337));
#607=CARTESIAN_POINT('Ctrl Pts',(-1.96951220015481,-34.7274944891888,55.9882395438085));
#608=CARTESIAN_POINT('Ctrl Pts',(-2.09803986071776,-34.4814320246457,55.843656585191));
#609=CARTESIAN_POINT('Ctrl Pts',(-2.2205492888473,-34.2290946664067,55.7014608736705));
#610=CARTESIAN_POINT('Ctrl Pts',(-2.31733304479748,-34.014489458829,55.5856048782953));
#611=CARTESIAN_POINT('Ctrl Pts',(-2.39141149731763,-33.8407645296924,55.4948755165085));
#612=CARTESIAN_POINT('Ctrl Pts',(-2.44527507827333,-33.7095428632322,55.427871898788));
#613=CARTESIAN_POINT('Ctrl Pts',(-2.49736201430273,-33.5776408455115,55.362051127866));
#614=CARTESIAN_POINT('Ctrl Pts',(-2.56455572576788,-33.40063419618,55.2757673091759));
#615=CARTESIAN_POINT('Ctrl Pts',(-2.64460729721118,-33.1764398225392,55.1703611892235));
#616=CARTESIAN_POINT('Ctrl Pts',(-2.73379902462572,-32.9039975134085,55.0486080377624));
#617=CARTESIAN_POINT('Ctrl Pts',(-2.81574647498997,-32.629003882267,54.9321227085244));
#618=CARTESIAN_POINT('Ctrl Pts',(-2.89003424176667,-32.3525171554538,54.8214499891302));
#619=CARTESIAN_POINT('Ctrl Pts',(-2.95631911118835,-32.0754431995116,54.7169916762647));
#620=CARTESIAN_POINT('Ctrl Pts',(-3.01428088970538,-31.7988216571909,54.6191039983389));
#621=CARTESIAN_POINT('Ctrl Pts',(-3.0636774796774,-31.5233248133834,54.5279610300756));
#622=CARTESIAN_POINT('Ctrl Pts',(-3.10426157954182,-31.2503132874322,54.4438377941263));
#623=CARTESIAN_POINT('Ctrl Pts',(-3.14686285267899,-30.8864983066712,54.3399438583901));
#624=CARTESIAN_POINT('Ctrl Pts',(-3.17744469119442,-30.4354277342393,54.2264348435726));
#625=CARTESIAN_POINT('Ctrl Pts',(-3.17567778738707,-29.9075690371483,54.1170988391936));
#626=CARTESIAN_POINT('Ctrl Pts',(-3.13482745074285,-29.4020512111034,54.0343438625291));
#627=CARTESIAN_POINT('Ctrl Pts',(-3.08140857518653,-29.080938045583,53.9954299263839));
#628=CARTESIAN_POINT('Ctrl Pts',(-3.04814680906064,-28.925076633168,53.9797543111141));
#629=CARTESIAN_POINT('Ctrl Pts',(-1.0895312772806,-36.0303844857931,56.8812492903677));
#630=CARTESIAN_POINT('Ctrl Pts',(-1.08999606105897,-36.0301151610293,56.8811772364532));
#631=CARTESIAN_POINT('Ctrl Pts',(-1.09045971896045,-36.0298452578902,56.8811039375404));
#632=CARTESIAN_POINT('Ctrl Pts',(-1.12725784736412,-36.0074316809661,56.8740282086617));
#633=CARTESIAN_POINT('Ctrl Pts',(-1.19487770498826,-35.9602919352696,56.8554134616154));
#634=CARTESIAN_POINT('Ctrl Pts',(-1.32506310636361,-35.8587307542094,56.8135149162359));
#635=CARTESIAN_POINT('Ctrl Pts',(-1.54533395207533,-35.6648557755103,56.7348966489594));
#636=CARTESIAN_POINT('Ctrl Pts',(-1.78175952830039,-35.4110228893111,56.6387940824096));
#637=CARTESIAN_POINT('Ctrl Pts',(-2.00158669836299,-35.1300154286461,56.5399109381145));
#638=CARTESIAN_POINT('Ctrl Pts',(-2.15741254770471,-34.9070512484711,56.4648823618861));
#639=CARTESIAN_POINT('Ctrl Pts',(-2.30336110900928,-34.6737787005141,56.389760885423));
#640=CARTESIAN_POINT('Ctrl Pts',(-2.43885213601484,-34.4319204428408,56.3151331535013));
#641=CARTESIAN_POINT('Ctrl Pts',(-2.54266441818593,-34.2247098776326,56.2538666981082));
#642=CARTESIAN_POINT('Ctrl Pts',(-2.62010588511145,-34.0564128202693,56.2056685852497));
#643=CARTESIAN_POINT('Ctrl Pts',(-2.67537867979701,-33.9290947079777,56.1699839382515));
#644=CARTESIAN_POINT('Ctrl Pts',(-2.72778070117997,-33.8009950705425,56.1348475225954));
#645=CARTESIAN_POINT('Ctrl Pts',(-2.79397497967165,-33.6290223496964,56.0886971397802));
#646=CARTESIAN_POINT('Ctrl Pts',(-2.87015594522419,-33.4112409443091,56.0321763233797));
#647=CARTESIAN_POINT('Ctrl Pts',(-2.95072616123584,-33.1471299640286,55.9667268425084));
#648=CARTESIAN_POINT('Ctrl Pts',(-3.02037339075317,-32.8814996821927,55.9039960495987));
#649=CARTESIAN_POINT('Ctrl Pts',(-3.07905109529445,-32.6157312395796,55.8443116715358));
#650=CARTESIAN_POINT('Ctrl Pts',(-3.12682931359171,-32.3509952004535,55.7879122559178));
#651=CARTESIAN_POINT('Ctrl Pts',(-3.16385323450104,-32.0885150419536,55.7349929594234));
#652=CARTESIAN_POINT('Ctrl Pts',(-3.19033771019767,-31.8291088294937,55.685638241138));
#653=CARTESIAN_POINT('Ctrl Pts',(-3.20656887295171,-31.5741669221115,55.6399867942281));
#654=CARTESIAN_POINT('Ctrl Pts',(-3.21504079791353,-31.2374057015858,55.5834175523485));
#655=CARTESIAN_POINT('Ctrl Pts',(-3.20110669497728,-30.8256985094073,55.5211664061516));
#656=CARTESIAN_POINT('Ctrl Pts',(-3.14685340724879,-30.3533699427537,55.4601264549996));
#657=CARTESIAN_POINT('Ctrl Pts',(-3.05828942786004,-29.9099613054698,55.4124428768679));
#658=CARTESIAN_POINT('Ctrl Pts',(-2.97804778954688,-29.6336263336073,55.388728264723));
#659=CARTESIAN_POINT('Ctrl Pts',(-2.93300997215692,-29.5006961834448,55.3787708205489));
#660=CARTESIAN_POINT('Ctrl Pts',(-1.08953127728061,-36.0303844857931,56.8812492903677));
#661=CARTESIAN_POINT('Ctrl Pts',(-1.09013411176295,-36.0302632833085,56.8814531234051));
#662=CARTESIAN_POINT('Ctrl Pts',(-1.090734669944,-36.030140726565,56.8816539627079));
#663=CARTESIAN_POINT('Ctrl Pts',(-1.14002110880738,-36.0205224109659,56.8987888344821));
#664=CARTESIAN_POINT('Ctrl Pts',(-1.220835247232,-35.9905863356219,56.910119306161));
#665=CARTESIAN_POINT('Ctrl Pts',(-1.37906554817451,-35.921738661009,56.9270286801349));
#666=CARTESIAN_POINT('Ctrl Pts',(-1.6426748165252,-35.7760857746974,56.9369551000917));
#667=CARTESIAN_POINT('Ctrl Pts',(-1.92843116553652,-35.5677358753619,56.9338318966435));
#668=CARTESIAN_POINT('Ctrl Pts',(-2.19502774625391,-35.3243586044601,56.9227399836591));
#669=CARTESIAN_POINT('Ctrl Pts',(-2.38458144904593,-35.1262651903839,56.9118748485774));
#670=CARTESIAN_POINT('Ctrl Pts',(-2.56224382450779,-34.9147293041905,56.8991408431535));
#671=CARTESIAN_POINT('Ctrl Pts',(-2.72716336622958,-34.6918957436731,56.8854135988957));
#672=CARTESIAN_POINT('Ctrl Pts',(-2.85330185616882,-34.4985462792408,56.8736170696274));
#673=CARTESIAN_POINT('Ctrl Pts',(-2.94723433124158,-34.3403496848485,56.8643040944727));
#674=CARTESIAN_POINT('Ctrl Pts',(-3.01415998003751,-34.2201453031917,56.8574125115186));
#675=CARTESIAN_POINT('Ctrl Pts',(-3.07748612939362,-34.098738333958,56.8506857933606));
#676=CARTESIAN_POINT('Ctrl Pts',(-3.15729902251808,-33.9352008937635,56.8419808643451));
#677=CARTESIAN_POINT('Ctrl Pts',(-3.24876927197412,-33.7271749173997,56.8316360592761));
#678=CARTESIAN_POINT('Ctrl Pts',(-3.34489076832299,-33.4737740786733,56.8204916369056));
#679=CARTESIAN_POINT('Ctrl Pts',(-3.42732032831347,-33.2180874071152,56.810868135132));
#680=CARTESIAN_POINT('Ctrl Pts',(-3.49609180538509,-32.9616991050843,56.8029842077198));
#681=CARTESIAN_POINT('Ctrl Pts',(-3.55139443885801,-32.705950091552,56.7969718214488));
#682=CARTESIAN_POINT('Ctrl Pts',(-3.59352697726609,-32.4522014077762,56.7929110544435));
#683=CARTESIAN_POINT('Ctrl Pts',(-3.62287256364475,-32.2013847689089,56.7908172070067));
#684=CARTESIAN_POINT('Ctrl Pts',(-3.6399170083529,-31.9549570061227,56.7906553033596));
#685=CARTESIAN_POINT('Ctrl Pts',(-3.64696431553228,-31.6296498922957,56.7929467596484));
#686=CARTESIAN_POINT('Ctrl Pts',(-3.62689086964587,-31.2324987542877,56.8003599139546));
#687=CARTESIAN_POINT('Ctrl Pts',(-3.55964316457434,-30.7780777296138,56.8156760861072));
#688=CARTESIAN_POINT('Ctrl Pts',(-3.45382321666041,-30.3527291915689,56.8359989626332));
#689=CARTESIAN_POINT('Ctrl Pts',(-3.35993648584343,-30.0884281858791,56.8521179875917));
#690=CARTESIAN_POINT('Ctrl Pts',(-3.30774128254463,-29.9614295883722,56.8605682677615));
#691=CARTESIAN_POINT('Ctrl Pts',(-1.08953127728063,-36.0303844857931,56.8812492903677));
#692=CARTESIAN_POINT('Ctrl Pts',(-1.0902721620115,-36.0304114051859,56.8817290095335));
#693=CARTESIAN_POINT('Ctrl Pts',(-1.0910096463108,-36.0304362509316,56.8822039440404));
#694=CARTESIAN_POINT('Ctrl Pts',(-1.15059864072859,-36.0322949350829,56.9203821489715));
#695=CARTESIAN_POINT('Ctrl Pts',(-1.24681295247997,-36.0213022039368,56.9640547327976));
#696=CARTESIAN_POINT('Ctrl Pts',(-1.43304936322626,-35.9864996053508,57.0364142598671));
#697=CARTESIAN_POINT('Ctrl Pts',(-1.74434251230015,-35.8951389375305,57.1309911102219));
#698=CARTESIAN_POINT('Ctrl Pts',(-2.0864985886122,-35.741018653964,57.2104144276747));
#699=CARTESIAN_POINT('Ctrl Pts',(-2.41100086899029,-35.5449612397911,57.2742360995539));
#700=CARTESIAN_POINT('Ctrl Pts',(-2.64422167574992,-35.3788303744265,57.3162384492968));
#701=CARTESIAN_POINT('Ctrl Pts',(-2.86528545969649,-35.1957090373279,57.3536356231441));
#702=CARTESIAN_POINT('Ctrl Pts',(-3.07287931184854,-34.997785412496,57.387662291903));
#703=CARTESIAN_POINT('Ctrl Pts',(-3.23364494753865,-34.822348304522,57.4139842523713));
#704=CARTESIAN_POINT('Ctrl Pts',(-3.35455420473399,-34.6768378140047,57.4342881853748));
#705=CARTESIAN_POINT('Ctrl Pts',(-3.44132569127002,-34.5653477751231,57.4492125733782));
#706=CARTESIAN_POINT('Ctrl Pts',(-3.52406206490098,-34.4518667083586,57.463910450888));
#707=CARTESIAN_POINT('Ctrl Pts',(-3.62920281223497,-34.2978973796049,57.4833518360122));
#708=CARTESIAN_POINT('Ctrl Pts',(-3.75138756913405,-34.1000468303171,57.5076293645299));
#709=CARTESIAN_POINT('Ctrl Pts',(-3.88261993871366,-33.856072592976,57.5372132898172));
#710=CARTESIAN_POINT('Ctrl Pts',(-3.9982833795427,-33.6071291664001,57.567624504371));
#711=CARTESIAN_POINT('Ctrl Pts',(-4.0982816433611,-33.3548938633036,57.5991483118508));
#712=CARTESIAN_POINT('Ctrl Pts',(-4.18271226294313,-33.1008023500608,57.631987431183));
#713=CARTESIAN_POINT('Ctrl Pts',(-4.25178370631442,-32.8463155049637,57.6662475771136));
#714=CARTESIAN_POINT('Ctrl Pts',(-4.30581675611774,-32.5924546361918,57.7019999928489));
#715=CARTESIAN_POINT('Ctrl Pts',(-4.34520288355167,-32.3407974539678,57.7391595570943));
#716=CARTESIAN_POINT('Ctrl Pts',(-4.37910563592872,-32.0056277170553,57.791066907548));
#717=CARTESIAN_POINT('Ctrl Pts',(-4.38668759191708,-31.5909021610313,57.860016542891));
#718=CARTESIAN_POINT('Ctrl Pts',(-4.34203393150544,-31.1077809184036,57.9479332397572));
#719=CARTESIAN_POINT('Ctrl Pts',(-4.24724103637165,-30.6474925351394,58.0386348275517));
#720=CARTESIAN_POINT('Ctrl Pts',(-4.15258029007352,-30.3565846144451,58.1000066188209));
#721=CARTESIAN_POINT('Ctrl Pts',(-4.09784755726607,-30.2156872292647,58.1305787709613));
#722=CARTESIAN_POINT('',(-1.08953127728055,-36.0303844857931,56.8812492903677));
#723=CARTESIAN_POINT('Ctrl Pts',(-3.04814680906064,-28.925076633168,53.9797543111141));
#724=CARTESIAN_POINT('Ctrl Pts',(-3.08140857518653,-29.080938045583,53.9954299263839));
#725=CARTESIAN_POINT('Ctrl Pts',(-3.13482745074285,-29.4020512111034,54.0343438625291));
#726=CARTESIAN_POINT('Ctrl Pts',(-3.17567778738707,-29.9075690371483,54.1170988391936));
#727=CARTESIAN_POINT('Ctrl Pts',(-3.17744469119442,-30.4354277342393,54.2264348435726));
#728=CARTESIAN_POINT('Ctrl Pts',(-3.14686285267899,-30.8864983066712,54.3399438583901));
#729=CARTESIAN_POINT('Ctrl Pts',(-3.10426157954182,-31.2503132874322,54.4438377941263));
#730=CARTESIAN_POINT('Ctrl Pts',(-3.0636774796774,-31.5233248133834,54.5279610300756));
#731=CARTESIAN_POINT('Ctrl Pts',(-3.01428088970538,-31.7988216571909,54.6191039983389));
#732=CARTESIAN_POINT('Ctrl Pts',(-2.95631911118835,-32.0754431995116,54.7169916762647));
#733=CARTESIAN_POINT('Ctrl Pts',(-2.89003424176667,-32.3525171554538,54.8214499891302));
#734=CARTESIAN_POINT('Ctrl Pts',(-2.81574647498997,-32.629003882267,54.9321227085244));
#735=CARTESIAN_POINT('Ctrl Pts',(-2.73379902462572,-32.9039975134085,55.0486080377624));
#736=CARTESIAN_POINT('Ctrl Pts',(-2.64460729721118,-33.1764398225392,55.1703611892235));
#737=CARTESIAN_POINT('Ctrl Pts',(-2.56455572576788,-33.40063419618,55.2757673091759));
#738=CARTESIAN_POINT('Ctrl Pts',(-2.49736201430273,-33.5776408455115,55.362051127866));
#739=CARTESIAN_POINT('Ctrl Pts',(-2.44527507827333,-33.7095428632322,55.427871898788));
#740=CARTESIAN_POINT('Ctrl Pts',(-2.39141149731763,-33.8407645296924,55.4948755165085));
#741=CARTESIAN_POINT('Ctrl Pts',(-2.31733304479748,-34.014489458829,55.5856048782953));
#742=CARTESIAN_POINT('Ctrl Pts',(-2.2205492888473,-34.2290946664067,55.7014608736705));
#743=CARTESIAN_POINT('Ctrl Pts',(-2.09803986071776,-34.4814320246457,55.843656585191));
#744=CARTESIAN_POINT('Ctrl Pts',(-1.96951220015481,-34.7274944891888,55.9882395438085));
#745=CARTESIAN_POINT('Ctrl Pts',(-1.8353045179873,-34.9662627031294,56.1344353414337));
#746=CARTESIAN_POINT('Ctrl Pts',(-1.64939968739612,-35.2734227498639,56.3304461528912));
#747=CARTESIAN_POINT('Ctrl Pts',(-1.45357133242838,-35.5624402026762,56.5269262428931));
#748=CARTESIAN_POINT('Ctrl Pts',(-1.27384599777714,-35.799224685461,56.6998965988997));
#749=CARTESIAN_POINT('Ctrl Pts',(-1.16941967459915,-35.9306882176342,56.8006164624256));
#750=CARTESIAN_POINT('Ctrl Pts',(-1.11670625236392,-35.9957150406527,56.8523924097172));
#751=CARTESIAN_POINT('Ctrl Pts',(-1.09018479425032,-36.0295498456965,56.8805538701341));
#752=CARTESIAN_POINT('Ctrl Pts',(-1.08985801081405,-36.02996703916,56.8809013503187));
#753=CARTESIAN_POINT('Ctrl Pts',(-1.08953127728059,-36.0303844857931,56.8812492903677));
#754=CARTESIAN_POINT('Ctrl Pts',(-1.08953127728063,-36.0303844857931,56.8812492903677));
#755=CARTESIAN_POINT('Ctrl Pts',(-1.0902721620115,-36.0304114051859,56.8817290095335));
#756=CARTESIAN_POINT('Ctrl Pts',(-1.0910096463108,-36.0304362509316,56.8822039440404));
#757=CARTESIAN_POINT('Ctrl Pts',(-1.15059864072859,-36.0322949350829,56.9203821489715));
#758=CARTESIAN_POINT('Ctrl Pts',(-1.24681295247997,-36.0213022039368,56.9640547327976));
#759=CARTESIAN_POINT('Ctrl Pts',(-1.43304936322626,-35.9864996053508,57.0364142598671));
#760=CARTESIAN_POINT('Ctrl Pts',(-1.74434251230015,-35.8951389375305,57.1309911102219));
#761=CARTESIAN_POINT('Ctrl Pts',(-2.0864985886122,-35.741018653964,57.2104144276747));
#762=CARTESIAN_POINT('Ctrl Pts',(-2.41100086899029,-35.5449612397911,57.2742360995539));
#763=CARTESIAN_POINT('Ctrl Pts',(-2.64422167574992,-35.3788303744265,57.3162384492968));
#764=CARTESIAN_POINT('Ctrl Pts',(-2.86528545969649,-35.1957090373279,57.3536356231441));
#765=CARTESIAN_POINT('Ctrl Pts',(-3.07287931184854,-34.997785412496,57.387662291903));
#766=CARTESIAN_POINT('Ctrl Pts',(-3.23364494753865,-34.822348304522,57.4139842523713));
#767=CARTESIAN_POINT('Ctrl Pts',(-3.35455420473399,-34.6768378140047,57.4342881853748));
#768=CARTESIAN_POINT('Ctrl Pts',(-3.44132569127002,-34.5653477751231,57.4492125733782));
#769=CARTESIAN_POINT('Ctrl Pts',(-3.52406206490098,-34.4518667083586,57.463910450888));
#770=CARTESIAN_POINT('Ctrl Pts',(-3.62920281223497,-34.2978973796049,57.4833518360122));
#771=CARTESIAN_POINT('Ctrl Pts',(-3.75138756913405,-34.1000468303171,57.5076293645299));
#772=CARTESIAN_POINT('Ctrl Pts',(-3.88261993871366,-33.856072592976,57.5372132898172));
#773=CARTESIAN_POINT('Ctrl Pts',(-3.9982833795427,-33.6071291664001,57.567624504371));
#774=CARTESIAN_POINT('Ctrl Pts',(-4.0982816433611,-33.3548938633036,57.5991483118508));
#775=CARTESIAN_POINT('Ctrl Pts',(-4.18271226294313,-33.1008023500608,57.631987431183));
#776=CARTESIAN_POINT('Ctrl Pts',(-4.25178370631442,-32.8463155049637,57.6662475771136));
#777=CARTESIAN_POINT('Ctrl Pts',(-4.30581675611774,-32.5924546361918,57.7019999928489));
#778=CARTESIAN_POINT('Ctrl Pts',(-4.34520288355167,-32.3407974539678,57.7391595570943));
#779=CARTESIAN_POINT('Ctrl Pts',(-4.37910563592872,-32.0056277170553,57.791066907548));
#780=CARTESIAN_POINT('Ctrl Pts',(-4.38668759191708,-31.5909021610313,57.860016542891));
#781=CARTESIAN_POINT('Ctrl Pts',(-4.34203393150544,-31.1077809184036,57.9479332397572));
#782=CARTESIAN_POINT('Ctrl Pts',(-4.24724103637165,-30.6474925351394,58.0386348275517));
#783=CARTESIAN_POINT('Ctrl Pts',(-4.15258029007352,-30.3565846144451,58.1000066188209));
#784=CARTESIAN_POINT('Ctrl Pts',(-4.09784755726607,-30.2156872292647,58.1305787709613));
#785=CARTESIAN_POINT('Ctrl Pts',(3.04814680906064,-28.925076633168,53.9797543111141));
#786=CARTESIAN_POINT('Ctrl Pts',(3.09471328163694,-29.1432826105492,54.0017001724918));
#787=CARTESIAN_POINT('Ctrl Pts',(3.16211228511426,-29.5974081108486,54.0602994973007));
#788=CARTESIAN_POINT('Ctrl Pts',(3.18649442108787,-30.3256977850659,54.1979473628724));
#789=CARTESIAN_POINT('Ctrl Pts',(3.1346154494608,-31.0855647530231,54.3890239992941));
#790=CARTESIAN_POINT('Ctrl Pts',(3.03336867674407,-31.7242042460862,54.5900119678832));
#791=CARTESIAN_POINT('Ctrl Pts',(2.9188207781683,-32.2418038647322,54.7778796053179));
#792=CARTESIAN_POINT('Ctrl Pts',(2.816957479953,-32.6291937476604,54.9311651854254));
#793=CARTESIAN_POINT('Ctrl Pts',(2.70010733137333,-33.0137639069583,55.0958566635475));
#794=CARTESIAN_POINT('Ctrl Pts',(2.5910919508877,-33.329538129586,55.2414153103305));
#795=CARTESIAN_POINT('Ctrl Pts',(2.49761326865005,-33.577771391285,55.3618475992008));
#796=CARTESIAN_POINT('Ctrl Pts',(2.42421324952419,-33.7622021574653,55.4543094284795));
#797=CARTESIAN_POINT('Ctrl Pts',(2.34734668982021,-33.9452300184533,55.5490431821822));
#798=CARTESIAN_POINT('Ctrl Pts',(2.26722256779588,-34.1262100137266,55.6456788064134));
#799=CARTESIAN_POINT('Ctrl Pts',(2.18389953889694,-34.3048995072186,55.7440321808824));
#800=CARTESIAN_POINT('Ctrl Pts',(2.09751092279767,-34.4808731681349,55.8438169094704));
#801=CARTESIAN_POINT('Ctrl Pts',(2.00816899489848,-34.6537822429854,55.9447753041864));
#802=CARTESIAN_POINT('Ctrl Pts',(1.91599590518741,-34.8232590967195,56.0466348921682));
#803=CARTESIAN_POINT('Ctrl Pts',(1.82113494843872,-34.988935808596,56.1491210198926));
#804=CARTESIAN_POINT('Ctrl Pts',(1.72368904692107,-35.1505162901595,56.2520011964083));
#805=CARTESIAN_POINT('Ctrl Pts',(1.62387677886497,-35.3075985546636,56.3550004053857));
#806=CARTESIAN_POINT('Ctrl Pts',(1.52166162393661,-35.4601601644879,56.458074023333));
#807=CARTESIAN_POINT('Ctrl Pts',(1.41692404808824,-35.6084878974403,56.5615524762683));
#808=CARTESIAN_POINT('Ctrl Pts',(1.30990800175343,-35.752124338159,56.6651589240129));
#809=CARTESIAN_POINT('Ctrl Pts',(1.2009909734625,-35.8917230327795,56.770056065703));
#810=CARTESIAN_POINT('Ctrl Pts',(1.12718685323631,-35.982359524123,56.8412833545817));
#811=CARTESIAN_POINT('Ctrl Pts',(1.09018477718725,-36.0295497735718,56.8805537664461));
#812=CARTESIAN_POINT('Ctrl Pts',(1.08985801079105,-36.0299670391962,56.8809013503521));
#813=CARTESIAN_POINT('Ctrl Pts',(1.08953127728063,-36.0303844857931,56.8812492903677));
#814=CARTESIAN_POINT('Ctrl Pts',(2.93300997215691,-29.5006961834448,55.3787708205489));
#815=CARTESIAN_POINT('Ctrl Pts',(2.99619495829386,-29.6866059914577,55.3928121135875));
#816=CARTESIAN_POINT('Ctrl Pts',(3.10274842958067,-30.078620004203,55.4281454450535));
#817=CARTESIAN_POINT('Ctrl Pts',(3.19897074998632,-30.7248476669802,55.505918799602));
#818=CARTESIAN_POINT('Ctrl Pts',(3.22296245827251,-31.4183377203499,55.6106363420078));
#819=CARTESIAN_POINT('Ctrl Pts',(3.17821136033451,-32.0166255859359,55.7196409413474));
#820=CARTESIAN_POINT('Ctrl Pts',(3.10134477660592,-32.5092649201497,55.8211087357796));
#821=CARTESIAN_POINT('Ctrl Pts',(3.02239141691453,-32.8813068470675,55.9037582227425));
#822=CARTESIAN_POINT('Ctrl Pts',(2.92185488439582,-33.2532230151915,55.9924325539264));
#823=CARTESIAN_POINT('Ctrl Pts',(2.82018524952059,-33.5599023997539,56.0706007057888));
#824=CARTESIAN_POINT('Ctrl Pts',(2.72854998828619,-33.8011331800949,56.1350259371683));
#825=CARTESIAN_POINT('Ctrl Pts',(2.65443600756977,-33.9802624150595,56.1843611822355));
#826=CARTESIAN_POINT('Ctrl Pts',(2.57469016177219,-34.1577367408076,56.2347435319715));
#827=CARTESIAN_POINT('Ctrl Pts',(2.48947489776664,-34.3327186821064,56.2859351041817));
#828=CARTESIAN_POINT('Ctrl Pts',(2.39883019629781,-34.5047467041299,56.337788335401));
#829=CARTESIAN_POINT('Ctrl Pts',(2.30290216484007,-34.673169166718,56.3900979146421));
#830=CARTESIAN_POINT('Ctrl Pts',(2.20184540397542,-34.8373963057958,56.4426616471038));
#831=CARTESIAN_POINT('Ctrl Pts',(2.09586419044752,-34.9968160676003,56.4952709968468));
#832=CARTESIAN_POINT('Ctrl Pts',(1.98520114911856,-35.1507999301568,56.547680868218));
#833=CARTESIAN_POINT('Ctrl Pts',(1.87012061597996,-35.2988049506837,56.5997022081123));
#834=CARTESIAN_POINT('Ctrl Pts',(1.75094783940176,-35.4401264625431,56.6509785210501));
#835=CARTESIAN_POINT('Ctrl Pts',(1.62792163332022,-35.5745154657676,56.701484684853));
#836=CARTESIAN_POINT('Ctrl Pts',(1.50065190349092,-35.701621922216,56.75068559388));
#837=CARTESIAN_POINT('Ctrl Pts',(1.37015348425663,-35.8209734462215,56.7988729104261));
#838=CARTESIAN_POINT('Ctrl Pts',(1.2347561797835,-35.9312415973424,56.8435295712393));
#839=CARTESIAN_POINT('Ctrl Pts',(1.14279036416107,-35.9992117644796,56.8726276538471));
#840=CARTESIAN_POINT('Ctrl Pts',(1.09045996820713,-36.0298453659559,56.8811042359887));
#841=CARTESIAN_POINT('Ctrl Pts',(1.08999606117921,-36.030115161197,56.8811772367402));
#842=CARTESIAN_POINT('Ctrl Pts',(1.08953127728066,-36.0303844857931,56.8812492903677));
#843=CARTESIAN_POINT('Ctrl Pts',(3.30774128254463,-29.9614295883722,56.8605682677615));
#844=CARTESIAN_POINT('Ctrl Pts',(3.38096934661442,-30.1390097048415,56.8487592346509));
#845=CARTESIAN_POINT('Ctrl Pts',(3.50617408914989,-30.5141503864123,56.8268664949525));
#846=CARTESIAN_POINT('Ctrl Pts',(3.6234482864342,-31.1351462779138,56.8022770338696));
#847=CARTESIAN_POINT('Ctrl Pts',(3.65791945752107,-31.8041301720464,56.7895712249284));
#848=CARTESIAN_POINT('Ctrl Pts',(3.61024442162433,-32.3827304519806,56.7913391349193));
#849=CARTESIAN_POINT('Ctrl Pts',(3.52211139927757,-32.8589184950496,56.8003250483202));
#850=CARTESIAN_POINT('Ctrl Pts',(3.42976383227138,-33.2179755074743,56.8108139170913));
#851=CARTESIAN_POINT('Ctrl Pts',(3.31057886616104,-33.5758157724721,56.8247728505582));
#852=CARTESIAN_POINT('Ctrl Pts',(3.18879964779099,-33.8693687234249,56.8387762532588));
#853=CARTESIAN_POINT('Ctrl Pts',(3.0783537286229,-34.0989212763352,56.8508764298671));
#854=CARTESIAN_POINT('Ctrl Pts',(2.98874523548031,-34.2685770182345,56.860345045617));
#855=CARTESIAN_POINT('Ctrl Pts',(2.89207483660485,-34.4357158995902,56.870093942226));
#856=CARTESIAN_POINT('Ctrl Pts',(2.7885654625135,-34.599396794003,56.8799495861869));
#857=CARTESIAN_POINT('Ctrl Pts',(2.67830353204859,-34.7590295783129,56.8897327549829));
#858=CARTESIAN_POINT('Ctrl Pts',(2.56152099660167,-34.9138416435943,56.8992392730458));
#859=CARTESIAN_POINT('Ctrl Pts',(2.43847126170848,-35.0631165544841,56.9082357664332));
#860=CARTESIAN_POINT('Ctrl Pts',(2.30948811372644,-35.2061221871386,56.9164832538707));
#861=CARTESIAN_POINT('Ctrl Pts',(2.17494713330262,-35.3421041671659,56.9236638730444));
#862=CARTESIAN_POINT('Ctrl Pts',(2.03528997893635,-35.4704117047499,56.9295263409881));
#863=CARTESIAN_POINT('Ctrl Pts',(1.89095376296179,-35.5901920818928,56.9335150268276));
#864=CARTESIAN_POINT('Ctrl Pts',(1.74242444408535,-35.7011102139485,56.9355172518427));
#865=CARTESIAN_POINT('Ctrl Pts',(1.58900497305804,-35.8023418556219,56.934008534209));
#866=CARTESIAN_POINT('Ctrl Pts',(1.43243981082896,-35.8935697620104,56.9297184905595));
#867=CARTESIAN_POINT('Ctrl Pts',(1.26897150747517,-35.9717514673638,56.916246241247));
#868=CARTESIAN_POINT('Ctrl Pts',(1.15839785595071,-36.0160774817136,56.9039620157533));
#869=CARTESIAN_POINT('Ctrl Pts',(1.09073519568088,-36.0301410083923,56.8816546647038));
#870=CARTESIAN_POINT('Ctrl Pts',(1.09013411156738,-36.0302632831978,56.8814531231283));
#871=CARTESIAN_POINT('Ctrl Pts',(1.08953127728068,-36.0303844857931,56.8812492903678));
#872=CARTESIAN_POINT('Ctrl Pts',(4.09784755726608,-30.2156872292647,58.1305787709613));
#873=CARTESIAN_POINT('Ctrl Pts',(4.17447338319652,-30.4129435685172,58.0877777579648));
#874=CARTESIAN_POINT('Ctrl Pts',(4.29862628836964,-30.8247088557363,58.0018878967153));
#875=CARTESIAN_POINT('Ctrl Pts',(4.39064950217798,-31.4899407861334,57.8766462441255));
#876=CARTESIAN_POINT('Ctrl Pts',(4.37806238924073,-32.1886948381182,57.7604431582418));
#877=CARTESIAN_POINT('Ctrl Pts',(4.27683499596734,-32.7779913478026,57.6750745020977));
#878=CARTESIAN_POINT('Ctrl Pts',(4.13661345950568,-33.2538045637419,57.6121802702305));
#879=CARTESIAN_POINT('Ctrl Pts',(4.00100331876991,-33.6077461708166,57.5677631718546));
#880=CARTESIAN_POINT('Ctrl Pts',(3.83477101750557,-33.955387486272,57.5255695353794));
#881=CARTESIAN_POINT('Ctrl Pts',(3.67080716918691,-34.2359903215506,57.4915669189648));
#882=CARTESIAN_POINT('Ctrl Pts',(3.52502069421449,-34.4523983616213,57.4644105633994));
#883=CARTESIAN_POINT('Ctrl Pts',(3.40811757926226,-34.6107323667658,57.4438304485981));
#884=CARTESIAN_POINT('Ctrl Pts',(3.28332363904731,-34.7649897076831,57.4227404898881));
#885=CARTESIAN_POINT('Ctrl Pts',(3.15099204168088,-34.914194722452,57.4009303725077));
#886=CARTESIAN_POINT('Ctrl Pts',(3.01129255176829,-35.0577033235515,57.3781071447705));
#887=CARTESIAN_POINT('Ctrl Pts',(2.86458812497187,-35.1947081001703,57.3539719368415));
#888=CARTESIAN_POINT('Ctrl Pts',(2.71126566135351,-35.3244619308092,57.328166394619));
#889=CARTESIAN_POINT('Ctrl Pts',(2.55181959158096,-35.4462189388087,57.3003250400355));
#890=CARTESIAN_POINT('Ctrl Pts',(2.38678324906755,-35.5592176760849,57.2699612280452));
#891=CARTESIAN_POINT('Ctrl Pts',(2.21679119363671,-35.6628262378918,57.2366710908635));
#892=CARTESIAN_POINT('Ctrl Pts',(2.04240543939268,-35.7561905008578,57.1996056270307));
#893=CARTESIAN_POINT('Ctrl Pts',(1.86434973243144,-35.8390303688737,57.1584948882167));
#894=CARTESIAN_POINT('Ctrl Pts',(1.68161027768358,-35.9102180890724,57.1107478462798));
#895=CARTESIAN_POINT('Ctrl Pts',(1.49665121350359,-35.9697758374096,57.0574527750044));
#896=CARTESIAN_POINT('Ctrl Pts',(1.30363127843896,-36.0132457397123,56.9881954859161));
#897=CARTESIAN_POINT('Ctrl Pts',(1.17400955376873,-36.0329568993366,56.9352870593019));
#898=CARTESIAN_POINT('Ctrl Pts',(1.09101045822703,-36.0304366995065,56.8822050488159));
#899=CARTESIAN_POINT('Ctrl Pts',(1.09027216195555,-36.0304114051985,56.8817290095163));
#900=CARTESIAN_POINT('Ctrl Pts',(1.0895312772807,-36.0303844857932,56.8812492903678));
#901=CARTESIAN_POINT('',(1.08953127728055,-36.0303844857931,56.8812492903677));
#902=CARTESIAN_POINT('Ctrl Pts',(4.09784755726608,-30.2156872292647,58.1305787709613));
#903=CARTESIAN_POINT('Ctrl Pts',(4.17447338319652,-30.4129435685172,58.0877777579648));
#904=CARTESIAN_POINT('Ctrl Pts',(4.29862628836964,-30.8247088557363,58.0018878967153));
#905=CARTESIAN_POINT('Ctrl Pts',(4.39064950217798,-31.4899407861334,57.8766462441255));
#906=CARTESIAN_POINT('Ctrl Pts',(4.37806238924073,-32.1886948381182,57.7604431582418));
#907=CARTESIAN_POINT('Ctrl Pts',(4.27683499596734,-32.7779913478026,57.6750745020977));
#908=CARTESIAN_POINT('Ctrl Pts',(4.13661345950568,-33.2538045637419,57.6121802702305));
#909=CARTESIAN_POINT('Ctrl Pts',(4.00100331876991,-33.6077461708166,57.5677631718546));
#910=CARTESIAN_POINT('Ctrl Pts',(3.83477101750557,-33.955387486272,57.5255695353794));
#911=CARTESIAN_POINT('Ctrl Pts',(3.67080716918691,-34.2359903215506,57.4915669189648));
#912=CARTESIAN_POINT('Ctrl Pts',(3.52502069421449,-34.4523983616213,57.4644105633994));
#913=CARTESIAN_POINT('Ctrl Pts',(3.40811757926226,-34.6107323667658,57.4438304485981));
#914=CARTESIAN_POINT('Ctrl Pts',(3.28332363904731,-34.7649897076831,57.4227404898881));
#915=CARTESIAN_POINT('Ctrl Pts',(3.15099204168088,-34.914194722452,57.4009303725077));
#916=CARTESIAN_POINT('Ctrl Pts',(3.01129255176829,-35.0577033235515,57.3781071447705));
#917=CARTESIAN_POINT('Ctrl Pts',(2.86458812497187,-35.1947081001703,57.3539719368415));
#918=CARTESIAN_POINT('Ctrl Pts',(2.71126566135351,-35.3244619308092,57.328166394619));
#919=CARTESIAN_POINT('Ctrl Pts',(2.55181959158096,-35.4462189388087,57.3003250400355));
#920=CARTESIAN_POINT('Ctrl Pts',(2.38678324906755,-35.5592176760849,57.2699612280452));
#921=CARTESIAN_POINT('Ctrl Pts',(2.21679119363671,-35.6628262378918,57.2366710908635));
#922=CARTESIAN_POINT('Ctrl Pts',(2.04240543939268,-35.7561905008578,57.1996056270307));
#923=CARTESIAN_POINT('Ctrl Pts',(1.86434973243144,-35.8390303688737,57.1584948882167));
#924=CARTESIAN_POINT('Ctrl Pts',(1.68161027768358,-35.9102180890724,57.1107478462798));
#925=CARTESIAN_POINT('Ctrl Pts',(1.49665121350359,-35.9697758374096,57.0574527750044));
#926=CARTESIAN_POINT('Ctrl Pts',(1.30363127843896,-36.0132457397123,56.9881954859161));
#927=CARTESIAN_POINT('Ctrl Pts',(1.17400955376873,-36.0329568993366,56.9352870593019));
#928=CARTESIAN_POINT('Ctrl Pts',(1.09101045822703,-36.0304366995065,56.8822050488159));
#929=CARTESIAN_POINT('Ctrl Pts',(1.09027216195555,-36.0304114051985,56.8817290095163));
#930=CARTESIAN_POINT('Ctrl Pts',(1.0895312772807,-36.0303844857932,56.8812492903678));
#931=CARTESIAN_POINT('Ctrl Pts',(1.08953127728063,-36.0303844857931,56.8812492903677));
#932=CARTESIAN_POINT('Ctrl Pts',(1.08985801079105,-36.0299670391962,56.8809013503521));
#933=CARTESIAN_POINT('Ctrl Pts',(1.09018477718725,-36.0295497735718,56.8805537664461));
#934=CARTESIAN_POINT('Ctrl Pts',(1.12718685323631,-35.982359524123,56.8412833545817));
#935=CARTESIAN_POINT('Ctrl Pts',(1.2009909734625,-35.8917230327795,56.770056065703));
#936=CARTESIAN_POINT('Ctrl Pts',(1.30990800175343,-35.752124338159,56.6651589240129));
#937=CARTESIAN_POINT('Ctrl Pts',(1.41692404808824,-35.6084878974403,56.5615524762683));
#938=CARTESIAN_POINT('Ctrl Pts',(1.52166162393661,-35.4601601644879,56.458074023333));
#939=CARTESIAN_POINT('Ctrl Pts',(1.62387677886497,-35.3075985546636,56.3550004053857));
#940=CARTESIAN_POINT('Ctrl Pts',(1.72368904692107,-35.1505162901595,56.2520011964083));
#941=CARTESIAN_POINT('Ctrl Pts',(1.82113494843872,-34.988935808596,56.1491210198926));
#942=CARTESIAN_POINT('Ctrl Pts',(1.91599590518741,-34.8232590967195,56.0466348921682));
#943=CARTESIAN_POINT('Ctrl Pts',(2.00816899489848,-34.6537822429854,55.9447753041864));
#944=CARTESIAN_POINT('Ctrl Pts',(2.09751092279767,-34.4808731681349,55.8438169094704));
#945=CARTESIAN_POINT('Ctrl Pts',(2.18389953889694,-34.3048995072186,55.7440321808824));
#946=CARTESIAN_POINT('Ctrl Pts',(2.26722256779588,-34.1262100137266,55.6456788064134));
#947=CARTESIAN_POINT('Ctrl Pts',(2.34734668982021,-33.9452300184533,55.5490431821822));
#948=CARTESIAN_POINT('Ctrl Pts',(2.42421324952419,-33.7622021574653,55.4543094284795));
#949=CARTESIAN_POINT('Ctrl Pts',(2.49761326865005,-33.577771391285,55.3618475992008));
#950=CARTESIAN_POINT('Ctrl Pts',(2.5910919508877,-33.329538129586,55.2414153103305));
#951=CARTESIAN_POINT('Ctrl Pts',(2.70010733137333,-33.0137639069583,55.0958566635475));
#952=CARTESIAN_POINT('Ctrl Pts',(2.816957479953,-32.6291937476604,54.9311651854254));
#953=CARTESIAN_POINT('Ctrl Pts',(2.9188207781683,-32.2418038647322,54.7778796053179));
#954=CARTESIAN_POINT('Ctrl Pts',(3.03336867674407,-31.7242042460862,54.5900119678832));
#955=CARTESIAN_POINT('Ctrl Pts',(3.1346154494608,-31.0855647530231,54.3890239992941));
#956=CARTESIAN_POINT('Ctrl Pts',(3.18649442108787,-30.3256977850659,54.1979473628724));
#957=CARTESIAN_POINT('Ctrl Pts',(3.16211228511426,-29.5974081108486,54.0602994973007));
#958=CARTESIAN_POINT('Ctrl Pts',(3.09471328163694,-29.1432826105492,54.0017001724918));
#959=CARTESIAN_POINT('Ctrl Pts',(3.04814680906064,-28.925076633168,53.9797543111141));
#960=CARTESIAN_POINT('Origin',(6.53014551098783E-33,-30.7106932783736,54.8473001260142));
#961=CARTESIAN_POINT('Ctrl Pts',(-1.08953127728055,-36.0303844857931,56.8812492903677));
#962=CARTESIAN_POINT('Ctrl Pts',(-0.931628166766811,-36.0525911684977,56.8154250827089));
#963=CARTESIAN_POINT('Ctrl Pts',(-0.659153043679465,-36.084250089805,56.7255565242093));
#964=CARTESIAN_POINT('Ctrl Pts',(-0.0684581937050918,-36.1138520984302,
56.6447243019705));
#965=CARTESIAN_POINT('Ctrl Pts',(0.56938818300021,-36.0963971051784,56.6916435032197));
#966=CARTESIAN_POINT('Ctrl Pts',(0.932996222205097,-36.0523987721981,56.8159953765282));
#967=CARTESIAN_POINT('Ctrl Pts',(1.08953127728056,-36.0303844857931,56.8812492903677));
#968=CARTESIAN_POINT('Ctrl Pts',(1.08953127728055,-36.0303844857931,56.8812492903677));
#969=CARTESIAN_POINT('Ctrl Pts',(1.44265246481043,-35.8677699620951,56.8812492903677));
#970=CARTESIAN_POINT('Ctrl Pts',(2.19638344520358,-35.294217844465,56.8812492903676));
#971=CARTESIAN_POINT('Ctrl Pts',(2.92206208139968,-34.108393445106,56.8812492903677));
#972=CARTESIAN_POINT('Ctrl Pts',(3.24997042058947,-32.5452369628434,56.8812492903676));
#973=CARTESIAN_POINT('Ctrl Pts',(3.14374297301884,-31.4920928357229,56.8812492903677));
#974=CARTESIAN_POINT('Ctrl Pts',(3.004973301951,-30.9793298564692,56.8812492903677));
#975=CARTESIAN_POINT('Ctrl Pts',(0.906445511752648,-36.1930277715421,56.9833324212444));
#976=CARTESIAN_POINT('Ctrl Pts',(1.24905411290504,-36.1131911121428,57.0212074970066));
#977=CARTESIAN_POINT('Ctrl Pts',(2.15438128696419,-35.7479121042331,57.1131477992384));
#978=CARTESIAN_POINT('Ctrl Pts',(3.33602936386675,-34.5593417124891,57.1279428309566));
#979=CARTESIAN_POINT('Ctrl Pts',(3.93675542515672,-32.623053234088,57.0928509774971));
#980=CARTESIAN_POINT('Ctrl Pts',(3.74087098565095,-31.2862641361843,57.1065932368207));
#981=CARTESIAN_POINT('Ctrl Pts',(3.49689029255694,-30.6746831026831,57.1134852701606));
#982=CARTESIAN_POINT('Ctrl Pts',(0.708775891537878,-36.3239064016057,57.1097507615024));
#983=CARTESIAN_POINT('Ctrl Pts',(1.03134904950372,-36.3154778455357,57.2029082179148));
#984=CARTESIAN_POINT('Ctrl Pts',(2.04171473354309,-36.1375911105094,57.4377751196261));
#985=CARTESIAN_POINT('Ctrl Pts',(3.65696230034849,-34.9744139899242,57.5746551029176));
#986=CARTESIAN_POINT('Ctrl Pts',(4.5277330820958,-32.6962328350316,57.5822652809887));
#987=CARTESIAN_POINT('Ctrl Pts',(4.23732000002551,-31.0933713873507,57.5826556105529));
#988=CARTESIAN_POINT('Ctrl Pts',(3.89548931766782,-30.3961632224165,57.5691474934997));
#989=CARTESIAN_POINT('Ctrl Pts',(0.506391027499019,-36.4164862901241,57.2541929042367));
#990=CARTESIAN_POINT('Ctrl Pts',(0.800235521245446,-36.4549813258671,57.4125518377962));
#991=CARTESIAN_POINT('Ctrl Pts',(1.89799525320437,-36.4218257299611,57.8159734280414));
#992=CARTESIAN_POINT('Ctrl Pts',(3.81995290688932,-35.244443184397,58.1163369087518));
#993=CARTESIAN_POINT('Ctrl Pts',(4.84086468921646,-32.7367342769014,58.1999617088299));
#994=CARTESIAN_POINT('Ctrl Pts',(4.50337058846589,-30.9772103725681,58.1756249751757));
#995=CARTESIAN_POINT('Ctrl Pts',(4.09784755726607,-30.2156872292647,58.1305787709613));
#996=CARTESIAN_POINT('',(0.506391027499015,-36.4164862901241,57.2541929042367));
#997=CARTESIAN_POINT('Ctrl Pts',(4.09784755726607,-30.2156872292647,58.1305787709613));
#998=CARTESIAN_POINT('Ctrl Pts',(4.50337058846589,-30.9772103725681,58.1756249751757));
#999=CARTESIAN_POINT('Ctrl Pts',(4.84086468921646,-32.7367342769014,58.1999617088299));
#1000=CARTESIAN_POINT('Ctrl Pts',(3.81995290688932,-35.244443184397,58.1163369087518));
#1001=CARTESIAN_POINT('Ctrl Pts',(1.89799525320437,-36.4218257299611,57.8159734280414));
#1002=CARTESIAN_POINT('Ctrl Pts',(0.800235521245446,-36.4549813258671,57.4125518377962));
#1003=CARTESIAN_POINT('Ctrl Pts',(0.506391027499019,-36.4164862901241,57.2541929042367));
#1004=CARTESIAN_POINT('Origin',(0.231632633752559,-34.1674378012435,58.3107385585885));
#1005=CARTESIAN_POINT('Ctrl Pts',(-3.004973301951,-30.9793298564692,56.8812492903677));
#1006=CARTESIAN_POINT('Ctrl Pts',(-3.21312780855276,-31.7484743253497,56.8812492903677));
#1007=CARTESIAN_POINT('Ctrl Pts',(-3.24258737310641,-33.0831622614275,56.8812492903677));
#1008=CARTESIAN_POINT('Ctrl Pts',(-2.6644309897962,-34.5966121295843,56.8812492903677));
#1009=CARTESIAN_POINT('Ctrl Pts',(-1.94612056256527,-35.4861562875491,56.8812492903677));
#1010=CARTESIAN_POINT('Ctrl Pts',(-1.4426524648112,-35.8677699620947,56.8812492903677));
#1011=CARTESIAN_POINT('Ctrl Pts',(-1.08953127728055,-36.0303844857931,56.8812492903677));
#1012=CARTESIAN_POINT('Ctrl Pts',(-3.25093179725397,-30.8270064795762,56.9973672802641));
#1013=CARTESIAN_POINT('Ctrl Pts',(-3.53914803644658,-31.6697582509506,56.9899310832201));
#1014=CARTESIAN_POINT('Ctrl Pts',(-3.58042517368317,-33.2102793729188,56.9909214211261));
#1015=CARTESIAN_POINT('Ctrl Pts',(-2.7774371768547,-34.8357906032654,57.0068248293794));
#1016=CARTESIAN_POINT('Ctrl Pts',(-1.89729359664627,-35.6772761726773,56.9813463560607));
#1017=CARTESIAN_POINT('Ctrl Pts',(-1.34745960056078,-35.9911361621249,56.9516082456233));
#1018=CARTESIAN_POINT('Ctrl Pts',(-0.997988394516596,-36.1117061286676,
56.932290855806));
#1019=CARTESIAN_POINT('Ctrl Pts',(-3.6027299574511,-30.5970779675294,57.265308779542));
#1020=CARTESIAN_POINT('Ctrl Pts',(-4.01007955853946,-31.5508128785049,57.2667816575142));
#1021=CARTESIAN_POINT('Ctrl Pts',(-4.07638257170765,-33.4052734987376,57.2662696054102));
#1022=CARTESIAN_POINT('Ctrl Pts',(-2.91816958325131,-35.1935207405682,57.2649176981574));
#1023=CARTESIAN_POINT('Ctrl Pts',(-1.80146392125087,-35.9559294331665,57.1684844840757));
#1024=CARTESIAN_POINT('Ctrl Pts',(-1.1823421149322,-36.1660108483937,57.0780470147867));
#1025=CARTESIAN_POINT('Ctrl Pts',(-0.848430293629219,-36.2271040487866,
57.0220067906622));
#1026=CARTESIAN_POINT('Ctrl Pts',(-3.88580707798862,-30.389398523063,57.6723699795469));
#1027=CARTESIAN_POINT('Ctrl Pts',(-4.40451340864146,-31.4442306445233,57.7021827577236));
#1028=CARTESIAN_POINT('Ctrl Pts',(-4.49047037700061,-33.5777047920638,57.7056831092636));
#1029=CARTESIAN_POINT('Ctrl Pts',(-3.01119353882578,-35.5206791136122,57.625296510096));
#1030=CARTESIAN_POINT('Ctrl Pts',(-1.66822456590668,-36.2090662701817,57.4144732062676));
#1031=CARTESIAN_POINT('Ctrl Pts',(-0.993825173715725,-36.3220119426687,
57.2391878884283));
#1032=CARTESIAN_POINT('Ctrl Pts',(-0.678735676882779,-36.3292576121267,
57.134230656886));
#1033=CARTESIAN_POINT('Ctrl Pts',(-4.00064682463437,-30.2982411078009,57.8958377529594));
#1034=CARTESIAN_POINT('Ctrl Pts',(-4.56658840468408,-31.3985897001067,57.9437573792536));
#1035=CARTESIAN_POINT('Ctrl Pts',(-4.66271214733347,-33.6514808417647,57.9491827356571));
#1036=CARTESIAN_POINT('Ctrl Pts',(-3.04263584072515,-35.6664514296577,57.8198962625256));
#1037=CARTESIAN_POINT('Ctrl Pts',(-1.59622805717941,-36.3227056270925,57.5454621171965));
#1038=CARTESIAN_POINT('Ctrl Pts',(-0.897313358806646,-36.3912437075875,
57.3244534441211));
#1039=CARTESIAN_POINT('Ctrl Pts',(-0.592844483416065,-36.3746871522491,
57.1933068285594));
#1040=CARTESIAN_POINT('Ctrl Pts',(-4.04390317870132,-30.2624807123227,57.992042774201));
#1041=CARTESIAN_POINT('Ctrl Pts',(-4.62837130995422,-31.3808434435684,58.0478827746422));
#1042=CARTESIAN_POINT('Ctrl Pts',(-4.72839229783326,-33.6800153632392,58.0543350802767));
#1043=CARTESIAN_POINT('Ctrl Pts',(-3.0534134777074,-35.7240896001746,57.9031714592655));
#1044=CARTESIAN_POINT('Ctrl Pts',(-1.56533663649886,-36.3678375312628,57.6013124284473));
#1045=CARTESIAN_POINT('Ctrl Pts',(-0.856997009710998,-36.4186695471608,
57.3607369496027));
#1046=CARTESIAN_POINT('Ctrl Pts',(-0.556900561170005,-36.3926644105736,
57.2184038687018));
#1047=CARTESIAN_POINT('Ctrl Pts',(-4.07568376589828,-30.2352659925155,58.0706773762406));
#1048=CARTESIAN_POINT('Ctrl Pts',(-4.67407087321138,-31.3674873811801,58.133132971431));
#1049=CARTESIAN_POINT('Ctrl Pts',(-4.7771848174938,-33.7014551958625,58.1404318441478));
#1050=CARTESIAN_POINT('Ctrl Pts',(-3.06056439714423,-35.7682655065507,57.9710238216867));
#1051=CARTESIAN_POINT('Ctrl Pts',(-1.54012550006955,-36.4025871040779,57.6467140417244));
#1052=CARTESIAN_POINT('Ctrl Pts',(-0.824620256338416,-36.4397205808695,
57.3902018604493));
#1053=CARTESIAN_POINT('Ctrl Pts',(-0.528063273379956,-36.4064700632819,
57.2387625084567));
#1054=CARTESIAN_POINT('Ctrl Pts',(-4.09062047728042,-30.2221328004487,58.1105276539091));
#1055=CARTESIAN_POINT('Ctrl Pts',(-4.69562305963935,-31.3611020912329,58.1764030370448));
#1056=CARTESIAN_POINT('Ctrl Pts',(-4.8003268392548,-33.7117034532501,58.184104444881));
#1057=CARTESIAN_POINT('Ctrl Pts',(-3.06360713820346,-35.7896958272682,58.0053526078845));
#1058=CARTESIAN_POINT('Ctrl Pts',(-1.52737133025416,-36.4195032745064,57.6696472072379));
#1059=CARTESIAN_POINT('Ctrl Pts',(-0.80832836867321,-36.4499359431075,57.4050789127533));
#1060=CARTESIAN_POINT('Ctrl Pts',(-0.513619058357545,-36.4131798655342,
57.2490342562819));
#1061=CARTESIAN_POINT('Ctrl Pts',(-4.09784755726608,-30.2156872292647,58.1305787709613));
#1062=CARTESIAN_POINT('Ctrl Pts',(-4.70613210406577,-31.3579719442198,58.1981480772829));
#1063=CARTESIAN_POINT('Ctrl Pts',(-4.81156061463208,-33.7167045710907,58.2060925215123));
#1064=CARTESIAN_POINT('Ctrl Pts',(-3.06504961301106,-35.8002441217739,58.0226013964819));
#1065=CARTESIAN_POINT('Ctrl Pts',(-1.52094353732046,-36.4278460587459,57.6811716882934));
#1066=CARTESIAN_POINT('Ctrl Pts',(-0.80023552124553,-36.4549813258671,57.4125518377963));
#1067=CARTESIAN_POINT('Ctrl Pts',(-0.506391027499014,-36.4164862901241,
57.2541929042367));
#1068=CARTESIAN_POINT('',(-0.506391027499011,-36.4164862901241,57.2541929042367));
#1069=CARTESIAN_POINT('Origin',(-0.231632633752556,-34.1674378012435,58.3107385585885));
#1070=CARTESIAN_POINT('Ctrl Pts',(-0.506391027499014,-36.4164862901241,
57.2541929042367));
#1071=CARTESIAN_POINT('Ctrl Pts',(-0.80023552124553,-36.4549813258671,57.4125518377963));
#1072=CARTESIAN_POINT('Ctrl Pts',(-1.52094353732046,-36.4278460587459,57.6811716882934));
#1073=CARTESIAN_POINT('Ctrl Pts',(-3.06504961301106,-35.8002441217739,58.0226013964819));
#1074=CARTESIAN_POINT('Ctrl Pts',(-4.81156061463208,-33.7167045710907,58.2060925215123));
#1075=CARTESIAN_POINT('Ctrl Pts',(-4.70613210406577,-31.3579719442198,58.1981480772829));
#1076=CARTESIAN_POINT('Ctrl Pts',(-4.09784755726608,-30.2156872292647,58.1305787709613));
#1077=CARTESIAN_POINT('Ctrl Pts',(-1.08953128088164,-36.0303844852867,56.8812492918688));
#1078=CARTESIAN_POINT('Ctrl Pts',(-0.93162816952858,-36.0525911681768,56.8154250836198));
#1079=CARTESIAN_POINT('Ctrl Pts',(-0.659153045475624,-36.084250089715,56.7255565244551));
#1080=CARTESIAN_POINT('Ctrl Pts',(-0.0684581937050918,-36.1138520984302,
56.6447243019705));
#1081=CARTESIAN_POINT('Ctrl Pts',(0.56938818300021,-36.0963971051784,56.6916435032197));
#1082=CARTESIAN_POINT('Ctrl Pts',(0.932996222205097,-36.0523987721981,56.8159953765282));
#1083=CARTESIAN_POINT('Ctrl Pts',(1.08953127728056,-36.0303844857931,56.8812492903677));
#1084=CARTESIAN_POINT('Ctrl Pts',(-0.906445514772653,-36.1930277713971,
56.9833324224562));
#1085=CARTESIAN_POINT('Ctrl Pts',(-0.774012869289135,-36.1993682620736,
56.9302119840927));
#1086=CARTESIAN_POINT('Ctrl Pts',(-0.546770729614148,-36.2095077741276,
56.8578073423775));
#1087=CARTESIAN_POINT('Ctrl Pts',(-0.0566487382718998,-36.2198985829086,
56.7927666489297));
#1088=CARTESIAN_POINT('Ctrl Pts',(0.471876385400614,-36.2135597901421,56.8304994308811));
#1089=CARTESIAN_POINT('Ctrl Pts',(0.775160249068958,-36.19931332885,56.9306722130898));
#1090=CARTESIAN_POINT('Ctrl Pts',(0.906445511752652,-36.1930277715421,56.9833324212444));
#1091=CARTESIAN_POINT('Ctrl Pts',(-0.70877589387206,-36.3239064017125,57.1097507625085));
#1092=CARTESIAN_POINT('Ctrl Pts',(-0.606417010271085,-36.3192046520834,
57.0656473342096));
#1093=CARTESIAN_POINT('Ctrl Pts',(-0.429546870592294,-36.3144639191101,
57.0056256060854));
#1094=CARTESIAN_POINT('Ctrl Pts',(-0.0446929739933374,-36.3116185656379,
56.9517993927954));
#1095=CARTESIAN_POINT('Ctrl Pts',(0.371306852377424,-36.3129269731963,56.9830041496819));
#1096=CARTESIAN_POINT('Ctrl Pts',(0.607303834749158,-36.3192453874842,57.0660294409323));
#1097=CARTESIAN_POINT('Ctrl Pts',(0.708775891537879,-36.3239064016057,57.1097507615024));
#1098=CARTESIAN_POINT('Ctrl Pts',(-0.506391029114331,-36.4164862903358,
57.2541929051073));
#1099=CARTESIAN_POINT('Ctrl Pts',(-0.435561361677573,-36.4072072646839,
57.2160213181359));
#1100=CARTESIAN_POINT('Ctrl Pts',(-0.310723865635971,-36.3959532743235,
57.1644161583583));
#1101=CARTESIAN_POINT('Ctrl Pts',(-0.0326865658358283,-36.3870434311193,
57.1184282857065));
#1102=CARTESIAN_POINT('Ctrl Pts',(0.269717213308727,-36.3919218494255,57.1450184132689));
#1103=CARTESIAN_POINT('Ctrl Pts',(0.436175020972732,-36.4072876570428,57.2163520321124));
#1104=CARTESIAN_POINT('Ctrl Pts',(0.506391027499017,-36.4164862901241,57.2541929042367));
#1105=CARTESIAN_POINT('',(-6.60067950866898E-5,-36.3891271948626,57.1294475748946));
#1106=CARTESIAN_POINT('Ctrl Pts',(0.506391027499017,-36.4164862901241,57.2541929042367));
#1107=CARTESIAN_POINT('Ctrl Pts',(0.436175020972732,-36.4072876570428,57.2163520321124));
#1108=CARTESIAN_POINT('Ctrl Pts',(0.290508609242343,-36.3938411140998,57.1539283318457));
#1109=CARTESIAN_POINT('Ctrl Pts',(0.0870515818874039,-36.3891728942332,
57.1298413122552));
#1110=CARTESIAN_POINT('Ctrl Pts',(-6.60067950866618E-5,-36.3891271948626,
57.1294475748946));
#1111=CARTESIAN_POINT('Ctrl Pts',(-6.60067950866662E-5,-36.3891271948626,
57.1294475748946));
#1112=CARTESIAN_POINT('Ctrl Pts',(-0.0290757533408222,-36.3891119771875,
57.1293164622087));
#1113=CARTESIAN_POINT('Ctrl Pts',(-0.116118908702478,-36.3897170619366,
57.1322281462344));
#1114=CARTESIAN_POINT('Ctrl Pts',(-0.310723864790524,-36.3959532742964,
57.1644161582184));
#1115=CARTESIAN_POINT('Ctrl Pts',(-0.435561360412233,-36.4072072645699,
57.2160213176128));
#1116=CARTESIAN_POINT('Ctrl Pts',(-0.506391027499006,-36.4164862901241,
57.2541929042367));
#1117=CARTESIAN_POINT('Ctrl Pts',(-1.37995525280148,-32.4489251524013,56.8812492903677));
#1118=CARTESIAN_POINT('Ctrl Pts',(-1.30336081889004,-33.0443073884852,56.8812492903677));
#1119=CARTESIAN_POINT('Ctrl Pts',(-0.817678153577942,-33.3970949491585,
56.8812492903677));
#1120=CARTESIAN_POINT('Ctrl Pts',(-2.32774974542854,-32.5708565407219,56.8812492903677));
#1121=CARTESIAN_POINT('Ctrl Pts',(-2.1985479661124,-33.575165083092,56.8812492903677));
#1122=CARTESIAN_POINT('Ctrl Pts',(-1.37928393690266,-34.1702576796676,56.8812492903677));
#1123=CARTESIAN_POINT('Ctrl Pts',(-2.72830500639,-32.6223869721056,57.7473218977566));
#1124=CARTESIAN_POINT('Ctrl Pts',(-2.57687040220413,-33.7995152392184,57.7473218977566));
#1125=CARTESIAN_POINT('Ctrl Pts',(-1.61662879683488,-34.497010368878,57.7473218977566));
#1126=CARTESIAN_POINT('',(-1.37995525280148,-32.4489251524013,56.8812492903677));
#1127=CARTESIAN_POINT('',(-2.72830500639,-32.6223869721056,57.7473218977566));
#1128=CARTESIAN_POINT('Origin',(-1.37995525280148,-32.4489251524013,58.3812492903677));
#1129=CARTESIAN_POINT('',(-1.61662879683488,-34.497010368878,57.7473218977566));
#1130=CARTESIAN_POINT('Origin',(6.16297582203915E-32,-32.2713973643593,
57.7473218977566));
#1131=CARTESIAN_POINT('',(-0.817678153577943,-33.3970949491585,56.8812492903677));
#1132=CARTESIAN_POINT('Origin',(-0.817678153577943,-33.3970949491585,58.3812492903677));
#1133=CARTESIAN_POINT('Origin',(0.,-32.2713973643593,56.8812492903677));
#1134=CARTESIAN_POINT('Ctrl Pts',(-0.817678153577943,-33.3970949491585,
56.8812492903677));
#1135=CARTESIAN_POINT('Ctrl Pts',(-0.625721474771816,-33.5555291174895,
56.8812492903677));
#1136=CARTESIAN_POINT('Ctrl Pts',(-0.054478171427557,-33.8225519247647,
56.8809036815885));
#1137=CARTESIAN_POINT('Ctrl Pts',(0.561735915169787,-33.6083405069332,56.8812492903677));
#1138=CARTESIAN_POINT('Ctrl Pts',(0.817678153577946,-33.3970949491585,56.8812492903677));
#1139=CARTESIAN_POINT('Ctrl Pts',(-0.984358238522375,-33.6265634365274,
56.8812492903677));
#1140=CARTESIAN_POINT('Ctrl Pts',(-0.749607180124413,-33.8129185031835,
56.8841883289536));
#1141=CARTESIAN_POINT('Ctrl Pts',(-0.0638274508634611,-34.1143643812038,
56.8922064759604));
#1142=CARTESIAN_POINT('Ctrl Pts',(0.671356827325171,-33.8750368587355,56.8851680084823));
#1143=CARTESIAN_POINT('Ctrl Pts',(0.984358238522378,-33.6265634365274,56.8812492903677));
#1144=CARTESIAN_POINT('Ctrl Pts',(-1.31734061865987,-34.0849803080817,57.0466944836385));
#1145=CARTESIAN_POINT('Ctrl Pts',(-0.996095095252806,-34.3257758628754,
57.0523193371199));
#1146=CARTESIAN_POINT('Ctrl Pts',(-0.0820114006027812,-34.6906327016442,
57.0680597600312));
#1147=CARTESIAN_POINT('Ctrl Pts',(0.889013254117329,-34.4060410478064,57.0541942882803));
#1148=CARTESIAN_POINT('Ctrl Pts',(1.31734061865987,-34.0849803080817,57.0466944836385));
#1149=CARTESIAN_POINT('Ctrl Pts',(-1.54618674906887,-34.4000327956219,57.4902785053025));
#1150=CARTESIAN_POINT('Ctrl Pts',(-1.1649104734645,-34.6782892826581,57.4926193568333));
#1151=CARTESIAN_POINT('Ctrl Pts',(-0.0942082717496221,-35.0854428605805,
57.4982074624967));
#1152=CARTESIAN_POINT('Ctrl Pts',(1.03781838159668,-34.7710414450033,57.4933996406769));
#1153=CARTESIAN_POINT('Ctrl Pts',(1.54618674906888,-34.4000327956219,57.4902785053025));
#1154=CARTESIAN_POINT('Ctrl Pts',(-1.61662879683488,-34.497010368878,57.7473218977566));
#1155=CARTESIAN_POINT('Ctrl Pts',(-1.21721565455747,-34.7871339376786,57.7473218977566));
#1156=CARTESIAN_POINT('Ctrl Pts',(-0.0980448100784381,-35.2087914587446,
57.7459394626402));
#1157=CARTESIAN_POINT('Ctrl Pts',(1.08407794046533,-34.8838417939452,57.7473218977566));
#1158=CARTESIAN_POINT('Ctrl Pts',(1.61662879683488,-34.497010368878,57.7473218977566));
#1159=CARTESIAN_POINT('',(1.61662879683489,-34.497010368878,57.7473218977566));
#1160=CARTESIAN_POINT('',(0.817678153577946,-33.3970949491585,56.8812492903677));
#1161=CARTESIAN_POINT('Origin',(0.817678153577943,-33.3970949491585,58.3812492903677));
#1162=CARTESIAN_POINT('',(1.65826374388506E-16,-33.7021634578702,56.8810735535153));
#1163=CARTESIAN_POINT('Ctrl Pts',(0.817678153577946,-33.3970949491585,56.8812492903677));
#1164=CARTESIAN_POINT('Ctrl Pts',(0.593933077533847,-33.5817661221632,56.8812492903677));
#1165=CARTESIAN_POINT('Ctrl Pts',(0.29668446155762,-33.6985440027968,56.8810983623866));
#1166=CARTESIAN_POINT('Ctrl Pts',(-3.43270022330755E-7,-33.7017989730636,
56.8810792381244));
#1167=CARTESIAN_POINT('Ctrl Pts',(-3.43270022330755E-7,-33.7017989730636,
56.8810792381244));
#1168=CARTESIAN_POINT('Ctrl Pts',(-0.0426936127750999,-33.7022673668626,
56.881076486122));
#1169=CARTESIAN_POINT('Ctrl Pts',(-0.339839156761883,-33.6891623673823,
56.881076328272));
#1170=CARTESIAN_POINT('Ctrl Pts',(-0.625721474771816,-33.5555291174895,
56.8812492903677));
#1171=CARTESIAN_POINT('Ctrl Pts',(-0.817678153577943,-33.3970949491585,
56.8812492903677));
#1172=CARTESIAN_POINT('',(1.4858954431457E-9,-35.0218671971397,57.7466414957147));
#1173=CARTESIAN_POINT('Ctrl Pts',(-1.61662879683488,-34.497010368878,57.7473218977566));
#1174=CARTESIAN_POINT('Ctrl Pts',(-1.21721565455747,-34.7871339376786,57.7473218977566));
#1175=CARTESIAN_POINT('Ctrl Pts',(-0.65763020253175,-34.9979627094338,57.7466306801616));
#1176=CARTESIAN_POINT('Ctrl Pts',(-0.0823067723144094,-35.0221396648521,
57.7466306801984));
#1177=CARTESIAN_POINT('Ctrl Pts',(-0.000115844463996909,-35.0218675830991,
57.7466414804848));
#1178=CARTESIAN_POINT('Ctrl Pts',(1.48589539283872E-9,-35.0218671971397,
57.7466414957147));
#1179=CARTESIAN_POINT('Ctrl Pts',(0.575297647735074,-35.0199382478031,57.7467171636426));
#1180=CARTESIAN_POINT('Ctrl Pts',(1.1506780980107,-34.8354651299237,57.7473218977566));
#1181=CARTESIAN_POINT('Ctrl Pts',(1.61662879683488,-34.497010368878,57.7473218977566));
#1182=CARTESIAN_POINT('Ctrl Pts',(0.817678153577946,-33.3970949491585,56.8812492903677));
#1183=CARTESIAN_POINT('Ctrl Pts',(1.30336081889004,-33.0443073884852,56.8812492903677));
#1184=CARTESIAN_POINT('Ctrl Pts',(1.37995525280148,-32.4489251524013,56.8812492903677));
#1185=CARTESIAN_POINT('Ctrl Pts',(1.37928393690267,-34.1702576796676,56.8812492903677));
#1186=CARTESIAN_POINT('Ctrl Pts',(2.1985479661124,-33.575165083092,56.8812492903677));
#1187=CARTESIAN_POINT('Ctrl Pts',(2.32774974542854,-32.5708565407219,56.8812492903677));
#1188=CARTESIAN_POINT('Ctrl Pts',(1.61662879683489,-34.497010368878,57.7473218977566));
#1189=CARTESIAN_POINT('Ctrl Pts',(2.57687040220413,-33.7995152392184,57.7473218977566));
#1190=CARTESIAN_POINT('Ctrl Pts',(2.72830500639,-32.6223869721056,57.7473218977566));
#1191=CARTESIAN_POINT('',(2.72830500639,-32.6223869721056,57.7473218977566));
#1192=CARTESIAN_POINT('Origin',(6.16297582203915E-32,-32.2713973643593,
57.7473218977566));
#1193=CARTESIAN_POINT('',(1.37995525280148,-32.4489251524013,56.8812492903677));
#1194=CARTESIAN_POINT('Origin',(1.37995525280148,-32.4489251524013,58.3812492903677));
#1195=CARTESIAN_POINT('Origin',(0.,-32.2713973643593,56.8812492903677));
#1196=CARTESIAN_POINT('Ctrl Pts',(1.37995525280148,-32.4489251524013,56.8812492903677));
#1197=CARTESIAN_POINT('Ctrl Pts',(1.476347494046,-32.0174232719225,56.8812492903677));
#1198=CARTESIAN_POINT('Ctrl Pts',(1.41237470806529,-31.4363072423993,56.8822838973484));
#1199=CARTESIAN_POINT('Ctrl Pts',(1.06689982861053,-30.8971655355764,56.8615085493357));
#1200=CARTESIAN_POINT('Ctrl Pts',(0.899356889370876,-30.7078133549018,56.8505180584692));
#1201=CARTESIAN_POINT('Ctrl Pts',(0.739756436908702,-30.566362095893,56.8408987604945));
#1202=CARTESIAN_POINT('Ctrl Pts',(0.560642010143522,-30.4423698280014,56.8320640223659));
#1203=CARTESIAN_POINT('Ctrl Pts',(0.348338835514035,-30.3479463726735,56.826775946589));
#1204=CARTESIAN_POINT('Ctrl Pts',(0.170780926755727,-30.3021302637874,56.8248128171842));
#1205=CARTESIAN_POINT('Ctrl Pts',(-0.0606811317456368,-30.2806677881396,
56.8240319063358));
#1206=CARTESIAN_POINT('Ctrl Pts',(-0.322570488878759,-30.3346461441649,
56.8260171487667));
#1207=CARTESIAN_POINT('Ctrl Pts',(-0.556712654708721,-30.4428929362983,
56.8320806475565));
#1208=CARTESIAN_POINT('Ctrl Pts',(-0.704984509236572,-30.5416996511944,
56.8391308411496));
#1209=CARTESIAN_POINT('Ctrl Pts',(-0.819666339942534,-30.6372627467984,
56.8457155489339));
#1210=CARTESIAN_POINT('Ctrl Pts',(-0.894953819968341,-30.7080226058355,
56.850363339185));
#1211=CARTESIAN_POINT('Ctrl Pts',(-0.961933393935455,-30.7789003379824,
56.8546381710218));
#1212=CARTESIAN_POINT('Ctrl Pts',(-1.08276643575902,-30.9216581602511,56.8624265433921));
#1213=CARTESIAN_POINT('Ctrl Pts',(-1.28709586343608,-31.2409613372357,56.8749203032974));
#1214=CARTESIAN_POINT('Ctrl Pts',(-1.44951909317649,-31.7833261534812,56.8811737096133));
#1215=CARTESIAN_POINT('Ctrl Pts',(-1.42815137342375,-32.2331742121618,56.8812492903677));
#1216=CARTESIAN_POINT('Ctrl Pts',(-1.37995525280148,-32.4489251524013,56.8812492903677));
#1217=CARTESIAN_POINT('Ctrl Pts',(1.66125304429805,-32.4851134089437,56.8812492903677));
#1218=CARTESIAN_POINT('Ctrl Pts',(1.76259202917482,-31.9622493834501,56.8890005664548));
#1219=CARTESIAN_POINT('Ctrl Pts',(1.62988810837116,-31.2655539971055,56.9145788200132));
#1220=CARTESIAN_POINT('Ctrl Pts',(1.15475377844752,-30.6961462818571,56.9130971579254));
#1221=CARTESIAN_POINT('Ctrl Pts',(0.940816791894168,-30.508665962812,56.9077862107669));
#1222=CARTESIAN_POINT('Ctrl Pts',(0.748629221062723,-30.3765329980026,56.9025077261513));
#1223=CARTESIAN_POINT('Ctrl Pts',(0.547501361780009,-30.2686167926791,56.8983317904746));
#1224=CARTESIAN_POINT('Ctrl Pts',(0.33162008940951,-30.1915287850784,56.8984321957826));
#1225=CARTESIAN_POINT('Ctrl Pts',(0.160346352174687,-30.1551487439428,56.8996726479448));
#1226=CARTESIAN_POINT('Ctrl Pts',(-0.0566094985466785,-30.1383150652694,
56.9005234064097));
#1227=CARTESIAN_POINT('Ctrl Pts',(-0.304623451259074,-30.1806566181709,
56.8984241671456));
#1228=CARTESIAN_POINT('Ctrl Pts',(-0.54416702443057,-30.2690205410196,56.8983049052958));
#1229=CARTESIAN_POINT('Ctrl Pts',(-0.709295352349981,-30.3550467892427,
56.9016698603108));
#1230=CARTESIAN_POINT('Ctrl Pts',(-0.844787639661638,-30.4427443343614,
56.9051455751171));
#1231=CARTESIAN_POINT('Ctrl Pts',(-0.936666320692323,-30.509855097474,56.9076446024646));
#1232=CARTESIAN_POINT('Ctrl Pts',(-1.02085446113851,-30.5790209314666,56.9097501149699));
#1233=CARTESIAN_POINT('Ctrl Pts',(-1.17660708619366,-30.7219697735622,56.9130701127513));
#1234=CARTESIAN_POINT('Ctrl Pts',(-1.45660538875667,-31.0593809133316,56.9145459656301));
#1235=CARTESIAN_POINT('Ctrl Pts',(-1.71050995549651,-31.6813943294729,56.8981340723104));
#1236=CARTESIAN_POINT('Ctrl Pts',(-1.71192253673645,-32.2236813961968,56.8851249284112));
#1237=CARTESIAN_POINT('Ctrl Pts',(-1.66125304429805,-32.4851134089437,56.8812492903677));
#1238=CARTESIAN_POINT('Ctrl Pts',(2.22321142972261,-32.5574079481569,57.0466938828175));
#1239=CARTESIAN_POINT('Ctrl Pts',(2.3301041862018,-31.8511164572421,57.061528595261));
#1240=CARTESIAN_POINT('Ctrl Pts',(2.04485159774033,-30.9248404580674,57.1109548889045));
#1241=CARTESIAN_POINT('Ctrl Pts',(1.3047878791614,-30.3083319098226,57.1136071471852));
#1242=CARTESIAN_POINT('Ctrl Pts',(0.998875188962185,-30.1297355431943,57.1065970034373));
#1243=CARTESIAN_POINT('Ctrl Pts',(0.744204388329904,-30.0200835010929,57.099255120442));
#1244=CARTESIAN_POINT('Ctrl Pts',(0.504223391503674,-29.9467565782371,57.0937727297062));
#1245=CARTESIAN_POINT('Ctrl Pts',(0.288168677078301,-29.9043875338301,57.0952476185388));
#1246=CARTESIAN_POINT('Ctrl Pts',(0.134820451795433,-29.8862761304958,57.0979967412958));
#1247=CARTESIAN_POINT('Ctrl Pts',(-0.0468775426970785,-29.8782776382262,
57.0997439710636));
#1248=CARTESIAN_POINT('Ctrl Pts',(-0.259692893291928,-29.8983863594698,
57.0954088930178));
#1249=CARTESIAN_POINT('Ctrl Pts',(-0.502126739155824,-29.9469408744843,
57.0937231008841));
#1250=CARTESIAN_POINT('Ctrl Pts',(-0.696830534314365,-30.0054199606467,
57.0981150657857));
#1251=CARTESIAN_POINT('Ctrl Pts',(-0.871530691275577,-30.0750023701834,
57.1029183167185));
#1252=CARTESIAN_POINT('Ctrl Pts',(-0.995506383939214,-30.1328868987071,
57.1063694558168));
#1253=CARTESIAN_POINT('Ctrl Pts',(-1.11353558615562,-30.1966875047488,57.1092064306016));
#1254=CARTESIAN_POINT('Ctrl Pts',(-1.33886262441501,-30.3361726884382,57.1133948980663));
#1255=CARTESIAN_POINT('Ctrl Pts',(-1.77340547532942,-30.7021924668603,57.1125324657496));
#1256=CARTESIAN_POINT('Ctrl Pts',(-2.2219187575584,-31.4767155426108,57.0796311922686));
#1257=CARTESIAN_POINT('Ctrl Pts',(-2.27665780796223,-32.2042622026993,57.0541112390393));
#1258=CARTESIAN_POINT('Ctrl Pts',(-2.22321142972261,-32.5574079481568,57.0466938828175));
#1259=CARTESIAN_POINT('Ctrl Pts',(2.60942342271622,-32.6070931540302,57.4902785053025));
#1260=CARTESIAN_POINT('Ctrl Pts',(2.71951957486628,-31.7731547910983,57.4964521522157));
#1261=CARTESIAN_POINT('Ctrl Pts',(2.32634028823422,-30.6763908910417,57.5192098289155));
#1262=CARTESIAN_POINT('Ctrl Pts',(1.3754047149768,-30.0240734863221,57.4690826772398));
#1263=CARTESIAN_POINT('Ctrl Pts',(0.997747540228921,-29.8552076742626,57.4390934065503));
#1264=CARTESIAN_POINT('Ctrl Pts',(0.696772499946529,-29.7650619320877,57.4123858815577));
#1265=CARTESIAN_POINT('Ctrl Pts',(0.433210986332268,-29.7196631698598,57.3884521515261));
#1266=CARTESIAN_POINT('Ctrl Pts',(0.229924603899405,-29.7024306376576,57.3762313326352));
#1267=CARTESIAN_POINT('Ctrl Pts',(0.102748553262965,-29.6967261019474,57.3726607005469));
#1268=CARTESIAN_POINT('Ctrl Pts',(-0.0349392356550631,-29.6945505931224,
57.3715267507819));
#1269=CARTESIAN_POINT('Ctrl Pts',(-0.201757754818715,-29.699983058836,57.3744589626008));
#1270=CARTESIAN_POINT('Ctrl Pts',(-0.432369941488935,-29.7196939444694,
57.3884692488293));
#1271=CARTESIAN_POINT('Ctrl Pts',(-0.644343817796413,-29.7559717974754,
57.4075910555224));
#1272=CARTESIAN_POINT('Ctrl Pts',(-0.847165535561223,-29.810178664696,57.4257544669049));
#1273=CARTESIAN_POINT('Ctrl Pts',(-0.995281460613364,-29.8598316229164,
57.4386223409482));
#1274=CARTESIAN_POINT('Ctrl Pts',(-1.13945912704579,-29.9184892110528,57.4503180461429));
#1275=CARTESIAN_POINT('Ctrl Pts',(-1.41926283450614,-30.0535793959849,57.4712342268576));
#1276=CARTESIAN_POINT('Ctrl Pts',(-1.9764554808557,-30.4402119257867,57.5017906091136));
#1277=CARTESIAN_POINT('Ctrl Pts',(-2.57259552571781,-31.3317594727783,57.5035949801903));
#1278=CARTESIAN_POINT('Ctrl Pts',(-2.66447149879127,-32.190123972564,57.4933653287591));
#1279=CARTESIAN_POINT('Ctrl Pts',(-2.60942342271622,-32.6070931540302,57.4902785053025));
#1280=CARTESIAN_POINT('Ctrl Pts',(2.72830500639,-32.6223869721056,57.7473218977566));
#1281=CARTESIAN_POINT('Ctrl Pts',(2.84063352986825,-31.7492372656685,57.7473218977566));
#1282=CARTESIAN_POINT('Ctrl Pts',(2.41768032469403,-30.5918290607323,57.7514603256794));
#1283=CARTESIAN_POINT('Ctrl Pts',(1.38749958254805,-29.9218096903533,57.6683589336288));
#1284=CARTESIAN_POINT('Ctrl Pts',(0.982459223547427,-29.7560700547086,57.624396970163));
#1285=CARTESIAN_POINT('Ctrl Pts',(0.664205888868581,-29.6728463793389,57.5859197782642));
#1286=CARTESIAN_POINT('Ctrl Pts',(0.393153662789325,-29.6375146723912,57.5505808257495));
#1287=CARTESIAN_POINT('Ctrl Pts',(0.198781480470913,-29.6286369028274,57.529428522642));
#1288=CARTESIAN_POINT('Ctrl Pts',(0.0859121169996244,-29.6268074333692,
57.521576005023));
#1289=CARTESIAN_POINT('Ctrl Pts',(-0.0287164127167846,-29.626391892033,
57.5184523616293));
#1290=CARTESIAN_POINT('Ctrl Pts',(-0.171161181904183,-29.6273730989885,
57.526393331353));
#1291=CARTESIAN_POINT('Ctrl Pts',(-0.392935350167145,-29.6374946057185,
57.5506473265122));
#1292=CARTESIAN_POINT('Ctrl Pts',(-0.610142945662134,-29.6657617926485,
57.5788481008843));
#1293=CARTESIAN_POINT('Ctrl Pts',(-0.823205651933437,-29.7144684683862,
57.6051869320215));
#1294=CARTESIAN_POINT('Ctrl Pts',(-0.980391084384675,-29.7612169104657,
57.6237780930262));
#1295=CARTESIAN_POINT('Ctrl Pts',(-1.13449117050709,-29.8181942880801,57.6408774203735));
#1296=CARTESIAN_POINT('Ctrl Pts',(-1.43498572868155,-29.9522074704947,57.6720309098545));
#1297=CARTESIAN_POINT('Ctrl Pts',(-2.03848571269987,-30.3486419918691,57.7220059494757));
#1298=CARTESIAN_POINT('Ctrl Pts',(-2.68341026002022,-31.285119855907,57.7470195747389));
#1299=CARTESIAN_POINT('Ctrl Pts',(-2.78446926812915,-32.1858121188868,57.7473218977566));
#1300=CARTESIAN_POINT('Ctrl Pts',(-2.72830500638999,-32.6223869721056,57.7473218977566));
#1301=CARTESIAN_POINT('Ctrl Pts',(-1.37995525280148,-32.4489251524013,56.8812492903677));
#1302=CARTESIAN_POINT('Ctrl Pts',(-1.42815137342375,-32.2331742121618,56.8812492903677));
#1303=CARTESIAN_POINT('Ctrl Pts',(-1.44951909317649,-31.7833261534812,56.8811737096133));
#1304=CARTESIAN_POINT('Ctrl Pts',(-1.28709586343608,-31.2409613372357,56.8749203032974));
#1305=CARTESIAN_POINT('Ctrl Pts',(-1.08276643575902,-30.9216581602511,56.8624265433921));
#1306=CARTESIAN_POINT('Ctrl Pts',(-0.961933393935455,-30.7789003379824,
56.8546381710218));
#1307=CARTESIAN_POINT('Ctrl Pts',(-0.894953819968341,-30.7080226058355,
56.850363339185));
#1308=CARTESIAN_POINT('Ctrl Pts',(-0.819666339942534,-30.6372627467984,
56.8457155489339));
#1309=CARTESIAN_POINT('Ctrl Pts',(-0.704984509236572,-30.5416996511944,
56.8391308411496));
#1310=CARTESIAN_POINT('Ctrl Pts',(-0.556712654708721,-30.4428929362983,
56.8320806475565));
#1311=CARTESIAN_POINT('Ctrl Pts',(-0.322570488878759,-30.3346461441649,
56.8260171487667));
#1312=CARTESIAN_POINT('Ctrl Pts',(-0.0606811317456368,-30.2806677881396,
56.8240319063358));
#1313=CARTESIAN_POINT('Ctrl Pts',(0.170780926755727,-30.3021302637874,56.8248128171842));
#1314=CARTESIAN_POINT('Ctrl Pts',(0.348338835514035,-30.3479463726735,56.826775946589));
#1315=CARTESIAN_POINT('Ctrl Pts',(0.560642010143522,-30.4423698280014,56.8320640223659));
#1316=CARTESIAN_POINT('Ctrl Pts',(0.739756436908702,-30.566362095893,56.8408987604945));
#1317=CARTESIAN_POINT('Ctrl Pts',(0.899356889370876,-30.7078133549018,56.8505180584692));
#1318=CARTESIAN_POINT('Ctrl Pts',(1.06689982861053,-30.8971655355764,56.8615085493357));
#1319=CARTESIAN_POINT('Ctrl Pts',(1.41237470806529,-31.4363072423993,56.8822838973484));
#1320=CARTESIAN_POINT('Ctrl Pts',(1.476347494046,-32.0174232719225,56.8812492903677));
#1321=CARTESIAN_POINT('Ctrl Pts',(1.37995525280148,-32.4489251524013,56.8812492903677));
#1322=CARTESIAN_POINT('Ctrl Pts',(2.72830500639,-32.6223869721056,57.7473218977566));
#1323=CARTESIAN_POINT('Ctrl Pts',(2.84063352986825,-31.7492372656685,57.7473218977566));
#1324=CARTESIAN_POINT('Ctrl Pts',(2.41768032469403,-30.5918290607323,57.7514603256794));
#1325=CARTESIAN_POINT('Ctrl Pts',(1.38749958254805,-29.9218096903533,57.6683589336288));
#1326=CARTESIAN_POINT('Ctrl Pts',(0.982459223547427,-29.7560700547086,57.624396970163));
#1327=CARTESIAN_POINT('Ctrl Pts',(0.664205888868581,-29.6728463793389,57.5859197782642));
#1328=CARTESIAN_POINT('Ctrl Pts',(0.393153662789325,-29.6375146723912,57.5505808257495));
#1329=CARTESIAN_POINT('Ctrl Pts',(0.198781480470913,-29.6286369028274,57.529428522642));
#1330=CARTESIAN_POINT('Ctrl Pts',(0.0859121169996244,-29.6268074333692,
57.521576005023));
#1331=CARTESIAN_POINT('Ctrl Pts',(-0.0287164127167846,-29.626391892033,
57.5184523616293));
#1332=CARTESIAN_POINT('Ctrl Pts',(-0.171161181904183,-29.6273730989885,
57.526393331353));
#1333=CARTESIAN_POINT('Ctrl Pts',(-0.392935350167145,-29.6374946057185,
57.5506473265122));
#1334=CARTESIAN_POINT('Ctrl Pts',(-0.610142945662134,-29.6657617926485,
57.5788481008843));
#1335=CARTESIAN_POINT('Ctrl Pts',(-0.823205651933437,-29.7144684683862,
57.6051869320215));
#1336=CARTESIAN_POINT('Ctrl Pts',(-0.980391084384675,-29.7612169104657,
57.6237780930262));
#1337=CARTESIAN_POINT('Ctrl Pts',(-1.13449117050709,-29.8181942880801,57.6408774203735));
#1338=CARTESIAN_POINT('Ctrl Pts',(-1.43498572868155,-29.9522074704947,57.6720309098545));
#1339=CARTESIAN_POINT('Ctrl Pts',(-2.03848571269987,-30.3486419918691,57.7220059494757));
#1340=CARTESIAN_POINT('Ctrl Pts',(-2.68341026002022,-31.285119855907,57.7470195747389));
#1341=CARTESIAN_POINT('Ctrl Pts',(-2.78446926812915,-32.1858121188868,57.7473218977566));
#1342=CARTESIAN_POINT('Ctrl Pts',(-2.72830500638999,-32.6223869721056,57.7473218977566));
#1343=CARTESIAN_POINT('Origin',(0.,-36.2733972788419,56.8812492903677));
#1344=CARTESIAN_POINT('Origin',(6.53014551098783E-33,-31.8877338703698,
56.8812492903677));
#1345=CARTESIAN_POINT('Origin',(0.,-36.2733972788419,56.8812492903677));
#1346=CARTESIAN_POINT('Origin',(6.53014551098783E-33,-31.8877338703698,
56.8812492903677));
#1347=CARTESIAN_POINT('Origin',(0.,-32.2713973643593,66.8812492903677));
#1348=CARTESIAN_POINT('',(-1.42954076499465E-15,-43.9444835634981,76.8812492903677));
#1349=CARTESIAN_POINT('',(-8.58478584017231E-16,-39.2814069819481,66.8812492903677));
#1350=CARTESIAN_POINT('Origin',(0.,-32.2713973643593,76.8812492903677));
#1351=CARTESIAN_POINT('Ctrl Pts',(1.77573785876366E-16,-33.7154188706847,
56.8812492903677));
#1352=CARTESIAN_POINT('Ctrl Pts',(0.216919492747867,-33.7154188706847,56.8812492903677));
#1353=CARTESIAN_POINT('Ctrl Pts',(0.649165164197422,-33.5901219957795,56.8812492903677));
#1354=CARTESIAN_POINT('Ctrl Pts',(1.35131917697532,-32.8929851252639,56.8812492903676));
#1355=CARTESIAN_POINT('Ctrl Pts',(1.56240003115419,-31.7206667758362,56.8812492903677));
#1356=CARTESIAN_POINT('Ctrl Pts',(1.19543197904363,-30.7721241291004,56.8812492903677));
#1357=CARTESIAN_POINT('Ctrl Pts',(0.868363637843841,-30.4032162847151,56.8812492903677));
#1358=CARTESIAN_POINT('Ctrl Pts',(0.487787267186439,-30.1380188655397,56.8812492903677));
#1359=CARTESIAN_POINT('Ctrl Pts',(2.23744596876131E-5,-29.9976855453898,
56.8812492903677));
#1360=CARTESIAN_POINT('Ctrl Pts',(-0.650609876325686,-30.1845915045799,
56.8812492903676));
#1361=CARTESIAN_POINT('Ctrl Pts',(-1.17256014960188,-30.7093698784431,56.8812492903677));
#1362=CARTESIAN_POINT('Ctrl Pts',(-1.41317467500386,-31.340655655639,56.8812492903676));
#1363=CARTESIAN_POINT('Ctrl Pts',(-1.48781490844711,-32.1616383610428,56.8812492903676));
#1364=CARTESIAN_POINT('Ctrl Pts',(-1.26125785449493,-32.9793875436678,56.8812492903677));
#1365=CARTESIAN_POINT('Ctrl Pts',(-0.649850790026304,-33.5904743228746,
56.8812492903677));
#1366=CARTESIAN_POINT('Ctrl Pts',(-0.216919492747867,-33.7154188706847,
56.8812492903677));
#1367=CARTESIAN_POINT('Ctrl Pts',(-1.77573785876366E-16,-33.7154188706847,
56.8812492903677));
#1368=CARTESIAN_POINT('Ctrl Pts',(1.70838414090043E-16,-33.6717856393848,
56.8812492903677));
#1369=CARTESIAN_POINT('Ctrl Pts',(0.208691224032578,-33.6717856393848,56.8812492903677));
#1370=CARTESIAN_POINT('Ctrl Pts',(0.624411963720994,-33.5486785135412,56.881245311908));
#1371=CARTESIAN_POINT('Ctrl Pts',(1.29569262602284,-32.8649865889614,56.881243102342));
#1372=CARTESIAN_POINT('Ctrl Pts',(1.48089005583853,-31.7213949043093,56.8812134985994));
#1373=CARTESIAN_POINT('Ctrl Pts',(1.11225939419274,-30.81816014384,56.8812394220694));
#1374=CARTESIAN_POINT('Ctrl Pts',(0.799347449456346,-30.476289138906,56.8812583828048));
#1375=CARTESIAN_POINT('Ctrl Pts',(0.443262349005978,-30.2346383625966,56.8812849411358));
#1376=CARTESIAN_POINT('Ctrl Pts',(0.000211026526176199,-30.1113205177072,
56.881274925374));
#1377=CARTESIAN_POINT('Ctrl Pts',(-0.591384284861286,-30.2753574469879,
56.8812826215321));
#1378=CARTESIAN_POINT('Ctrl Pts',(-1.08958247449822,-30.7581985872374,56.8812411476838));
#1379=CARTESIAN_POINT('Ctrl Pts',(-1.33083824267015,-31.3596415774688,56.8812423353013));
#1380=CARTESIAN_POINT('Ctrl Pts',(-1.41624121468566,-32.1515692077494,56.8812341010134));
#1381=CARTESIAN_POINT('Ctrl Pts',(-1.20939415859271,-32.9497340876599,56.8812236276394));
#1382=CARTESIAN_POINT('Ctrl Pts',(-0.625128144737379,-33.5490246934037,
56.8812419108558));
#1383=CARTESIAN_POINT('Ctrl Pts',(-0.208691224032578,-33.6717856393848,
56.8812492903677));
#1384=CARTESIAN_POINT('Ctrl Pts',(-1.70838414090043E-16,-33.6717856393848,
56.8812492903677));
#1385=CARTESIAN_POINT('Ctrl Pts',(1.5737089555186E-16,-33.5845400692732,
56.8697373324301));
#1386=CARTESIAN_POINT('Ctrl Pts',(0.19223779819478,-33.5845400692732,56.8697373324301));
#1387=CARTESIAN_POINT('Ctrl Pts',(0.574922456779793,-33.4658156969672,56.8684082859015));
#1388=CARTESIAN_POINT('Ctrl Pts',(1.18449967952058,-32.8090189082527,56.860750040605));
#1389=CARTESIAN_POINT('Ctrl Pts',(1.31817818147423,-31.7228456472104,56.8456103745928));
#1390=CARTESIAN_POINT('Ctrl Pts',(0.946475764630945,-30.9098680342782,56.8283950700388));
#1391=CARTESIAN_POINT('Ctrl Pts',(0.661873049832735,-30.6217845995351,56.8202029483241));
#1392=CARTESIAN_POINT('Ctrl Pts',(0.354624948570517,-30.4269794533582,56.8137663342177));
#1393=CARTESIAN_POINT('Ctrl Pts',(0.00056072224217137,-30.3374148856557,
56.8098396031848));
#1394=CARTESIAN_POINT('Ctrl Pts',(-0.473444887682211,-30.4560609463175,
56.8150978160555));
#1395=CARTESIAN_POINT('Ctrl Pts',(-0.924216175199209,-30.8554773020484,
56.8272874827375));
#1396=CARTESIAN_POINT('Ctrl Pts',(-1.16655763845415,-31.3974830324884,56.83868373717));
#1397=CARTESIAN_POINT('Ctrl Pts',(-1.27329418689279,-32.1314526559329,56.8513437640086));
#1398=CARTESIAN_POINT('Ctrl Pts',(-1.10574035731035,-32.8904492980246,56.861664702011));
#1399=CARTESIAN_POINT('Ctrl Pts',(-0.575702191149613,-33.4661498897664,
56.8684135345651));
#1400=CARTESIAN_POINT('Ctrl Pts',(-0.19223779819478,-33.5845400692732,56.8697373324301));
#1401=CARTESIAN_POINT('Ctrl Pts',(-1.5737089555186E-16,-33.5845400692732,
56.8697373324301));
#1402=CARTESIAN_POINT('Ctrl Pts',(1.35399263473374E-16,-33.4422029667449,
56.8108295645869));
#1403=CARTESIAN_POINT('Ctrl Pts',(0.16540060935824,-33.4422029667449,56.8108295645869));
#1404=CARTESIAN_POINT('Ctrl Pts',(0.494384591338531,-33.3319386851496,56.8028722858051));
#1405=CARTESIAN_POINT('Ctrl Pts',(1.00998265475107,-32.7240245586924,56.7573599516389));
#1406=CARTESIAN_POINT('Ctrl Pts',(1.08935319638654,-31.7316111422629,56.6706413748898));
#1407=CARTESIAN_POINT('Ctrl Pts',(0.743419741156517,-31.0257369202853,56.5786939939596));
#1408=CARTESIAN_POINT('Ctrl Pts',(0.503672713121181,-30.7907254537425,56.5366022510177));
#1409=CARTESIAN_POINT('Ctrl Pts',(0.258805615127603,-30.6387424334039,56.5040694073606));
#1410=CARTESIAN_POINT('Ctrl Pts',(0.000804003034566251,-30.5770638886634,
56.484572797373));
#1411=CARTESIAN_POINT('Ctrl Pts',(-0.345856393186944,-30.6584046080164,
56.5106126778234));
#1412=CARTESIAN_POINT('Ctrl Pts',(-0.723065834519816,-30.9781515296505,
56.5727676736841));
#1413=CARTESIAN_POINT('Ctrl Pts',(-0.948046490294564,-31.4492912010016,
56.633670934538));
#1414=CARTESIAN_POINT('Ctrl Pts',(-1.06489428131549,-32.1047755776146,56.7034724651811));
#1415=CARTESIAN_POINT('Ctrl Pts',(-0.94291882920414,-32.7994967352092,56.7628869867651));
#1416=CARTESIAN_POINT('Ctrl Pts',(-0.495157268262833,-33.332230429928,56.8029182133402));
#1417=CARTESIAN_POINT('Ctrl Pts',(-0.16540060935824,-33.4422029667449,56.8108295645869));
#1418=CARTESIAN_POINT('Ctrl Pts',(-1.35399263473374E-16,-33.4422029667449,
56.8108295645869));
#1419=CARTESIAN_POINT('Ctrl Pts',(1.22491797749319E-16,-33.3585855428966,
56.7375548595712));
#1420=CARTESIAN_POINT('Ctrl Pts',(0.149624080272144,-33.3585855428966,56.7375548595712));
#1421=CARTESIAN_POINT('Ctrl Pts',(0.44748920116187,-33.2555979729795,56.7217729469642));
#1422=CARTESIAN_POINT('Ctrl Pts',(0.920142635709086,-32.6855608478379,56.6328827904341));
#1423=CARTESIAN_POINT('Ctrl Pts',(1.02018304184938,-31.7458475861549,56.4736497633971));
#1424=CARTESIAN_POINT('Ctrl Pts',(0.735141454809061,-31.0362177492279,56.3262502722096));
#1425=CARTESIAN_POINT('Ctrl Pts',(0.516694064671879,-30.7789141097149,56.263916828539));
#1426=CARTESIAN_POINT('Ctrl Pts',(0.278970610716698,-30.6018207893618,56.2172986734106));
#1427=CARTESIAN_POINT('Ctrl Pts',(0.000181031117172265,-30.5160653541278,
56.1910910562994));
#1428=CARTESIAN_POINT('Ctrl Pts',(-0.372087363552754,-30.6297980929965,
56.2261046806643));
#1429=CARTESIAN_POINT('Ctrl Pts',(-0.71804859633045,-30.9888642830159,56.3166174403826));
#1430=CARTESIAN_POINT('Ctrl Pts',(-0.903794266949629,-31.4619741075171,
56.414417915315));
#1431=CARTESIAN_POINT('Ctrl Pts',(-0.986760522831829,-32.0992024382389,
56.5337263897671));
#1432=CARTESIAN_POINT('Ctrl Pts',(-0.859133956473308,-32.756300536451,56.6437806520331));
#1433=CARTESIAN_POINT('Ctrl Pts',(-0.448130986079134,-33.255861445156,56.7218375031204));
#1434=CARTESIAN_POINT('Ctrl Pts',(-0.149624080272144,-33.3585855428966,
56.7375548595712));
#1435=CARTESIAN_POINT('Ctrl Pts',(-1.22491797749319E-16,-33.3585855428966,
56.7375548595712));
#1436=CARTESIAN_POINT('Ctrl Pts',(1.16341445918999E-16,-33.3187422005391,
56.685630004872));
#1437=CARTESIAN_POINT('Ctrl Pts',(0.142119667662396,-33.3187422005391,56.685630004872));
#1438=CARTESIAN_POINT('Ctrl Pts',(0.425315107577622,-33.2206394794998,56.6647631966954));
#1439=CARTESIAN_POINT('Ctrl Pts',(0.885347046983832,-32.6748076382339,56.5486627643352));
#1440=CARTESIAN_POINT('Ctrl Pts',(1.02364139972171,-31.7569266448722,56.3534261142758));
#1441=CARTESIAN_POINT('Ctrl Pts',(0.783214055235486,-31.0142535755162,56.1954568315484));
#1442=CARTESIAN_POINT('Ctrl Pts',(0.56892790065631,-30.7254126656826,56.1340193118221));
#1443=CARTESIAN_POINT('Ctrl Pts',(0.319584761260081,-30.5177731020193,56.0898536159175));
#1444=CARTESIAN_POINT('Ctrl Pts',(1.46591287608893E-5,-30.4078974122259,
56.0664826541551));
#1445=CARTESIAN_POINT('Ctrl Pts',(-0.426261643109933,-30.554237719507,56.0976097736498));
#1446=CARTESIAN_POINT('Ctrl Pts',(-0.768229063532265,-30.9651193672535,
56.1850058054416));
#1447=CARTESIAN_POINT('Ctrl Pts',(-0.925873062933564,-31.4593922894086,
56.2901394668144));
#1448=CARTESIAN_POINT('Ctrl Pts',(-0.974775284844659,-32.102190742181,56.4268650526914));
#1449=CARTESIAN_POINT('Ctrl Pts',(-0.826341352944954,-32.7424574687361,
56.5630521311266));
#1450=CARTESIAN_POINT('Ctrl Pts',(-0.425764310706889,-33.2209153383091,
56.6648218728748));
#1451=CARTESIAN_POINT('Ctrl Pts',(-0.142119667662396,-33.3187422005391,
56.685630004872));
#1452=CARTESIAN_POINT('Ctrl Pts',(-1.16341445918999E-16,-33.3187422005391,
56.685630004872));
#1453=CARTESIAN_POINT('',(-1.16341445918999E-16,-33.3187422005391,56.685630004872));
#1454=CARTESIAN_POINT('Ctrl Pts',(1.16341445918999E-16,-33.3187422005391,
56.685630004872));
#1455=CARTESIAN_POINT('Ctrl Pts',(1.22491797749319E-16,-33.3585855428966,
56.7375548595712));
#1456=CARTESIAN_POINT('Ctrl Pts',(1.35399263473374E-16,-33.4422029667449,
56.8108295645869));
#1457=CARTESIAN_POINT('Ctrl Pts',(1.56735125911427E-16,-33.5804214126267,
56.8680327812959));
#1458=CARTESIAN_POINT('Ctrl Pts',(1.69476820227663E-16,-33.6629649325525,
56.8800266121241));
#1459=CARTESIAN_POINT('Ctrl Pts',(1.75527681041397E-16,-33.7021637500529,
56.8810724039902));
#1460=CARTESIAN_POINT('',(-0.95,-31.8877338703698,56.3812492903677));
#1461=CARTESIAN_POINT('Origin',(6.53014551098783E-33,-31.8877338703698,
56.3812492903677));
#1462=CARTESIAN_POINT('Origin',(6.53014551098783E-33,-31.8877338703698,
56.3812492903677));
#1463=CARTESIAN_POINT('Origin',(6.53014551098783E-33,-30.7106932783736,
54.8473001260142));
#1464=CARTESIAN_POINT('',(-0.95,-30.7106932783736,54.8473001260142));
#1465=CARTESIAN_POINT('',(-0.95,-30.7106932783736,54.8473001260142));
#1466=CARTESIAN_POINT('Origin',(6.53014551098783E-33,-30.7106932783736,
54.8473001260142));
#1467=CARTESIAN_POINT('Origin',(0.,-18.9432442867767,76.8812492903677));
#1468=CARTESIAN_POINT('',(-1.63222800050074E-15,-45.5995504419419,76.8812492903677));
#1469=CARTESIAN_POINT('Origin',(0.,-32.2713973643593,76.8812492903677));
#1470=CARTESIAN_POINT('Origin',(0.,-32.2713973643593,66.8812492903677));
#1471=CARTESIAN_POINT('',(-1.06116581952333E-15,-40.9364738603919,66.8812492903677));
#1472=CARTESIAN_POINT('Origin',(2.2388677144615E-33,-30.7106932783736,54.8473001260142));
#1473=CARTESIAN_POINT('',(-1.175,-30.7106932783736,54.8473001260142));
#1474=CARTESIAN_POINT('Origin',(6.53014551098783E-33,-30.7106932783736,
54.8473001260142));
#1475=CARTESIAN_POINT('Origin',(6.53014551098783E-33,-30.7106932783736,
54.8473001260142));
#1476=CARTESIAN_POINT('',(-1.175,-30.7106932783736,54.8473001260142));
#1477=CARTESIAN_POINT('',(0.,0.,0.));
#1478=UNCERTAINTY_MEASURE_WITH_UNIT(LENGTH_MEASURE(0.01),#1484,
'DISTANCE_ACCURACY_VALUE',
'Maximum model space distance between geometric entities at asserted c
onnectivities');
#1479=UNCERTAINTY_MEASURE_WITH_UNIT(LENGTH_MEASURE(0.01),#1484,
'DISTANCE_ACCURACY_VALUE',
'Maximum model space distance between geometric entities at asserted c
onnectivities');
#1480=UNCERTAINTY_MEASURE_WITH_UNIT(LENGTH_MEASURE(0.01),#1484,
'DISTANCE_ACCURACY_VALUE',
'Maximum model space distance between geometric entities at asserted c
onnectivities');
#1481=(
GEOMETRIC_REPRESENTATION_CONTEXT(3)
GLOBAL_UNCERTAINTY_ASSIGNED_CONTEXT((#1478))
GLOBAL_UNIT_ASSIGNED_CONTEXT((#1484,#1486,#1487))
REPRESENTATION_CONTEXT('','3D')
);
#1482=(
GEOMETRIC_REPRESENTATION_CONTEXT(3)
GLOBAL_UNCERTAINTY_ASSIGNED_CONTEXT((#1479))
GLOBAL_UNIT_ASSIGNED_CONTEXT((#1484,#1486,#1487))
REPRESENTATION_CONTEXT('','3D')
);
#1483=(
GEOMETRIC_REPRESENTATION_CONTEXT(3)
GLOBAL_UNCERTAINTY_ASSIGNED_CONTEXT((#1480))
GLOBAL_UNIT_ASSIGNED_CONTEXT((#1484,#1486,#1487))
REPRESENTATION_CONTEXT('','3D')
);
#1484=(
LENGTH_UNIT()
NAMED_UNIT(*)
SI_UNIT(.MILLI.,.METRE.)
);
#1485=(
LENGTH_UNIT()
NAMED_UNIT(*)
SI_UNIT($,.METRE.)
);
#1486=(
NAMED_UNIT(*)
PLANE_ANGLE_UNIT()
SI_UNIT($,.RADIAN.)
);
#1487=(
NAMED_UNIT(*)
SI_UNIT($,.STERADIAN.)
SOLID_ANGLE_UNIT()
);
#1488=SHAPE_DEFINITION_REPRESENTATION(#1490,#1493);
#1489=SHAPE_DEFINITION_REPRESENTATION(#1491,#1494);
#1490=PRODUCT_DEFINITION_SHAPE('',$,#1496);
#1491=PRODUCT_DEFINITION_SHAPE('',$,#1497);
#1492=PRODUCT_DEFINITION_SHAPE($,$,#14);
#1493=SHAPE_REPRESENTATION('',(#364,#402),#1481);
#1494=SHAPE_REPRESENTATION('',(#365),#1482);
#1495=PRODUCT_DEFINITION_CONTEXT('part definition',#1503,'design');
#1496=PRODUCT_DEFINITION('Particle Launcher V6',
'Particle Launcher V6 v11',#1498,#1495);
#1497=PRODUCT_DEFINITION('Funnel','Funnel',#1499,#1495);
#1498=PRODUCT_DEFINITION_FORMATION('',$,#1505);
#1499=PRODUCT_DEFINITION_FORMATION('',$,#1506);
#1500=PRODUCT_RELATED_PRODUCT_CATEGORY('Particle Launcher V6 v11',
'Particle Launcher V6 v11',(#1505));
#1501=PRODUCT_RELATED_PRODUCT_CATEGORY('Funnel','Funnel',(#1506));
#1502=APPLICATION_PROTOCOL_DEFINITION('international standard',
'automotive_design',2009,#1503);
#1503=APPLICATION_CONTEXT(
'Core Data for Automotive Mechanical Design Process');
#1504=PRODUCT_CONTEXT('part definition',#1503,'mechanical');
#1505=PRODUCT('Particle Launcher V6','Particle Launcher V6 v11',$,(#1504));
#1506=PRODUCT('Funnel','Funnel',$,(#1504));
#1507=PRESENTATION_STYLE_ASSIGNMENT((#1510));
#1508=PRESENTATION_STYLE_ASSIGNMENT((#1511));
#1509=PRESENTATION_STYLE_ASSIGNMENT((#1512));
#1510=SURFACE_STYLE_USAGE(.BOTH.,#1513);
#1511=SURFACE_STYLE_USAGE(.BOTH.,#1514);
#1512=SURFACE_STYLE_USAGE(.BOTH.,#1515);
#1513=SURFACE_SIDE_STYLE('',(#1516));
#1514=SURFACE_SIDE_STYLE('',(#1517));
#1515=SURFACE_SIDE_STYLE('',(#1518));
#1516=SURFACE_STYLE_FILL_AREA(#1519);
#1517=SURFACE_STYLE_FILL_AREA(#1520);
#1518=SURFACE_STYLE_FILL_AREA(#1521);
#1519=FILL_AREA_STYLE('Steel - Satin',(#1522));
#1520=FILL_AREA_STYLE('Steel - Satin (1) (4)',(#1523));
#1521=FILL_AREA_STYLE('Steel - Satin (2) (2) (1) (1)',(#1524));
#1522=FILL_AREA_STYLE_COLOUR('Steel - Satin',#1525);
#1523=FILL_AREA_STYLE_COLOUR('Steel - Satin (1) (4)',#1526);
#1524=FILL_AREA_STYLE_COLOUR('Steel - Satin (2) (2) (1) (1)',#1527);
#1525=COLOUR_RGB('Steel - Satin',0.627450980392157,0.627450980392157,0.627450980392157);
#1526=COLOUR_RGB('Steel - Satin (1) (4)',0.427450980392157,0.517647058823529,
0.913725490196078);
#1527=COLOUR_RGB('Steel - Satin (2) (2) (1) (1)',0.823529411764706,0.0823529411764706,
0.329411764705882);
ENDSEC;
END-ISO-10303-21;
